issue_id,title,ground_truth,prediction,raw_response,prompt_hash,model_version,temperature,timestamp_utc,project,input_mode,task,strategy
ISSUE-251590,Test with latest versions of Boost,1,1,"Step 1: Analyze what the title conveys.
The title ""Test with latest versions of Boost"" suggests that someone wants to perform testing using the most recent versions of the Boost C++ libraries. However, it does not provide specific details about what exactly needs to be tested or why.

Step 2: Determine if the title suggests missing information.
- Steps to reproduce: Not provided; there are no instructions on how to set up or run the test.
- Expected vs actual behavior: The expected outcome of the testing is unclear from this title alone.
- Acceptance criteria: There's no mention of what constitutes a successful completion of the task.
- Affected components: It’s not clear which parts of the system are being tested or affected by these tests.
- Environment details: No information about the environment in which the test should be run is provided.

Step 3: Assess if a developer can understand the full scope from the title alone.
Given the lack of specific instructions and context, it would be challenging for a developer to fully comprehend what needs to be done or how to proceed with testing without additional details.

Final Answer: Yes",a3a1a60077517fcd,qwen2.5:14b,0,2026-06-17T17:44:00.662623,project_04,title_only,incompleteness,cot
ISSUE-252462,Determine C++ Driver version from examining the headers,0,1,"Step 1: Analyze what the title conveys.
The title ""Determine C++ Driver version from examining the headers"" suggests that there is an issue related to identifying the version of a C++ driver by looking at its header files.

Step 2: Determine if the title suggests missing information.
- The title does not provide any steps on how to reproduce the issue or expected behavior when trying to determine the driver's version from the headers.
- There are no details about acceptance criteria, affected components, or environment specifics (e.g., operating system, compiler version).
- It is unclear whether this is a feature request or an actual bug report.

Step 3: Assess if a developer can understand the full scope of the issue from the title alone.
Given the lack of detailed information such as reproduction steps and expected behavior, it would be challenging for a developer to fully comprehend what needs to be done or what the problem entails without additional context.

Final Answer: Yes",478d86bd3cc8875e,qwen2.5:14b,0,2026-06-17T17:44:05.137664,project_04,title_only,incompleteness,cot
ISSUE-250680,Use cmake,1,1,"Step 1: Analyze what the title ""Use cmake"" conveys.
- The title suggests that CMake is involved in some aspect of the software development process.

Step 2: Determine if the title suggests missing reproduction steps, expected behavior, or context.
- There are no details about specific issues, errors, or desired outcomes when using CMake.
- No information on how to reproduce a problem or what the expected vs actual behavior is.
- The title does not provide any acceptance criteria or affected components.

Step 3: Assess if a developer can understand the full scope from the title alone.
- A single-word command like ""Use cmake"" without further context leaves much to be desired in terms of understanding the specific problem or feature request.
- It's unclear whether this is an issue report, a feature request, or just a general statement about using CMake.

Final Answer: Yes",869695a8c7ad3536,qwen2.5:14b,0,2026-06-17T17:44:09.109751,project_04,title_only,incompleteness,cot
ISSUE-252307,Include regex elements in BSONArrayBuilder,0,0,"Step 1: Analyze what the title conveys.
The title ""Include regex elements in BSONArrayBuilder"" suggests that there is a request to add support for regular expressions within the BSONArrayBuilder component. However, it does not provide any specific details about how this should be implemented or why it's necessary.

Step 2: Determine if the title suggests missing information.
- Steps to reproduce: Not provided; we don't know under what circumstances this feature would be used or tested.
- Expected vs actual behavior: The expected behavior is implied (support for regex elements), but there’s no mention of how this should interact with existing functionality, nor any indication of current issues.
- Acceptance criteria: There are no clear acceptance criteria outlined to determine when the issue can be considered resolved.
- Affected components: While it mentions BSONArrayBuilder, it does not specify if other parts of the system will be impacted or need changes.
- Environment details: No environment-specific information is provided.

Step 3: Assess whether a developer could understand the full scope from just the title.
Given the lack of detail about implementation specifics, testing scenarios, and broader implications for the system, it would be challenging for a developer to fully grasp what needs to be done based solely on this title.",6995117f3d7f01ea,qwen2.5:14b,0,2026-06-17T17:44:14.403211,project_04,title_only,incompleteness,cot
ISSUE-250777,Defer checking if a deployment supports sessions until the session's first operation,0,1,"Step 1: Analyze what the issue title conveys.
The title ""Defer checking if a deployment supports sessions until the session's first operation"" suggests that there is an idea or proposal to change how session support is checked in a software system. It implies that currently, checks for session support might be happening at a different time than proposed.

Step 2: Determine if the title suggests missing information.
- The title does not provide steps to reproduce any issue.
- There's no indication of expected vs actual behavior.
- No acceptance criteria are mentioned.
- Affected components or environment details are not specified.
- It is unclear what specific problem this change aims to solve.

Step 3: Assess if a developer can understand the full scope from the title alone.
Given the limited information in the title, it's unlikely that a developer would have enough context to fully understand the issue and its implications without additional details. The title suggests a proposed change but does not provide clarity on why this change is necessary or what issues it aims to resolve.

Final Answer: Yes",7492be4d990fcec3,qwen2.5:14b,0,2026-06-17T17:44:19.029791,project_04,title_only,incompleteness,cot
ISSUE-252448,Static archive fails to force inclusion of global initializers,0,1,"Step 1: Analyze what the title conveys.
- The issue is about a ""Static archive"" which suggests it's related to compiling code into static libraries.
- It mentions that this fails to force inclusion of ""global initializers"", indicating there might be an issue with how certain global variables or functions are being handled during compilation.

Step 2: Determine if the title suggests missing information.
- The title does not provide steps on how to reproduce the issue.
- There is no mention of expected vs actual behavior, which would help in understanding what exactly goes wrong when trying to include global initializers.
- No acceptance criteria or environment details are provided (e.g., specific compiler version, operating system).

Step 3: Assess if a developer can understand the full scope from the title alone.
- While it gives an idea of the problem area, it lacks specifics that would allow another developer to fully grasp and address the issue without additional context.

Final Answer: Yes",29910d3d928926f8,qwen2.5:14b,0,2026-06-17T17:44:23.232781,project_04,title_only,incompleteness,cot
ISSUE-251874,Add ordered option to insert_many,1,0,"Step 1: Analyze what the title conveys.
The issue title ""Add ordered option to insert_many"" suggests that there is a request for adding an 'ordered' feature or parameter to an existing function called `insert_many`. This implies that the current functionality of `insert_many` does not include ordering, and there's a need to add this capability.

Step 2: Determine if the title suggests missing information.
- Steps to reproduce: The title doesn't provide any steps on how to use or test the new feature.
- Expected vs actual behavior: There is no mention of what should happen differently with the addition of an 'ordered' option, nor does it describe current behavior.
- Acceptance criteria: No specific acceptance criteria are mentioned (e.g., ""The operation must maintain order based on a specified key"").
- Affected components: The title doesn't specify which parts of the system will be impacted by this change.
- Environment details: There is no information about the environment or context in which this feature would be used.

Step 3: Evaluate if a developer can understand the full scope from the title alone.
Given only the title, a developer might have some understanding that an enhancement to `insert_many` is requested but lacks crucial details such as how ordering",050d8971e7aaa47d,qwen2.5:14b,0,2026-06-17T17:44:28.552895,project_04,title_only,incompleteness,cot
ISSUE-251692,Bug When Trying to 'Make',1,1,"Step 1: Analyze what the issue title conveys.
- The title ""Bug When Trying to 'Make'"" suggests that there is an issue occurring when someone attempts to use a command or feature related to 'make'.
  
Step 2: Determine if the title suggests missing information.
- The title does not provide any specific steps to reproduce the bug, expected behavior, actual behavior, acceptance criteria, affected components, or environment details. It lacks context and specifics that would be necessary for a developer to understand and resolve the issue.

Step 3: Assess whether a developer can understand the full scope from the title alone.
- Given the lack of detail in the title, it is unlikely that a developer could fully comprehend the nature of the bug or how to reproduce it without additional information. The title does not provide enough context for a developer to start working on resolving the issue effectively.

Final Answer: Yes",167d9c79216e2217,qwen2.5:14b,0,2026-06-17T17:44:32.577099,project_04,title_only,incompleteness,cot
ISSUE-251622,Can't construct operation_exception without a server error,0,1,"Step 1: Analyze what the title conveys.
The title ""Can't construct operation_exception without a server error"" suggests that there is an issue with constructing an `operation_exception` object, which seems to require a server error as part of its construction.

Step 2: Determine if the title suggests missing information.
- The title does not provide steps to reproduce the problem.
- It doesn’t specify what the expected behavior should be or how it differs from the actual behavior.
- There is no mention of acceptance criteria, affected components, or environment details.
- While it hints at a specific exception and its construction requirements, it lacks context on why this is an issue or in which part of the system it occurs.

Step 3: Evaluate if a developer can understand the full scope from the title alone.
Given the limited information provided by the title, a developer would likely need more details to fully comprehend the nature of the problem and how to address it. The lack of context makes it difficult for someone to assess whether this is indeed an issue or simply a design limitation.

Final Answer: Yes",23f676ba746b9dc9,qwen2.5:14b,0,2026-06-17T17:44:37.305454,project_04,title_only,incompleteness,cot
ISSUE-252149,Polyfill stdx::string_view,1,1,"Step 1: Analyze what the title conveys.
The title ""Polyfill stdx::string_view"" suggests that there is an intention to implement a polyfill for a specific C++ feature or library, `stdx::string_view`. A polyfill typically refers to code that provides functionality in environments where native support is missing.

Step 2: Determine if the title suggests missing information.
- The title does not provide any steps to reproduce an issue.
- There's no indication of expected vs actual behavior.
- No acceptance criteria are mentioned.
- It doesn't specify which components or environment it affects.

Step 3: Assess whether a developer can understand the full scope from the title alone.
Given only this title, a developer would likely need more information to fully comprehend what needs to be done and why. The term ""polyfill"" implies that there's an existing feature in another context (possibly C++20 or later) that is being backfilled for earlier versions of the language or specific environments.

Final Answer: Yes",4fb1e7c5ed539f6f,qwen2.5:14b,0,2026-06-17T17:44:41.816676,project_04,title_only,incompleteness,cot
ISSUE-252321,Files dependent on make_shared should include make_shared.hpp,0,0,"Step 1: Analyze what the issue title conveys.
The title ""Files dependent on make_shared should include make_shared.hpp"" suggests that there is an issue related to including the correct header file in certain source files. It implies that some files are using `make_shared` but might not be correctly including the necessary header file, which could lead to compilation errors or undefined behavior.

Step 2: Determine if the title suggests missing reproduction steps, expected behaviour, or context.
- Reproduction Steps: The title does not provide any specific steps to reproduce the issue. It only states a general problem without specifying how one might encounter it in practice.
- Expected vs Actual Behaviour: While there is an implied expectation that files using `make_shared` should include `make_shared.hpp`, there's no clear statement of what happens when this isn't done, nor any comparison with expected behavior.
- Context and Affected Components: The title does not specify which components or parts of the codebase are affected. It also doesn’t mention the environment in which this issue occurs (e.g., specific compiler versions, operating systems).

Step 3: Assess if a developer can understand the full scope from the title alone.
Given that the title lacks details about how to reproduce the problem and does not",7eafda0fc8a28f6f,qwen2.5:14b,0,2026-06-17T17:44:47.141273,project_04,title_only,incompleteness,cot
ISSUE-252438,Update travis configuration to run the client examples,0,1,"Step 1: Analyze what the issue title conveys.
The title ""Update travis configuration to run the client examples"" suggests that there is an intention to modify the Travis CI configuration in order to execute some client examples.

Step 2: Determine if the title suggests missing information such as reproduction steps, expected vs actual behavior, or context.
- The title does not provide any specific steps on how to update the configuration.
- It doesn't mention what the current issue is with the existing configuration.
- There's no indication of what the expected outcome should be after updating the configuration.
- No details about which client examples are involved or why they need to run.

Step 3: Assess if a developer can understand the full scope from just the title.
Given only this title, a developer would likely have many questions and might not fully grasp the requirements without additional context. The task is clear in its intent but lacks specifics that would allow for precise implementation.

Final Answer: Yes",a00e6608b521acbe,qwen2.5:14b,0,2026-06-17T17:44:51.537809,project_04,title_only,incompleteness,cot
ISSUE-251649,Add support for MongoDB 3.4 to the legacy C++ driver.,0,1,"Step 1: Analyze what the issue title conveys.
The title ""Add support for MongoDB 3.4 to the legacy C++ driver"" suggests that there is a request or task to enhance an existing software component, specifically a C++ driver used with MongoDB, to work with version 3.4 of MongoDB.

Step 2: Determine if the title suggests missing information.
- The title does not provide steps on how to reproduce any issue.
- It doesn't specify what the expected behavior should be after adding support for MongoDB 3.4.
- There is no mention of acceptance criteria or specific requirements that need to be met.
- No details about affected components are provided beyond mentioning a C++ driver.
- The environment details (such as operating system, version compatibility with other software) are not mentioned.

Step 3: Assess if the title provides enough context for a developer to understand the full scope of the issue.
While the title gives an idea of what needs to be done, it lacks critical information that would allow developers to start working on this task effectively. Developers typically need more detailed requirements and specifications to proceed with such tasks.

Final Answer: Yes",358496a9a6ef84cc,qwen2.5:14b,0,2026-06-17T17:44:56.489321,project_04,title_only,incompleteness,cot
ISSUE-251049,Resync SDAM tests,1,1,"Step 1: Analyze what the title conveys.
- The title ""Resync SDAM tests"" suggests that there is an issue related to resynchronizing some kind of tests, likely in the context of a software development process. SDAM could stand for something like Server Discovery and Monitoring (common in MongoDB).

Step 2: Determine if the title suggests missing information.
- The title does not provide any specific steps to reproduce the issue.
- It doesn't mention what the expected behavior should be or how it differs from the actual behavior.
- There is no indication of acceptance criteria, affected components, or environment details.

Step 3: Assess whether a developer can understand the full scope from the title alone.
- Given only this title, a developer would likely need more information to fully comprehend and address the issue. The term ""Resync"" implies an action needs to be taken but does not specify what exactly is out of sync or how it should be resynchronized.

Final Answer: Yes",e824fa5d460ade76,qwen2.5:14b,0,2026-06-17T17:45:00.824304,project_04,title_only,incompleteness,cot
ISSUE-252416,rotatable_file_writer_test does not compile in C++11 mode with libc++,0,1,"Step 1: Analyze what the issue title conveys.
- The title indicates that there is an issue with compiling `rotatable_file_writer_test` in C++11 mode when using libc++ as the standard library.

Step 2: Determine if the title suggests missing information.
- Missing from this title are:
  - Steps to reproduce the problem (e.g., specific code or configuration details).
  - Expected behavior compared to actual observed behavior.
  - Affected components beyond just mentioning `rotatable_file_writer_test`.
  - Environment details such as compiler version, operating system, and build settings.

Step 3: Assess if a developer can understand the full scope from the title alone.
- A developer would likely need more information to diagnose and fix this issue. The title does not provide enough context or steps for reproduction.

Final Answer: Yes",3fd35e5cb7b9e7f6,qwen2.5:14b,0,2026-06-17T17:45:04.700721,project_04,title_only,incompleteness,cot
ISSUE-251115,Implement SASLPrep,1,1,"Step 1: Analyze what the title conveys.
The title ""Implement SASLPrep"" suggests that there is a task to implement something called SASLPrep, which likely refers to a specific function or protocol related to stringprep and SASL (Simple Authentication and Security Layer).

Step 2: Determine if the title suggests missing information.
- The title does not provide any steps on how to implement it.
- There's no mention of expected behavior after implementation.
- No acceptance criteria are outlined.
- It doesn't specify which components or parts of the system will be affected by this change.
- Environment details, such as operating systems or specific software versions, are missing.

Step 3: Assess if a developer can understand the full scope from the title alone.
Given only the title ""Implement SASLPrep,"" it is unlikely that a developer would have enough information to fully understand what needs to be done. They might need additional context about why this implementation is necessary and how it fits into the broader system architecture.

Final Answer: Yes",dbe2e933e5dd292a,qwen2.5:14b,0,2026-06-17T17:45:09.288075,project_04,title_only,incompleteness,cot
ISSUE-250886,Investigate alternatives to Catch2,1,1,"Step 1: Analyze what the title conveys.
The issue title ""Investigate alternatives to Catch2"" suggests that there is an intention to explore other options for testing frameworks, specifically as a replacement for Catch2.

Step 2: Determine if the title suggests missing reproduction steps, expected behavior, or context.
- The title does not provide any specific steps to reproduce an issue.
- There is no mention of expected vs actual behavior.
- No acceptance criteria are outlined.
- It doesn't specify which components are affected.
- Environment details are also absent.

Step 3: Assess if a developer can understand the full scope from the title alone.
The title does not provide enough information for a developer to fully understand what needs to be done, why it is needed, or how success will be measured. It lacks specific requirements and context that would typically be included in a complete issue description.

Final Answer: Yes",5296245132aa3709,qwen2.5:14b,0,2026-06-17T17:45:13.364088,project_04,title_only,incompleteness,cot
ISSUE-251990,missing bsoncxx::document::view::empty,1,1,"Step 1: Analyze what the title conveys.
The issue title ""missing bsoncxx::document::view::empty"" suggests that there is an absence of something related to the `bsoncxx` library, specifically a method or property called `empty`.

Step 2: Determine if the title suggests missing reproduction steps, expected behaviour, or context.
- The title does not provide any information on how to reproduce the issue.
- There's no indication of what the expected behavior should be compared to the actual observed behavior.
- No acceptance criteria are mentioned.
- It doesn't specify which components are affected or in which environment this occurs.

Step 3: Assess if a developer can understand the full scope from the title alone.
Given only the title, it is difficult for a developer to fully comprehend what needs to be done. The issue lacks critical details such as steps to reproduce, expected vs actual behavior, and context about where or how this problem manifests.

Final Answer: Yes",a61573e464166c97,qwen2.5:14b,0,2026-06-17T17:45:17.660379,project_04,title_only,incompleteness,cot
ISSUE-252201,Create buildvariant for Ubuntu 12.04,0,1,"Step 1: Analyze what the issue title conveys.
- The title ""Create buildvariant for Ubuntu 12.04"" suggests that there is a need to create a specific build variant for an older version of Ubuntu.

Step 2: Determine if the title suggests missing information.
- Missing reproduction steps: There are no instructions on how to reproduce or verify this issue.
- Expected vs actual behavior: The title does not provide any details about what should happen versus what is happening currently.
- Acceptance criteria: It's unclear what constitutes as a successful completion of this task.
- Affected components: No specific components or modules are mentioned that would be impacted by creating this build variant.
- Environment details: While the operating system (Ubuntu 12.04) is specified, there is no mention of other necessary environment details such as hardware requirements, dependencies, or software versions.

Step 3: Assess if a developer can understand the full scope from the title alone.
- Given only this title, it would be challenging for a developer to fully grasp what needs to be done without additional context and specific instructions.

Final Answer: Yes",fbfb73046c7ff7a1,qwen2.5:14b,0,2026-06-17T17:45:22.649109,project_04,title_only,incompleteness,cot
ISSUE-251862,Backport server r3.0.7..r3.0.8 changes,0,1,"Step 1: Analyze what the title conveys.
The issue title ""Backport server r3.0.7..r3.0.8 changes"" suggests that there is an intention to backport certain changes made in a specific range of revisions (from r3.0.7 to r3.0.8) on a server.

Step 2: Determine if the title suggests missing information.
- The title does not provide steps to reproduce any issue or describe what exactly needs to be done beyond mentioning ""backport"".
- There is no mention of expected vs actual behavior, which would typically help in understanding the problem and its resolution.
- No acceptance criteria are mentioned that a developer can use to verify if the backporting was successful.
- The affected components or environment details (like server type, OS version) are not specified.

Step 3: Assess whether a developer can understand the full scope from the title alone.
Given only this title, it is unclear what specific changes need to be backported and why. A developer would likely require more detailed information about which files were changed, what those changes entailed, and how they should be integrated into an earlier version of the server.

Final Answer: Yes",44ee1e6f1a7eb1ee,qwen2.5:14b,0,2026-06-17T17:45:27.871796,project_04,title_only,incompleteness,cot
ISSUE-251902,Make special commands (inprog,1,1,"Step 1: Analyze what the issue title conveys.
The title ""Make special commands (inprog"" suggests that there is an intention to create or modify some kind of special commands, but it is cut off and incomplete. It does not provide any clear information about what these special commands are supposed to do or how they should be implemented.

Step 2: Determine if the title suggests missing reproduction steps, expected behavior, or context.
The title lacks essential details such as:
- What specific ""special commands"" are being referred to?
- How can one reproduce this issue (if it's an issue)?
- What is the expected behavior of these special commands?
- Any acceptance criteria for implementing these commands?

Step 3: Assess if a developer could understand the full scope from the title alone.
Given that the title is incomplete and lacks context, a developer would not be able to fully comprehend what needs to be done or how it should be approached.

Final Answer: Yes",b619252ac935d1b7,qwen2.5:14b,0,2026-06-17T17:45:32.227318,project_04,title_only,incompleteness,cot
ISSUE-250935,Create C++17 variants,1,0,"Step 1: Analyze what the title conveys.
The issue title ""Create C++17 variants"" suggests that there is a task to create something related to C++17, specifically involving 'variants'. However, it does not specify what exactly needs to be created or why.

Step 2: Determine if the title suggests missing information.
- Steps to reproduce: Not mentioned. There are no steps provided for how to recreate this issue or task.
- Expected vs actual behavior: The expected outcome is unclear from the title alone. It's not clear whether there is an existing problem or a request for new functionality.
- Acceptance criteria: No acceptance criteria are specified, such as what success looks like in terms of implementation details or testing requirements.
- Affected components: There is no mention of which parts of the system will be impacted by this task.
- Environment details: The title does not provide any information about the environment where this task needs to be performed.

Step 3: Assess if a developer can understand the full scope from the title alone.
Given the lack of detail, it would be challenging for a developer to fully grasp what is required or expected without additional context. The term ""variants"" could refer to multiple things in C++17 (e",4a8ca5129013760e,qwen2.5:14b,0,2026-06-17T17:45:37.601731,project_04,title_only,incompleteness,cot
ISSUE-251484,collection::distinct return should allow iteration over results,0,1,"Step 1: Analyze what the title conveys.
The title ""collection::distinct return should allow iteration over results"" suggests that there is an issue with how the distinct operation on a collection returns its results. It implies that currently, the results cannot be iterated over as desired.

Step 2: Determine if the title suggests missing information.
- The title does not provide steps to reproduce the problem.
- There's no mention of expected vs actual behavior.
- No acceptance criteria are outlined.
- Affected components or environment details are not specified.

Step 3: Assess whether a developer can understand the full scope from the title alone.
Given only this title, a developer would likely need more information to fully comprehend and address the issue. The title does not provide enough context for reproduction or resolution.

Final Answer: Yes",1fbec73ab144c4fb,qwen2.5:14b,0,2026-06-17T17:45:41.344816,project_04,title_only,incompleteness,cot
ISSUE-251767,Fix TODO comments about linking to documentation when available,0,1,"Step 1: Analyze what the issue title conveys.
The title ""Fix TODO comments about linking to documentation when available"" suggests that there are TODO comments in the codebase indicating that links to external documentation should be added where applicable.

Step 2: Determine if the title suggests missing reproduction steps, expected behavior, or context.
- The title does not provide any specific steps to reproduce an issue.
- It does not describe what the expected vs actual behavior is.
- There are no acceptance criteria mentioned.
- No affected components or environment details are provided.

Step 3: Assess whether a developer can understand the full scope from the title alone.
While the title gives some context about the nature of the task (fixing TODO comments related to documentation links), it lacks specific instructions on how to proceed, what exactly needs fixing, and under which circumstances. A developer would likely need more information to fully understand and address this issue.

Final Answer: Yes",35cdf916d9414f0a,qwen2.5:14b,0,2026-06-17T17:45:45.504123,project_04,title_only,incompleteness,cot
ISSUE-252082,Reparent OperationException below DBException,0,1,"Step 1: Analyze what the title conveys.
The title ""Reparent OperationException below DBException"" suggests that there is an issue related to exception handling in software, specifically about moving or changing the hierarchy of exceptions. It implies a change in how exceptions are structured within the codebase.

Step 2: Determine if the title suggests missing information.
- The title does not provide steps to reproduce the issue.
- There's no mention of expected vs actual behavior.
- No acceptance criteria are outlined.
- Affected components or environment details are not specified.

Step 3: Assess whether a developer can understand the full scope from the title alone.
Given only this title, it is difficult for a developer to fully grasp what needs to be done. The title lacks context and specific requirements that would allow developers to reproduce the issue or understand its implications thoroughly.

Final Answer: Yes",2e815a93b64ceb9a,qwen2.5:14b,0,2026-06-17T17:45:49.469312,project_04,title_only,incompleteness,cot
ISSUE-251826,Stream builder error for invalid context is unfriendly,0,1,"Step 1: Analyze what the title conveys.
- The issue is related to a ""Stream builder error"".
- The error occurs for an ""invalid context"".
- The error message or handling of this situation is described as ""unfriendly"".

Step 2: Determine if the title suggests missing information.
- Missing reproduction steps: Yes, there are no specific instructions on how to reproduce the issue.
- Expected vs actual behavior: Not clearly stated. We only know that the error message is unfriendly but don't have details about what should be happening instead.
- Acceptance criteria: No acceptance criteria are mentioned.
- Affected components: The title mentions Stream builder, but it doesn’t specify other affected parts of the system or environment specifics.

Step 3: Evaluate if a developer can understand the full scope from the title alone.
- A developer might have an idea that there is an issue with error handling in a specific context, but they would need more details to fully comprehend and address the problem effectively.

Final Answer: Yes",51877774e3114bca,qwen2.5:14b,0,2026-06-17T17:45:53.980804,project_04,title_only,incompleteness,cot
ISSUE-252418,Remove dependency on boost program_options,0,1,"Step 1: Analyze what the title conveys.
The issue title ""Remove dependency on boost program_options"" suggests that there is a need to eliminate a specific library dependency in the software.

Step 2: Determine if the title suggests missing reproduction steps, expected behavior, or context.
- The title does not provide any information about how to reproduce the issue (if it's an issue rather than a feature request).
- It doesn't specify what the expected outcome should be after removing this dependency.
- There is no mention of acceptance criteria or environment details that would help understand the scope and impact of this change.

Step 3: Assess if a developer can understand the full scope from the title alone.
Given only the title, it's unclear whether this is an enhancement request or a bug fix. A developer might need additional information to fully grasp what needs to be done and why.

Final Answer: Yes",623645c2fc4df927,qwen2.5:14b,0,2026-06-17T17:45:58.051863,project_04,title_only,incompleteness,cot
ISSUE-250681,WINDOWS | Release build,1,1,"Step 1: Analyze what the issue title conveys.
- The title ""WINDOWS | Release build"" suggests that there is an issue related to a release build on Windows, but it does not provide any specific details about the nature of the problem.

Step 2: Determine if the title suggests missing information.
- There are no steps provided for reproducing the issue.
- No expected vs actual behavior is mentioned.
- The acceptance criteria and affected components are not specified.
- Environment details such as version numbers, OS specifics, or hardware requirements are absent.

Step 3: Assess whether a developer can understand the full scope from the title alone.
- Given the lack of specific information, it would be challenging for a developer to fully comprehend the issue's nature, impact, and necessary steps to resolve it based on this title alone.

Final Answer: Yes",96aad36ebaf441d7,qwen2.5:14b,0,2026-06-17T17:46:01.966234,project_04,title_only,incompleteness,cot
ISSUE-251940,auto_reconnect using ConnectionString API,1,1,"Step 1: Analyze what the title conveys.
The issue title ""auto_reconnect using ConnectionString API"" suggests that there is an issue related to the auto-reconnect feature when using a specific API called ConnectionString.

Step 2: Determine if the title suggests missing information.
- The title does not provide any steps to reproduce the issue.
- It doesn't mention what the expected behavior should be or what the actual observed behavior is.
- There's no indication of acceptance criteria, affected components, or environment details.

Step 3: Assess whether a developer can understand the full scope from the title alone.
Given only this title, it would be challenging for a developer to fully grasp the issue without additional context. The title lacks specific details that are typically necessary for reproducing and resolving an issue effectively.

Final Answer: Yes",9b5329a93a674afc,qwen2.5:14b,0,2026-06-17T17:46:05.923812,project_04,title_only,incompleteness,cot
ISSUE-252206,libmongoclient.so not generated when compling lateset c++ driver,0,0,"Step 1: Analyze what the issue title conveys.
- The title mentions ""libmongoclient.so not generated when compiling latest c++ driver"".
- It indicates that there is an issue with a specific library file (""libmongoclient.so"") not being created during compilation of the latest C++ MongoDB driver.

Step 2: Determine if the title suggests missing information.
- Missing reproduction steps: The title does not provide any instructions on how to reproduce this issue, such as commands or environment setup.
- Expected vs actual behavior: While it states that ""libmongoclient.so"" is not generated (actual), there's no mention of what should be happening instead (expected).
- Acceptance criteria: There are no acceptance criteria mentioned in the title.
- Affected components: The affected component (""libmongoclient.so"") and the C++ driver are identified, but other potential dependencies or related components might also be involved.
- Environment details: No specific environment details such as operating system, compiler version, or build configuration are provided.

Step 3: Assess if a developer can understand the full scope from the title alone.
- A developer would likely need more information to diagnose and resolve this issue effectively. The lack of reproduction steps, expected behavior, acceptance criteria",e130c539c6736d4a,qwen2.5:14b,0,2026-06-17T17:46:11.259888,project_04,title_only,incompleteness,cot
ISSUE-252474,Enforce /MD with Windows C++ DLL driver,0,1,"Step 1: Analyze what the title conveys.
The title ""Enforce /MD with Windows C++ DLL driver"" suggests that there is an issue related to enforcing the use of the multi-threaded DLL version (/MD) in a Windows C++ DLL driver.

Step 2: Determine if the title suggests missing information.
- The title does not provide steps to reproduce the issue.
- It doesn't specify what the expected behavior should be or how it differs from the actual behavior.
- There is no mention of acceptance criteria, affected components, or environment details (e.g., specific versions of Windows, compiler settings).

Step 3: Assess if a developer can understand the full scope from the title alone.
Given only this title, a developer would likely need more information to fully comprehend and address the issue. The title lacks clarity on what exactly needs to be enforced, why it's necessary, and how it impacts the system.

Final Answer: Yes",16080645d7bd9235,qwen2.5:14b,0,2026-06-17T17:46:15.514944,project_04,title_only,incompleteness,cot
ISSUE-251467,Mutator methods which return non-void should document their return value,0,1,"Step 1: Analyze what the issue title conveys.
The title ""Mutator methods which return non-void should document their return value"" suggests that there is an expectation for mutator methods returning something other than void to include documentation about what they return.

Step 2: Determine if the title suggests missing reproduction steps, expected behaviour, or context.
- The title does not provide any specific steps to reproduce a problem.
- It doesn't describe the expected behavior versus actual behavior of the software.
- There is no mention of acceptance criteria, affected components, or environment details that would be necessary for reproducing and fixing an issue.

Step 3: Assess if a developer can understand the full scope from the title alone.
While the title gives some context about what needs to be documented (return values of mutator methods), it lacks specific information on how this documentation should look like, where exactly these methods are located in the codebase, or any examples of problematic instances. A developer would need more details to fully understand and address the issue.

Final Answer: Yes",a127da5a6e90b288,qwen2.5:14b,0,2026-06-17T17:46:20.117507,project_04,title_only,incompleteness,cot
ISSUE-250928,Test with gcc 4.9?,1,1,"Step 1: Analyze what the title conveys.
The issue title ""Test with gcc 4.9?"" suggests that there is some question or concern about testing something using the GNU Compiler Collection version 4.9.

Step 2: Determine if the title suggests missing information.
- The title does not provide any specific steps to reproduce an issue.
- There's no mention of expected vs actual behavior, which would be crucial for diagnosing and fixing a problem.
- No acceptance criteria are mentioned that indicate what success looks like in this test scenario.
- Affected components or environment details (such as the operating system, other dependencies) are not specified.

Step 3: Assess if a developer can understand the full scope from the title alone.
Given only the title ""Test with gcc 4.9?"", it is unclear whether there's an actual issue to be resolved or just a question about testing something specific. A developer would need more context and details to proceed effectively.

Final Answer: Yes",8deb7d4345fa79a1,qwen2.5:14b,0,2026-06-17T17:46:24.457016,project_04,title_only,incompleteness,cot
ISSUE-250906,Regenerate test certificates with SHA256 signatures,0,1,"Step 1: Analyze what the issue title conveys.
The title ""Regenerate test certificates with SHA256 signatures"" suggests an action to be taken regarding test certificates, specifically mentioning that these should use SHA256 signatures.

Step 2: Determine if the title suggests missing information.
- The title does not provide steps on how to regenerate the certificates.
- It doesn't specify what the expected outcome or behavior is after regeneration.
- There's no mention of acceptance criteria, affected components, or environment details.
- No indication of why this action needs to be taken (e.g., a bug fix, security update).

Step 3: Assess if a developer can understand the full scope from the title alone.
Given the lack of detailed information about how to proceed with regenerating certificates and what specific issues are being addressed or fixed, it's unlikely that a developer would have enough context to fully understand the task without additional details.

Final Answer: Yes",e3f67aab0e55ae8b,qwen2.5:14b,0,2026-06-17T17:46:28.588812,project_04,title_only,incompleteness,cot
ISSUE-251809,Allow configuration of SSL independently of the C driver,0,1,"Step 1: Analyze what the issue title conveys.
The title ""Allow configuration of SSL independently of the C driver"" suggests that there is a request to modify how SSL configurations are handled in relation to the C driver. It implies that currently, SSL and the C driver are tightly coupled or dependent on each other.

Step 2: Determine if the title suggests missing reproduction steps, expected behavior, or context.
- Reproduction Steps: The title does not provide any specific steps to reproduce an issue or demonstrate a problem.
- Expected vs Actual Behavior: There is no indication of what the current behavior is and what needs to change. It only states that there should be independent configuration but doesn't specify how it currently fails or behaves incorrectly.
- Context: While the title gives some context about SSL and C driver, it lacks details on why this change is necessary, which components are affected, or any acceptance criteria.

Step 3: Assess if a developer can understand the full scope from the title alone.
Given only the title, a developer would likely need more information to fully understand what needs to be done. The title does not provide enough detail about how SSL and C driver configurations should interact independently nor does it specify the impact or benefits of such changes.

Final Answer: Yes",a36ef746ea48d99d,qwen2.5:14b,0,2026-06-17T17:46:33.962063,project_04,title_only,incompleteness,cot
ISSUE-251443,Update release documentation to discuss moving releases/stable branch,0,1,"Step 1: Analyze what the issue title conveys.
The title ""Update release documentation to discuss moving releases/stable branch"" suggests that there is a need to update existing documentation related to the process of moving releases or stable branches. It implies an action item for updating documentation but does not provide specific details about what needs to be updated, why it needs to be updated, or how it should look after the update.

Step 2: Determine if the title suggests missing information.
The title lacks several critical pieces of information that would typically be included in a complete issue report:
- Specific changes or additions needed in the documentation
- The context for why this update is necessary (e.g., due to new features, process changes)
- Acceptance criteria for what constitutes an adequate update
- Steps to reproduce or verify the correctness of the updated documentation

Step 3: Evaluate if a developer can understand the full scope from the title alone.
Given only the title, a developer would likely need additional information to fully comprehend and execute on this task. The title does not provide enough context for developers to know exactly what needs to be done or how it should look when completed.

Final Answer: Yes",eb4331f3f2655f27,qwen2.5:14b,0,2026-06-17T17:46:39.111934,project_04,title_only,incompleteness,cot
ISSUE-252069,Use of TARGET_OBJECTS in CMake build produces incorrect shared library,0,1,"Step 1: Analyze what the issue title conveys.
- The title mentions ""Use of TARGET_OBJECTS in CMake build""
- It states that this usage produces an ""incorrect shared library""

Step 2: Determine if the title suggests missing information.
- Missing reproduction steps: The title does not provide any specific steps to reproduce the problem.
- Expected vs actual behavior: While it hints at incorrect output, there is no clear distinction between expected and actual behavior.
- Acceptance criteria: There are no acceptance criteria mentioned in the title.
- Affected components: It mentions CMake and shared library but doesn't specify other affected parts or versions.
- Environment details: No environment details such as operating system, compiler version, etc., are provided.

Step 3: Assess if a developer can understand the full scope from the title alone.
- The title is vague about what exactly is incorrect with the shared library and lacks specific steps to reproduce the issue. A developer would need more information to fully comprehend and address this problem.

Final Answer: Yes",0b4874b41893f496,qwen2.5:14b,0,2026-06-17T17:46:43.729886,project_04,title_only,incompleteness,cot
ISSUE-251960,clang-format the legacy driver,1,1,"Step 1: Analyze what the title conveys.
The issue title ""clang-format the legacy driver"" suggests an action to be taken on some codebase related to a legacy driver, specifically using clang-format for formatting.

Step 2: Determine if there are missing reproduction steps, expected behavior, or context.
- The title does not provide any specific steps to reproduce an issue.
- There is no mention of what the expected outcome should be after applying clang-format.
- It lacks details about why this action needs to be taken (e.g., issues with formatting, code quality concerns).
- No environment details are provided.

Step 3: Assess if a developer can understand the full scope from the title alone.
Given only the title, it is unclear what specific changes or outcomes are expected. A developer would need more information such as why this action is necessary and how to verify that the formatting has been applied correctly.

Final Answer: Yes",067f0ed71f4e4d04,qwen2.5:14b,0,2026-06-17T17:46:47.884485,project_04,title_only,incompleteness,cot
ISSUE-252104,"improve handling of """"node is recovering"""" errors",0,1,"Step 1: Analyze what the issue title conveys.
The title ""improve handling of """"node is recovering"""" errors"" suggests that there are issues related to nodes in a system that are marked as ""recovering"". It implies that these errors need better management or handling.

Step 2: Determine if the title suggests missing information.
- The title does not provide steps to reproduce the issue.
- There's no mention of expected vs actual behavior.
- No acceptance criteria are outlined.
- Affected components and environment details are not specified.

Step 3: Assess whether a developer can understand the full scope from the title alone.
Given the limited information in the title, it is unlikely that a developer would have enough context to fully understand the issue's scope or how to address it effectively. The title lacks specific details about what needs improvement and under which circumstances these errors occur.

Final Answer: Yes",322c05d7e9bc12c9,qwen2.5:14b,0,2026-06-17T17:46:51.831290,project_04,title_only,incompleteness,cot
ISSUE-250562,BSON UDL for from_json,1,1,"Step 1: Analyze what the title conveys.
The title ""BSON UDL for from_json"" suggests that it is related to BSON (Binary JSON) and possibly involves some kind of transformation or parsing operation using a Universal Data Loader (UDL) tool or library. The term ""from_json"" implies converting JSON data into another format, likely BSON.

Step 2: Determine if the title suggests missing information.
The title does not provide any specific steps to reproduce an issue, expected behavior, actual behavior, acceptance criteria, affected components, or environment details. It lacks context on what exactly is wrong or needs improvement and why it's being reported as an issue.

Step 3: Assess whether a developer can understand the full scope from the title alone.
Given only this title, a developer would likely need more information to fully comprehend the nature of the problem or enhancement request. The title does not clearly indicate if there is a bug, missing feature, performance issue, etc., nor does it provide enough context for reproduction.

Final Answer: Yes",07165003a59656c9,qwen2.5:14b,0,2026-06-17T17:46:56.329485,project_04,title_only,incompleteness,cot
ISSUE-251355,Move mongocxx::libbson code somewhere where bsoncxx can access it,0,1,"Step 1: Analyze what the issue title conveys.
The title ""Move mongocxx::libbson code somewhere where bsoncxx can access it"" suggests that there is an intention to move some code related to libbson in the mongocxx library so that another component, bsoncxx, can have better access to it.

Step 2: Determine if the title suggests missing information.
- The title does not provide any steps on how to reproduce the issue or a specific problem statement.
- There is no mention of expected vs actual behavior, which would be crucial for understanding what needs to change.
- No acceptance criteria are mentioned (e.g., ""After this move, bsoncxx should be able to access libbson code without errors"").
- The environment details and affected components are not specified.

Step 3: Assess if a developer can understand the full scope from the title alone.
While the title gives an idea of what needs to happen, it lacks specific details that would allow a developer to fully grasp the issue's context or how to proceed with resolving it. A developer would likely need more information about why this move is necessary and what changes are expected after the code relocation.

Final Answer: Yes",110b372d5fcd4425,qwen2.5:14b,0,2026-06-17T17:47:01.369347,project_04,title_only,incompleteness,cot
ISSUE-251652,Compile error with clang/libc++ on Linux due to ambiguous call to 'append' member function,0,1,"Step 1: Analyze what information is conveyed by the issue title.
- The title mentions a ""Compile error"" which indicates there's an issue during compilation.
- It specifies that this occurs with ""clang/libc++ on Linux"", providing some context about the environment and tools involved.
- It points to an ambiguous call to 'append' member function as the cause of the compile error.

Step 2: Determine if the title suggests missing reproduction steps, expected behavior, or context.
- The title does not provide any specific steps to reproduce the issue.
- There is no mention of what the expected behavior should be compared to the actual observed behavior.
- While it mentions an environment (Linux), compiler (clang), and library (libc++), it doesn't specify which version of these tools are involved, nor does it describe affected components or acceptance criteria.

Step 3: Assess whether a developer can understand the full scope from the title alone.
- A developer might be able to start investigating based on this information but would likely need more details such as specific code examples, versions of software used, and expected vs actual behavior for a complete understanding.

Final Answer: Yes",d0bdce5d52c307e7,qwen2.5:14b,0,2026-06-17T17:47:06.519212,project_04,title_only,incompleteness,cot
ISSUE-251739,Backport server r3.0.8..r3.0.12 changes,1,1,"Step 1: Analyze what the title conveys.
The issue title ""Backport server r3.0.8..r3.0.12 changes"" suggests that there is an intention to backport certain changes made in a specific range of revisions (from r3.0.8 to r3.0.12) on a server.

Step 2: Determine if the title suggests missing information.
- The title does not provide steps to reproduce any issue or describe what exactly needs to be done beyond mentioning ""backport changes.""
- There is no mention of expected vs actual behavior, acceptance criteria, affected components, or environment details.
- It's unclear from this title alone whether there are specific issues being addressed by these backported changes.

Step 3: Assess if a developer can understand the full scope from the title alone.
Given only the title, it would be difficult for a developer to fully grasp what needs to be done without additional context. The task of ""backporting"" is mentioned but lacks specifics on which changes are critical and why they need to be backported.

Final Answer: Yes",3abf002931fc3b24,qwen2.5:14b,0,2026-06-17T17:47:11.473450,project_04,title_only,incompleteness,cot
ISSUE-250612,"Windows tasks failing with """"insufficient disk space"""" on Evergreen",0,1,"Step 1: Analyze what the issue title conveys.
- The title mentions that Windows tasks are failing with an ""insufficient disk space"" error message.
- It also specifies that this is happening on an Evergreen environment.

Step 2: Determine if the title suggests missing information.
- Missing reproduction steps: How to reproduce the issue is not mentioned. We don't know which specific tasks or actions lead to the error.
- Expected vs actual behavior: The expected behavior (tasks completing successfully) and the actual behavior (tasks failing due to insufficient disk space) are implied but not explicitly stated.
- Acceptance criteria: There's no mention of what needs to be achieved for this issue to be considered resolved.
- Affected components: While it mentions Windows tasks, specific affected components or services are not detailed.
- Environment details: The title only specifies ""Evergreen,"" which might refer to a particular environment setup but doesn't provide full context about the system configuration.

Step 3: Assess if a developer can understand the full scope from the title alone.
- A developer would likely need more information such as specific task names, steps to reproduce, and detailed acceptance criteria to fully address this issue.

Final Answer: Yes",7adb547c32d4d276,qwen2.5:14b,0,2026-06-17T17:47:16.713363,project_04,title_only,incompleteness,cot
ISSUE-252465,libmongoclient should not link db/commands.cpp,0,1,"Step 1: Analyze what the issue title conveys.
The title ""libmongoclient should not link db/commands.cpp"" suggests that there is an issue with how the libmongoclient library interacts or links with a specific file, `db/commands.cpp`.

Step 2: Determine if the title suggests missing reproduction steps, expected behavior, or context.
- The title does not provide any information on how to reproduce the issue.
- It doesn't specify what the expected behavior should be compared to the actual observed behavior.
- There is no mention of acceptance criteria or environment details that would help in understanding the scope and impact of this issue.

Step 3: Assess if a developer can understand the full scope from the title alone.
Given only the title, it's unclear whether:
- The issue affects specific versions of libmongoclient.
- What the consequences are of linking (or not linking) `db/commands.cpp`.
- How to verify that this change resolves any underlying problems.

Final Answer: Yes",965f3a9fe9549cc1,qwen2.5:14b,0,2026-06-17T17:47:21.254092,project_04,title_only,incompleteness,cot
ISSUE-251807,Add VS2015 builders for legacy C++ driver,0,1,"Step 1: Analyze what the title conveys.
The title ""Add VS2015 builders for legacy C++ driver"" suggests that there is a need to add build configurations or scripts specifically for Visual Studio 2015, targeting an existing legacy C++ driver.

Step 2: Determine if the title suggests missing information.
- The title does not provide steps on how to reproduce any issue.
- It doesn't specify what the expected behavior should be after adding these builders.
- There is no mention of acceptance criteria or specific requirements for this task.
- No details about affected components or environment specifics are provided.

Step 3: Assess if a developer can understand the full scope from the title alone.
While the title gives an idea of the task, it lacks crucial information that would allow a developer to fully comprehend and execute the request. For instance, how should these builders be implemented? What is the expected outcome or criteria for completion?

Final Answer: Yes",04336edde1454ef4,qwen2.5:14b,0,2026-06-17T17:47:25.613976,project_04,title_only,incompleteness,cot
ISSUE-250752,Update FLE documentation for community version demonstrating explicit encryption/decryption,0,0,"Step 1: Analyze what the issue title conveys.
The title ""Update FLE documentation for community version demonstrating explicit encryption/decryption"" suggests that there is a need to update the documentation related to Field Level Encryption (FLE) in the community version of some software. The goal seems to be to provide clear examples or instructions on how to explicitly perform encryption and decryption.

Step 2: Determine if the title suggests missing reproduction steps, expected behavior, or context.
- Reproduction Steps: Not mentioned; there are no specific steps provided for reproducing an issue.
- Expected vs Actual Behavior: The title does not describe any discrepancy between what is currently happening versus what should happen. It's more about updating documentation rather than reporting a bug.
- Context: While the title provides some context (updating FLE documentation), it lacks details on which parts of the documentation need to be updated, specific examples that are missing or incorrect, and how users can benefit from these updates.

Step 3: Assess if a developer can understand the full scope from the title alone.
A developer might have an idea about what needs to be done (updating FLE documentation), but they would likely require more detailed information such as which sections of the documentation need updating, specific examples or scenarios that",5bae574d42198cfe,qwen2.5:14b,0,2026-06-17T17:47:30.995398,project_04,title_only,incompleteness,cot
ISSUE-251483,Create C++ driver benchmark suite,0,1,"Step 1: Analyze what the title conveys.
The title ""Create C++ driver benchmark suite"" suggests that the task involves creating a benchmarking tool for a C++ driver.

Step 2: Determine if the title suggests missing information.
- The title does not provide any specific steps to reproduce an issue or describe expected vs actual behavior.
- It lacks acceptance criteria, affected components, and environment details necessary for developers to understand what is required.
- There's no indication of what kind of benchmarking should be done (performance, memory usage, etc.), which would be crucial information.

Step 3: Assess if a developer can understand the full scope from the title alone.
Given only this title, it’s unclear whether a developer has enough context to start working on the task. The title is vague and does not provide specific requirements or goals that are necessary for development.

Final Answer: Yes",4fa9d2666f332d22,qwen2.5:14b,0,2026-06-17T17:47:35.070915,project_04,title_only,incompleteness,cot
ISSUE-250688,Ubuntu 16.04's compressed debug symbols confuse Valgrind,0,1,"Step 1: Analyze what the title conveys.
The title ""Ubuntu 16.04's compressed debug symbols confuse Valgrind"" suggests that there is an issue with how Valgrind, a memory debugging tool, interacts with compressed debug symbols on Ubuntu 16.04.

Step 2: Determine if the title suggests missing information.
- The title does not provide steps to reproduce the problem.
- It doesn't specify what the expected behavior should be or what the actual observed behavior is.
- There are no acceptance criteria mentioned.
- While it mentions ""Ubuntu 16.04,"" there's no detailed environment context (e.g., specific version of Valgrind, other software dependencies).
- The title does not provide information about which components are affected.

Step 3: Assess if a developer can understand the full scope from the title alone.
Given only this title, a developer would likely need more details to fully comprehend and address the issue. They might require additional context such as specific error messages, reproduction steps, or environment configurations.

Final Answer: Yes",c96631f4677d2c2c,qwen2.5:14b,0,2026-06-17T17:47:39.836541,project_04,title_only,incompleteness,cot
ISSUE-250556,Remove unused and add missing includes,1,1,"Step 1: Analyze what the title conveys.
The title ""Remove unused and add missing includes"" suggests that there is an intention to clean up code by removing unnecessary include statements and adding necessary ones. However, it does not provide specific details about which files or components are involved.

Step 2: Determine if the title suggests missing information.
- Steps to reproduce: Not provided in the title.
- Expected vs actual behavior: The expected outcome is implied (cleaner code), but there's no mention of what the current state looks like, nor any steps on how to achieve this.
- Acceptance criteria: There are no clear acceptance criteria mentioned that would allow a developer to verify if the task has been completed correctly.
- Affected components: No specific files or modules are identified as being affected by these changes.
- Environment details: The title does not provide information about which environment (e.g., development, production) this applies to.

Step 3: Assess whether a developer can understand the full scope from the title alone.
Given the lack of specifics such as file names, module names, or exact steps for implementation and verification, it would be challenging for a developer to fully grasp what needs to be done without additional context.

Final Answer: Yes",77528de7e962408c,qwen2.5:14b,0,2026-06-17T17:47:45.095494,project_04,title_only,incompleteness,cot
ISSUE-251543,Audit all libmongoc and libbson calls for error handling,0,1,"Step 1: Analyze what the issue title conveys.
The title ""Audit all libmongoc and libbson calls for error handling"" suggests that there is a need to review how error handling is implemented in two specific libraries, libmongoc and libbson.

Step 2: Determine if the title suggests missing reproduction steps, expected behavior, or context.
- The title does not provide any information on how to reproduce an issue.
- It does not specify what the expected outcome of this audit should be (e.g., finding errors, improving error handling).
- There is no mention of affected components or environment details.

Step 3: Assess if a developer can understand the full scope from the title alone.
While the title gives a clear task to perform (""Audit all libmongoc and libbson calls for error handling""), it lacks critical information such as:
- What specific aspects of error handling are being audited (e.g., logging, exception throwing).
- The criteria for what constitutes proper or improper error handling.
- Whether this is part of a larger project or an isolated task.

Given these considerations, the title alone does not provide enough detail to fully understand and execute the task without additional information.

Final Answer: Yes",f15845feeac0a7e5,qwen2.5:14b,0,2026-06-17T17:47:50.290747,project_04,title_only,incompleteness,cot
ISSUE-250593,Update Travis tests from Ubuntu 14.04 and test against latest server,0,0,"Step 1: Analyze what the issue title conveys.
The title ""Update Travis tests from Ubuntu 14.04 and test against latest server"" suggests that there is an intention to update some existing Travis CI tests which are currently running on Ubuntu 14.04, and then perform testing against a newer version of the server environment.

Step 2: Determine if the title suggests missing information.
- Steps to reproduce: The title does not provide specific steps for updating or performing the test.
- Expected vs actual behavior: There is no mention of what the expected outcome should be after these updates, nor any indication of current issues that need fixing.
- Acceptance criteria: No acceptance criteria are mentioned regarding how success will be measured post-update and testing.
- Affected components: While it mentions Travis tests and Ubuntu 14.04, there is no clear indication of which specific parts or modules of the system these tests cover.
- Environment details: The title does not provide full environment details beyond mentioning Ubuntu 14.04 and a ""latest server,"" leaving much to be inferred.

Step 3: Assess if a developer can understand the full scope from the title alone.
Given the lack of detailed information about specific steps, expected outcomes,",c053aee61e001622,qwen2.5:14b,0,2026-06-17T17:47:55.666957,project_04,title_only,incompleteness,cot
ISSUE-250638,Resync SDAM error handling spec tests,0,1,"Step 1: Analyze what the title conveys.
The title ""Resync SDAM error handling spec tests"" suggests that there is an issue related to resynchronizing something called SDAM (likely referring to Server Discovery and Monitoring) in relation to error handling for some specification or test cases.

Step 2: Determine if the title suggests missing information.
- The title does not provide steps to reproduce the issue.
- It doesn't specify what the expected behavior should be compared to the actual observed behavior.
- There is no mention of acceptance criteria, affected components, or environment details.
- The term ""Resync"" implies there might be an ongoing process that needs adjustment but lacks specifics.

Step 3: Evaluate if a developer can understand the full scope from the title alone.
Given the limited information in the title, it's unlikely that a developer would have enough context to fully understand the issue without additional details. The term ""SDAM"" is specific and might not be clear to all developers unless they are familiar with this particular system or component.

Final Answer: Yes",ada7d3eea8b6acab,qwen2.5:14b,0,2026-06-17T17:48:00.315583,project_04,title_only,incompleteness,cot
ISSUE-251626,Misunderstanding about bsoncxx::document::element,1,1,"Step 1: Analyze what the title conveys.
The title ""Misunderstanding about bsoncxx::document::element"" suggests that there is some confusion or misunderstanding regarding a specific part of the BSON C++ library, which deals with document elements.

Step 2: Determine if the title suggests missing reproduction steps, expected behavior, or context.
- The title does not provide any information on how to reproduce the issue.
- It doesn't mention what the expected behavior should be compared to the actual observed behavior.
- There is no indication of acceptance criteria, affected components, or environment details.

Step 3: Assess if a developer can understand the full scope from the title alone.
Given only this title, it's unclear what specific misunderstanding exists and how it affects the software. A developer would need more information to fully comprehend the issue and work on resolving it.

Final Answer: Yes",69277f89b95bae5d,qwen2.5:14b,0,2026-06-17T17:48:04.242741,project_04,title_only,incompleteness,cot
ISSUE-252399,on linux systems it is customary to use sonames when creating shared libraries,0,1,"Step 1: Analyze what the title conveys.
The title ""on linux systems it is customary to use sonames when creating shared libraries"" provides information about a common practice in Linux system development, specifically regarding the use of SONAMEs (Shared Object Names) during the creation of shared libraries.

Step 2: Determine if the title suggests missing reproduction steps, expected behavior, or context.
- The title does not provide any specific steps to reproduce an issue.
- It does not describe any expected vs. actual behavior that would indicate a problem.
- While it mentions a common practice, it lacks details about why this is being reported as an issue and what the developer should do with this information.

Step 3: Assess if a developer can understand the full scope from the title alone.
Given only the title, a developer cannot fully grasp the context or the specific problem that needs to be addressed. The statement seems more like a general observation rather than a clear description of an issue requiring action.

Final Answer: Yes",e3034099684c99fe,qwen2.5:14b,0,2026-06-17T17:48:08.656217,project_04,title_only,incompleteness,cot
ISSUE-252510,Default Windows builds of the C++ client driver to use /MD,0,1,"Step 1: Analyze what the title conveys.
The title ""Default Windows builds of the C++ client driver to use /MD"" suggests that there is an intention or recommendation to change the default build settings for a C++ client driver on Windows systems. It mentions using ""/MD"", which refers to the Multi-threaded DLL runtime library option in Visual Studio.

Step 2: Determine if the title suggests missing information.
- The title does not provide steps to reproduce any issue.
- There is no mention of expected vs actual behavior, indicating that this might be a suggestion or configuration change rather than an issue report.
- No acceptance criteria are mentioned.
- While it mentions affected components (C++ client driver), it doesn't specify which exact parts or how they are impacted.
- Environment details such as specific versions of Windows or Visual Studio are not provided.

Step 3: Assess if a developer can understand the full scope from the title alone.
Given only this title, a developer would likely need more information to fully understand and act upon the suggestion. The title lacks critical details that would allow developers to implement changes correctly or assess the impact of such changes.

Final Answer: Yes",a795eb8e147fa5dd,qwen2.5:14b,0,2026-06-17T17:48:13.674837,project_04,title_only,incompleteness,cot
ISSUE-251377,Implement unit tests for GridFS options and result classes,0,1,"Step 1: Analyze what the issue title conveys.
The title ""Implement unit tests for GridFS options and result classes"" suggests that the task is to write unit tests for specific components of a software system, namely GridFS options and result classes.

Step 2: Determine if the title suggests missing reproduction steps, expected behavior, or context.
- The title does not provide any information on how to reproduce an issue or what the current problem is. It's more about adding new functionality (unit tests) rather than fixing a bug.
- There are no details provided regarding expected vs actual behavior, which would be necessary if this were addressing a defect.
- While it mentions specific components (GridFS options and result classes), there’s no indication of what these components do or how they interact with other parts of the system.

Step 3: Assess whether a developer can understand the full scope from the title alone.
A developer might have some idea about writing unit tests for GridFS options and result classes, but without more context (such as acceptance criteria, affected environment details, etc.), it's difficult to fully grasp what needs to be done. The task could vary widely in complexity depending on how comprehensive these tests need to be.

Final Answer: Yes",57a71ad47b612c0f,qwen2.5:14b,0,2026-06-17T17:48:18.914907,project_04,title_only,incompleteness,cot
ISSUE-252499,ScopedDbConnection not being returned to the pool,0,1,"Step 1: Analyze what the issue title conveys.
- The title mentions ""ScopedDbConnection"" which is likely a specific class or component in the application.
- It states that this connection is not being returned to the pool, indicating an issue with resource management.

Step 2: Determine if the title suggests missing information.
- Steps to reproduce are not mentioned. We don't know under what conditions this happens (e.g., after how many connections, specific operations).
- Expected behavior is implied but not explicitly stated. The expected behavior would be that ""ScopedDbConnection"" should return to the pool when it's no longer needed.
- Acceptance criteria are missing. There's no clear definition of what needs to happen for this issue to be resolved.
- Affected components and environment details (like database type, connection pooling mechanism) are not provided.

Step 3: Assess if a developer can understand the full scope from the title alone.
- While it gives an idea about the problem, it lacks sufficient detail for a developer to fully comprehend or reproduce the issue without additional information.

Final Answer: Yes",ed686c8161c2f588,qwen2.5:14b,0,2026-06-17T17:48:23.702858,project_04,title_only,incompleteness,cot
ISSUE-252183,DBClientWithCommands::reIndex should not use getSystemIndexesCollection,0,1,"Step 1: Analyze what the title conveys.
The title ""DBClientWithCommands::reIndex should not use getSystemIndexesCollection"" suggests that there is an issue or recommendation regarding a specific method in a class within a database client. It implies that the `reIndex` method should avoid using another method called `getSystemIndexesCollection`.

Step 2: Determine if the title suggests missing information.
- The title does not provide steps to reproduce the issue.
- There's no mention of expected vs actual behavior.
- No acceptance criteria are outlined.
- Environment details or affected components are not specified.

Step 3: Assess whether a developer can understand the full scope from the title alone.
While the title gives some context about what needs to be changed, it lacks critical information that would allow a developer to fully comprehend and address the issue. A developer would need additional details such as why `reIndex` should not use `getSystemIndexesCollection`, under which conditions this occurs, and how it affects the system.

Final Answer: Yes",09ef883b090dc13c,qwen2.5:14b,0,2026-06-17T17:48:28.226350,project_04,title_only,incompleteness,cot
ISSUE-251644,C++11 driver 3.0.1 so much slower than legacy C++ driver 2.6.11?,0,1,"Step 1: Analyze what the issue title conveys.
- The title mentions that a C++11 driver version 3.0.1 is significantly slower than an older legacy C++ driver version 2.6.11.

Step 2: Determine if the title suggests missing information.
- The title does not provide steps to reproduce the performance issue, expected behavior compared to actual observed behavior, acceptance criteria, affected components, or environment details such as operating system and hardware specifications.

Step 3: Assess whether a developer can understand the full scope from the title alone.
- While the title indicates there is a performance difference between two versions of drivers, it lacks critical information for reproducing the issue or understanding its impact fully. A developer would need more context to diagnose and resolve this problem effectively.

Final Answer: Yes",06734c535ff2e6a8,qwen2.5:14b,0,2026-06-17T17:48:31.985015,project_04,title_only,incompleteness,cot
ISSUE-251455,Provide more user-friendly constructor or factory function for builder::core,0,0,"Step 1: Analyze what the issue title conveys.
The title ""Provide more user-friendly constructor or factory function for builder::core"" suggests that there is a request to improve the usability of constructors or factory functions in the `builder::core` component. It implies that these constructors or factory functions are currently not as user-friendly as they could be.

Step 2: Determine if the title suggests missing reproduction steps, expected behavior, or context.
- Reproduction Steps: The title does not provide any specific steps to reproduce an issue or demonstrate a problem.
- Expected vs Actual Behavior: There is no mention of what the current behavior is and what should be changed to make it more user-friendly. It only states that something needs improvement but doesn't specify how the current state differs from the desired state.
- Context: While the title mentions `builder::core`, which gives some context about where this issue lies, it does not provide details on why these constructors or factory functions are problematic in their current form.

Step 3: Assess if a developer can understand the full scope of the issue from the title alone.
Given that the title lacks specific details such as reproduction steps and clear acceptance criteria, a developer would likely need more information to fully grasp what needs to be done.",ade7196775e21499,qwen2.5:14b,0,2026-06-17T17:48:37.347306,project_04,title_only,incompleteness,cot
ISSUE-251387,Configurable connect timeout in C++ driver. Currently fixed at 5 secs.,0,1,"Step 1: Analyze what information is conveyed by the issue title.
- The title mentions that there's a need for configurable connect timeout in the C++ driver.
- It also states that currently, the connect timeout is fixed at 5 seconds.

Step 2: Determine if the title suggests missing reproduction steps, expected behavior, or context.
- There are no details about how to reproduce the issue.
- The expected behavior after making it configurable isn't mentioned (e.g., what should happen when a user changes the timeout value).
- No information is provided on which components of the system this affects beyond mentioning the C++ driver.
- Environment details such as operating systems, versions, or specific use cases are not included.

Step 3: Assess whether a developer can understand the full scope from the title alone.
- While it's clear that there's a request for configurability in connect timeout settings, critical information like how to test this feature and what changes should be expected is missing.
- The title does not provide enough context or steps for developers to fully grasp the issue and start working on it effectively.

Final Answer: Yes",008026c141b7b701,qwen2.5:14b,0,2026-06-17T17:48:42.234840,project_04,title_only,incompleteness,cot
ISSUE-251857,string_view.data() is unsafe,1,1,"Step 1: Analyze what the title conveys.
The title ""string_view.data() is unsafe"" suggests that there might be an issue with using the `data()` method of the `std::string_view` class, implying it could lead to unsafe behavior or conditions.

Step 2: Determine if the title suggests missing information.
- The title does not provide steps to reproduce the issue.
- It doesn't specify what kind of unsafe behavior is expected (e.g., memory corruption, undefined behavior).
- There's no mention of the environment or affected components where this might occur.
- No acceptance criteria are mentioned.

Step 3: Assess if a developer can understand the full scope from the title alone.
Given only the title, a developer would likely need more information to fully comprehend and address the issue. The lack of specific details about what makes `string_view.data()` unsafe leaves room for ambiguity and requires further investigation or clarification.

Final Answer: Yes",dfdfcf1a47838378,qwen2.5:14b,0,2026-06-17T17:48:46.665117,project_04,title_only,incompleteness,cot
ISSUE-251284,Add RHEL 7 Evergreen builder,1,0,"Step 1: Analyze what the title conveys.
The issue title ""Add RHEL 7 Evergreen builder"" suggests that there is a request to add an Evergreen builder for Red Hat Enterprise Linux version 7. An Evergreen builder typically refers to a continuous integration or build system that keeps software up-to-date.

Step 2: Determine if the title suggests missing information.
- Steps to reproduce: The title does not provide any steps on how to achieve this addition.
- Expected vs actual behavior: There is no mention of what should happen after adding the builder, nor is there a description of current issues or discrepancies.
- Acceptance criteria: No specific acceptance criteria are mentioned (e.g., ""The Evergreen builder must be able to build RHEL 7 packages daily"").
- Affected components: While it mentions RHEL 7 and an Evergreen builder, no other affected components are specified.
- Environment details: The title does not provide any information about the environment in which this addition is needed (e.g., specific CI/CD pipeline setup).

Step 3: Assess if a developer can understand the full scope from the title alone.
Given the lack of detailed information such as steps, expected outcomes, and context, it would be challenging for a developer",fe9c133d5a8c5b87,qwen2.5:14b,0,2026-06-17T17:48:52.066501,project_04,title_only,incompleteness,cot
ISSUE-250698,Properly deprecate create_collection methods,0,1,"Step 1: Analyze what the title conveys.
The title ""Properly deprecate create_collection methods"" suggests that there is an intention to mark certain 'create_collection' methods as deprecated, likely in a software library or framework. However, it does not provide specific details about which methods are involved, why they need to be deprecated, or what the implications of this change might be.

Step 2: Determine if the title suggests missing information.
The title lacks several critical pieces of information:
- Specific steps on how to deprecate these methods (e.g., code changes).
- The expected behavior after deprecation.
- Acceptance criteria for considering the task complete.
- Affected components or modules within the software system.
- Environment details where this change is applicable.

Step 3: Assess if a developer can understand the full scope from the title alone.
Given the limited information provided in the title, it would be challenging for a developer to fully grasp the requirements and proceed with implementing the changes without additional context. The task of deprecating methods involves more than just knowing that something needs to happen; developers need clear instructions on what exactly should change and how.

Final Answer: Yes",4294ec8c8ec54fc1,qwen2.5:14b,0,2026-06-17T17:48:57.171476,project_04,title_only,incompleteness,cot
ISSUE-250784,Allow authentication to all server types except arbiters,0,1,"Step 1: Analyze what the issue title conveys.
The title ""Allow authentication to all server types except arbiters"" suggests that there is a requirement for implementing authentication across various server types, with an exception for arbiters.

Step 2: Determine if the title suggests missing reproduction steps, expected behavior, or context.
- The title does not provide any specific steps on how to reproduce the issue or implement the feature.
- It doesn't describe what the current behavior is and what the expected behavior should be.
- There's no mention of acceptance criteria, affected components, or environment details.

Step 3: Assess if a developer can understand the full scope from the title alone.
While the title gives an idea about the requirement, it lacks crucial information that would allow a developer to fully understand and implement this feature. Details such as which authentication methods are being considered, what server types are involved (e.g., MongoDB, Apache), and how arbiters differ in terms of authentication requirements from other servers are missing.

Final Answer: Yes",3aaa9ccdcedb0248,qwen2.5:14b,0,2026-06-17T17:49:01.705376,project_04,title_only,incompleteness,cot
ISSUE-252291,MongoDB exception 17234,1,1,"Step 1: Analyze what the issue title conveys.
- The title ""MongoDB exception 17234"" indicates that there is an error in MongoDB, and it provides an error code (17234).

Step 2: Determine if the title suggests missing information.
- The title does not provide any steps to reproduce the issue.
- It doesn't mention expected vs actual behavior or acceptance criteria.
- There's no indication of affected components or environment details.

Step 3: Assess whether a developer can understand the full scope from the title alone.
- A developer would likely need more information such as when this exception occurs, what actions lead to it, and in which context (e.g., specific database operations).
- The error code alone is not sufficient for reproducing or resolving the issue without additional details.

Final Answer: Yes",c7af9bbb5b58c98a,qwen2.5:14b,0,2026-06-17T17:49:05.620231,project_04,title_only,incompleteness,cot
ISSUE-250878,bsoncxx:to_json causes double value to truncate,0,1,"Step 1: Analyze what the title conveys.
The title ""bsoncxx:to_json causes double value to truncate"" suggests that there is an issue with the `to_json` function in the bsoncxx library, which results in a floating-point number being truncated when converted to JSON.

Step 2: Determine if the title suggests missing information.
- The title does not provide steps to reproduce the issue.
- It doesn't specify what the expected behavior should be compared to the actual observed behavior.
- There is no mention of acceptance criteria, affected components, or environment details (such as versions of software involved).

Step 3: Assess if a developer can understand the full scope from the title alone.
While the title gives some indication of the problem, it lacks crucial information that would allow a developer to fully comprehend and address the issue. A developer would need additional context such as:
- How to reproduce the issue (steps).
- Expected vs actual behavior.
- Affected components or versions.

Final Answer: Yes",a723721884fd3bdb,qwen2.5:14b,0,2026-06-17T17:49:10.072049,project_04,title_only,incompleteness,cot
ISSUE-252519,Apply endian conversions where necessary in the C++ driver bson library,0,0,"Step 1: Analyze what the issue title conveys.
The title ""Apply endian conversions where necessary in the C++ driver bson library"" suggests that there is an intention to modify or enhance the existing codebase of a C++ driver for BSON (Binary JSON) to handle endianness issues. Endianness refers to the way multi-byte data types are stored in memory, which can vary between different systems.

Step 2: Determine if the title suggests missing reproduction steps, expected behavior, or context.
- Reproduction Steps: The title does not provide any specific steps to reproduce an issue or scenario where endianness causes problems. It only states a general action that should be taken (""Apply endian conversions"").
- Expected vs Actual Behavior: There is no mention of what the current state (actual) and desired outcome (expected) are.
- Context: While it mentions ""where necessary,"" this phrase does not provide clear guidance on when or where these conversions should occur, nor does it specify how to determine necessity.

Step 3: Assess if a developer can understand the full scope from the title alone.
Given only the title, a developer would likely need additional information such as:
- Specific scenarios or conditions under which endian conversion is necessary.
- The current state of the",2f714c8eb3ec1076,qwen2.5:14b,0,2026-06-17T17:49:15.465541,project_04,title_only,incompleteness,cot
ISSUE-250634,Use sort when verifying contents of outcome collections,0,1,"Step 1: Analyze what the title conveys.
The title ""Use sort when verifying contents of outcome collections"" suggests that there is an action to take (""use sort"") and a context in which this action should be applied (""verifying contents of outcome collections"").

Step 2: Determine if the title suggests missing information.
- The title does not provide steps on how to reproduce the issue or scenario.
- It doesn't specify what the expected behavior should be after sorting.
- There is no mention of acceptance criteria, affected components, or environment details.

Step 3: Assess whether a developer can understand the full scope from the title alone.
Given only this title, it would be challenging for a developer to fully grasp the issue's context and requirements. The title lacks specific instructions on how to implement or verify the sorting action in relation to outcome collections.

Final Answer: Yes",26877063f27c119e,qwen2.5:14b,0,2026-06-17T17:49:19.404877,project_04,title_only,incompleteness,cot
ISSUE-251786,coll.drop() throws if collection doesn't exist,0,1,"Step 1: Analyze what the title conveys.
The title ""coll.drop() throws if collection doesn't exist"" suggests that when calling the `drop()` method on a non-existent MongoDB collection, an exception is thrown.

Step 2: Determine if there are missing reproduction steps, expected behavior, or context.
- The title does not provide any specific steps to reproduce the issue.
- It does not describe what the expected behavior should be (e.g., whether it should throw an error or handle the non-existent collection gracefully).
- There is no mention of acceptance criteria, affected components, or environment details.

Step 3: Assess if a developer can understand the full scope from the title alone.
While the title gives some information about what happens when calling `coll.drop()` on a non-existing collection, it lacks critical details that would allow a developer to fully understand and address the issue. For example, knowing whether this behavior is intended or a bug requires additional context.

Final Answer: Yes",11c4e0fc63bd02c8,qwen2.5:14b,0,2026-06-17T17:49:23.770108,project_04,title_only,incompleteness,cot
ISSUE-251038,Provide Transactions example for Docs,1,1,"Step 1: Analyze what the issue title conveys.
The title ""Provide Transactions example for Docs"" suggests that there is a request to add an example related to transactions in documentation.

Step 2: Determine if the title suggests missing reproduction steps, expected behavior, or context.
- The title does not provide any specific steps to reproduce an issue.
- It does not describe what the expected vs actual behavior should be.
- There are no details about which components are affected or the environment where this is relevant.

Step 3: Assess if a developer can understand the full scope from the title alone.
Given only the title, it's unclear whether:
- The example already exists and needs to be improved or added.
- What kind of transactions (e.g., database transactions, financial transactions) are being referred to.
- Which part of the documentation is in question.

Final Answer: Yes",951e36ddbcba95a5,qwen2.5:14b,0,2026-06-17T17:49:27.817545,project_04,title_only,incompleteness,cot
ISSUE-250701,spec tests that run count should not use estimated count helper,0,1,"Step 1: Analyze what the issue title conveys.
The title ""spec tests that run count should not use estimated count helper"" suggests there is an issue with how certain spec tests are being executed. It implies that these tests are using a method called ""estimated count helper,"" which shouldn't be used according to the requirement.

Step 2: Determine if the title suggests missing information.
- The title does not provide steps on how to reproduce the issue.
- There is no mention of expected vs actual behavior, making it unclear what the problem exactly is or what needs to change.
- No acceptance criteria are mentioned (what would need to be true for this issue to be resolved).
- It's also unclear which components or environment details might be affected.

Step 3: Assess if a developer can understand the full scope from the title alone.
Given the limited information in the title, it is unlikely that a developer could fully grasp the extent of the problem without additional context. The title does not provide enough detail to reproduce the issue or understand what needs to change for resolution.

Final Answer: Yes",a5eac0d01dc69967,qwen2.5:14b,0,2026-06-17T17:49:32.591775,project_04,title_only,incompleteness,cot
ISSUE-250622,Remove the compatibility matrixes from documentation,0,1,"Step 1: Analyze what the issue title conveys.
The title ""Remove the compatibility matrixes from documentation"" suggests that there is a request to remove certain information (compatibility matrices) from some form of documentation.

Step 2: Determine if the title suggests missing reproduction steps, expected behavior, or context.
- The title does not provide any specific steps on how to reproduce an issue related to removing these compatibility matrixes.
- There's no mention of what the expected outcome should be after removal.
- No information is given about which documentation needs modification and why this change is necessary.

Step 3: Assess if a developer can understand the full scope from the title alone.
Given only the title, it would be challenging for a developer to fully grasp the context or requirements needed to complete this task. They might need additional details such as:
- Which specific documents are affected?
- Why should these compatibility matrices be removed (e.g., they're outdated, incorrect, etc.)?
- What is the expected outcome after removal?

Final Answer: Yes",0a6429b483ae902b,qwen2.5:14b,0,2026-06-17T17:49:37.171515,project_04,title_only,incompleteness,cot
ISSUE-251804,Add ability to use document::view with stream builder,0,1,"Step 1: Analyze what the issue title conveys.
The title ""Add ability to use document::view with stream builder"" suggests that there is a request to implement functionality in software where `document::view` can be used alongside or within a `stream builder`.

Step 2: Determine if the title suggests missing reproduction steps, expected behavior, or context.
- The title does not provide any specific steps to reproduce an issue (if it's an issue rather than a feature request).
- It doesn't describe what the expected behavior should be after implementing this functionality.
- There is no mention of acceptance criteria, affected components, or environment details.

Step 3: Assess if a developer can understand the full scope from the title alone.
While the title gives some idea about the requested feature, it lacks crucial information that would allow a developer to fully understand and implement the change. The absence of detailed requirements makes it difficult for developers to know exactly what is expected or how this new functionality should interact with existing components.

Final Answer: Yes",3769cc2695ea784a,qwen2.5:14b,0,2026-06-17T17:49:41.715649,project_04,title_only,incompleteness,cot
ISSUE-252468,10gen repo for ubuntu does not provide mongodb-10gen-devel package,0,1,"Step 1: Analyze what the title conveys.
The title indicates that there is an issue with the 10gen repository for Ubuntu not providing a specific package called ""mongodb-10gen-devel"".

Step 2: Determine if the title suggests missing information.
- The title does not provide steps to reproduce the problem.
- It doesn't mention expected behavior or actual observed behavior.
- There's no acceptance criteria mentioned.
- No environment details are provided (e.g., version of Ubuntu, specific setup).

Step 3: Assess whether a developer can understand the full scope from the title alone.
While the issue is clear in stating that a package is missing, it lacks critical information such as how to reproduce the problem and what the expected outcome should be. A developer would need more details to fully comprehend and address this issue.

Final Answer: Yes",97196f311c80182b,qwen2.5:14b,0,2026-06-17T17:49:45.618491,project_04,title_only,incompleteness,cot
ISSUE-251978,Unable to compile new CXX driver,0,1,"Step 1: Analyze what the title conveys.
- The issue title ""Unable to compile new CXX driver"" indicates that there is an issue with compiling a new C++ driver.

Step 2: Determine if the title suggests missing information.
- The title does not provide steps to reproduce the problem, expected behavior, acceptance criteria, affected components, or environment details. It lacks context about what has been tried and why it's failing to compile.

Step 3: Assess whether a developer can understand the full scope from the title alone.
- A developer would need more information such as error messages, compiler version, operating system, build configuration, etc., to diagnose and resolve this issue effectively. The current title does not provide enough context for a developer to fully understand or address the problem.

Final Answer: Yes",98bf685e8fc9b938,qwen2.5:14b,0,2026-06-17T17:49:49.335353,project_04,title_only,incompleteness,cot
ISSUE-252023,Backport server r3.0.0-rc6..r3.0.1 changes,0,1,"Step 1: Analyze what the title conveys.
The issue title ""Backport server r3.0.0-rc6..r3.0.1 changes"" suggests that there is an intention to backport certain changes from a specific range of versions (from release candidate version 3.0.0-rc6 to version 3.0.1) in the server component.

Step 2: Determine if the title suggests missing information.
The title does not provide any details about:
- Steps to reproduce an issue, if there is one.
- Expected vs actual behavior of the system.
- Acceptance criteria for completing this task.
- Affected components beyond mentioning ""server"".
- Environment details where the changes are applicable.

Step 3: Assess whether a developer can understand the full scope from the title alone.
While the title gives some context about what needs to be done (backporting changes), it lacks critical information that would allow a developer to fully understand and execute on this task. A developer would need additional details such as which specific changes are being backported, why these changes were made in the first place, and how they should be integrated into an earlier version.

Final Answer: Yes",1e5d54e36bdeda41,qwen2.5:14b,0,2026-06-17T17:49:54.537454,project_04,title_only,incompleteness,cot
ISSUE-252444,OID::init and mongo::jsTime unresolved in shared client (.so),0,1,"Step 1: Analyze what the issue title conveys.
- The title mentions ""OID::init"" and ""mongo::jsTime"", which are likely function names or class methods in some codebase, possibly related to MongoDB.
- It also indicates that these functions are unresolved in a shared client library (.so file).

Step 2: Determine if the title suggests missing information.
- There is no mention of steps to reproduce the issue.
- The expected behavior and actual behavior are not described.
- No acceptance criteria or environment details (like OS, version numbers) are provided.

Step 3: Assess whether a developer can understand the full scope from the title alone.
- While it gives some technical context about unresolved symbols in a shared library, it lacks critical information for reproducing or understanding the issue fully.

Final Answer: Yes",5454fb47c5551a8a,qwen2.5:14b,0,2026-06-17T17:49:58.304275,project_04,title_only,incompleteness,cot
ISSUE-250789,mongocxx::uri call works with c char* parameter but not with c++ string parameter,0,1,"Step 1: Analyze what the issue title conveys.
- The title mentions that there is an inconsistency in how `mongocxx::uri` handles parameters of different types (`c char*` vs. `c++ string`).
- It implies a problem with parameter type handling.

Step 2: Determine if the title suggests missing information.
- Steps to reproduce are not provided; we don't know what specific code or scenario causes this issue.
- Expected behavior is implied but not explicitly stated (the expectation might be that both types should work equivalently).
- Acceptance criteria, affected components, and environment details are completely absent.

Step 3: Evaluate if a developer can understand the full scope from just the title.
- While it gives an idea of what the issue is about, it lacks crucial information for reproducing or understanding the problem fully. A developer would need more context to diagnose and fix this issue effectively.

Final Answer: Yes",834500a0c2df43f7,qwen2.5:14b,0,2026-06-17T17:50:02.464628,project_04,title_only,incompleteness,cot
ISSUE-251675,legacy driver fails to build on FreeBSD,0,1,"Step 1: Analyze what the issue title conveys.
- The title indicates that there is an issue with building a legacy driver on FreeBSD.

Step 2: Determine if the title suggests missing information.
- The title does not provide steps to reproduce the problem, expected behavior compared to actual behavior, acceptance criteria, affected components beyond mentioning ""legacy driver,"" or environment details such as version numbers of software and operating system configurations.

Step 3: Assess whether a developer can understand the full scope from the title alone.
- A developer would likely need more information to diagnose and resolve this issue. The lack of specific steps, expected vs actual behavior, and detailed context makes it difficult for developers to fully grasp the nature and extent of the problem based on the title alone.

Final Answer: Yes",6bfece04a7bb94f0,qwen2.5:14b,0,2026-06-17T17:50:06.115123,project_04,title_only,incompleteness,cot
ISSUE-252109,Expose the ability to explicitly refresh the state of a replica set member,0,-1,"Step 1: Analyze what the issue title conveys.
The title ""Expose the ability to explicitly refresh the state of a replica set member"" suggests that there is a need for functionality in software related to database replication, specifically concerning refreshing the state of a replica set member.

Step 2: Determine if the title suggests missing reproduction steps, expected behavior, or context.
- Reproduction Steps: The title does not provide any information on how to reproduce this issue or feature request. It doesn't mention specific actions that need to be taken to trigger the refresh action.
- Expected Behavior: While it implies a desired functionality (refreshing the state of a replica set member), it does not specify what exactly should happen when refreshing occurs, such as which data is updated or how the system responds after the refresh.
- Context and Affected Components: The title mentions ""replica set member,"" indicating that this feature request pertains to database replication systems. However, it lacks details about specific components involved (e.g., API endpoints, configuration settings) or the broader context of why refreshing is necessary.

Step 3: Assess if a developer can understand the full scope from the title alone.
Given the limited information provided in the title, a developer would likely need additional details to fully comprehend",1045bc6f11ab78d3,qwen2.5:14b,0,2026-06-17T17:50:11.444204,project_04,title_only,incompleteness,cot
ISSUE-252006,Creating BSON from JSON,0,1,"Step 1: Analyze what the issue title conveys.
The title ""Creating BSON from JSON"" suggests that there is an attempt to convert JSON data into BSON format.

Step 2: Determine if the title suggests missing information.
- The title does not provide any specific steps to reproduce a problem or scenario.
- There's no indication of expected vs actual behavior, such as errors encountered during conversion or performance issues.
- No acceptance criteria are mentioned (e.g., what should be achieved after successful conversion).
- It doesn't specify which components or environment details might be involved.

Step 3: Assess if the title provides enough context for a developer to understand the full scope of the issue.
Given only this title, it's unclear whether there is an actual problem being reported or if someone needs assistance with the process. A developer would likely need more information to address any issues related to BSON creation from JSON.

Final Answer: Yes",e560be3d6a9bf8f3,qwen2.5:14b,0,2026-06-17T17:50:15.599879,project_04,title_only,incompleteness,cot
ISSUE-250966,cursor::begin() is invalid after using std::distance,0,1,"Step 1: Analyze what the title conveys.
The title ""cursor::begin() is invalid after using std::distance"" suggests that there's an issue with the `cursor::begin()` function becoming invalid after calling `std::distance`. It implies a sequence of actions and their effects.

Step 2: Determine if the title suggests missing information.
- The title does not provide steps to reproduce the problem.
- There is no mention of expected behavior or actual observed behavior.
- No acceptance criteria are mentioned.
- Environment details, such as which compiler version or operating system, are not provided.
- Affected components beyond `cursor::begin()` and `std::distance` are not specified.

Step 3: Assess if a developer can understand the full scope from the title alone.
While the title gives some context about what is happening (the invalidation of `cursor::begin()`) after using `std::distance`, it lacks critical details that would allow a developer to fully comprehend and address the issue. The absence of reproduction steps, expected behavior, and environment specifics makes it difficult for developers to diagnose or fix the problem effectively.

Final Answer: Yes",38ff54d52de8bf3a,qwen2.5:14b,0,2026-06-17T17:50:20.614422,project_04,title_only,incompleteness,cot
ISSUE-250973,bsoncxx::to_json() do not support GBK,0,1,"Step 1: Analyze what the title conveys.
The title ""bsoncxx::to_json() do not support GBK"" suggests that there is an issue with the bsoncxx library's to_json function, which does not handle GBK encoding properly.

Step 2: Determine if the title suggests missing information.
- The title lacks steps to reproduce the problem.
- It doesn't specify what the expected behavior should be or what the actual behavior is.
- There are no details about acceptance criteria or affected components.
- No environment details (such as operating system, version of bsoncxx) are provided.

Step 3: Assess if a developer can understand the full scope from the title alone.
Given only this title, a developer would need additional information to fully comprehend and address the issue. The lack of context about how GBK support is lacking or what kind of data it affects makes it difficult for developers to reproduce or fix the problem.

Final Answer: Yes",785e25d07fb03b88,qwen2.5:14b,0,2026-06-17T17:50:24.828227,project_04,title_only,incompleteness,cot
ISSUE-251233,Investigate issues with load path for macos-1012 variant,0,1,"Step 1: Analyze what the issue title conveys.
The title ""Investigate issues with load path for macos-1012 variant"" suggests that there are problems related to the loading process on a specific macOS version (macOS-10.12).

Step 2: Determine if the title suggests missing information.
- The title does not provide steps to reproduce the issue.
- It doesn't specify what the expected behavior should be or what the actual observed behavior is.
- There's no mention of acceptance criteria, affected components, or environment details beyond the macOS version.

Step 3: Assess whether a developer can understand the full scope from the title alone.
Given only this title, a developer would likely need more information to fully understand and address the issue. The lack of specific steps, expected behavior, and other context makes it difficult for someone to start working on resolving the problem effectively.

Final Answer: Yes",08fc4561c0fdf706,qwen2.5:14b,0,2026-06-17T17:50:28.953283,project_04,title_only,incompleteness,cot
ISSUE-252108,ReplicaSetMonitor should monitor arbiters,0,1,"Step 1: Analyze what the title conveys.
The title ""ReplicaSetMonitor should monitor arbiters"" suggests that there is an expectation for the ReplicaSetMonitor component to perform a specific function related to arbiters. However, it does not provide any details about why this change is necessary or how one would verify if this functionality works as intended.

Step 2: Determine if the title suggests missing information.
- Steps to reproduce: Not provided in the title.
- Expected vs actual behavior: The expected behavior (monitoring arbiters) is mentioned, but there's no indication of what the current behavior is or how it differs from the expectation.
- Acceptance criteria: There are no specific acceptance criteria outlined for this issue.
- Affected components: While ReplicaSetMonitor and arbiters are mentioned, other potentially affected components are not discussed.
- Environment details: No environment-specific information is provided.

Step 3: Assess if a developer can understand the full scope from the title alone.
Given the limited information in the title, it would be challenging for a developer to fully grasp the issue's context and requirements without additional details. The title lacks specifics about why this change is needed or how its success will be measured.

Final Answer: Yes",5ecc8ab522f3b282,qwen2.5:14b,0,2026-06-17T17:50:34.256991,project_04,title_only,incompleteness,cot
ISSUE-250839,Add mongodb+srv URIs to Atlas Connectivity tests,0,1,"Step 1: Analyze what the title conveys.
The title ""Add mongodb+srv URIs to Atlas Connectivity tests"" suggests that there is a task related to adding specific MongoDB connection strings (URIs) to some connectivity tests for an Atlas service.

Step 2: Determine if the title suggests missing information.
- The title does not provide steps on how to add these URIs or what exactly needs to be done beyond mentioning the action.
- There's no indication of expected behavior after adding the URIs, such as whether certain tests should pass or fail.
- No acceptance criteria are mentioned (e.g., ""All connectivity tests must pass with new URIs"").
- The environment details and affected components are not specified.

Step 3: Assess if a developer can understand the full scope from the title alone.
Given only this title, a developer would likely need additional information to fully understand what needs to be done. They might ask questions like:
- What specific tests should include these URIs?
- How do I add these URIs (e.g., in code, configuration files)?
- Are there any particular requirements or constraints for the URIs?

Final Answer: Yes",8eb8fc73d16e4c70,qwen2.5:14b,0,2026-06-17T17:50:39.365040,project_04,title_only,incompleteness,cot
ISSUE-252397,Add sparse option to ensureIndex,0,0,"Step 1: Analyze what the title conveys.
The title ""Add sparse option to ensureIndex"" suggests that there is a request to add a feature called ""sparse option"" to an existing function or method named ""ensureIndex"". This implies some kind of enhancement or modification to an existing system.

Step 2: Determine if the title suggests missing information.
- Steps to reproduce: The title does not provide any steps on how to reproduce the issue or demonstrate the problem. It's a feature request rather than reporting an issue.
- Expected vs actual behavior: There is no indication of what the expected outcome should be compared to the current state, nor is there mention of any discrepancy between expected and actual behavior.
- Acceptance criteria: The title does not specify acceptance criteria that would define when this enhancement has been successfully implemented.
- Affected components: While it mentions ""ensureIndex"", which likely refers to a specific component or function within the software, no other affected components are mentioned.
- Environment details: There is no information provided about the environment in which this feature should be added (e.g., database version, programming language).

Step 3: Assess if a developer can understand the full scope from the title alone.
Given only the title ""Add sparse option to ensureIndex",51a3d9e695f41150,qwen2.5:14b,0,2026-06-17T17:50:44.747858,project_04,title_only,incompleteness,cot
ISSUE-251366,Document that Windows users should build libbson without extra alignment,0,1,"Step 1: Analyze what the title conveys.
The title ""Document that Windows users should build libbson without extra alignment"" suggests that there is a recommendation for Windows users to follow when building the libbson library. It implies that there might be an issue or a best practice related to how Windows users should handle the build process of this specific library.

Step 2: Determine if the title suggests missing information.
- The title does not provide steps on how to reproduce any problem.
- There is no mention of expected vs actual behavior, which would help in understanding what needs to be fixed or improved.
- No acceptance criteria are mentioned that a developer can use to verify whether the issue has been resolved.
- While it mentions Windows users and libbson, there's no specific detail about affected components or environment details (e.g., version of Windows, specific versions of tools used for building).

Step 3: Assess if a developer can understand the full scope from the title alone.
Given only this title, a developer would likely need more information to fully understand what needs to be done. The title suggests that there is documentation needed but does not provide enough context or specifics about why Windows users should build libbson without extra alignment.

Final Answer: Yes",49c48b6afb4d39a9,qwen2.5:14b,0,2026-06-17T17:50:50.011381,project_04,title_only,incompleteness,cot
ISSUE-252042,Quickstart Wiki Page,1,1,"Step 1: Analyze what the issue title conveys.
- The title ""Quickstart Wiki Page"" suggests that there is an issue related to a wiki page titled ""Quickstart.""

Step 2: Determine if the title suggests missing information.
- The title does not provide any specific details about the nature of the problem, such as whether it's a broken link, incorrect content, or missing instructions. It also doesn't mention steps to reproduce the issue, expected vs actual behavior, acceptance criteria, affected components, or environment details.

Step 3: Assess if a developer can understand the full scope from the title alone.
- A developer would likely need more information to address this issue effectively. The title is too vague and does not provide enough context for a developer to reproduce the problem or know what needs fixing.

Final Answer: Yes",f80b417b9c99e028,qwen2.5:14b,0,2026-06-17T17:50:53.836464,project_04,title_only,incompleteness,cot
