issue_id,title,ground_truth,prediction,raw_response,prompt_hash,model_version,temperature,timestamp_utc,project,input_mode,task,strategy
ISSUE-253177,Inconsistent output between java driver and mongo shell,0,1,"Let's break it down:

1. The issue title conveys that there is an inconsistency between two tools: the Java driver and the MongoDB shell.
2. The title does not suggest missing reproduction steps, expected behavior, or context. It simply states a problem without providing any details on how to reproduce it, what the expected outcome should be, or where this issue occurs (e.g., in which component or environment).
3. A developer might have some idea of what is happening based on their knowledge of MongoDB and Java drivers, but they would likely need more information to fully understand the scope of the issue.

Given these points, I conclude that the issue title suggests the issue is INCOMPLETE because it lacks essential details such as steps to reproduce, expected vs actual behavior, acceptance criteria, affected components, or environment details.

Final Answer: Yes",62a97a2c9ee8e4ab,llama3.1:8b,0,2026-06-17T12:16:05.004840,project_05,title_only,incompleteness,cot
ISSUE-253467,size not accepting $numberlong argument,1,1,"Let's break it down:

1. The issue title ""size not accepting $numberlong argument"" conveys that there is an issue with the size function in the software, specifically when dealing with long numbers.
2. The title does not suggest missing reproduction steps, expected behaviour, or context. It appears to be a concise description of the problem itself.
3. While the title provides some context about the specific functionality affected (size and $numberlong argument), it is unlikely that a developer can fully understand the scope of the issue from this title alone.

Based on these observations, I would conclude that the issue title suggests the issue is INCOMPLETE because it lacks essential information such as steps to reproduce, expected vs actual behaviour, acceptance criteria, affected components, or environment details.

Final Answer: Yes",f5934fc75fd18a9e,llama3.1:8b,0,2026-06-17T12:16:07.506624,project_05,title_only,incompleteness,cot
ISSUE-253452,MongoCollection.insertOne throws NullPointerException with WriteConcern.UNACKNOWLEDGED & retryWrites=true,0,1,"Let's analyze the issue title step by step:

1. The title conveys that there is an error when using `MongoCollection.insertOne` with specific settings (`WriteConcern.UNACKNOWLEDGED & retryWrites=true`). It mentions a specific exception type (`NullPointerException`) and some configuration details.
2. The title does not suggest missing reproduction steps, expected behavior, or context. It appears to provide enough information for a developer to understand the problem.
3. Based on the provided information, it seems that a developer can understand the full scope of the issue from the title alone.

However, upon closer inspection, I notice that the title mentions an error with specific settings and configuration details, but it does not explicitly state what is expected vs actual behavior or provide acceptance criteria. It also doesn't mention affected components or environment details.

Given these observations, I would say that while the title provides some essential information, it might still be considered INCOMPLETE because it lacks explicit statements about expected vs actual behavior and acceptance criteria.

Final Answer: Yes",0d2f019716e1ae35,llama3.1:8b,0,2026-06-17T12:16:10.440242,project_05,title_only,incompleteness,cot
ISSUE-253505,Add an option to toggle SSL certificate validation,0,1,"Let's break it down:

1. The issue title ""Add an option to toggle SSL certificate validation"" conveys that the user wants to add a feature to disable SSL certificate validation, but it doesn't provide any context or details about how this feature should work.
2. The title does not suggest missing reproduction steps (it's more of a design/feature request), expected behaviour (it's asking for an option to be added, not describing current behaviour), or context (e.g., environment details).
3. While the title is clear and concise, it doesn't provide enough information for a developer to fully understand the scope of the issue without additional context.

However, upon closer inspection, I notice that this title does imply some missing essential information: expected vs actual behavior, acceptance criteria, affected components, or environment details are not explicitly mentioned. But more importantly, the title itself is quite specific and implies a clear understanding of what needs to be done (adding an option). This suggests that the issue might be considered INCOMPLETE because it lacks context and details about how this feature should work.

Final Answer: Yes",097b3f27e79c7a72,llama3.1:8b,0,2026-06-17T12:16:13.595735,project_05,title_only,incompleteness,cot
ISSUE-255080,JSON parser parses braces incorrectly,0,1,"Let's analyze the issue title step by step:

1. The title ""JSON parser parses braces incorrectly"" conveys that there is an issue with how the JSON parser handles braces, but it doesn't provide any context or details about what specifically is incorrect.
2. The title does not suggest missing reproduction steps, expected behavior, or context. It implies a specific problem with the parser's functionality, which might be enough to identify the issue as INCOMPLETE if there were no further information available.
3. However, based on this title alone, it is unlikely that a developer can fully understand the scope of the issue without additional context. The title lacks essential details such as steps to reproduce, expected vs actual behavior, acceptance criteria, affected components, or environment details.

Considering these points, I would conclude that the issue title suggests the issue is INCOMPLETE because it lacks essential information for a developer to fully understand and address the problem.

Final Answer: Yes",885d454d2917020a,llama3.1:8b,0,2026-06-17T12:16:16.476059,project_05,title_only,incompleteness,cot
ISSUE-255534,Looking for performance tips loading results from a find() with the java driver.,0,1,"Let's break it down:

1. The issue title conveys that the user is looking for performance tips related to loading results from a find() operation using the Java driver.
2. The title does not suggest missing reproduction steps, expected behavior, or context. It appears to be a request for general advice or guidance on optimizing performance.
3. While a developer may be able to infer some context (e.g., that it's related to MongoDB and Java), they would likely need additional information to fully understand the scope of the issue.

Based on these observations, I conclude that the issue title suggests the issue is INCOMPLETE because it lacks essential details such as steps to reproduce, expected vs actual behavior, acceptance criteria, affected components, or environment details.

Final Answer: Yes",b3581edcbdb3fef6,llama3.1:8b,0,2026-06-17T12:16:18.869371,project_05,title_only,incompleteness,cot
ISSUE-255332,Binary field $type is represented in JSON as a number instead of a two-byte hex string,0,0,"Let's break it down:

1. The issue title conveys that there is an inconsistency in how a binary field type is represented in JSON format.
2. The title does not suggest missing reproduction steps, expected behavior, or context. It appears to be a clear statement of the problem.
3. A developer can understand the full scope from the title alone: it's about a specific data representation issue with a particular field type.

However, upon closer inspection, I notice that the title mentions ""Binary field $type"", which implies that there might be some context or additional information needed to fully understand what ""$type"" refers to. But overall, the title is quite descriptive and doesn't seem to be missing any essential information.

Final Answer: No",9f4e7dd6a8db6b9f,llama3.1:8b,0,2026-06-17T12:16:21.256633,project_05,title_only,incompleteness,cot
ISSUE-254781,Iterable Codec,1,0,"Let's break it down:

1. The issue title ""Iterable Codec"" conveys that there is an issue related to encoding or decoding of iterable data types in software.
2. The title does not suggest missing reproduction steps, expected behaviour, or context. It appears to be a specific technical term and might imply a known problem or requirement.
3. A developer with knowledge of the relevant technology stack may understand the full scope from the title alone, but it's unlikely that an analyst or someone without domain-specific knowledge would be able to fully comprehend the issue.

However, considering the task is to determine if the issue is INCOMPLETE based solely on the title, I must conclude:

Final Answer: No",ae15eba851ce5a9b,llama3.1:8b,0,2026-06-17T12:16:23.564389,project_05,title_only,incompleteness,cot
ISSUE-254021,NettyStream does not handle clean socket closures from the server,0,1,"Let's break it down:

1. The issue title conveys that there is an issue with NettyStream handling clean socket closures from the server. It mentions a specific component (NettyStream) and a specific scenario (clean socket closures), but does not provide any context or details about what happens when this occurs.
2. The title does not explicitly suggest missing reproduction steps, expected behaviour, or context. However, it implies that there is an issue with the server's clean socket closure handling, which might require additional information to understand the full scope of the problem.
3. While a developer can get some idea about the component involved and the scenario described, they would likely need more information to fully understand the issue, such as what happens when this occurs (expected vs actual behaviour), how it affects the system, or any specific requirements related to clean socket closures.

Considering these points, I would say that the title suggests the issue is INCOMPLETE because it lacks essential details about the expected and actual behavior, acceptance criteria, affected components, or environment details. 

Final Answer: Yes",f401fd9bee71183f,llama3.1:8b,0,2026-06-17T12:16:26.647089,project_05,title_only,incompleteness,cot
ISSUE-255615,Include cursor-id in CursorNotFound exception,0,-1,"Let's break it down:

1. The issue title conveys that there is an exception called ""CursorNotFound"" and it suggests adding a specific piece of information (""cursor-id"") to this exception.
2. The title does not suggest missing reproduction steps, expected behaviour, or context. It appears to be focused on the structure of the exception itself.
3. While a developer might infer some context from the title (e.g., that ""CursorNotFound"" is an exception related to cursors), they would likely need additional information to fully understand the scope and requirements.

However, upon closer inspection, I notice that the issue title does mention a specific exception (""CursorNotFound"") and suggests modifying it. This implies that there might be some context or understanding of the system's behavior already present in the developer's mind. But still, without more information, it's hard to say for certain whether this is an INCOMPLETE issue.

But wait... I re-read the question again: ""Is the title missing essential information such as steps to reproduce, expected vs actual behaviour, acceptance criteria, affected components, or environment details?""

Upon further reflection, I realize that the title does not explicitly mention any of those essential pieces of information. It only mentions a specific exception and a suggested modification.

So,",368695782dd42464,llama3.1:8b,0,2026-06-17T12:16:30.048176,project_05,title_only,incompleteness,cot
ISSUE-254855,Discrimination in Jackson-Codec,1,-1,"To determine whether the issue is INCOMPLETE based on the given title ""Discrimination in Jackson-Codec"", I'll follow the step-by-step approach:

1. **What information does this title convey?**
   - The title mentions a specific problem (""Discrimination"") related to a particular component or library (""Jackson-Codec""). This suggests that there's an issue with how data is being processed or represented using Jackson, which is a JSON processing library in Java.

2. **Does the title suggest missing reproduction steps, expected behaviour, or context?**
   - The title does not explicitly mention any specific steps to reproduce the issue, nor does it describe what the expected behavior should be versus what's actually happening. It also doesn't provide information about affected components or environment details beyond mentioning Jackson-Codec.

3. **Can a developer understand the full scope from the title alone?**
   - While the title gives an idea of where the problem lies (Jackson-Codec), it does not convey enough detail for a developer to fully understand the issue without further context. The term ""Discrimination"" could imply several things, and without more information, it's hard to determine what specific behavior or outcome is being questioned.

Given these considerations, the title suggests that essential details are",a20268ac61f59def,llama3.1:8b,0,2026-06-17T12:16:33.475502,project_05,title_only,incompleteness,cot
ISSUE-256012,Add w/wtimeout to WriteConcern (getLastError),0,0,"Let's break down the issue title:

1. The title ""Add w/wtimeout to WriteConcern (getLastError)"" conveys that it is related to adding a new feature or functionality to an existing component, specifically regarding write concerns and error handling.
2. There is no indication of missing reproduction steps, expected behavior, or context in this title. It appears to be a straightforward request for a specific change.
3. While the title provides some context about what is being requested (adding w/wtimeout to WriteConcern), it does not convey the full scope of the issue. For example, it doesn't mention how this will affect other components or what the expected outcome should be.

However, considering that the title specifically mentions a technical aspect (""WriteConcern"" and ""getLastError"") and seems to be asking for a specific change, I would argue that the title is sufficient to understand the scope of the issue. It's not missing essential information like steps to reproduce, expected behavior, or acceptance criteria.

Final Answer: No",b1b9fb8382417552,llama3.1:8b,0,2026-06-17T12:16:36.458802,project_05,title_only,incompleteness,cot
ISSUE-253265,Provide an option to use pooled NIO direct buffers to minimise impact on GC,0,0,"Let's analyze the issue title step by step:

1. The title conveys a specific request to implement an option for pooled NIO direct buffers, which is related to memory management and garbage collection.
2. There is no indication of missing reproduction steps, expected behavior, or context in the title itself. It appears to be a straightforward feature request.
3. While a developer might infer some context from the title (e.g., it's related to performance optimization), they would likely need additional information to fully understand the scope and requirements.

However, upon closer inspection, I notice that the title mentions ""minimise impact on GC"", which implies an understanding of the expected behavior and the problem being addressed. It also suggests a specific goal or requirement (reducing garbage collection impact).

Considering these points, while the title is concise and doesn't explicitly mention steps to reproduce or acceptance criteria, it does convey essential information about the desired outcome and context.

Final Answer: No",c1b60fd31e48fe4c,llama3.1:8b,0,2026-06-17T12:16:39.309701,project_05,title_only,incompleteness,cot
ISSUE-254440,DocumentCodec and DBObjectCodec treat nested Maps/Iterables differently,0,1,"Let's break it down:

1. The issue title conveys that there is a difference in how two specific components (DocumentCodec and DBObjectCodec) handle nested data structures (Maps/Iterables). This suggests a problem or discrepancy, but not necessarily the root cause.
2. The title does not explicitly mention steps to reproduce, expected vs actual behavior, acceptance criteria, affected components, or environment details. It appears to be focused on describing the issue rather than providing context or instructions for resolution.
3. While a developer may be able to infer some context from the title (e.g., that it's related to data encoding/decoding), they would likely need additional information to fully understand the scope of the issue, such as how the components are being used and what the expected behavior is.

Based on these observations, I conclude that the issue title suggests the issue is INCOMPLETE because it lacks essential information for a developer to fully comprehend and address the problem. 

Final Answer: Yes",5ccb80c01899a456,llama3.1:8b,0,2026-06-17T12:16:42.192478,project_05,title_only,incompleteness,cot
ISSUE-255480,Secondary reads on lists of mongos fail until first write,0,1,"Let's break down the issue title:

1. The title mentions ""Secondary reads on lists of mongos fail"", which implies that there is an issue with data retrieval from MongoDB (mongos). This gives some context about what might be going wrong.
2. However, the title does not explicitly mention steps to reproduce, expected vs actual behavior, acceptance criteria, affected components, or environment details. It only provides a brief description of the problem.
3. While the title conveys some information about the issue, it is unlikely that a developer can fully understand the scope and requirements from this title alone without additional context.

Based on these observations, I would conclude that the issue title suggests the issue is INCOMPLETE because it lacks essential details such as steps to reproduce or expected behavior.

Final Answer: Yes",eaec18896e9ca1a8,llama3.1:8b,0,2026-06-17T12:16:44.614953,project_05,title_only,incompleteness,cot
ISSUE-255171,Saved extra fields for Gridfs does not go in metadata sub-document,0,0,"Let's analyze the issue title step by step:

1. The title ""Saved extra fields for Gridfs does not go in metadata sub-document"" conveys that there is an issue with how extra fields are being saved for a specific data storage mechanism (Gridfs) and its metadata sub-document.
2. The title does not suggest missing reproduction steps, expected behavior, or context. It appears to be a concise statement of the problem.
3. While a developer may need additional information to fully understand the issue, the title alone provides enough context to identify the problem area.

However, upon closer inspection, I notice that the title is quite specific and technical, which might imply that it's missing essential information such as steps to reproduce or expected behavior. But, considering the task at hand, I would say that this title is still too vague to be considered INCOMPLETE.

Final Answer: No",7524f6234e62ef2c,llama3.1:8b,0,2026-06-17T12:16:47.283861,project_05,title_only,incompleteness,cot
ISSUE-254446,Repeated connection with expected authentication errors is not deterministic,0,1,"Let's break down the issue title:

1. The title mentions ""Repeated connection with expected authentication errors"", which implies that there is an issue with authentication, but it doesn't provide any specific steps to reproduce or context about what triggers this error.
2. The title does not explicitly mention expected vs actual behaviour, acceptance criteria, affected components, or environment details.
3. While the title gives some insight into the problem (authentication errors), a developer may still need additional information to fully understand the scope of the issue and how to address it.

Based on these observations:

Final Answer: Yes",9b6656470fa218df,llama3.1:8b,0,2026-06-17T12:16:49.339484,project_05,title_only,incompleteness,cot
ISSUE-254233,Custom logging implementation,1,1,"To determine whether the issue is INCOMPLETE based on the given title ""Custom logging implementation"", let's analyze it step by step:

1. **What information does this title convey?**
   - The title mentions a specific feature or functionality that needs to be implemented, which is custom logging.

2. **Does the title suggest missing reproduction steps, expected behaviour, or context?**
   - There's no mention of how to reproduce the issue (steps to reproduce), what the expected behavior should be compared to the actual behavior, or any context such as affected components or environment details.

3. **Can a developer understand the full scope from the title alone?**
   - While it's clear that there is a requirement for implementing custom logging, without additional information, a developer cannot fully understand the requirements, including how this feature should behave, what specific functionality it needs to include, and in which context (environment) it will be used.

Given these points, the issue title ""Custom logging implementation"" suggests missing essential information such as steps to reproduce, expected vs actual behavior, acceptance criteria, affected components, or environment details. Therefore,

Final Answer: Yes",85a981f9ee0427ff,llama3.1:8b,0,2026-06-17T12:16:52.555703,project_05,title_only,incompleteness,cot
ISSUE-252701,Update documentation for Text Search,1,1,"Let's analyze the issue title step by step:

1. The title ""Update documentation for Text Search"" conveys that there is an intention to update some documentation related to text search functionality.
2. There is no indication of missing reproduction steps, expected behavior, or context in this title. It does not suggest what specific problem or issue needs to be addressed.
3. From the title alone, a developer may have some idea about the general area that needs attention (text search), but they would likely need more information to understand the full scope and specifics of the update required.

Based on these observations, I conclude that this issue is likely INCOMPLETE because it lacks essential details such as steps to reproduce, expected vs actual behavior, acceptance criteria, affected components, or environment details. 

Final Answer: Yes",e81581f8550b01bb,llama3.1:8b,0,2026-06-17T12:16:55.089864,project_05,title_only,incompleteness,cot
ISSUE-255572,Morphia Integration in java driver,0,1,"Let's break it down:

1. The issue title ""Morphia Integration in java driver"" conveys that there is an integration issue related to Morphia and Java Driver, but it doesn't provide any specific details about what the problem is or how it occurs.
2. The title does not suggest missing reproduction steps, expected behaviour, or context. It's more of a high-level description of the issue rather than a specific problem statement.
3. Based on this title alone, a developer may have some idea of the general area where the issue lies (Morphia and Java Driver integration), but they would likely need additional information to fully understand the scope of the issue.

Considering these points, I would say that the issue is INCOMPLETE because it lacks essential details such as steps to reproduce, expected vs actual behaviour, acceptance criteria, affected components, or environment details.

Final Answer: Yes",67a76ddfba44625f,llama3.1:8b,0,2026-06-17T12:16:57.780057,project_05,title_only,incompleteness,cot
ISSUE-255511,Respect the QueryFailure response flag in OP_REPLY,0,0,"To determine whether the issue is INCOMPLETE based on the given title ""Respect the QueryFailure response flag in OP_REPLY"", let's analyze it step-by-step:

1. **Information Conveyed**: The title mentions a specific detail about how to handle or respect a particular flag within a MongoDB-related operation (OP_REPLY). It indicates an action or behavior related to error handling or response processing.

2. **Missing Information**: 
   - **Steps to Reproduce**: There's no indication of what actions would lead to this issue, making it hard to reproduce without further context.
   - **Expected vs Actual Behaviour**: The title doesn't explicitly state the expected outcome versus what is observed when the flag isn't respected.
   - **Acceptance Criteria**: It does not specify under what conditions respecting the QueryFailure response flag would be considered acceptable or successful.
   - **Affected Components**: While it mentions a specific operation (OP_REPLY), it's unclear if this affects other components beyond just the query execution process.
   - **Environment Details**: There is no mention of any environmental factors that might influence this issue.

3. **Developer Understanding**: Without additional context, a developer cannot fully understand the scope and implications of respecting or not respecting the QueryFailure response flag in OP_REPLY from just",3588321c91cc242c,llama3.1:8b,0,2026-06-17T12:17:01.405866,project_05,title_only,incompleteness,cot
ISSUE-254614,2.12.x breaks compatibility with mongoDB v1.8,0,0,"Let's break it down:

1. The issue title conveys that there is a compatibility problem between a specific software version (2.12.x) and a MongoDB version (v1.8).
2. The title does not suggest missing reproduction steps, expected behavior, or context. It appears to be a concise statement of the problem.
3. While a developer may need additional information to fully understand the issue, the title alone provides enough context to identify the compatibility problem.

However, upon closer inspection, I notice that the title is quite specific and implies that there might be some underlying assumptions about the environment or behavior that are not explicitly stated. But it does provide a clear indication of what's going on.

Considering these points, I would say:

Final Answer: No",c8fd172482201454,llama3.1:8b,0,2026-06-17T12:17:03.902755,project_05,title_only,incompleteness,cot
ISSUE-253354,Deprecate DBCursor#addSpecial,1,0,"Let's break it down:

1. The issue title ""Deprecate DBCursor#addSpecial"" conveys that the issue is related to deprecating a specific method in a MongoDB cursor object.
2. There is no indication of missing reproduction steps, expected behavior, or context in the title. It appears to be a straightforward statement about deprecation.
3. A developer can likely understand the full scope from the title alone, as it clearly states what needs to be done (deprecate a specific method).

Given this analysis, I would conclude that the issue is not INCOMPLETE.

Final Answer: No",be75d85d4267d8fb,llama3.1:8b,0,2026-06-17T12:17:06.061093,project_05,title_only,incompleteness,cot
ISSUE-255153,update description of fsync write concern flag,0,1,"Let's analyze the issue title step by step:

1. The title ""update description of fsync write concern flag"" conveys that it is related to updating documentation or metadata about a specific configuration option in a system.
2. There is no indication of missing reproduction steps, expected behavior, or context in this title. It appears to be focused on a specific task rather than describing an issue with the system's functionality.
3. While a developer may need additional information to fully understand the scope and implications of updating this flag, the title itself provides enough context to identify what needs to be done.

Based on these observations, I would conclude that the issue is likely INCOMPLETE because it lacks essential information such as steps to reproduce, expected vs actual behavior, acceptance criteria, affected components, or environment details. The title only hints at a specific task without providing sufficient context for a developer to understand the full scope of the issue.

Final Answer: Yes",a996f858b60bbc94,llama3.1:8b,0,2026-06-17T12:17:08.852369,project_05,title_only,incompleteness,cot
ISSUE-255938,DBCursor.copy() does not copy batch size,0,0,"Let's break it down:

1. The issue title conveys that there is an issue with the DBCursor.copy() method in MongoDB, specifically regarding batch size.
2. The title does not suggest missing reproduction steps, expected behaviour, or context. It appears to be a concise statement of the problem.
3. A developer can likely understand the full scope from the title alone, as it clearly states the issue with a specific method and its behavior.

However, upon closer inspection, I notice that the title mentions ""does not copy batch size"", which implies there is an expected behavior (copying batch size) but does not explicitly state what that expected behavior is. It also doesn't mention any steps to reproduce or affected components.

But considering the task at hand, we're looking for a clear indication of incompleteness in terms of essential information. While the title might be somewhat vague on the expected behavior, it's still possible for a developer to infer some context from the method name and its purpose.

Given these considerations, I would say that the issue title is not entirely INCOMPLETE, as it does provide some context and hints at the problem. However, it could benefit from more explicit information about the expected behavior or acceptance criteria.

Final Answer: No",213e16e1f423c043,llama3.1:8b,0,2026-06-17T12:17:12.264936,project_05,title_only,incompleteness,cot
ISSUE-253697,"upload mo artifacts"""" Evergreen post-task is failing",1,0,"Let's break it down:

1. The issue title ""upload mo artifacts"" Evergreen post-task is failing conveys that there is an issue with uploading MO artifacts in relation to the Evergreen post-task.
2. The title does not suggest missing reproduction steps, expected behaviour, or context. It appears to be a concise description of the problem.
3. A developer may still need additional information to fully understand the scope and reproduce the issue, but the title itself provides enough context to identify the general area of concern.

However, upon closer inspection, I notice that the title mentions ""Evergreen post-task is failing"", which implies some kind of expected behavior or outcome. But it's not explicitly stated what that expected behavior is.

Given this analysis, I would say:

Final Answer: No",064e21fb29ae5a95,llama3.1:8b,0,2026-06-17T12:17:14.767664,project_05,title_only,incompleteness,cot
ISSUE-253111,minWireVersion is 1 but it should be 2,0,-1,"Let's break it down:

1. The issue title conveys that there is an inconsistency between the minimum wire version set to 1 and what it should be, which is 2.
2. The title does not suggest missing reproduction steps, expected behaviour, or context. It appears to be a straightforward statement of fact about a configuration setting.
3. A developer can understand the full scope from the title alone: there's an issue with a specific version number being set incorrectly.

However, upon closer inspection, I notice that the title does not provide any information on what should happen when this incorrect version is used (expected vs actual behaviour), or how to reproduce the issue (steps to reproduce). It also doesn't mention affected components, environment details, or acceptance criteria. 

But, considering the nature of the issue, it's likely that a developer can infer some context from the title alone: they might assume that this is an error in configuration and that the expected behaviour would be for the minimum wire version to be set correctly.

However, I must conclude that the title does not explicitly convey all essential information. It lacks specific details about what happens when minWireVersion is 1 instead of 2 (expected vs actual behaviour), which could lead to confusion or misinterpretation without",05ebf827e54c9bf9,llama3.1:8b,0,2026-06-17T12:17:18.246601,project_05,title_only,incompleteness,cot
ISSUE-252640,Documentation links 404,1,1,"Let's break it down:

1. The issue title ""Documentation links 404"" conveys that there is an error when trying to access documentation links.
2. The title does not suggest missing reproduction steps, expected behaviour, or context. It implies a specific problem with accessing links, but doesn't provide any information on how to reproduce the issue, what the expected outcome should be, or where this issue occurs.
3. A developer might understand that there is an error related to documentation links, but they would likely need more information to fully comprehend the scope of the issue and how to resolve it.

Based on these steps, I conclude that the issue title suggests the issue is INCOMPLETE because it lacks essential information such as steps to reproduce, expected vs actual behaviour, acceptance criteria, affected components, or environment details.

Final Answer: Yes",779a37786a8ef181,llama3.1:8b,0,2026-06-17T12:17:20.779564,project_05,title_only,incompleteness,cot
ISSUE-255236,DBObject.equals can fail when binary data exists,0,1,"Let's break it down:

1. The issue title conveys that there is a potential problem with the DBObject.equals method when binary data exists.
2. The title does not suggest missing reproduction steps, expected behaviour, or context. It appears to be a concise statement of a specific scenario where an issue might occur.
3. While the title provides some context about the method and the type of data involved, it is unlikely that a developer can fully understand the scope of the issue from this title alone.

Based on these observations, I would conclude that the issue title suggests the issue is INCOMPLETE because it lacks essential information such as steps to reproduce, expected vs actual behaviour, acceptance criteria, affected components, or environment details.

Final Answer: Yes",81c4274d0cb607cf,llama3.1:8b,0,2026-06-17T12:17:23.211343,project_05,title_only,incompleteness,cot
ISSUE-255324,Increase GridFS max chunk size,0,0,"Let's analyze the issue title step by step:

1. The title ""Increase GridFS max chunk size"" conveys a specific action to be taken on a particular component (GridFS). It implies that the current maximum chunk size is being increased, but it doesn't provide any context or details about why this change is needed.
2. The title does not suggest missing reproduction steps, expected behavior, or context. It's focused solely on the action of increasing the max chunk size.
3. While a developer might be able to infer some context from the title (e.g., that it's related to storage or file handling), they would likely need additional information to fully understand the scope and implications of this change.

However, upon closer inspection, I notice that the title does not explicitly mention any missing essential information such as steps to reproduce, expected vs actual behavior, acceptance criteria, affected components, or environment details. It's a clear and concise statement of an action to be taken on a specific component.

Therefore, based solely on the issue title, it appears that this is not an INCOMPLETE issue.

Final Answer: No",04d84563b1019510,llama3.1:8b,0,2026-06-17T12:17:26.431611,project_05,title_only,incompleteness,cot
ISSUE-254743,Server selection exception should chain exceptions from server monitors,0,1,"Let's break it down:

1. The issue title conveys that there is an exception related to server selection and that exceptions should be chained from server monitors.
2. There is no indication of missing reproduction steps, expected behavior, or context in the title itself. It appears to be a high-level description of a desired functionality or error handling mechanism.
3. While a developer may have some understanding of the issue based on their knowledge of the system and its components, they would likely require additional information (such as a description or requirements) to fully understand the scope and implications of this issue.

Given that the title does not explicitly mention essential information such as steps to reproduce, expected vs actual behavior, acceptance criteria, affected components, or environment details, I conclude:

Final Answer: Yes",4fac5c499cc79be2,llama3.1:8b,0,2026-06-17T12:17:28.850340,project_05,title_only,incompleteness,cot
ISSUE-253069,Remove mongodb-driver-embedded-android package,0,1,"Let's analyze the issue title step by step:

1. The title ""Remove mongodb-driver-embedded-android package"" conveys that it is about removing a specific package from the system, but it doesn't provide any context or details about why this removal is necessary.
2. The title does not suggest missing reproduction steps, expected behavior, or context. It appears to be a straightforward request to remove a package.
3. While a developer might infer some context (e.g., that the package is no longer needed), they cannot fully understand the scope of the issue from the title alone without additional information.

However, upon closer inspection, I notice that the title does not provide essential information such as steps to reproduce, expected vs actual behavior, acceptance criteria, affected components, or environment details. It seems to be a high-level request rather than a detailed problem description.

Final Answer: Yes",51e51e516629207b,llama3.1:8b,0,2026-06-17T12:17:31.493501,project_05,title_only,incompleteness,cot
ISSUE-254867,Add type-safe jsMode support in MapReduceCommand,0,0,"Let's break down the issue title:

1. The title conveys that there is a request to add support for type-safe JavaScript mode in MapReduceCommand.
2. There is no indication of missing reproduction steps, expected behavior, or context. The title appears to be a straightforward feature request.
3. A developer can likely understand the full scope from the title alone, as it clearly states what needs to be added.

However, upon closer inspection, I notice that the title mentions ""jsMode"" which is related to JavaScript mode in IntelliJ IDEA. This suggests that the issue might be related to a specific component (MapReduceCommand) and environment (IDE). But still, these details are not explicitly stated as missing information.

Considering the above points, I would say:

Final Answer: No",77c0955134a3c3c1,llama3.1:8b,0,2026-06-17T12:17:34.006034,project_05,title_only,incompleteness,cot
ISSUE-252707,Storing unsigned integer to Mongodb from java,0,1,"Let's break it down:

1. The issue title conveys that there is an issue with storing an unsigned integer to MongoDB from Java.
2. The title does not suggest missing reproduction steps, expected behaviour, or context. It appears to be a straightforward question about data type compatibility between Java and MongoDB.
3. While the title gives some context, it's unlikely that a developer can fully understand the scope of the issue without additional information. For example, what is the exact error message being encountered? What are the specific requirements for storing unsigned integers in this scenario?

Given these points, I would conclude that the issue title suggests the issue is INCOMPLETE.

Final Answer: Yes",0d5d2eaf9c09c876,llama3.1:8b,0,2026-06-17T12:17:36.255648,project_05,title_only,incompleteness,cot
ISSUE-255700,Possible bug with JSON parser,1,1,"Let's break it down:

1. The issue title ""Possible bug with JSON parser"" conveys that there might be an issue related to parsing JSON data.
2. However, this title does not suggest missing reproduction steps, expected behaviour, or context. It simply states a possible problem without providing any details on how to reproduce the issue, what is expected vs actual behaviour, or where the issue occurs (e.g., in which component or environment).
3. Based on the title alone, it's unlikely that a developer can understand the full scope of the issue, as there is no indication of what specific problem is being encountered with the JSON parser.

Given these points, I would conclude that the issue title suggests the issue is INCOMPLETE because essential information such as steps to reproduce and expected vs actual behaviour are missing.

Final Answer: Yes",08699b38f6ba9c8b,llama3.1:8b,0,2026-06-17T12:17:38.793389,project_05,title_only,incompleteness,cot
ISSUE-253917,$geoNear Aggregation pipeline in Mongo JAVA driver,0,0,"Let's break it down:

1. The issue title conveys that there is an issue with the $geoNear Aggregation pipeline in the Mongo JAVA driver. It mentions a specific feature and a programming language, which suggests it's related to software development.
2. The title doesn't suggest missing reproduction steps, expected behavior, or context. It appears to be a straightforward statement about a problem with a particular aggregation pipeline.
3. While a developer might have some general knowledge of the $geoNear Aggregation pipeline and the Mongo JAVA driver, they would likely need more information to fully understand the scope of the issue.

However, upon closer inspection, I notice that the title doesn't explicitly mention any missing essential information such as steps to reproduce, expected vs actual behavior, acceptance criteria, affected components, or environment details. It's a specific problem statement that might be enough for a developer to identify and investigate the issue.

Final Answer: No",69125ebb18db5ed5,llama3.1:8b,0,2026-06-17T12:17:41.603690,project_05,title_only,incompleteness,cot
ISSUE-254894,The aggregation method is inaccurately showing type,0,1,"Let's break it down:

1. The issue title ""The aggregation method is inaccurately showing type"" conveys that there is an error in how the aggregation method displays data, but it doesn't provide any context or details about what specifically is wrong.
2. The title does not suggest missing reproduction steps (it doesn't mention anything about reproducing the issue), expected behaviour (it only mentions the problem, not what should happen instead), or context (such as affected components or environment details).
3. While a developer might be able to make an educated guess about what's going on based on their knowledge of the system, they would likely need more information to fully understand the scope and cause of the issue.

Based on these observations, I conclude that the title suggests the issue is INCOMPLETE because it lacks essential details such as steps to reproduce, expected vs actual behaviour, acceptance criteria, affected components, or environment details.

Final Answer: Yes",daacc653e9029d82,llama3.1:8b,0,2026-06-17T12:17:44.396552,project_05,title_only,incompleteness,cot
ISSUE-253334,Deprecate MongoIterable#forEach,0,1,"Let's analyze the issue title step by step:

1. The title ""Deprecate MongoIterable#forEach"" conveys that it is related to deprecating a specific method in MongoDB, but it does not provide any context about what this deprecation entails or why it is necessary.
2. The title does not suggest missing reproduction steps, expected behavior, or context. It appears to be a high-level decision or recommendation rather than a description of an issue that requires investigation or resolution.
3. While the title provides some information about the specific method being deprecated, it does not convey enough detail for a developer to understand the full scope of the issue from the title alone.

However, upon closer inspection, I notice that the title is quite specific and seems to be related to a technical decision rather than an issue that requires investigation or resolution. It's likely that this title is missing essential information such as steps to reproduce, expected vs actual behavior, acceptance criteria, affected components, or environment details.

Final Answer: Yes",a3bba4b4e7512b02,llama3.1:8b,0,2026-06-17T12:17:47.284401,project_05,title_only,incompleteness,cot
ISSUE-255443,Errors when DBRef's $id is Object instead of simple value,0,1,"Let's break it down:

1. The issue title conveys that there is an error when the $id of a DBRef is not a simple value, but rather an object.
2. The title does not suggest missing reproduction steps, expected behaviour, or context. It appears to be a clear statement of the problem.
3. While a developer may need additional information to fully understand and resolve the issue, the title alone provides enough context to identify the problem as related to DBRef's $id being an object instead of a simple value.

However, upon closer inspection, I notice that the title does not provide any information about expected vs actual behaviour, acceptance criteria, affected components, or environment details. It only describes the symptom of the issue.

Considering these points, I would conclude that the issue is likely INCOMPLETE because it lacks essential information such as steps to reproduce and expected vs actual behavior.

Final Answer: Yes",f2e4fe4576e8ebd4,llama3.1:8b,0,2026-06-17T12:17:50.049576,project_05,title_only,incompleteness,cot
ISSUE-253221,mongodb+srv schema can cause NullPointerException,0,1,"Let's analyze the issue title step by step:

1. The title ""mongodb+srv schema can cause NullPointerException"" conveys that there is an issue related to a MongoDB schema, specifically with the mongodb+srv protocol, which causes a NullPointerException.
2. The title does not explicitly suggest missing reproduction steps, expected behavior, or context. However, it implies that there might be some underlying problem with the schema, but it doesn't provide any details on how to reproduce the issue or what the expected behavior should be.
3. While the title provides some context about the MongoDB schema and the protocol involved, a developer may still need additional information to fully understand the scope of the issue. For example, they might not know which specific components are affected or what environment this issue occurs in.

Considering these points, I would say that the issue title is missing essential information such as steps to reproduce, expected vs actual behavior, acceptance criteria, affected components, or environment details.

Final Answer: Yes",38318b47137f1973,llama3.1:8b,0,2026-06-17T12:17:52.895975,project_05,title_only,incompleteness,cot
ISSUE-253502,Re-enable write concern tests for dropDatabase command,0,1,"Let's analyze the issue title step by step:

1. The title ""Re-enable write concern tests for dropDatabase command"" conveys that there is an existing feature or functionality related to write concerns and drop database commands, but it has been disabled. It also mentions a specific action needed (re-enabling).
2. Upon closer inspection, the title does not explicitly mention steps to reproduce, expected vs actual behavior, acceptance criteria, affected components, or environment details.
3. While a developer with domain knowledge of MongoDB might understand some context from the title alone, it is still unclear what exactly needs to be re-enabled, why it was disabled in the first place, and how this change will impact the system.

Based on these observations, I would conclude that the issue title suggests the issue is INCOMPLETE because it lacks essential information such as expected behavior or acceptance criteria. 

Final Answer: Yes",d653982291a37f59,llama3.1:8b,0,2026-06-17T12:17:55.592007,project_05,title_only,incompleteness,cot
ISSUE-255435,Thread Locals not being freed in thread pool,0,0,"Let's break it down:

1. The issue title ""Thread Locals not being freed in thread pool"" conveys that there is an issue related to memory management in a multi-threaded environment.
2. The title does not suggest missing reproduction steps, expected behavior, or context. It appears to be a clear statement of the problem.
3. While a developer may have some understanding of what ""Thread Locals"" and ""thread pool"" refer to, they would likely need additional information (such as steps to reproduce, expected vs actual behavior) to fully understand the scope of the issue.

However, upon closer inspection, I notice that the title does mention specific technical details (""Thread Locals not being freed""), which might imply a certain level of context. But still, it's missing essential information like reproduction steps or expected behavior.

Final Answer: No",b67ed5c49817710b,llama3.1:8b,0,2026-06-17T12:17:58.174656,project_05,title_only,incompleteness,cot
ISSUE-255744,authentication for replica set fails frequently because 'getnonce' and 'authenticate' command is issued to different server,0,1,"Let's break down the issue title:

1. The title conveys that there is an authentication failure in a replica set, specifically mentioning two commands ('getnonce' and 'authenticate') being issued to different servers.
2. The title does not explicitly suggest missing reproduction steps, expected behavior, or context. However, it implies that something unexpected is happening (authentication failing frequently), but the underlying reason for this failure is not immediately clear without additional information.
3. While a developer might be able to infer some context from the title (e.g., they know what replica sets are and how authentication works in MongoDB), they would likely need more details to fully understand the scope of the issue, such as:
	* What exactly happens when 'getnonce' and 'authenticate' commands are issued to different servers?
	* How often does this failure occur?
	* Are there any error messages or logs that can provide additional context?

Given these considerations, I would conclude that the issue title suggests the issue is INCOMPLETE because it lacks essential information for a developer to fully understand the problem and its scope.

Final Answer: Yes",5098c4caeb9ab9ad,llama3.1:8b,0,2026-06-17T12:18:01.284327,project_05,title_only,incompleteness,cot
ISSUE-255326,No Such Method Exception When Instantiating Mongo Client,1,1,"Let's break down the issue title:

1. The title conveys that there is an exception when instantiating a Mongo client, which suggests a specific error condition.
2. However, it does not provide any information about how to reproduce this exception, what the expected behavior should be, or any context such as affected components or environment details.
3. While the title gives some insight into the problem, it is unlikely that a developer can understand the full scope of the issue from just the title alone.

Based on these observations, I would conclude that the issue title suggests the issue is INCOMPLETE because it lacks essential information about reproduction steps, expected behavior, and context.

Final Answer: Yes",236a5f9188ba865a,llama3.1:8b,0,2026-06-17T12:18:03.593729,project_05,title_only,incompleteness,cot
ISSUE-255548,Stackoverflow when querying document with cycle reference using DBRef,0,1,"Let's break down the issue title:

1. The title conveys that there is an error or problem when querying a document in a database.
2. It mentions specific details about the query, such as using DBRef and encountering a cycle reference, which suggests it's related to a particular implementation or configuration.
3. However, the title does not provide any information on how to reproduce the issue, what the expected behavior is, or what acceptance criteria are being met.

Given that the title only provides context about the specific scenario (querying a document with cycle reference using DBRef) and does not include essential information such as steps to reproduce, expected vs actual behaviour, acceptance criteria, affected components, or environment details, I would conclude:

Final Answer: Yes",be18d385299c16b5,llama3.1:8b,0,2026-06-17T12:18:06.073000,project_05,title_only,incompleteness,cot
ISSUE-254528,Add MongoCollection.dropIndex(Bson keys),0,1,"Let's analyze the issue title step by step:

1. The title conveys a specific action: ""Add MongoCollection.dropIndex(Bson keys)"". This suggests that the issue is related to adding or implementing a specific functionality in the code.
2. The title does not suggest missing reproduction steps, expected behavior, or context. It appears to be a straightforward statement of what needs to be done.
3. A developer can understand the full scope from the title alone. The title clearly indicates that it's about dropping an index on a MongoDB collection using specific keys.

Based on this analysis, I would conclude that the issue is likely INCOMPLETE because it lacks essential information such as steps to reproduce, expected vs actual behavior, acceptance criteria, affected components, or environment details.

Final Answer: Yes",4481f8b9a7e829f1,llama3.1:8b,0,2026-06-17T12:18:08.618649,project_05,title_only,incompleteness,cot
ISSUE-254203,Add equals() and toString() to Updates,0,0,"Let's break it down:

1. The issue title ""Add equals() and toString() to Updates"" conveys that the request is to add two specific methods to an entity called ""Updates"". It provides information about what needs to be done, but not how or why.
2. There is no indication of missing reproduction steps, expected behaviour, or context in this title. The focus is solely on adding new functionality.
3. While a developer can understand the basic requirement from the title alone (i.e., add two specific methods), they may still need additional information to fully comprehend the scope and any potential implications.

However, considering the task at hand, I would say that the issue title does not suggest missing essential information such as steps to reproduce, expected vs actual behaviour, acceptance criteria, affected components, or environment details. It is a clear and concise request for adding specific functionality.

Final Answer: No",623679dca964ea3f,llama3.1:8b,0,2026-06-17T12:18:11.367765,project_05,title_only,incompleteness,cot
ISSUE-254082,Connection and thread leakage in DefaultServerMonitor,0,0,"Let's break it down:

1. The issue title ""Connection and thread leakage in DefaultServerMonitor"" conveys that there is an issue related to resource management in a specific component of the system, namely the DefaultServerMonitor.
2. The title does not suggest missing reproduction steps, expected behaviour, or context. It appears to be a clear statement of a problem.
3. While a developer may have some understanding of what ""connection and thread leakage"" means, they would likely need more information to fully understand the scope of the issue, such as how it occurs, why it's a problem, and what are the expected consequences.

However, upon closer inspection, I notice that the title does not explicitly mention any missing essential information. It seems to be a concise description of a specific technical issue.

Final Answer: No",a6f1357bfbf2d8f1,llama3.1:8b,0,2026-06-17T12:18:13.882565,project_05,title_only,incompleteness,cot
ISSUE-253763,Reduce size of Evergreen matrix,0,1,"Let's break it down:

1. The issue title ""Reduce size of Evergreen matrix"" conveys a specific goal or requirement for the software.
2. There is no indication in the title that suggests missing reproduction steps, expected behaviour, or context. It appears to be a high-level request rather than a description of a problem.
3. While it's possible to infer some context (e.g., Evergreen matrix might be related to a specific feature or component), it's unlikely that a developer can fully understand the scope and requirements from this title alone.

Based on these observations, I would conclude that the issue is likely INCOMPLETE because essential information such as steps to reproduce, expected vs actual behaviour, acceptance criteria, affected components, or environment details are not provided in the title.

Final Answer: Yes",65ff1b563071bb88,llama3.1:8b,0,2026-06-17T12:18:16.433313,project_05,title_only,incompleteness,cot
ISSUE-254130,Ensure Loggers are past to ErrorHandlingCallbacks,0,1,"Let's break it down:

1. The issue title ""Ensure Loggers are passed to ErrorHandlingCallbacks"" conveys a specific requirement related to error handling and logging in an application.
2. The title does not suggest missing reproduction steps, expected behavior, or context. It appears to be a clear statement of what needs to happen, but it lacks essential information about how this should occur, under what conditions, and what the desired outcome is.
3. While a developer might have some idea of what the issue is trying to address based on their knowledge of error handling and logging, they would likely need more context or details to fully understand the scope of the requirement.

Based on these observations, I conclude that the issue title suggests the issue is INCOMPLETE because it lacks essential information such as steps to reproduce, expected vs actual behavior, acceptance criteria, affected components, or environment details.

Final Answer: Yes",eebacb4ad6ffa92a,llama3.1:8b,0,2026-06-17T12:18:19.091049,project_05,title_only,incompleteness,cot
ISSUE-253459,how to implement nested query in java API,0,1,"Let's break it down:

1. The issue title ""how to implement nested query in java API"" conveys that the user is seeking guidance on how to perform a specific task related to querying an API using Java.
2. The title does not suggest missing reproduction steps, expected behaviour, or context. It appears to be a straightforward question asking for implementation details.
3. While a developer may be able to provide some general guidance based on the title alone, it is likely that additional information would be needed to fully understand the scope of the issue and provide a comprehensive solution.

However, upon closer inspection, I notice that the title does not explicitly mention any specific requirements or constraints related to the implementation. It's possible that the user may have certain expectations or acceptance criteria in mind when asking about implementing nested queries, but these are not explicitly stated in the title.

Given this analysis, I would conclude that the issue is likely INCOMPLETE because it lacks essential information such as expected vs actual behaviour, acceptance criteria, and possibly affected components or environment details. 

Final Answer: Yes",1750f69e1f79bfef,llama3.1:8b,0,2026-06-17T12:18:22.131668,project_05,title_only,incompleteness,cot
ISSUE-255998,Tried to save too large of an object. max size: 2098176,0,0,"Let's break it down:

1. The title conveys that there was an attempt to save an object that exceeded a certain size limit.
2. There is no indication of missing reproduction steps, expected behavior, or context in this title. It appears to be a straightforward statement about the issue encountered.
3. A developer can likely understand the full scope from the title alone: the system attempted to save an object larger than 2098176 bytes and failed due to size constraints.

Final Answer: No",1dbe636b3abdaccf,llama3.1:8b,0,2026-06-17T12:18:24.035075,project_05,title_only,incompleteness,cot
ISSUE-254903,REPLICA_ACKNOWLEDGED not working at the time of arbiter Node,0,1,"Let's break down the issue title:

1. The title conveys that there is an issue with ""REPLICA_ACKNOWLEDGED"" not working in a specific scenario involving an ""arbiter Node"". This suggests a problem with a particular component or feature.
2. The title does not explicitly mention steps to reproduce, expected vs actual behaviour, acceptance criteria, affected components, or environment details. It only provides context about the issue and its location (arbiter Node).
3. While the title gives some context, it is unlikely that a developer can fully understand the scope of the issue from this title alone without additional information.

Based on these observations, I would conclude that the issue title suggests the issue is INCOMPLETE because essential details such as steps to reproduce and expected vs actual behaviour are missing.

Final Answer: Yes",c98c38a3519c3749,llama3.1:8b,0,2026-06-17T12:18:26.843737,project_05,title_only,incompleteness,cot
ISSUE-253040,mavenLocal should be first repository,0,1,"Let's break it down:

1. The issue title ""mavenLocal should be first repository"" conveys a specific requirement or suggestion related to Maven configuration.
2. There is no indication of missing reproduction steps, expected behavior, or context in the title itself. It appears to be a straightforward statement about the desired order of repositories.
3. While a developer might infer some context from the title (e.g., it's related to Maven), they would likely need additional information to fully understand the scope and implications of this requirement.

Based on these observations, I conclude that the issue is INCOMPLETE because essential details such as steps to reproduce, expected vs actual behavior, acceptance criteria, affected components, or environment details are not provided in the title. 

Final Answer: Yes",766bc1de0eb210f5,llama3.1:8b,0,2026-06-17T12:18:29.261260,project_05,title_only,incompleteness,cot
ISSUE-255829,Publish maven SNAPSHOTs,0,1,"Let's break it down:

1. The issue title ""Publish maven SNAPSHOTs"" conveys that there is an issue related to publishing Maven snapshot versions.
2. The title does not suggest missing reproduction steps, expected behavior, or context. It appears to be a straightforward statement about a specific task or feature.
3. While the title gives some context about what needs to be done (publishing Maven snapshots), it lacks essential information such as:
	* Steps to reproduce the issue
	* Expected vs actual behavior
	* Acceptance criteria for successful publication
	* Affected components or systems
	* Environment details

Given that the title is missing these crucial pieces of information, I would conclude that the issue is likely INCOMPLETE.

Final Answer: Yes",4085ab7063bcd808,llama3.1:8b,0,2026-06-17T12:18:31.717583,project_05,title_only,incompleteness,cot
ISSUE-253678,Document new Pojo updates,0,1,"Let's break it down:

1. The issue title ""Document new Pojo updates"" conveys that there is some change related to a Plain Old Java Object (Pojo) and that documentation needs to be updated.
2. There is no indication of missing reproduction steps, expected behavior, or context in the title itself. It doesn't mention anything about what specifically has changed with the Pojo or how it affects the system.
3. While a developer might have some general understanding of what ""Pojo updates"" means, they would likely need more information to fully understand the scope and impact of this change.

Given these points, I conclude that the issue title suggests the issue is INCOMPLETE because essential details such as steps to reproduce, expected vs actual behavior, acceptance criteria, affected components, or environment details are missing.

Final Answer: Yes",58bbabfd170f1f03,llama3.1:8b,0,2026-06-17T12:18:34.289732,project_05,title_only,incompleteness,cot
ISSUE-255807,Allow bson decoder per operation (find/cusor),0,0,"Let's break down the issue title:

1. The title ""Allow bson decoder per operation (find/cursor)"" conveys a specific request to modify the behavior of a software component, likely related to MongoDB or a similar database system. It mentions two operations: find and cursor.
2. Upon closer inspection, I don't see any indication that this title is missing essential information such as steps to reproduce, expected vs actual behaviour, acceptance criteria, affected components, or environment details. The title appears to be concise and clear in its request.
3. Based on the title alone, a developer should be able to understand the general scope of the issue: it's about allowing a bson decoder for specific operations (find and cursor). However, without additional context or description, it might not be immediately clear what the expected outcome is or how this change would impact the system.

Considering these points, I conclude that the title does not suggest the issue is INCOMPLETE. It appears to be a well-defined request with sufficient information for a developer to understand its scope.

Final Answer: No",06bd80f4d68113f1,llama3.1:8b,0,2026-06-17T12:18:37.290196,project_05,title_only,incompleteness,cot
ISSUE-252979,Remove CLIRR support from the build,0,0,"Let's analyze the issue title step by step:

1. The title ""Remove CLIRR support from the build"" conveys a specific action that needs to be taken, which is removing a particular feature (CLIRR) from the build process.
2. The title does not suggest missing reproduction steps, expected behavior, or context. It appears to be a straightforward statement of what needs to be done.
3. A developer should be able to understand the full scope from the title alone: they know that CLIRR support is being removed from the build process.

However, upon closer inspection, I notice that the issue title does not mention any specific reasons for removing CLIRR support or any potential implications of doing so. It's possible that additional information (such as affected components, environment details, or acceptance criteria) might be necessary to fully understand the scope and impact of this change.

But based on the provided analysis, I would say:

Final Answer: No",3453641260027605,llama3.1:8b,0,2026-06-17T12:18:40.094977,project_05,title_only,incompleteness,cot
ISSUE-252775,Multiple reads of BsonBinary UUID return different results,0,0,"Let's analyze the issue title step by step:

1. The title ""Multiple reads of BsonBinary UUID return different results"" conveys that there is an unexpected behavior when reading a specific type of binary data (BsonBinary UUID) multiple times.
2. The title does not explicitly suggest missing reproduction steps, expected behaviour, or context. However, it implies that the issue is related to the behavior of reading BsonBinary UUIDs, but it doesn't provide enough information for a developer to understand what's happening without further investigation.
3. While the title gives some context about the specific data type involved (BsonBinary UUID), it does not provide enough information for a developer to fully understand the scope of the issue, such as how this behavior is affecting the system or what are the expected results.

Considering these points, I would say that the issue title suggests that the issue might be INCOMPLETE because it lacks essential context and details about the problem. However, without more information, it's difficult to determine for certain whether the issue is indeed incomplete.

Final Answer: No",4be9529070e896cf,llama3.1:8b,0,2026-06-17T12:18:43.219157,project_05,title_only,incompleteness,cot
ISSUE-254111,Allow setting of standard server selection and server monitoring options in the connection string,0,0,"Let's analyze the issue title step by step:

1. The title conveys that there is a request to add functionality for setting standard server selection and server monitoring options in the connection string.
2. The title does not suggest missing reproduction steps, expected behavior, or context. It appears to be a clear statement of what is being requested.
3. A developer can understand the full scope from the title alone, which implies that this issue is likely complete.

Final Answer: No",d7f771c8907194f8,llama3.1:8b,0,2026-06-17T12:18:45.095069,project_05,title_only,incompleteness,cot
ISSUE-255459,Aggregate and mapReduce commands sent to mongos break when setting read preference,0,0,"Let's analyze the issue title step by step:

1. The title conveys that there is an issue with certain commands in MongoDB when setting a read preference.
2. The title does not suggest missing reproduction steps, expected behavior, or context. It appears to be a clear statement of the problem.
3. While a developer may need additional information to fully understand and resolve the issue, the title alone provides enough context to identify the general area of concern (MongoDB commands with read preference).

However, upon closer inspection, I notice that the title mentions specific MongoDB commands (aggregate and mapReduce) and a particular scenario (setting read preference). This suggests that there might be some context or details missing for a developer to fully understand the issue.

But, considering the task at hand, which is to determine if the issue is INCOMPLETE based solely on the title, I would say:

Final Answer: No",2734eb555969d6bc,llama3.1:8b,0,2026-06-17T12:18:47.824763,project_05,title_only,incompleteness,cot
ISSUE-253919,DBCollection.distinct() fails when a null value is in the result,0,0,"Let's break it down:

1. The issue title conveys that there is a problem with the `distinct()` method of `DBCollections` when a null value is present in the result.
2. The title does not suggest missing reproduction steps, expected behaviour, or context. It appears to be a clear statement of a specific problem.
3. A developer can understand the full scope from the title alone: they know what method is failing, under what condition (presence of a null value), and in which context (a `distinct()` operation).

However, upon closer inspection, I notice that the issue title does not mention expected vs actual behaviour, acceptance criteria, affected components, or environment details. While it's clear what the problem is, there might be some implicit assumptions about the expected behavior of `distinct()`. But without more information, we can't say for certain.

Given the task to determine if the issue is INCOMPLETE based solely on the title, I would lean towards ""No"" because the title does provide a specific problem statement. However, it's worth noting that this might not be sufficient for a complete understanding of the issue and its resolution.

Final Answer: No",4c60d711eb197529,llama3.1:8b,0,2026-06-17T12:18:51.128469,project_05,title_only,incompleteness,cot
ISSUE-254628,Force slaveOK on a direct connection to a replica set membe,1,0,"Let's break it down:

1. The issue title conveys that there is an attempt to force a specific setting (""slaveOK"") on a direct connection to a replica set member.
2. The title does not suggest missing reproduction steps, expected behavior, or context. It appears to be a clear and concise statement of the problem.
3. A developer should be able to understand the full scope from the title alone: it's about modifying a setting on a specific type of connection.

However, upon closer inspection, I notice that the issue title is quite technical and assumes some knowledge of MongoDB concepts (replica set member, direct connection). While it conveys a clear problem statement, it might be missing essential context or background information for someone unfamiliar with these terms. But in the spirit of the task, which focuses on the presence of explicit requirements like steps to reproduce, expected behavior, etc., I would say that this title is sufficient to convey the issue.

Final Answer: No",2ded9ff150404efa,llama3.1:8b,0,2026-06-17T12:18:53.959388,project_05,title_only,incompleteness,cot
ISSUE-255956,Use weakrefs for static list of Mongo instances,0,1,"Let's break it down:

1. The issue title conveys that there is a suggestion to use weak references for a static list of Mongo instances. This implies some knowledge about the current implementation and the proposed change.
2. There is no indication in the title that suggests missing reproduction steps, expected behaviour, or context. It appears to be a specific technical recommendation rather than a description of an issue.
3. While a developer might understand the general idea behind using weak references for static lists, they would likely need more information about the current implementation and potential issues with the existing code.

Based on these observations, I conclude that the issue title suggests the issue is INCOMPLETE because it lacks essential context and details necessary to fully understand the problem or requirement. 

Final Answer: Yes",95e686404e15767c,llama3.1:8b,0,2026-06-17T12:18:56.477810,project_05,title_only,incompleteness,cot
ISSUE-253509,Make Java driver spec compliant - FY2019Q2,0,1,"Let's break it down:

1. The issue title conveys that there is a requirement to make the Java driver specification compliant with some standards or regulations (FY2019Q2 likely refers to a specific financial year and quarter).
2. The title does not suggest missing reproduction steps, expected behaviour, or context. It appears to be a high-level statement of a requirement rather than a description of an issue.
3. While the title gives some context about what needs to be done (making the Java driver specification compliant), it is unlikely that a developer can understand the full scope from this title alone without additional information.

Based on these observations, I would conclude that the issue title suggests the issue is INCOMPLETE because it lacks essential details such as steps to reproduce, expected vs actual behaviour, acceptance criteria, affected components, or environment details.

Final Answer: Yes",3e40db58064b269a,llama3.1:8b,0,2026-06-17T12:18:59.054783,project_05,title_only,incompleteness,cot
ISSUE-252673,GetMore not closing cursor after exception leading mongos to OOM,0,1,"Let's break down the issue title:

1. The title conveys that there is an issue with ""GetMore"" not closing a cursor after an exception occurs, which leads to MongoDB running out of memory (OOM). This suggests a specific problem related to database operations.
2. The title does not explicitly mention steps to reproduce, expected vs actual behavior, acceptance criteria, affected components, or environment details. However, it implies that the issue is related to a specific operation (""GetMore"") and its interaction with MongoDB, which might be enough context for a developer familiar with the system to understand the scope of the problem.
3. While a developer might be able to infer some information from the title, such as the affected component (MongoDB) and possibly the expected behavior (cursor should close after exception), it is still unclear what ""GetMore"" specifically refers to in this context, and how the OOM occurs.

Considering these points, I would say that the issue title suggests missing essential information, particularly about the specific operation (""GetMore"") and its interaction with MongoDB. Therefore:

Final Answer: Yes",163fd53e5f297f71,llama3.1:8b,0,2026-06-17T12:19:02.177278,project_05,title_only,incompleteness,cot
ISSUE-254365,Remove errant Javadoc for w = -1 in WriteConcern constructors.,0,0,"Let's analyze the issue title step by step:

1. The title ""Remove errant Javadoc for w = -1 in WriteConcern constructors"" conveys specific information about:
	* A problem with Javadoc
	* A condition involving a value ""-1""
	* A specific context related to ""WriteConcern constructors""
2. Upon reviewing the title, it does not suggest missing reproduction steps, expected behavior, or context. The title appears to be concise and informative.
3. Based on the provided information, a developer should be able to understand the full scope of the issue from the title alone.

Considering these points, I conclude that the issue title is sufficient to convey essential information about the problem, making it unlikely to be INCOMPLETE.

Final Answer: No",40ec0109bb4af772,llama3.1:8b,0,2026-06-17T12:19:04.833518,project_05,title_only,incompleteness,cot
ISSUE-253861,Add to Enum<JsonMode>,1,1,"Let's break it down:

1. The issue title ""Add to Enum<JsonMode>"" conveys that there is an intention to add something to an enumeration related to JSON modes, but it doesn't provide any context about what this addition entails or why it's necessary.
2. There's no indication of missing reproduction steps, expected behaviour, or context in the title itself. It appears to be a straightforward request for adding something to an existing enum.
3. While a developer might have some understanding of the enum and its purpose, they would likely need additional information (such as description or requirements document) to fully comprehend the scope of this change.

Given these observations, I conclude that the issue title is missing essential information about the expected behaviour, context, or acceptance criteria for this addition. Therefore:

Final Answer: Yes",2e202ff3340e79a1,llama3.1:8b,0,2026-06-17T12:19:07.407955,project_05,title_only,incompleteness,cot
ISSUE-254940,Consider supporting writetimeout for sockets implementations that support it,0,0,"Let's break down the issue title:

1. The title mentions ""writetimeout"" which implies that it is related to a specific functionality or feature of sockets implementations.
2. There is no indication of missing reproduction steps, expected behavior, or context in the title itself.
3. While the title provides some information about the scope (supporting writetimeout for sockets), it does not convey enough detail for a developer to fully understand the issue without further investigation.

However, upon closer inspection, I notice that the title is actually quite specific and informative. It mentions a specific feature (""writetimeout"") and its relation to sockets implementations that support it. This suggests that the title is providing essential information about the scope of the issue.

Considering these points, I would conclude that the issue title does not suggest that the issue is INCOMPLETE.

Final Answer: No",b7c9e5d710a625e0,llama3.1:8b,0,2026-06-17T12:19:10.096949,project_05,title_only,incompleteness,cot
ISSUE-252879,MongoClient.listCollectionNames() returns truncated names,0,1,"Let's break it down:

1. The issue title conveys that there is an issue with the `MongoClient.listCollectionNames()` method, specifically that it returns truncated names.
2. The title does not suggest missing reproduction steps, expected behaviour, or context. It appears to be a clear statement of the problem observed.
3. While a developer may need additional information to fully understand and resolve the issue, the title alone provides enough context to identify the problem.

However, upon closer inspection, I notice that the title mentions a specific method (`MongoClient.listCollectionNames()`) but does not provide any details about what is expected or how it should behave. This could be considered incomplete because it lacks essential information such as expected vs actual behaviour.

Final Answer: Yes",08f444731f3b1bff,llama3.1:8b,0,2026-06-17T12:19:12.551407,project_05,title_only,incompleteness,cot
ISSUE-255508,Connection timeout is ignored in ConnectionStatus,0,0,"Let's break it down:

1. The issue title ""Connection timeout is ignored in ConnectionStatus"" conveys that there is an unexpected behavior related to connection timeouts and how they are handled in the ConnectionStatus component.
2. The title does not suggest missing reproduction steps, expected behavior, or context. It implies a specific problem with the current implementation of ConnectionStatus.
3. While the title provides some context about the issue being related to connection timeouts and ConnectionStatus, it is unlikely that a developer can fully understand the scope of the issue from this title alone without additional information.

However, upon closer inspection, I notice that the title does not explicitly mention steps to reproduce, expected vs actual behavior, acceptance criteria, affected components, or environment details. It only provides a brief description of the problem.

Therefore, considering the definition of an INCOMPLETE issue, I would say:

Final Answer: No",6185c95d914dc564,llama3.1:8b,0,2026-06-17T12:19:15.167666,project_05,title_only,incompleteness,cot
ISSUE-252730,Test that readPreferenceTags are always interpreted as an array,0,1,"Let's break it down:

1. The issue title conveys that there is a specific test to be performed on ""readPreferenceTags"" and that they should always be interpreted as an array.
2. The title does not suggest missing reproduction steps, expected behaviour, or context. It appears to be a clear statement of what needs to happen in the software.
3. A developer can understand the full scope from the title alone: it's about testing how ""readPreferenceTags"" are handled and ensuring they're always treated as an array.

Given this analysis, I would conclude that the issue is likely INCOMPLETE because it lacks essential information such as steps to reproduce, expected vs actual behaviour, acceptance criteria, affected components, or environment details. 

Final Answer: Yes",6b68cd507a49c59b,llama3.1:8b,0,2026-06-17T12:19:17.547093,project_05,title_only,incompleteness,cot
ISSUE-255584,skip() throw exception with the source code version 2.7.2-141,0,1,"Let's analyze the issue title step by step:

1. The title conveys that there is an exception thrown when using the `skip()` method in a specific version of the source code (2.7.2-141). This suggests that the issue is related to a specific functionality and its interaction with a particular version of the software.
2. The title does not suggest missing reproduction steps, expected behavior, or context. It implies that the exception occurs when using the `skip()` method in the specified version, but it doesn't provide any information on how to reproduce the issue, what the expected behavior should be, or any relevant context.
3. Based on the title alone, a developer may not fully understand the scope of the issue. They would likely need additional information, such as steps to reproduce, expected vs actual behavior, and possibly more details about the affected components or environment.

Considering these points, I conclude that the issue title suggests the issue is INCOMPLETE because it lacks essential information for a developer to fully understand and address the problem.

Final Answer: Yes",f621180ede86f261,llama3.1:8b,0,2026-06-17T12:19:20.614253,project_05,title_only,incompleteness,cot
ISSUE-253722,Add more host types to run on in Evergreen,0,0,"Let's break it down:

1. The issue title ""Add more host types to run on in Evergreen"" conveys that the user wants to expand the capabilities of the Evergreen system by supporting additional host types.
2. There is no indication of missing reproduction steps, expected behavior, or context in this title. It appears to be a straightforward request for an enhancement.
3. A developer should be able to understand the full scope from the title alone: they know what needs to be done (adding more host types) and where it applies (in Evergreen).

Final Answer: No",e1e6772ea6cc792c,llama3.1:8b,0,2026-06-17T12:19:22.689481,project_05,title_only,incompleteness,cot
ISSUE-255096,remove ensureIndex() methods,0,1,"Let's analyze the issue title step by step:

1. The title ""remove ensureIndex() methods"" conveys that there is a request to remove certain methods from the code, but it doesn't provide any context or details about why these methods are being removed.
2. The title does not suggest missing reproduction steps, expected behavior, or context. It's more of a high-level instruction rather than a description of an issue.
3. A developer may be able to understand that there is a request to remove certain methods from the code, but they would likely need additional information about why these methods are being removed and what impact this change will have on the system.

Based on this analysis, I would conclude that the issue title suggests the issue is INCOMPLETE because it lacks essential details such as context, expected behavior, or acceptance criteria.

Final Answer: Yes",99be388c8d804e99,llama3.1:8b,0,2026-06-17T12:19:25.297528,project_05,title_only,incompleteness,cot
ISSUE-252635,Replace default signatory in Gradle signing plugin with notary service,0,1,"Let's analyze the issue title step by step:

1. The title conveys that there is a request to replace the default signatory in a specific plugin (Gradle signing plugin) with a notary service. This suggests that the issue is related to configuration or setup, but it doesn't provide any context about why this change is needed.
2. The title does not suggest missing reproduction steps, expected behavior, or context. It appears to be a straightforward request for a specific change.
3. While a developer might understand the general scope of the issue from the title alone (i.e., replacing the default signatory), they would likely need additional information to fully comprehend the requirements and potential implications of this change.

However, upon closer inspection, I notice that the title does not explicitly mention essential information such as steps to reproduce, expected vs actual behavior, acceptance criteria, affected components, or environment details. The title seems to be a clear and concise statement of the desired outcome, but it lacks context and specific requirements.

Considering these points, I would conclude that the issue is likely INCOMPLETE because it does not provide enough information for a developer to fully understand the requirements and implement the change correctly.

Final Answer: Yes",0cf57b26575097b1,llama3.1:8b,0,2026-06-17T12:19:28.699757,project_05,title_only,incompleteness,cot
ISSUE-252884,Revert NPE error handling in Reactive Streams driver,0,0,"Let's break it down:

1. The issue title conveys that there is an error handling issue in the Reactive Streams driver related to NPE (Null Pointer Exception).
2. The title does not suggest missing reproduction steps, expected behaviour, or context. It appears to be a clear statement of the problem.
3. A developer can understand the full scope from the title alone: it's about reverting an existing error handling mechanism in a specific driver.

Given that the issue title provides sufficient information and doesn't appear to be missing any essential details, I would conclude:

Final Answer: No",4c78c4efdefc6f99,llama3.1:8b,0,2026-06-17T12:19:30.860871,project_05,title_only,incompleteness,cot
ISSUE-252572,Median and Percentile Accumulators,1,0,"Let's break it down:

1. The issue title ""Median and Percentile Accumulators"" conveys that there is an issue related to statistical calculations, specifically accumulators for median and percentile values.
2. The title does not suggest missing reproduction steps, expected behaviour, or context. It appears to be a clear statement of the problem area.
3. While a developer may need additional information to fully understand the scope of the issue, the title alone provides enough context to identify the general area of concern.

However, upon further consideration, I realize that this title is quite specific and technical, which might imply that it's missing essential information such as steps to reproduce or expected vs actual behaviour. But without more context, it's difficult to say for certain.

But since we're looking for a definitive answer, I'll err on the side of caution:

Final Answer: No",1fba9aa07a816319,llama3.1:8b,0,2026-06-17T12:19:33.452159,project_05,title_only,incompleteness,cot
ISSUE-254092,DBCollection aggregate methods that take AggregationOptions fail to set slaveOk bit when read preference demands it,0,1,"Let's break down the issue title:

1. The title conveys that there is an issue with DBCollection aggregate methods when using AggregationOptions and read preference.
2. It does not suggest missing reproduction steps, expected behaviour, or context. In fact, it implies a specific scenario (using AggregationOptions and read preference) which suggests some level of context is provided.
3. A developer can understand the full scope from the title alone, as it clearly states the problem with a specific method in MongoDB.

However, upon closer inspection, I notice that the issue title does not explicitly mention acceptance criteria, affected components, or environment details. But given the technical nature of the title and its specificity to a particular MongoDB feature, it's likely that these details are assumed to be known by the developer reading the title.

Considering the above points, while the title is quite detailed, I would still classify this issue as INCOMPLETE because it lacks explicit mention of acceptance criteria, affected components, or environment details. These omissions might make it difficult for a developer to fully understand and address the issue without additional context.

Final Answer: Yes",1f9b9aef8f4a62af,llama3.1:8b,0,2026-06-17T12:19:36.593366,project_05,title_only,incompleteness,cot
ISSUE-252719,Add tests for allowed cases when authSource is given but username is not,0,0,"Let's break down the issue title:

1. The title conveys that there is a requirement to add tests for specific cases related to authentication.
2. The title does not suggest missing reproduction steps, expected behaviour, or context. It appears to be focused on specifying what needs to be tested, rather than how it should be tested or what the expected outcome is.
3. While the title provides some context about the requirement (authSource and username), a developer may still need additional information to fully understand the scope of the issue.

However, upon closer inspection, I notice that the title does mention ""allowed cases"", which implies that there are specific conditions or scenarios being referred to. This suggests that the title is providing some context about what needs to be tested, even if it's not explicitly stating how to test it or what the expected outcome should be.

Given this analysis, I would conclude that the issue title does provide sufficient information for a developer to understand the scope of the requirement, and therefore:

Final Answer: No",92c2b949b2f427ae,llama3.1:8b,0,2026-06-17T12:19:39.592199,project_05,title_only,incompleteness,cot
ISSUE-254567,Regression applying read preference with tag set,0,0,"Let's break it down:

1. The issue title ""Regression applying read preference with tag set"" conveys that there is an issue related to a regression (a bug that was previously fixed but has returned) in how the software handles read preferences and tags.
2. The title does not suggest missing reproduction steps, expected behaviour, or context. It appears to be a clear statement of the problem.
3. A developer should be able to understand the full scope from the title alone: it indicates that there is an issue with a specific feature (read preference with tag set) and its regression.

However, upon closer inspection, I notice that the title does not explicitly mention any acceptance criteria, affected components, or environment details. While it's possible to infer some context, it's still missing essential information for a complete understanding of the issue.

Final Answer: No",a053f317dc76a651,llama3.1:8b,0,2026-06-17T12:19:42.222893,project_05,title_only,incompleteness,cot
ISSUE-253271,"Remove QueryBatchCursorFunctionalSpecification """"should get more from a secondary"""" test",0,1,"Let's analyze the issue title step by step:

1. The title mentions ""Remove QueryBatchCursorFunctionalSpecification"", which suggests that it is related to removing a specific functional specification from the codebase.
2. It also mentions a test, specifically a test with the phrase ""should get more from a secondary"". This implies that the test is related to querying data from a secondary source.
3. However, there is no indication of steps to reproduce the issue, expected vs actual behavior, acceptance criteria, affected components, or environment details.

Based on this analysis, I would conclude that the title does not convey enough information for a developer to understand the full scope of the issue without additional context.

Final Answer: Yes",8d1cf6d619214fe0,llama3.1:8b,0,2026-06-17T12:19:44.588845,project_05,title_only,incompleteness,cot
ISSUE-255652,Driver does not support field negation,0,0,"Let's break it down:

1. The issue title ""Driver does not support field negation"" conveys that there is an issue with a driver not supporting a specific feature, but it doesn't provide any context or details about what this means in terms of functionality.
2. The title does not suggest missing reproduction steps (it's unlikely someone would report an issue without knowing how to reproduce it), expected behaviour (the title implies something is wrong, but doesn't specify what the expected behaviour should be), or context (such as affected components or environment details).
3. While a developer might have some idea of what ""field negation"" means in general terms, they would likely need more information to fully understand the scope and implications of this issue.

However, upon closer inspection, I notice that the title does imply a specific expected behaviour (i.e., the driver should support field negation) and suggests that there is an actual behaviour that deviates from it. This implies some context about what ""field negation"" means in this particular system or application.

Given these considerations, I would say:

Final Answer: No",02f01f4754ba3bed,llama3.1:8b,0,2026-06-17T12:19:47.709829,project_05,title_only,incompleteness,cot
ISSUE-252711,Support package scanning for Discriminators,0,1,"Let's break it down:

1. The issue title ""Support package scanning for Discriminators"" conveys that there is an issue related to how support packages are scanned in relation to discriminators, but it doesn't provide any context about what the problem is or why it's a problem.
2. The title does not suggest missing reproduction steps (it doesn't mention anything about reproducing the issue), expected behavior (it only mentions scanning for discriminators without specifying what should happen), or context (such as affected components, environment details).
3. Based on this title alone, a developer might have some idea of where to start looking for the problem, but they would likely need more information to fully understand the scope and requirements of the issue.

Given these points, I conclude that the issue is INCOMPLETE because it lacks essential information such as steps to reproduce, expected vs actual behavior, acceptance criteria, affected components, or environment details.

Final Answer: Yes",0b7c31f2c3ca9fe8,llama3.1:8b,0,2026-06-17T12:19:50.575219,project_05,title_only,incompleteness,cot
ISSUE-254972,Remove deprecated methods from MapReduceOutput,0,-1,"To determine if the issue is INCOMPLETE, let's analyze the given title step-by-step:

1. **What information does this title convey?**
   - The title mentions ""Remove deprecated methods,"" which indicates a specific action or task related to maintenance or improvement of existing functionality.
   - It specifies that these methods are associated with ""MapReduceOutput,"" which gives context about where in the system these changes need to be made.

2. **Does the title suggest missing reproduction steps, expected behaviour, or context?**
   - The title does not mention any specific steps to reproduce the issue (which would indicate a problem rather than an improvement).
   - It doesn't explicitly state what is expected vs actual behavior regarding the removal of these methods.
   - However, it provides enough context about where in the system the change pertains (""MapReduceOutput""), which can be considered as part of the environment details.

3. **Can a developer understand the full scope from the title alone?**
   - While the title is clear and concise regarding what needs to be done (removing deprecated methods), it doesn't provide enough information for a developer to fully understand the implications or requirements without further context.
   - Specifically, acceptance criteria, affected components beyond ""MapReduceOutput,"" and detailed",62ddd0986ed0e017,llama3.1:8b,0,2026-06-17T12:19:54.187507,project_05,title_only,incompleteness,cot
ISSUE-255595,Add getters/setters to MongoOptions class,0,0,"Let's analyze the issue title step by step:

1. The title ""Add getters/setters to MongoOptions class"" conveys that it is a request to add specific functionality to an existing class, namely getters and setters for certain options related to MongoDB.
2. There is no indication of missing reproduction steps, expected behavior, or context in the title. It appears to be a straightforward feature request.
3. Based on the title alone, a developer should be able to understand that this issue is about adding specific functionality to an existing class, but they may not fully comprehend the implications or requirements without further information.

However, considering the essential information required for an issue to be considered COMPLETE, I notice that the title does mention a specific class and the functionality to be added. This implies that the affected component (MongoOptions class) is identified in the title.

Given this analysis, while the title may not provide all necessary context or details, it does convey some essential information about the affected component and the requested change. Therefore:

Final Answer: No",e9a7588aa5c434ef,llama3.1:8b,0,2026-06-17T12:19:57.192311,project_05,title_only,incompleteness,cot
ISSUE-254357,Add .save and .saveMany to MongoCollection,0,1,"Let's break it down:

1. The issue title conveys that there is a request to add two new methods (.save and .saveMany) to an existing class called MongoCollection.
2. There is no indication of missing reproduction steps, expected behavior, or context in the title itself. It appears to be a straightforward feature request.
3. A developer should be able to understand the full scope from the title alone - it's clear that this issue is about adding specific methods to an existing class.

However, upon closer inspection, I notice that the title doesn't mention any details about what these new methods are supposed to do or how they will behave differently than existing methods. It only mentions what needs to be added, not how it should work.

Given the information provided in the task, I would say that this issue is likely INCOMPLETE because it's missing essential information such as expected vs actual behavior and possibly acceptance criteria.

Final Answer: Yes",c24e19481d32dc26,llama3.1:8b,0,2026-06-17T12:20:00.022007,project_05,title_only,incompleteness,cot
ISSUE-253658,Name driver modules using Automatic-Module-Name,0,0,"Let's break it down:

1. The issue title conveys a specific requirement related to naming driver modules in a particular way.
2. There is no indication of missing reproduction steps, expected behaviour, or context in this title. It appears to be a straightforward requirement.
3. Based on the title alone, a developer should be able to understand that the issue is about how driver modules are named and what the desired naming convention is.

Given these observations, I would conclude that the issue title suggests the issue is INCOMPLETE because it lacks essential information such as steps to reproduce, expected vs actual behaviour, acceptance criteria, affected components, or environment details. However, this conclusion might be too hasty without considering other possible aspects of the requirement.

Upon further reflection, I realize that the title does provide a clear and specific requirement, which is likely sufficient for a developer to understand the issue. The title mentions ""Automatic-Module-Name"", which suggests it's related to a specific configuration or setting in an environment (e.g., Maven, Gradle). This context might be implicit, but it's still present.

Considering these points, I would revise my initial conclusion:

Final Answer: No",0c1efcd1c5c82c07,llama3.1:8b,0,2026-06-17T12:20:03.369119,project_05,title_only,incompleteness,cot
ISSUE-254032,GridFSDownloadStream - exception when destination buffer size != file chunk size,0,1,"Let's analyze the issue title step by step:

1. The title conveys that there is an exception occurring when using GridFSDownloadStream, specifically when the destination buffer size does not match the file chunk size.
2. The title suggests a specific context and condition for the exception (destination buffer size != file chunk size), but it does not explicitly mention steps to reproduce, expected vs actual behavior, acceptance criteria, affected components, or environment details.
3. While the title provides some context about the issue, it is unlikely that a developer can fully understand the scope of the problem from this title alone without additional information.

Based on these observations, I would conclude that the issue title suggests the issue is INCOMPLETE because it lacks essential information such as steps to reproduce and expected vs actual behavior.

Final Answer: Yes",f270a3d97d24e08c,llama3.1:8b,0,2026-06-17T12:20:05.936514,project_05,title_only,incompleteness,cot
ISSUE-256021,JSON.parse() and serialize() do not preserve the _id field across serializations as expected,0,1,"Let's break down the issue title:

1. The title conveys that there is an issue with how JSON.parse() and serialize() handle the _id field.
2. The title does not suggest missing reproduction steps, expected behaviour, or context. It appears to be a clear statement of a problem.
3. However, it's unlikely that a developer can understand the full scope from the title alone. The title mentions specific functions (JSON.parse() and serialize()) but doesn't provide any information about what is expected vs actual behavior.

Given this analysis, I would conclude that the issue title suggests the issue is INCOMPLETE because it lacks essential information such as expected vs actual behaviour.

Final Answer: Yes",61405ba5569ea8b5,llama3.1:8b,0,2026-06-17T12:20:08.202710,project_05,title_only,incompleteness,cot
ISSUE-254447,Improve runCommand API documentation,0,1,"Let's break it down:

1. The issue title ""Improve runCommand API documentation"" conveys that there is a need to enhance the documentation of an existing API.
2. There is no indication in the title about missing reproduction steps, expected behavior, or context. It does not mention anything related to steps to reproduce, expected vs actual behavior, acceptance criteria, affected components, or environment details.
3. From the title alone, it's clear that the issue is related to documentation improvement and likely involves updating existing API documentation.

Based on these observations, I would conclude that the issue is INCOMPLETE because it lacks essential information such as steps to reproduce, expected vs actual behavior, acceptance criteria, affected components, or environment details.

Final Answer: Yes",181a53d7ebda404d,llama3.1:8b,0,2026-06-17T12:20:10.634912,project_05,title_only,incompleteness,cot
ISSUE-255432,Binary class should implements equals and hashCode,0,1,"Let's analyze the issue title step by step:

1. The title conveys that there is a requirement for a binary class to implement two specific methods: equals and hashCode. This suggests that the issue is related to coding standards or best practices.
2. There is no indication of missing reproduction steps, expected behavior, or context in the title. It does not mention how to reproduce the issue, what the actual vs expected behavior should be, or any environment details.
3. While a developer may understand the general requirement from the title alone, it lacks essential information such as acceptance criteria, affected components, and possibly even the specific binary class being referred to.

Based on this analysis, I would conclude that the issue is likely INCOMPLETE because it does not provide enough context or information for a developer to fully understand the scope of the requirement. 

Final Answer: Yes",4d779ccdbb109be3,llama3.1:8b,0,2026-06-17T12:20:13.316194,project_05,title_only,incompleteness,cot
ISSUE-253042,Java driver 3.11 page still says 3.10,0,1,"Let's break it down:

1. The issue title conveys that there is an outdated version information on a page related to Java driver 3.11.
2. The title does not suggest missing reproduction steps, expected behaviour, or context. It appears to be a straightforward statement about the content of a webpage.
3. A developer can likely understand the full scope from the title alone: it's about an outdated version number on a specific page.

However, upon closer inspection, I notice that the issue title does not provide any information about what is expected (e.g., the correct version number) or how to reproduce the issue. It only describes the problem as observed.

Given this analysis, I would say:

Final Answer: Yes",bc05004a6af7baf6,llama3.1:8b,0,2026-06-17T12:20:15.721342,project_05,title_only,incompleteness,cot
ISSUE-253390,Change Stream startAtOperationTime MongoCommandException,0,1,"To determine whether the issue is INCOMPLETE, let's analyze the given title step-by-step:

1. **Information Conveyed**: The title mentions ""Change Stream,"" which suggests it's related to a specific feature or functionality within an application. It also mentions ""startAtOperationTime"" and ""MongoCommandException."" This implies that there might be some technical context, possibly involving MongoDB operations.

2. **Missing Information**: Upon closer inspection, the title does not explicitly mention steps to reproduce the issue, expected vs actual behavior, acceptance criteria, affected components, or environment details. It seems focused on a specific error message (""MongoCommandException"") within a particular operation (""startAtOperationTime"" in Change Streams).

3. **Understanding Scope from Title Alone**: While the title provides some context about the technical area of concern (Change Streams and MongoDB), it does not provide enough information for a developer to fully understand the scope or nature of the issue without additional details.

Given these observations, the issue title seems to lack essential information that would typically be included in a complete software issue report. Therefore:

Final Answer: Yes",a82c3f018501022c,llama3.1:8b,0,2026-06-17T12:20:18.863890,project_05,title_only,incompleteness,cot
