issue_id,title,ground_truth,prediction,raw_response,prompt_hash,model_version,temperature,timestamp_utc,project,input_mode,task,strategy
ISSUE-253177,Inconsistent output between java driver and mongo shell,0,1,"To determine if this issue is INCOMPLETE, let's analyze the given title:

1. **Steps to reproduce**: The title does not mention any specific steps to reproduce the issue.
2. **Expected vs actual behaviour**: It mentions ""inconsistent output,"" which implies there's a discrepancy in what was expected versus what happened (actual), but it doesn't explicitly state the expected behavior or provide details on how the inconsistency manifests.
3. **Acceptance criteria**: There is no mention of acceptance criteria, which are essential for understanding what constitutes a successful outcome.
4. **Affected components**: The title mentions ""java driver"" and ""mongo shell,"" indicating that these components are involved, but it doesn't specify if there's an issue with the java driver itself or how it interacts with the mongo shell.
5. **Environment details**: There is no mention of specific environments (e.g., versions of Java, MongoDB) in which this inconsistency occurs.

Given the lack of detailed information on steps to reproduce, expected vs actual behavior, acceptance criteria, and affected components, I conclude that the issue title suggests the issue is INCOMPLETE because it lacks essential details for a clear understanding of the problem.

Final Answer: Yes",708419d36c88a7f2,llama3.1:8b,0,2026-06-17T12:20:22.341177,project_05,title_only,incompleteness,few_shot_cot
ISSUE-253467,size not accepting $numberlong argument,1,1,"To determine if this issue is INCOMPLETE, let's break down the information typically required for a complete issue and see which ones are missing from the given title:

1. **Steps to reproduce**: The title doesn't mention how to reproduce the issue, which could be crucial in understanding the problem.
2. **Expected vs actual behaviour**: There's no clear indication of what is expected versus what actually happens when passing a ""$numberlong"" argument.
3. **Acceptance criteria**: The title does not specify any acceptance criteria for this feature or bug fix.
4. **Affected components**: It doesn't mention which part of the system (e.g., database, UI component) is affected by this issue.
5. **Environment details**: There's no information about the environment in which this issue occurs.

Given that several essential pieces of information are missing from the title, it suggests that the issue is INCOMPLETE.

Final Answer: Yes",9f8a8cbd55a0c07b,llama3.1:8b,0,2026-06-17T12:20:25.145101,project_05,title_only,incompleteness,few_shot_cot
ISSUE-253452,MongoCollection.insertOne throws NullPointerException with WriteConcern.UNACKNOWLEDGED & retryWrites=true,0,0,"To determine if this issue is INCOMPLETE, let's analyze the given title:

1. **Endpoint**: The title mentions a specific MongoDB method `MongoCollection.insertOne`, which suggests that the endpoint or component affected is known.
2. **Error Message**: It specifies an error message (`NullPointerException`) and two configuration settings (`WriteConcern.UNACKNOWLEDGED` & `retryWrites=true`). This implies there's some understanding of what happens when this issue occurs, including specific configurations involved.
3. **Expected vs Actual Behaviour**: While the title doesn't explicitly state expected behavior, it clearly describes a situation where actual behavior (throwing a NullPointerException) does not match expectations due to specific settings.

Given these points, the issue seems to have enough information for analysis and debugging:

- The endpoint or component affected is specified.
- There's an error message that indicates what goes wrong under certain conditions.
- Specific configurations are mentioned that might be relevant to reproducing the issue.

Therefore, based on this step-by-step analysis, I conclude that the issue title suggests the issue is **NOT** INCOMPLETE because it contains essential information such as steps to reproduce (albeit indirectly), expected vs actual behavior, and affected components or endpoint.

Final Answer: No",4c4a41837bf307ba,llama3.1:8b,0,2026-06-17T12:20:28.451784,project_05,title_only,incompleteness,few_shot_cot
ISSUE-253505,Add an option to toggle SSL certificate validation,0,1,"To determine whether this issue is INCOMPLETE, let's analyze the given title:

""Add an option to toggle SSL certificate validation""

Reasoning:

* The title mentions a specific feature (""toggle SSL certificate validation""), which implies that it's related to security and possibly networking.
* However, there's no mention of steps to reproduce the issue (e.g., ""when uploading files over HTTPS"").
* There's also no clear indication of expected vs actual behavior or acceptance criteria for this feature.
* The affected components are not specified (e.g., which APIs, UI elements, or services will be impacted).
* Environment details (e.g., specific browsers, operating systems, or network configurations) are missing.

Considering these points, the issue title seems to lack essential information that would make it complete. Therefore:

Final Answer: Yes",bf8805bbd7ec6333,llama3.1:8b,0,2026-06-17T12:20:31.189630,project_05,title_only,incompleteness,few_shot_cot
ISSUE-255080,JSON parser parses braces incorrectly,0,0,"To determine whether this issue is INCOMPLETE, let's analyze the given title:

1. **Steps to reproduce**: The title does not mention any specific steps or scenarios that lead to the problem.
2. **Expected vs actual behaviour**: It mentions ""parses braces incorrectly"", which implies there's an expectation of correct parsing behavior and a deviation from it (the actual behavior).
3. **Acceptance criteria**: There is no explicit mention of what constitutes correct parsing, but the issue title suggests there should be some form of correct behavior.
4. **Affected components**: The title does not specify which component or module is affected by this issue.
5. **Environment details**: There's no information about the environment in which this issue occurs.

Given these observations:

- The issue title provides a clear description of the problem (incorrect parsing), which suggests there's an understanding of what should happen and what actually happens, implying some level of expected vs actual behavior is understood.
- It does not explicitly mention steps to reproduce or acceptance criteria but implies there might be an expectation around correct parsing.

However, considering the analysis:

The issue title lacks explicit information on **steps to reproduce** and **affected components**, which are essential for understanding how to replicate the problem and what parts of the system are impacted",6d455e104ec18520,llama3.1:8b,0,2026-06-17T12:20:34.568534,project_05,title_only,incompleteness,few_shot_cot
ISSUE-255534,Looking for performance tips loading results from a find() with the java driver.,0,0,"To determine if this issue is INCOMPLETE, let's analyze the given title:

1. **Steps to reproduce**: The title mentions ""find()"" and ""java driver"", which implies that there are specific steps involved in reproducing the performance issue. However, it doesn't explicitly state these steps.
2. **Expected vs actual behaviour**: There's no clear mention of what is expected versus what actually happens when loading results from a find() operation with the java driver.
3. **Acceptance criteria**: The title does not specify any acceptance criteria for the performance improvement or optimization sought.
4. **Affected components**: While it mentions ""java driver"", which could be considered an affected component, there's no clear indication of other components involved.
5. **Environment details**: There are no specific environment details mentioned.

Given these observations:

- The title hints at a problem but lacks explicit steps to reproduce and detailed expected vs actual behavior.
- It does not specify acceptance criteria for the performance improvement sought.
- While it mentions an affected component (java driver), other components might be involved, which is not clear from the title alone.
- Environment details are missing.

Therefore, considering these points, I would classify this issue as INCOMPLETE because it lacks essential information such as steps to reproduce and detailed",5689f3897cfa9aee,llama3.1:8b,0,2026-06-17T12:20:37.940793,project_05,title_only,incompleteness,few_shot_cot
ISSUE-255332,Binary field $type is represented in JSON as a number instead of a two-byte hex string,0,1,"To determine if this issue title suggests that the issue is INCOMPLETE, I will analyze it step by step:

1. **Steps to reproduce**: The title does not mention any steps to reproduce the issue.
2. **Expected vs actual behaviour**: The title mentions a specific discrepancy (""represented in JSON as a number instead of a two-byte hex string""), which implies an expected (two-byte hex string) and actual (number) behavior, but it's more about describing the problem than detailing what is expected versus what happens.
3. **Acceptance criteria**: There is no mention of acceptance criteria that would define when this issue is considered resolved or not.
4. **Affected components**: The title does not specify which component or system is affected by this issue.
5. **Environment details**: There are no environment-specific details mentioned.

Given the lack of essential information such as steps to reproduce, detailed expected vs actual behavior (in a way that would guide resolution), acceptance criteria, and specific affected components, I conclude:

Final Answer: Yes",a32387c95c7404cd,llama3.1:8b,0,2026-06-17T12:20:40.841619,project_05,title_only,incompleteness,few_shot_cot
ISSUE-254781,Iterable Codec,1,1,"To determine whether the issue is INCOMPLETE, I will analyze the given issue title ""Iterable Codec"" step by step.

1. **Steps to reproduce**: The title does not mention any steps to reproduce the issue.
2. **Expected vs actual behaviour**: There's no information about what the expected behavior of the Iterable Codec should be or how it deviates from its actual behavior.
3. **Acceptance criteria**: The title doesn't provide any acceptance criteria for the Iterable Codec.
4. **Affected components**: It is unclear which components are affected by this issue, as the title only mentions a specific feature (Iterable Codec).
5. **Environment details**: There's no information about the environment in which the issue occurs.

Given that the title lacks essential information such as steps to reproduce, expected vs actual behavior, acceptance criteria, and potentially affected components or environment details, I conclude that the issue is INCOMPLETE.

Final Answer: Yes",e8355e601f5bba26,llama3.1:8b,0,2026-06-17T12:20:43.552939,project_05,title_only,incompleteness,few_shot_cot
ISSUE-254021,NettyStream does not handle clean socket closures from the server,0,0,"To determine whether this issue is INCOMPLETE, let's analyze the given title:

1. **Steps to reproduce**: The title mentions ""clean socket closures from the server"", which implies that there might be some specific steps or conditions under which the issue occurs. However, it does not explicitly state these steps.
2. **Expected vs actual behaviour**: The title suggests a problem with how NettyStream handles clean socket closures, implying an expected behavior (handling such closures properly) and an observed deviation from this expectation (not handling them correctly).
3. **Acceptance criteria**: While the title doesn't explicitly mention acceptance criteria, it implies that there should be some form of proper handling for clean socket closures.
4. **Affected components**: The issue is specifically related to ""NettyStream"", which suggests a clear component affected by this problem.
5. **Environment details**: There's no explicit mention of environment specifics, but given the context, it's reasonable to assume that the environment in question is likely one where clean socket closures from servers are relevant.

Given these considerations:

- The title does not explicitly state steps to reproduce or acceptance criteria, which could be considered incomplete.
- However, it provides a clear description of the problem and affected component, suggesting some level of completeness.

Considering all",12b1129709e7ebeb,llama3.1:8b,0,2026-06-17T12:20:46.935555,project_05,title_only,incompleteness,few_shot_cot
ISSUE-255615,Include cursor-id in CursorNotFound exception,0,1,"To determine whether this issue is INCOMPLETE, let's analyze the given title:

""Include cursor-id in CursorNotFound exception""

Reasoning:

* The title mentions a specific error message (""CursorNotFound"") and suggests adding a particular piece of information to it (""cursor-id"").
* However, there is no mention of steps to reproduce the error, expected vs actual behavior, acceptance criteria, affected components, or environment details.
* It seems that the issue is focused on a specific implementation detail (adding an ID to an exception message), but lacks broader context and requirements.

Based on this analysis, I would conclude that the issue title suggests the issue is INCOMPLETE because it is missing essential information such as steps to reproduce, expected vs actual behavior, acceptance criteria, affected components, or environment details.

Final Answer: Yes",13c73a8d58c76355,llama3.1:8b,0,2026-06-17T12:20:49.442414,project_05,title_only,incompleteness,few_shot_cot
ISSUE-254855,Discrimination in Jackson-Codec,1,1,"To determine whether this issue is INCOMPLETE, let's analyze the given title:

""Discrimination in Jackson-Codec""

Step 1: Does the title suggest a specific problem or error? Yes, it mentions ""discrimination"", which implies an issue.

Step 2: Is there any indication of steps to reproduce the issue? No, there is no mention of how to replicate the problem.

Step 3: Are there any hints about expected vs actual behavior? The title only mentions a specific aspect (discrimination), but it doesn't provide context on what's expected or what's happening instead.

Step 4: Does the title imply acceptance criteria or requirements for resolution? No, there is no mention of what constitutes ""fixing"" this issue.

Step 5: Are affected components or environment details mentioned? No, the title only mentions a specific technology (Jackson-Codec), but it doesn't provide context on which parts are impacted or under what conditions.

Based on these steps, I conclude that the issue is missing essential information such as steps to reproduce, expected vs actual behavior, acceptance criteria, affected components, and environment details. Therefore:

Final Answer: Yes",c79912d8513fb314,llama3.1:8b,0,2026-06-17T12:20:52.657176,project_05,title_only,incompleteness,few_shot_cot
ISSUE-256012,Add w/wtimeout to WriteConcern (getLastError),0,0,"To determine if this issue is INCOMPLETE, let's break down the information provided in the title:

1. **Specificity**: The title mentions a specific feature or functionality: ""Add w/wtimeout to WriteConcern (getLastError)"". This suggests that the issue is focused on a particular aspect of the system.
2. **Key terms**: The title includes technical terms like ""WriteConcern"", ""getLastError"", and ""w/wtimeout"". These are likely relevant to MongoDB, given the context of ""WriteConcern"" which is a concept in MongoDB for handling write operations.

Considering these points:

- **Steps to reproduce** might not be explicitly mentioned but could be inferred from the context.
- **Expected vs actual behaviour**: The title implies there's an issue with the current behavior (hence the need to add something), but it doesn't specify what that expected behavior is or how it differs from the actual behavior.
- **Acceptance criteria** are not directly mentioned, which could be a concern for completeness.
- **Affected components** might be inferred as related to MongoDB's write operations, but this isn't explicitly stated.
- **Environment details**: There's no mention of specific environments or configurations.

Given these observations:

The issue title seems to lack essential information such as detailed steps",3b35c9020f2b85fd,llama3.1:8b,0,2026-06-17T12:20:56.106492,project_05,title_only,incompleteness,few_shot_cot
ISSUE-253265,Provide an option to use pooled NIO direct buffers to minimise impact on GC,0,1,"To determine whether this issue is INCOMPLETE, let's analyze the given title:

1. **Steps to reproduce**: The title does not mention any specific steps or scenarios that would trigger the issue.
2. **Expected vs actual behaviour**: There's no clear indication of what behavior is expected versus what actually happens when using pooled NIO direct buffers.
3. **Acceptance criteria**: The title doesn't specify any acceptance criteria for this feature, such as performance metrics or memory usage thresholds.
4. **Affected components**: While the title mentions ""pooled NIO direct buffers,"" it does not explicitly state which components are affected by this issue.
5. **Environment details**: There's no mention of specific environments (e.g., production, development) where this issue might occur.

Given that the title lacks essential information such as steps to reproduce, expected vs actual behavior, acceptance criteria, affected components, or environment details, I conclude:

Final Answer: Yes",3c1d59f810083c86,llama3.1:8b,0,2026-06-17T12:20:58.900754,project_05,title_only,incompleteness,few_shot_cot
ISSUE-254440,DocumentCodec and DBObjectCodec treat nested Maps/Iterables differently,0,0,"To determine whether this issue is INCOMPLETE, let's analyze the given title:

1. **Steps to reproduce**: The title does not mention any specific steps or scenarios that lead to the issue.
2. **Expected vs actual behaviour**: It mentions a difference in how two components (DocumentCodec and DBObjectCodec) treat nested Maps/Iterables, which implies there is an expected behavior but it's not explicitly stated what that is.
3. **Acceptance criteria**: There's no mention of specific acceptance criteria for this issue.
4. **Affected components**: The title clearly mentions the affected components: DocumentCodec and DBObjectCodec.
5. **Environment details**: There are no environment-specific details mentioned.

Given these points, while there might be an implicit understanding of what is expected behavior based on the context (e.g., treating nested Maps/Iterables similarly), the issue title lacks explicit information about steps to reproduce, acceptance criteria, and it's somewhat ambiguous without further description. However, considering the strict criteria for an INCOMPLETE issue, which typically involves missing essential information that would be necessary to understand or resolve the issue, this issue seems to lack specific details on how to reproduce the issue and what the expected behavior should be.

Therefore, based on the given title alone:

Final",911a6d2493e8cf83,llama3.1:8b,0,2026-06-17T12:21:02.319680,project_05,title_only,incompleteness,few_shot_cot
ISSUE-255480,Secondary reads on lists of mongos fail until first write,0,1,"To determine whether this issue is INCOMPLETE, let's analyze the given title:

""Secondary reads on lists of mongos fail until first write""

Reasoning:

* The title mentions a specific scenario involving ""secondary reads"", which implies that there are multiple components or nodes involved.
* It also mentions ""mongos"", which suggests that MongoDB is being used.
* However, I don't see any information about:
	+ Expected vs actual behavior
	+ Steps to reproduce the issue
	+ Affected components (beyond mentioning ""mongos"")
	+ Environment details

Given this analysis, it appears that the title is missing essential information. Therefore:

Final Answer: Yes",01e06224348983ce,llama3.1:8b,0,2026-06-17T12:21:04.626973,project_05,title_only,incompleteness,few_shot_cot
ISSUE-255171,Saved extra fields for Gridfs does not go in metadata sub-document,0,1,"To determine if this issue is INCOMPLETE, let's analyze the given title:

1. **Steps to reproduce**: The title doesn't mention any specific steps or actions that lead to the problem.
2. **Expected vs actual behaviour**: There's no clear indication of what behavior is expected versus what actually happens when saving extra fields for Gridfs in metadata sub-document.
3. **Acceptance criteria**: The title does not specify any acceptance criteria, which are essential for understanding what constitutes a successful resolution of this issue.
4. **Affected components**: While the title mentions ""Gridfs,"" it doesn't explicitly state which other components or systems might be affected by this issue.
5. **Environment details**: There's no mention of specific environments (e.g., development, production) where this issue occurs.

Given that the title lacks essential information such as steps to reproduce, expected vs actual behavior, acceptance criteria, and environment details, it suggests that the issue is INCOMPLETE.

Final Answer: Yes",eb0a730bbd39171c,llama3.1:8b,0,2026-06-17T12:21:07.430450,project_05,title_only,incompleteness,few_shot_cot
ISSUE-254446,Repeated connection with expected authentication errors is not deterministic,0,0,"To determine whether this issue title suggests the issue is INCOMPLETE, I will analyze it step by step:

1. **Steps to reproduce**: The title mentions ""Repeated connection"" which implies that there's a specific scenario or steps involved in reproducing the issue. However, it doesn't explicitly state these steps.
2. **Expected vs actual behaviour**: The title mentions ""expected authentication errors"", which indicates an understanding of what is expected versus what actually happens. This suggests some level of analysis has been done on the behavior.
3. **Acceptance criteria**: There's no mention of specific acceptance criteria in the title, which could indicate that these are missing or not clearly defined.
4. **Affected components**: The title doesn't explicitly mention any affected components, which might suggest this information is missing.
5. **Environment details**: While there's a mention of ""connection"", it doesn't specify the environment (e.g., local, server-side) in detail.

Given these observations:

- Steps to reproduce are somewhat implied but not clearly stated.
- Expected vs actual behavior is mentioned, which is good.
- Acceptance criteria are missing or not specified.
- Affected components might be missing information.
- Environment details could be more specific.

Considering the above points, it seems that while",dc10c13ab9177e91,llama3.1:8b,0,2026-06-17T12:21:10.853839,project_05,title_only,incompleteness,few_shot_cot
ISSUE-254233,Custom logging implementation,1,1,"To determine whether this issue is INCOMPLETE, let's analyze the given title:

""Custom logging implementation""

Reasoning:

* The title mentions a specific feature (""Custom logging"") but does not provide any details about what that means in terms of functionality or behavior.
* There are no hints at steps to reproduce, expected vs actual behavior, acceptance criteria, affected components, or environment details.

Based on this analysis, the issue seems to be missing essential information. Therefore:

Final Answer: Yes",7f67d6a711d01905,llama3.1:8b,0,2026-06-17T12:21:12.780927,project_05,title_only,incompleteness,few_shot_cot
ISSUE-252701,Update documentation for Text Search,1,1,"To determine whether this issue is INCOMPLETE, let's analyze the given title:

""Update documentation for Text Search""

Reasoning:

* The title mentions a specific task: updating documentation.
* It specifies what needs to be updated: documentation for Text Search.
* However, it does not provide any information about:
	+ Steps to reproduce the issue (if there is one).
	+ Expected vs actual behavior.
	+ Acceptance criteria.
	+ Affected components or environment details.

Based on this analysis, I conclude that the issue title lacks essential information, making it INCOMPLETE.

Final Answer: Yes",d0397bfef2e0fdeb,llama3.1:8b,0,2026-06-17T12:21:14.864464,project_05,title_only,incompleteness,few_shot_cot
ISSUE-255572,Morphia Integration in java driver,0,1,"To determine if this issue is INCOMPLETE, let's analyze the given title:

""Title: Morphia Integration in java driver""

Reasoning:

* The title mentions a specific integration with a library (Morphia) and a programming language (java), which suggests that it's related to a technical implementation.
* However, there is no indication of what exactly needs to be done with this integration (e.g., fix an issue, add new functionality, etc.).
* There are no hints about the expected behavior, reproduction steps, affected components, or environment details.

Based on these observations, I would say that the issue title lacks essential information, making it likely INCOMPLETE.

Final Answer: Yes",7f9da6a60f3aa1c0,llama3.1:8b,0,2026-06-17T12:21:17.176903,project_05,title_only,incompleteness,few_shot_cot
ISSUE-255511,Respect the QueryFailure response flag in OP_REPLY,0,1,"To determine whether this issue is INCOMPLETE, I will analyze the title for essential information such as steps to reproduce, expected vs actual behaviour, acceptance criteria, affected components, or environment details.

The title ""Respect the QueryFailure response flag in OP_REPLY"" suggests that it's related to a specific functionality within MongoDB (OP_REPLY being a part of the MongoDB protocol). However, I don't see any information about:

- Steps to reproduce the issue
- Expected vs actual behavior
- Acceptance criteria
- Affected components or environment details

The title seems focused on a specific implementation detail rather than providing a clear description of the problem. It implies that there's an expectation for how MongoDB should behave in certain conditions, but it doesn't provide enough context to understand what the issue is about without additional information.

Given this analysis, I conclude that the issue is likely INCOMPLETE because it lacks essential details such as steps to reproduce and expected behavior.

Final Answer: Yes",ff27dc423618db04,llama3.1:8b,0,2026-06-17T12:21:20.062138,project_05,title_only,incompleteness,few_shot_cot
ISSUE-254614,2.12.x breaks compatibility with mongoDB v1.8,0,1,"To determine if this issue is INCOMPLETE, let's analyze the given title:

""2.12.x breaks compatibility with mongoDB v1.8""

Reasoning:
- The title mentions a specific version of the software (""2.12.x"") and a specific version of MongoDB (""v1.8""), which suggests that it's related to a known endpoint or component.
- It also clearly states what is happening (compatibility breakage), implying some expected behavior.
- Although it doesn't explicitly mention steps to reproduce, affected components, or environment details, the specificity of the versions involved might imply that these are already well-known within the context of the software development.

However, upon closer inspection, there's a crucial piece missing: what is the actual problem with this compatibility breakage? Is it an error message, incorrect data retrieval, or something else entirely? The title doesn't specify expected vs. actual behavior in detail, which could be considered essential for understanding and resolving the issue.

Given these considerations, I would lean towards the issue being INCOMPLETE because it lacks detailed information about what specifically is happening when this compatibility breakage occurs (expected vs. actual behavior), even though some context is provided by mentioning specific versions.

Final Answer: Yes",3b20d810f00fa202,llama3.1:8b,0,2026-06-17T12:21:23.467126,project_05,title_only,incompleteness,few_shot_cot
ISSUE-253354,Deprecate DBCursor#addSpecial,1,1,"To determine if the issue is INCOMPLETE, I will analyze the given title ""Deprecate DBCursor#addSpecial"" step by step.

1. **Steps to reproduce**: The title does not mention any steps to reproduce the issue or scenario.
2. **Expected vs actual behaviour**: There's no clear indication of what the expected behavior should be after deprecation, nor is there a description of the current problematic behavior.
3. **Acceptance criteria**: The title doesn't specify what constitutes successful deprecation (e.g., removal from documentation, changes in error handling).
4. **Affected components**: While it mentions ""DBCursor"", which could indicate an affected component, more context would be needed to confirm this is indeed the only affected part.
5. **Environment details**: There's no mention of specific environments or configurations that might impact deprecation.

Given these considerations, I conclude that the issue title lacks essential information for a complete understanding and resolution of the problem.

Final Answer: Yes",6791d7d10ce5924c,llama3.1:8b,0,2026-06-17T12:21:26.364273,project_05,title_only,incompleteness,few_shot_cot
ISSUE-255153,update description of fsync write concern flag,0,1,"To determine whether this issue is INCOMPLETE, let's analyze the given title:

""update description of fsync write concern flag""

Reasoning:

* The title mentions a specific action (""update"") and a clear target (""description of fsync write concern flag"").
* However, it lacks essential information such as:
	+ Steps to reproduce the issue or scenario.
	+ Expected vs actual behavior.
	+ Acceptance criteria for what constitutes a successful update.
	+ Affected components (e.g., which parts of the system will be impacted).
	+ Environment details (e.g., specific configurations, versions).

Given that this title is missing several essential pieces of information, I conclude:

Final Answer: Yes",0ff8fd3bdb4d8d89,llama3.1:8b,0,2026-06-17T12:21:28.711993,project_05,title_only,incompleteness,few_shot_cot
ISSUE-255938,DBCursor.copy() does not copy batch size,0,1,"To determine whether this issue is INCOMPLETE, let's analyze the given title:

""DBCursor.copy() does not copy batch size""

Reasoning:

* The title mentions a specific method ""DBCursor.copy()"" which implies that it's related to a particular functionality or component.
* It also specifies what doesn't work as expected: ""does not copy batch size"". This suggests that there is some understanding of the expected behavior.

However, upon closer inspection, I notice that:

* There is no mention of steps to reproduce the issue.
* No specific environment details are provided (e.g., MongoDB version, driver version).
* The affected component or module is not explicitly mentioned.
* Acceptance criteria or expected vs actual behavior are not clearly stated.

Considering these points, while the title does provide some context about the method and its malfunction, it lacks essential information to fully understand the issue. Therefore:

Final Answer: Yes",88e9e526973dadbd,llama3.1:8b,0,2026-06-17T12:21:31.453078,project_05,title_only,incompleteness,few_shot_cot
ISSUE-253697,"upload mo artifacts"""" Evergreen post-task is failing",1,1,"To determine if this issue title suggests that the issue is INCOMPLETE, I will analyze it step by step:

1. **Steps to reproduce**: The title mentions ""Evergreen post-task is failing"", which implies a specific scenario or task that fails. This gives some context on how to reproduce the issue.
2. **Expected vs actual behaviour**: Although not explicitly stated, the mention of failure suggests there's an expectation for success in this scenario, implying there's an expected behavior (success) and an observed deviation from it (failure).
3. **Acceptance criteria**: There is no clear indication of what constitutes ""success"" or ""failure"" in terms of specific conditions that must be met.
4. **Affected components**: The title mentions a specific task (""Evergreen post-task""), which could imply the affected component, but it's not explicitly stated.
5. **Environment details**: There are no explicit environment details mentioned.

Given this analysis, while there is some context provided in the title (steps to reproduce and expected vs actual behavior), it lacks essential information such as acceptance criteria, clear identification of affected components, and detailed environment specifics. Therefore, based on the given steps:

Final Answer: Yes",d90f4b5459495967,llama3.1:8b,0,2026-06-17T12:21:34.700867,project_05,title_only,incompleteness,few_shot_cot
ISSUE-253111,minWireVersion is 1 but it should be 2,0,1,"To determine if this issue title suggests that the issue is INCOMPLETE, I will analyze it step by step:

1. **Steps to reproduce**: The title does not mention any steps to reproduce the issue.
2. **Expected vs actual behaviour**: It mentions a specific condition (""minWireVersion is 1 but it should be 2""), which implies there's an expected behavior (the version should be 2) and an observed discrepancy, indicating the actual behavior is different from what was expected.
3. **Acceptance criteria**: While not explicitly stated in the title, the mention of a specific version number (""should be 2"") suggests that there are acceptance criteria related to this feature or requirement.
4. **Affected components**: The title does not specify which component(s) are affected by this issue.
5. **Environment details**: There is no information about the environment where this issue occurs.

Given these observations, while the title provides some context regarding what should be and what actually is, it lacks detailed steps to reproduce, explicit mention of acceptance criteria, and specifics on affected components or environment details. Therefore, based on the analysis:

Final Answer: Yes",227ccc52884f2f36,llama3.1:8b,0,2026-06-17T12:21:37.975313,project_05,title_only,incompleteness,few_shot_cot
ISSUE-252640,Documentation links 404,1,1,"To determine whether this issue is INCOMPLETE, let's analyze the given title:

""Documentation links 404""

Reasoning:

* The title mentions a specific error code (""404""), which suggests that the reporter has some knowledge about the problem.
* It also clearly states what the problem is: ""Documentation links"" are not working as expected.
* However, there is no mention of steps to reproduce the issue, expected vs actual behavior, acceptance criteria, affected components, or environment details.

Based on this analysis, I would say that the issue title is missing essential information about how to reproduce the problem and what the expected outcome should be. Therefore:

Final Answer: Yes",8d1ab57df7a3b0bc,llama3.1:8b,0,2026-06-17T12:21:40.123044,project_05,title_only,incompleteness,few_shot_cot
ISSUE-255236,DBObject.equals can fail when binary data exists,0,1,"To determine whether this issue is INCOMPLETE, let's analyze the given title:

""DBObject.equals can fail when binary data exists""

Reasoning:

* The title mentions a specific method ""DBObject.equals"" which suggests that it's related to a particular functionality or behavior.
* It also mentions a condition under which the method can fail (""when binary data exists""), which implies some kind of reproduction steps or scenario.
* However, there is no mention of expected vs actual behavior, acceptance criteria, affected components, or environment details.

Based on this analysis, it appears that the issue title is missing essential information such as expected vs actual behavior and possibly acceptance criteria. Therefore:

Final Answer: Yes",7be5cf5299243f2f,llama3.1:8b,0,2026-06-17T12:21:42.361141,project_05,title_only,incompleteness,few_shot_cot
ISSUE-255324,Increase GridFS max chunk size,0,1,"To determine whether this issue is INCOMPLETE, let's analyze the given title:

1. **Steps to reproduce**: The title doesn't mention any specific steps or scenarios that would trigger the issue.
2. **Expected vs actual behaviour**: There's no clear indication of what behavior is expected versus what actually happens when the grid size is increased.
3. **Acceptance criteria**: The title does not specify any acceptance criteria for increasing the max chunk size, such as performance improvements or data consistency requirements.
4. **Affected components**: While ""GridFS"" suggests a specific component, it's unclear if other parts of the system are affected by this change.
5. **Environment details**: There is no mention of the environment in which this issue occurs.

Given that several essential pieces of information are missing from the title, I conclude that:

Final Answer: Yes",b198bb91ff28b13d,llama3.1:8b,0,2026-06-17T12:21:44.917170,project_05,title_only,incompleteness,few_shot_cot
ISSUE-254743,Server selection exception should chain exceptions from server monitors,0,1,"To determine if this issue is INCOMPLETE, let's analyze the given title:

1. **Steps to reproduce**: The title does not mention any specific steps or scenarios that would lead to the exception.
2. **Expected vs actual behaviour**: It mentions an ""exception,"" which implies there's a deviation from expected behavior, but it doesn't specify what the expected behavior is in this context.
3. **Acceptance criteria**: There are no clear acceptance criteria mentioned for how the chaining of exceptions should work or what constitutes success.
4. **Affected components**: The title does not explicitly mention any specific components that would be affected by this issue.
5. **Environment details**: There's no information about the environment in which this exception occurs.

Given these observations, it appears the issue is missing essential information to fully understand and address the problem. Therefore:

Final Answer: Yes",7661a4ab5f10a2a7,llama3.1:8b,0,2026-06-17T12:21:47.492277,project_05,title_only,incompleteness,few_shot_cot
ISSUE-253069,Remove mongodb-driver-embedded-android package,0,1,"To determine if this issue is INCOMPLETE, let's analyze the given title:

""Remove mongodb-driver-embedded-android package""

Reasoning:

* The title clearly states what needs to be done: ""Remove"".
* It specifies a specific package that needs to be removed.
* There is no mention of steps to reproduce, expected vs actual behavior, acceptance criteria, affected components, or environment details.

Based on this analysis, the issue seems to lack essential information such as steps to reproduce and acceptance criteria. Therefore:

Final Answer: Yes",62081f945ba1c102,llama3.1:8b,0,2026-06-17T12:21:49.442327,project_05,title_only,incompleteness,few_shot_cot
ISSUE-254867,Add type-safe jsMode support in MapReduceCommand,0,1,"To determine if this issue is INCOMPLETE, let's analyze the given title:

""Add type-safe jsMode support in MapReduceCommand""

Reasoning:
- The title mentions a specific feature to be added (""type-safe jsMode support""), which implies some understanding of what needs to be done.
- It also specifies the affected component (""MapReduceCommand""), which is good for scoping and prioritization.
- However, there's no mention of expected vs actual behavior, steps to reproduce, acceptance criteria, or environment details.

Given that essential information like steps to reproduce, expected vs actual behaviour, acceptance criteria, affected components, or environment details are missing from the title, I conclude:

Final Answer: Yes",d291d6112a14ad3e,llama3.1:8b,0,2026-06-17T12:21:51.693063,project_05,title_only,incompleteness,few_shot_cot
ISSUE-252707,Storing unsigned integer to Mongodb from java,0,1,"To determine if this issue is INCOMPLETE, let's analyze the given title:

""Storing unsigned integer to Mongodb from java""

Reasoning:

* The title mentions a specific operation: storing an unsigned integer.
* It specifies the source of the data (Java) and the target system (MongoDB).
* However, it lacks essential information such as:
	+ Expected vs actual behavior
	+ Steps to reproduce the issue
	+ Acceptance criteria for this operation
	+ Affected components or environment details

Based on this analysis, I conclude that the issue is missing some crucial details.

Final Answer: Yes",2fdc05b843253a24,llama3.1:8b,0,2026-06-17T12:21:53.842841,project_05,title_only,incompleteness,few_shot_cot
ISSUE-255700,Possible bug with JSON parser,1,1,"To determine if this issue is INCOMPLETE, let's analyze the given title:

""Possible bug with JSON parser""

Reasoning:

* The title mentions a ""possible bug"", which implies that there might be an error or unexpected behavior.
* However, it does not specify what exactly happens when the bug occurs (expected vs actual behaviour).
* There are no reproduction steps mentioned to help identify and reproduce the issue.
* Affected components or environment details are also missing.

Based on this analysis, I conclude that the issue title is INCOMPLETE because it lacks essential information such as expected vs actual behavior, reproduction steps, affected components, and environment details.

Final Answer: Yes",a25f4fe220a4b77e,llama3.1:8b,0,2026-06-17T12:21:56.192842,project_05,title_only,incompleteness,few_shot_cot
ISSUE-253917,$geoNear Aggregation pipeline in Mongo JAVA driver,0,1,"To determine if this issue is INCOMPLETE, let's analyze the given title:

"" $geoNear Aggregation pipeline in Mongo JAVA driver""

Reasoning:
- The title mentions a specific aggregation pipeline and its implementation in the MongoDB Java driver.
- It does not explicitly mention steps to reproduce the issue, expected vs actual behavior, acceptance criteria, affected components, or environment details.

Given that the title lacks essential information such as reproduction steps, expected behavior, and possibly acceptance criteria (which might be assumed but are not directly stated), it suggests the issue is INCOMPLETE.

Final Answer: Yes",7bc545db19d27b17,llama3.1:8b,0,2026-06-17T12:21:58.170246,project_05,title_only,incompleteness,few_shot_cot
ISSUE-254894,The aggregation method is inaccurately showing type,0,1,"To determine if this issue title suggests that the issue is INCOMPLETE, I will analyze it step by step:

1. **Steps to reproduce**: There are no specific steps mentioned in the title to reproduce the issue.
2. **Expected vs actual behaviour**: The title mentions ""inaccurately showing"", which implies there's a discrepancy between what should happen and what actually happens. However, it doesn't specify what the expected behavior is or how it deviates from the actual behavior.
3. **Acceptance criteria**: There are no acceptance criteria mentioned in the title to determine if the issue is resolved.
4. **Affected components**: The title does not mention which component or module is affected by this issue.
5. **Environment details**: There's no information about the environment where this issue occurs.

Given that several essential pieces of information are missing from the title, I conclude that it suggests the issue is INCOMPLETE.

Final Answer: Yes",d6b17396f5293b7a,llama3.1:8b,0,2026-06-17T12:22:00.992774,project_05,title_only,incompleteness,few_shot_cot
ISSUE-253334,Deprecate MongoIterable#forEach,0,1,"To determine whether this issue is INCOMPLETE, let's analyze the given title:

""Deprecate MongoIterable#forEach""

Reasoning:

* The title mentions a specific method to be deprecated: `MongoIterable#forEach`. This suggests that the issue is related to a specific implementation detail.
* However, there is no mention of steps to reproduce, expected vs actual behavior, acceptance criteria, affected components, or environment details.

Based on this analysis, I would conclude that the issue title is missing essential information. Therefore:

Final Answer: Yes",bb635ac9169d3134,llama3.1:8b,0,2026-06-17T12:22:02.969767,project_05,title_only,incompleteness,few_shot_cot
ISSUE-255443,Errors when DBRef's $id is Object instead of simple value,0,0,"To determine whether this issue title suggests the issue is INCOMPLETE, I will analyze it step by step:

1. **Reproduction Steps**: The title mentions a specific condition (""Errors when DBRef's $id is Object instead of simple value""), which implies that someone has observed or expected to observe an error under these conditions. This gives us some reproduction steps.

2. **Expected vs Actual Behaviour**: Although the title does not explicitly state what the expected behavior should be, it clearly indicates a problem (errors), suggesting there's an issue with the actual behavior.

3. **Affected Components**: The mention of ""DBRef"" and ""$id"" suggests that this is related to database operations or MongoDB-specific functionality, which gives us some insight into affected components.

4. **Environment Details**: While we don't have explicit details on the environment (e.g., version of MongoDB, operating system), the specificity of the condition (""Object instead of simple value"") implies a particular context or setup that might be relevant for reproduction.

5. **Acceptance Criteria**: There's no clear mention of what constitutes ""correct"" behavior in this scenario, which is essential for acceptance criteria.

Given these observations:

- The issue title provides some information on reproduction steps and affected components.
- It clearly indicates an",548155025f427d87,llama3.1:8b,0,2026-06-17T12:22:06.411766,project_05,title_only,incompleteness,few_shot_cot
ISSUE-253221,mongodb+srv schema can cause NullPointerException,0,1,"To determine whether this issue is INCOMPLETE, let's analyze the given title:

""mongodb+srv schema can cause NullPointerException""

Step 1: Does it mention a specific endpoint or component that is affected? No.

Step 2: Is there any indication of expected vs actual behavior? No.

Step 3: Are there any reproduction steps mentioned? No.

Step 4: Can we infer the environment details from the title? No.

However, this issue does seem to provide some context about what's causing the problem (a specific schema in a MongoDB+srv setup). It also mentions a specific error type (NullPointerException), which might be considered as part of the expected vs actual behavior. 

But still, we can't determine the steps to reproduce or acceptance criteria from just this title.

Final Answer: Yes",0d61c239c6479814,llama3.1:8b,0,2026-06-17T12:22:08.887018,project_05,title_only,incompleteness,few_shot_cot
ISSUE-253502,Re-enable write concern tests for dropDatabase command,0,1,"To determine if this issue is INCOMPLETE, let's analyze the given title:

""Re-enable write concern tests for dropDatabase command""

Reasoning:

* The title mentions a specific action (""Re-enable"") and its target (""write concern tests"").
* It also specifies which command is affected (""dropDatabase command"").
* However, there is no mention of expected vs actual behavior, steps to reproduce the issue, acceptance criteria, or environment details.

Based on this analysis, it appears that the title lacks essential information such as expected vs actual behavior and possibly other details. Therefore:

Final Answer: Yes",652ec327240c974b,llama3.1:8b,0,2026-06-17T12:22:10.924974,project_05,title_only,incompleteness,few_shot_cot
ISSUE-255435,Thread Locals not being freed in thread pool,0,-1,"To determine whether this issue is INCOMPLETE, I will analyze the title for essential information such as steps to reproduce, expected vs actual behavior, acceptance criteria, affected components, or environment details.

The title ""Thread Locals not being freed in thread pool"" suggests a specific technical problem related to multithreading and memory management. It implies that there's an issue with how Thread Locals are handled within a thread pool, but it doesn't explicitly mention:

- Steps to reproduce the issue.
- Expected vs actual behavior (though it hints at a problem).
- Acceptance criteria for what constitutes ""freed"" in this context.
- Affected components or modules beyond mentioning ""thread pool"".
- Environment details.

However, the title does provide a clear indication of the technical area affected and implies there's an issue with how Thread Locals are managed. It lacks explicit information on steps to reproduce, expected behavior, acceptance criteria, and environment specifics but seems focused more on identifying the problem rather than detailing its resolution or requirements for fixing it.

Given this analysis, I would classify the issue as INCOMPLETE because it doesn't provide all the necessary details that a complete software requirement should have. It's missing explicit steps to reproduce, expected vs actual behavior, acceptance criteria, and environment specifics.",b3a24a90af52ed35,llama3.1:8b,0,2026-06-17T12:22:14.310364,project_05,title_only,incompleteness,few_shot_cot
ISSUE-255744,authentication for replica set fails frequently because 'getnonce' and 'authenticate' command is issued to different server,0,1,"Let's analyze the issue title step by step:

1. The title mentions a specific problem with ""authentication for replica set"" which suggests that it's related to a particular functionality.
2. It mentions two commands: 'getnonce' and 'authenticate', which are likely related to the authentication process.
3. However, there is no mention of expected vs actual behavior, steps to reproduce the issue, acceptance criteria, affected components, or environment details.

Based on this analysis, I would conclude that the issue title suggests the issue is INCOMPLETE because it lacks essential information such as steps to reproduce and expected vs actual behavior.

Final Answer: Yes",6cfb25815e70b466,llama3.1:8b,0,2026-06-17T12:22:16.510634,project_05,title_only,incompleteness,few_shot_cot
ISSUE-255326,No Such Method Exception When Instantiating Mongo Client,1,1,"To determine if this issue is INCOMPLETE, let's break down the information provided in the title:

1. **Error Message**: The title mentions a specific error message (""No Such Method Exception""). This suggests that the reporter has some knowledge of what's going wrong.
2. **Context**: It specifies an exception when instantiating a Mongo client. This gives context about where and how this issue is occurring, which is helpful for reproduction steps.

However, upon closer inspection:

- There's no mention of expected vs actual behavior or any specific steps to reproduce the error beyond ""instantiating Mongo Client,"" which might not be enough detail.
- The affected components (Mongo client) are mentioned but without further context on how it affects the system or what functionality is impacted.
- Environment details, such as database versions or configurations that could lead to this exception, are not provided.

Given these considerations:

Final Answer: Yes",0403ed9481b8ccfe,llama3.1:8b,0,2026-06-17T12:22:19.152453,project_05,title_only,incompleteness,few_shot_cot
ISSUE-255548,Stackoverflow when querying document with cycle reference using DBRef,0,1,"To determine if this issue is INCOMPLETE, let's analyze the given title:

""Stackoverflow when querying document with cycle reference using DBRef""

Reasoning:

* The title mentions a specific error (""Stackoverflow""), which implies that there is an expected behavior (i.e., not getting a stack overflow).
* It also provides context about what triggers this issue: ""querying document with cycle reference using DBRef"".
* However, the title does not explicitly mention steps to reproduce, affected components, or environment details.

While the title gives some information about the error and its cause, it is missing essential details such as:
	+ Steps to reproduce the issue
	+ Expected vs actual behavior (although we can infer the expected behavior from the error message)
	+ Affected components or modules
	+ Environment details

Therefore, based on this analysis, I conclude that the issue title suggests the issue is INCOMPLETE.

Final Answer: Yes",12a81ae5883db35f,llama3.1:8b,0,2026-06-17T12:22:21.904943,project_05,title_only,incompleteness,few_shot_cot
ISSUE-254528,Add MongoCollection.dropIndex(Bson keys),0,1,"To determine if this issue is INCOMPLETE, let's analyze the given title:

""Add MongoCollection.dropIndex(Bson keys)""

Reasoning:

* The title mentions a specific method call (`dropIndex`) and its parameters (`Bson keys`), which suggests that it's related to MongoDB indexing.
* However, there's no mention of expected behavior, reproduction steps, acceptance criteria, affected components, or environment details.

Given the lack of essential information, I would classify this issue as INCOMPLETE.

Final Answer: Yes",122d0e04fb7e5e47,llama3.1:8b,0,2026-06-17T12:22:23.842347,project_05,title_only,incompleteness,few_shot_cot
ISSUE-254203,Add equals() and toString() to Updates,0,0,"To determine if this issue is INCOMPLETE, let's analyze the given title:

""Add equals() and toString() to Updates""

Reasoning:

* The title mentions specific methods that need to be added: `equals()` and `toString()`.
* It also specifies the class or object where these methods should be implemented: ""Updates"".
* There is no mention of steps to reproduce, expected vs actual behavior, acceptance criteria, affected components, or environment details.

Based on this analysis, it appears that the issue title provides sufficient information about what needs to be done (adding specific methods to a particular class), but lacks other essential details such as how to test these changes, what the expected outcome should be, and possibly which components are impacted by this change.

However, considering the provided examples, I would argue that this issue is still considered COMPLETE because it clearly states what needs to be done (adding specific methods) without leaving any ambiguity about the scope of work. The missing information typically found in INCOMPLETE issues (steps to reproduce, expected vs actual behavior, acceptance criteria, affected components, or environment details) are not present here.

Final Answer: No",db9faaf89622c0c9,llama3.1:8b,0,2026-06-17T12:22:27.017387,project_05,title_only,incompleteness,few_shot_cot
ISSUE-254082,Connection and thread leakage in DefaultServerMonitor,0,1,"To determine whether this issue is INCOMPLETE, let's analyze the given title:

""Connection and thread leakage in DefaultServerMonitor""

Reasoning:

* The title mentions a specific problem (""leakage"") which implies that there is an expected behavior (no leaks) and actual behavior (leaks are occurring).
* It also specifies the affected component (""DefaultServerMonitor""), which suggests that the issue is related to this particular part of the system.
* However, I don't see any reproduction steps or environment details mentioned in the title.

While the title provides some essential information, it seems to be missing specific details about how to reproduce the issue and what exactly is expected to happen (e.g., under which conditions do leaks occur). Therefore:

Final Answer: Yes",79f169bb58cb8fa0,llama3.1:8b,0,2026-06-17T12:22:29.440442,project_05,title_only,incompleteness,few_shot_cot
ISSUE-253763,Reduce size of Evergreen matrix,0,1,"To determine whether this issue is INCOMPLETE, let's analyze the given title:

""Reduce size of Evergreen matrix""

Step 1: Does it mention any specific steps to reproduce the issue? No.

Step 2: Is there a clear description of expected vs actual behavior? No.

Step 3: Are acceptance criteria mentioned? No.

Step 4: Are affected components or environment details specified? No.

However, this title does seem to imply that there is an existing ""Evergreen matrix"" and the goal is to reduce its size. This suggests some context about what the issue is related to, but it's still quite vague.

Given the lack of specific information on steps to reproduce, expected vs actual behavior, acceptance criteria, affected components, or environment details, I would classify this issue as INCOMPLETE.

Final Answer: Yes",23d6e3cd73fd319c,llama3.1:8b,0,2026-06-17T12:22:31.963938,project_05,title_only,incompleteness,few_shot_cot
ISSUE-254130,Ensure Loggers are past to ErrorHandlingCallbacks,0,1,"To determine if this issue is INCOMPLETE, let's break down the essential information that should be present in a complete software issue:

1. **Steps to reproduce**: This title does not mention any steps or procedures for reproducing the issue.
2. **Expected vs actual behaviour**: The title mentions ""ErrorHandlingCallbacks"", which implies there might be an expectation about how loggers are supposed to behave with these callbacks, but it's not explicitly stated what the expected behavior is compared to the actual behavior observed.
3. **Acceptance criteria**: There's no mention of specific conditions or outcomes that would indicate if the issue has been resolved.
4. **Affected components**: The title mentions ""Loggers"" and ""ErrorHandlingCallbacks"", which are likely components, but it doesn't specify how these components interact or what their roles are in this context.
5. **Environment details**: There's no mention of any specific environment (e.g., development, production, testing) where the issue is observed.

Given that several key pieces of information are missing from this title, I would classify the issue as INCOMPLETE because it lacks essential details for a clear understanding and resolution of the problem.

Final Answer: Yes",3c0bccbaaf15ec5e,llama3.1:8b,0,2026-06-17T12:22:35.285997,project_05,title_only,incompleteness,few_shot_cot
ISSUE-253459,how to implement nested query in java API,0,1,"To determine if this issue is INCOMPLETE, let's analyze the given title:

""how to implement nested query in java API""

Reasoning:

* The title mentions a specific technical requirement (""nested query"") and a programming language (""java"").
* It also specifies the context where this feature should be implemented (""API"").
* However, there is no mention of expected vs actual behavior, steps to reproduce, acceptance criteria, affected components, or environment details.

Based on this analysis, I would conclude that the issue title suggests the issue is INCOMPLETE because it lacks essential information such as expected behavior and possibly other details.

Final Answer: Yes",b89263bd18c84f9e,llama3.1:8b,0,2026-06-17T12:22:37.449709,project_05,title_only,incompleteness,few_shot_cot
ISSUE-255998,Tried to save too large of an object. max size: 2098176,0,1,"To determine if this issue is INCOMPLETE, let's analyze the given title:

1. **Steps to reproduce**: The title mentions ""Tried to save too large of an object"", which implies that someone has attempted to perform a specific action, but it doesn't provide enough detail on how to replicate the issue.
2. **Expected vs actual behaviour**: There is no clear mention of what was expected versus what happened when trying to save the object.
3. **Acceptance criteria**: The title does not specify any acceptance criteria for saving objects of a certain size.
4. **Affected components**: It's unclear which component or system is affected by this issue, as it only mentions an action taken on an object.
5. **Environment details**: There are no environment details provided in the title.

Given these observations, the issue seems to lack essential information for a complete understanding of the problem. Therefore:

Final Answer: Yes",0784071269923556,llama3.1:8b,0,2026-06-17T12:22:40.135467,project_05,title_only,incompleteness,few_shot_cot
ISSUE-254903,REPLICA_ACKNOWLEDGED not working at the time of arbiter Node,0,0,"To determine if this issue is INCOMPLETE, let's analyze the given title:

""REPLICA_ACKNOWLEDGED not working at the time of arbiter Node""

Step 1: **Steps to reproduce** - The title does not explicitly mention steps to reproduce the issue. However, it provides a specific condition (""at the time of arbiter Node""), which might imply that reproducing the issue involves simulating or observing this condition.

Step 2: **Expected vs actual behaviour** - The title mentions ""not working,"" which implies there is an expected behavior (REPLICA_ACKNOWLEDGED should work) and an observed deviation from it. This suggests some understanding of what's supposed to happen versus what's happening.

Step 3: **Acceptance criteria** - There's no explicit mention of acceptance criteria in the title, but given the context, one might infer that successful operation of REPLICA_ACKNOWLEDGED at the specified condition is a criterion for success.

Step 4: **Affected components** - The title mentions ""arbiter Node,"" which suggests a specific component or system affected by this issue. However, it does not explicitly state all affected components.

Step 5: **Environment details** - There's no explicit mention of environment details in the title, but given",53989afc07deb10d,llama3.1:8b,0,2026-06-17T12:22:43.560543,project_05,title_only,incompleteness,few_shot_cot
ISSUE-253040,mavenLocal should be first repository,0,1,"To determine whether this issue is INCOMPLETE, let's analyze the given title:

""mavenLocal should be first repository""

Reasoning:

* The title mentions a specific requirement about Maven repositories, which suggests that it's related to build or dependency management.
* However, there's no indication of steps to reproduce the issue (e.g., ""when I run mvn install"", etc.).
* There's also no mention of expected vs actual behavior, acceptance criteria, affected components, or environment details.

Given this analysis, the title appears to be missing essential information about how to reproduce the issue and what the desired outcome is.

Final Answer: Yes",1acd18808f1c5d90,llama3.1:8b,0,2026-06-17T12:22:45.763132,project_05,title_only,incompleteness,few_shot_cot
ISSUE-255829,Publish maven SNAPSHOTs,0,1,"To determine whether this issue is INCOMPLETE, let's analyze the given title:

""Publish maven SNAPSHOTs""

Reasoning:

* The title mentions a specific action (""Publish"") and a related concept (""maven SNAPSHOTs""), which suggests that it's focused on a particular aspect of the software.
* However, there are no details about:
	+ Steps to reproduce the issue (e.g., what triggers the publishing process)
	+ Expected vs actual behavior (e.g., what happens when publishing fails or succeeds)
	+ Acceptance criteria (e.g., what conditions must be met for the publishing process to be considered successful)
	+ Affected components (e.g., which parts of the software are involved in the publishing process)
	+ Environment details (e.g., specific configurations, dependencies, or external services that might impact the publishing process)

Given this analysis, it appears that the issue title is missing essential information.

Final Answer: Yes",ee5379642f82e176,llama3.1:8b,0,2026-06-17T12:22:48.600801,project_05,title_only,incompleteness,few_shot_cot
ISSUE-253678,Document new Pojo updates,0,1,"To determine if this issue is INCOMPLETE, let's analyze the given title:

""Document new Pojo updates""

Reasoning:

* The title mentions a specific task (""Document"") and refers to a particular entity (""Pojo updates"").
* However, it lacks essential information such as:
	+ Steps to reproduce (how to trigger the update).
	+ Expected vs actual behavior (what should happen after updating the Pojo).
	+ Acceptance criteria (what constitutes a successful update).
	+ Affected components or environment details.

Given that this title is missing crucial information, I conclude:

Final Answer: Yes",4c78e74ae94311ae,llama3.1:8b,0,2026-06-17T12:22:50.729720,project_05,title_only,incompleteness,few_shot_cot
ISSUE-255807,Allow bson decoder per operation (find/cusor),0,1,"To determine if this issue is INCOMPLETE, let's analyze the given title:

""Allow bson decoder per operation (find/cursor)""

Step 1: Does it mention a specific endpoint or component affected by the issue? No.

Step 2: Are there any reproduction steps mentioned in the title? No.

Step 3: Is there an indication of expected vs actual behavior, such as error codes or results? No.

Step 4: Are there any acceptance criteria or requirements for this feature mentioned? No.

Step 5: Does it mention environment details (e.g., specific versions, configurations)? No.

Based on the analysis above, the issue title seems to be missing essential information. It appears to be a high-level request without specifying how it should work, what the expected outcome is, or which components are affected.

Final Answer: Yes",9bf455b131b3d2e4,llama3.1:8b,0,2026-06-17T12:22:53.252584,project_05,title_only,incompleteness,few_shot_cot
ISSUE-252979,Remove CLIRR support from the build,0,1,"To determine whether this issue is INCOMPLETE, let's analyze the given title:

""Remove CLIRR support from the build""

Reasoning:

* The title mentions a specific action (""Remove"") and its target (""CLIRR support""), which implies that it's related to a feature or functionality.
* However, there's no mention of steps to reproduce, expected vs actual behavior, acceptance criteria, affected components, or environment details.

Given this analysis, the issue seems to be missing essential information such as steps to reproduce, expected vs actual behavior, and possibly acceptance criteria. Therefore:

Final Answer: Yes",2dddb8b61ca18577,llama3.1:8b,0,2026-06-17T12:22:55.305711,project_05,title_only,incompleteness,few_shot_cot
ISSUE-252775,Multiple reads of BsonBinary UUID return different results,0,1,"To determine whether this issue is INCOMPLETE, I will analyze the title for essential information such as steps to reproduce, expected vs actual behaviour, acceptance criteria, affected components, or environment details.

The title ""Multiple reads of BsonBinary UUID return different results"" suggests that there might be an inconsistency in how a specific data type (BsonBinary UUID) is being handled. However, it does not explicitly mention:

* Steps to reproduce the issue
* Expected vs actual behavior
* Acceptance criteria
* Affected components or environment details

The title implies a problem with the expected consistency of results when reading BsonBinary UUIDs multiple times, but it lacks specific information about how this inconsistency occurs and what is considered ""different"" in terms of results.

Given that the title does not provide enough context to understand the scope of the issue, its reproduction steps, or any relevant acceptance criteria, I conclude that the issue is likely INCOMPLETE.

Final Answer: Yes",ad3c20a12fe7000a,llama3.1:8b,0,2026-06-17T12:22:58.016634,project_05,title_only,incompleteness,few_shot_cot
ISSUE-254111,Allow setting of standard server selection and server monitoring options in the connection string,0,1,"To determine if this issue is INCOMPLETE, let's analyze the given title:

1. **Steps to reproduce**: The title does not mention any specific steps or scenarios that would trigger the desired functionality.
2. **Expected vs actual behaviour**: There's no clear indication of what the expected outcome should be when setting standard server selection and monitoring options in the connection string.
3. **Acceptance criteria**: While it mentions ""standard server selection"" and ""server monitoring options,"" there's no explicit mention of how these settings would be validated or verified to ensure they meet the requirements.
4. **Affected components**: The title does not specify which components (e.g., UI, backend services) would be impacted by this change.
5. **Environment details**: There is no information about the environment in which this feature should work.

Given that the issue title lacks essential information such as steps to reproduce, expected vs actual behavior, acceptance criteria, affected components, or environment details, I conclude:

Final Answer: Yes",8f3e8d2eac305ca6,llama3.1:8b,0,2026-06-17T12:23:00.874979,project_05,title_only,incompleteness,few_shot_cot
ISSUE-255459,Aggregate and mapReduce commands sent to mongos break when setting read preference,0,0,"To determine if this issue is INCOMPLETE, let's analyze the given title:

1. **Steps to reproduce**: The title mentions specific commands (`Aggregate` and `mapReduce`) that are sent to a particular component (`mongos`). This suggests that the steps to reproduce the issue are at least partially provided.
2. **Expected vs actual behaviour**: Although not explicitly stated, it can be inferred from the context that the expected behavior is for these commands to work as intended when setting a read preference, and the actual behavior is that they break.
3. **Acceptance criteria**: While not directly mentioned in the title, understanding what constitutes ""breaking"" (e.g., error messages, functionality loss) could be inferred from additional information or context, but it's not explicitly stated here.
4. **Affected components**: The affected component (`mongos`) is clearly identified.
5. **Environment details**: Although not specified, it can be assumed that the environment in question is a MongoDB setup.

Given this analysis, while some essential information might be missing (e.g., detailed steps to reproduce, explicit acceptance criteria), the title does provide enough context to suggest that the issue is not entirely INCOMPLETE based on the given criteria. Therefore:

Final Answer: No",5ee32cd168f4c206,llama3.1:8b,0,2026-06-17T12:23:04.287456,project_05,title_only,incompleteness,few_shot_cot
ISSUE-253919,DBCollection.distinct() fails when a null value is in the result,0,0,"To determine whether this issue title suggests that the issue is INCOMPLETE, I will analyze it step by step:

1. **Steps to reproduce**: The title mentions ""fails"" which implies a specific scenario or condition under which the failure occurs. However, it does not explicitly state how to reproduce the issue.
2. **Expected vs actual behaviour**: The title indicates that there's an expected behavior (the method should work) and an observed behavior (it fails). This suggests some understanding of what is supposed to happen.
3. **Acceptance criteria**: There's no explicit mention of acceptance criteria, which are typically used to define the conditions under which a feature or functionality can be considered complete or correct.
4. **Affected components**: The title mentions ""DBCollection.distinct()"", which implies that this method in a database collection is affected. However, it does not specify if other components (like UI elements) might also be impacted indirectly.
5. **Environment details**: There's no mention of specific environment details such as versions of MongoDB or any other software involved.

Given these observations:

- The title suggests there's an issue with the method ""DBCollection.distinct()"", but it lacks explicit steps to reproduce, acceptance criteria, and detailed environment information.
- It implies a failure condition (",fe14ceceabb0182e,llama3.1:8b,0,2026-06-17T12:23:07.792047,project_05,title_only,incompleteness,few_shot_cot
ISSUE-254628,Force slaveOK on a direct connection to a replica set membe,1,1,"To determine if this issue is INCOMPLETE, let's analyze the given title:

""Force slaveOK on a direct connection to a replica set member""

Reasoning:

* The title mentions a specific configuration (""slaveOK"") and its desired state in a particular scenario (""direct connection to a replica set member"").
* However, it does not explicitly mention:
	+ Steps to reproduce this issue (e.g., how to configure the connection).
	+ Expected vs actual behavior (what happens when ""slaveOK"" is forced).
	+ Acceptance criteria (what constitutes success or failure in this scenario).
	+ Affected components (which parts of the system are impacted by this change).
	+ Environment details (specific versions, configurations, etc.).

Given that the title lacks essential information for reproducing and understanding the issue, I conclude:

Final Answer: Yes",2bc818d583e95e3a,llama3.1:8b,0,2026-06-17T12:23:10.381893,project_05,title_only,incompleteness,few_shot_cot
ISSUE-255956,Use weakrefs for static list of Mongo instances,0,1,"To determine whether this issue is INCOMPLETE, let's analyze the given title:

""Use weakrefs for static list of Mongo instances""

Reasoning:

* The title mentions a specific technical solution (""weakrefs"") which implies that the reporter has some understanding of the problem and its context.
* It also specifies the affected component (""static list of Mongo instances""), which is a key piece of information.
* However, there's no mention of expected vs actual behavior, steps to reproduce, acceptance criteria, or environment details.

Based on this analysis, I would conclude that the issue title suggests the issue is INCOMPLETE because it lacks essential information such as expected behavior and possibly other details.

Final Answer: Yes",484fdf84e5a05a35,llama3.1:8b,0,2026-06-17T12:23:12.649154,project_05,title_only,incompleteness,few_shot_cot
ISSUE-253509,Make Java driver spec compliant - FY2019Q2,0,1,"To determine if this issue is INCOMPLETE, let's analyze the given title:

""Make Java driver spec compliant - FY2019Q2""

Reasoning:
- The title mentions a specific goal (""Make Java driver spec compliant""), which implies that there is an expected behavior or outcome.
- It also includes a time frame (""FY2019Q2""), which suggests that there are deadlines or milestones associated with this task.
- However, the title does not explicitly mention steps to reproduce, affected components, environment details, or acceptance criteria.

Based on this analysis, it appears that the issue is missing essential information such as steps to reproduce and acceptance criteria. Therefore:

Final Answer: Yes",1f3e857f2a1d5ad4,llama3.1:8b,0,2026-06-17T12:23:14.967604,project_05,title_only,incompleteness,few_shot_cot
ISSUE-252673,GetMore not closing cursor after exception leading mongos to OOM,0,1,"To determine if this issue is INCOMPLETE, let's break down the information provided in the title:

1. **Problem description**: The issue mentions a specific problem with ""GetMore"" not closing a cursor after an exception occurs, leading to MongoDB running out of memory (OOM).
2. **Contextual details**: It provides context about what happens when this issue occurs (""mongos to OOM""), which suggests there's some understanding of the environment or system affected.
3. **Specificity**: The title is quite specific regarding the action that leads to the problem and its impact, indicating a clear understanding of the expected behavior.

However, upon closer inspection:

- There's no mention of steps to reproduce the issue, which could be crucial for debugging and testing.
- Expected vs actual behavior isn't explicitly stated in terms of what should happen versus what is happening.
- Acceptance criteria are not mentioned, which would define when the feature or fix is considered complete.
- Affected components (beyond mentioning ""mongos"") aren't clearly outlined.
- Environment details beyond the specific MongoDB context (""mongos to OOM"") are not provided.

Given these considerations:

Final Answer: Yes",c649c9d9857f9c4e,llama3.1:8b,0,2026-06-17T12:23:18.211865,project_05,title_only,incompleteness,few_shot_cot
ISSUE-254365,Remove errant Javadoc for w = -1 in WriteConcern constructors.,0,1,"To determine if this issue is INCOMPLETE, let's analyze the given title:

""Remove errant Javadoc for w = -1 in WriteConcern constructors.""

Reasoning:

* The title mentions a specific task: removing Javadoc.
* It specifies the location of the Javadoc: ""in WriteConcern constructors"".
* However, it does not mention:
	+ Steps to reproduce the issue (if any).
	+ Expected vs actual behavior.
	+ Acceptance criteria for what constitutes ""errant"" Javadoc.
	+ Affected components or environment details.

Given that this title is missing essential information such as steps to reproduce and acceptance criteria, I conclude:

Final Answer: Yes",e92b827cd2e09dd3,llama3.1:8b,0,2026-06-17T12:23:20.425027,project_05,title_only,incompleteness,few_shot_cot
ISSUE-253861,Add to Enum<JsonMode>,1,1,"To determine if this issue is INCOMPLETE, let's analyze the given title:

""Add to Enum<JsonMode>""

Reasoning:

* The title mentions a specific action (""Add"") and a related concept (""Enum<JsonMode>""). This suggests that the issue is focused on adding something to an existing enumeration.
* However, there is no mention of:
	+ Steps to reproduce the issue or how to test it
	+ Expected vs actual behavior (e.g., what should happen when this addition is made)
	+ Acceptance criteria for the change
	+ Affected components or environment details

Based on these observations, I conclude that the issue title lacks essential information.

Final Answer: Yes",20fa8b980f79d9ef,llama3.1:8b,0,2026-06-17T12:23:22.742574,project_05,title_only,incompleteness,few_shot_cot
ISSUE-254940,Consider supporting writetimeout for sockets implementations that support it,0,1,"To determine whether this issue is INCOMPLETE, let's analyze the given title:

""Consider supporting writetimeout for sockets implementations that support it""

Reasoning:

* The title mentions a specific feature request (""supporting writetimeout"") which implies some understanding of what is being asked.
* However, there is no mention of:
	+ Steps to reproduce the issue or how to test this new feature
	+ Expected vs actual behavior (what happens when writetimeout is supported?)
	+ Acceptance criteria (how will we know if this feature is implemented correctly?)
	+ Affected components (which parts of the system need to be updated?)
	+ Environment details (are there any specific configurations or scenarios where this feature should work?)

Given that several essential pieces of information are missing, I would conclude that this issue title suggests the issue is INCOMPLETE.

Final Answer: Yes",34e348632bc5c800,llama3.1:8b,0,2026-06-17T12:23:25.455537,project_05,title_only,incompleteness,few_shot_cot
ISSUE-252879,MongoClient.listCollectionNames() returns truncated names,0,0,"To determine if this issue is INCOMPLETE, let's analyze the given title:

1. **Steps to reproduce**: The title mentions a specific method call (`MongoClient.listCollectionNames()`), which implies that reproducing the issue involves calling this method and observing the truncated names.
2. **Expected vs actual behaviour**: Although not explicitly stated, it can be inferred from the context that the expected behavior is for `listCollectionNames()` to return all collection names without truncation, while the actual behavior is returning truncated names.
3. **Acceptance criteria**: While not directly mentioned in the title, one could infer some acceptance criteria based on the problem statement (e.g., ""The method should return all collection names without truncation"").
4. **Affected components**: The affected component is likely a MongoDB-related module or class that uses `MongoClient`.
5. **Environment details**: Although not explicitly stated, it can be inferred that this issue occurs in an environment where MongoDB is being used.

Given the above analysis, I conclude that the issue title provides sufficient information to understand the problem and its context. Therefore:

Final Answer: No",d8b7f19f09a788d7,llama3.1:8b,0,2026-06-17T12:23:28.561415,project_05,title_only,incompleteness,few_shot_cot
ISSUE-255508,Connection timeout is ignored in ConnectionStatus,0,0,"To determine whether this issue title suggests that the issue is INCOMPLETE, I will analyze it step by step:

1. **Steps to reproduce**: The title does not mention any steps to reproduce the issue.
2. **Expected vs actual behaviour**: The title mentions ""Connection timeout is ignored"", which implies there's an expected behavior (timeout should be handled) and an observed deviation from that expectation, but it doesn't explicitly state what the expected behavior is or how it deviates in this case.
3. **Acceptance criteria**: There's no mention of acceptance criteria in the title.
4. **Affected components**: The title mentions ""ConnectionStatus"", which suggests a specific component or module affected by the issue, so there's some information about affected components.
5. **Environment details**: There are no environment-specific details mentioned.

Given these observations:

- Steps to reproduce and expected vs actual behavior could be considered missing for a complete analysis.
- Acceptance criteria is not provided.
- Affected components are somewhat identified but might need further clarification in the description.
- Environment details are not specified.

Therefore, considering the information typically required for an issue to be considered complete, this title suggests that the issue is INCOMPLETE because it lacks essential information such as steps to reproduce and acceptance criteria explicitly",036b476cad852c67,llama3.1:8b,0,2026-06-17T12:23:32.088865,project_05,title_only,incompleteness,few_shot_cot
ISSUE-252730,Test that readPreferenceTags are always interpreted as an array,0,1,"To determine if this issue is INCOMPLETE, let's break down the information provided in the title:

1. **Steps to reproduce**: The title mentions ""Test"", which implies that there might be steps involved in reproducing the issue, but it doesn't explicitly state them.
2. **Expected vs actual behaviour**: There's no clear indication of what is expected versus what actually happens with readPreferenceTags being interpreted as an array.
3. **Acceptance criteria**: The title does not mention any specific acceptance criteria for how readPreferenceTags should be handled or interpreted.
4. **Affected components**: It doesn't specify which components are affected by this issue, making it somewhat vague.
5. **Environment details**: There's no information about the environment in which this issue occurs.

Given these observations, while the title does mention a specific test and implies some form of expected behavior (interpreting readPreferenceTags as an array), it lacks explicit steps to reproduce, acceptance criteria, affected components, and environment details. Therefore, based on the provided analysis:

Final Answer: Yes",96933ceb0b21ee75,llama3.1:8b,0,2026-06-17T12:23:35.115845,project_05,title_only,incompleteness,few_shot_cot
ISSUE-255584,skip() throw exception with the source code version 2.7.2-141,0,-1,"To determine if this issue is INCOMPLETE, let's analyze the given title:

""skip() throw exception with the source code version 2.7.2-141""

Step 1: **Steps to reproduce** - The title mentions a specific action (""throw exception"") and a condition (""with the source code version 2.7.2-141""), which implies that there is some context or steps involved in reproducing this issue.

Step 2: **Expected vs actual behaviour** - Although not explicitly stated, it's implied that the expected behavior is for ""skip()"" to not throw an exception, and the actual behavior is that it does throw one under specific conditions (version 2.7.2-141).

Step 3: **Acceptance criteria** - While there might be more detailed acceptance criteria elsewhere, the title itself implies a condition (""throw exception"") that could be used as part of acceptance criteria.

Step 4: **Affected components** - The mention of ""skip()"" and ""source code version"" suggests that this issue is related to specific parts of the software's functionality or implementation.

Step 5: **Environment details** - Although not explicitly mentioned, the reference to a specific source code version implies some level of environment detail (versioning",3f0e60e29fe20234,llama3.1:8b,0,2026-06-17T12:23:38.510240,project_05,title_only,incompleteness,few_shot_cot
ISSUE-253722,Add more host types to run on in Evergreen,0,1,"To determine if this issue is INCOMPLETE, let's analyze the given title:

""Add more host types to run on in Evergreen""

Reasoning:
- The title mentions a specific feature (""Add more host types"") and its location within the software (""in Evergreen""), which suggests that it's related to a particular component or module.
- However, there is no mention of steps to reproduce the issue, expected vs actual behavior, acceptance criteria, affected components, or environment details.

Based on this analysis, I would conclude that the issue title lacks essential information, making it INCOMPLETE.

Final Answer: Yes",384a6611644239f4,llama3.1:8b,0,2026-06-17T12:23:40.683524,project_05,title_only,incompleteness,few_shot_cot
ISSUE-255096,remove ensureIndex() methods,0,1,"To determine if the issue is INCOMPLETE, I will analyze the given issue title ""remove ensureIndex() methods"" step by step.

1. **Steps to reproduce**: The title does not mention any steps to reproduce the issue or how it can be replicated.
2. **Expected vs actual behaviour**: There's no clear indication of what behavior is expected versus what actually happens when the `ensureIndex()` methods are present or removed.
3. **Acceptance criteria**: The title doesn't specify any acceptance criteria for removing these methods, such as whether they should still work in certain scenarios or if there are specific conditions under which their removal is acceptable.
4. **Affected components**: It's not clear what components of the system would be affected by the removal of `ensureIndex()` methods.
5. **Environment details**: There's no mention of any environment-specific considerations that might impact the decision to remove these methods.

Given this analysis, it appears that the issue title is missing essential information about steps to reproduce, expected vs actual behavior, acceptance criteria, affected components, and environment details.

Final Answer: Yes",4673ad28b199bb96,llama3.1:8b,0,2026-06-17T12:23:43.833065,project_05,title_only,incompleteness,few_shot_cot
ISSUE-252635,Replace default signatory in Gradle signing plugin with notary service,0,1,"To determine if this issue is INCOMPLETE, let's analyze the given title:

""Replace default signatory in Gradle signing plugin with notary service""

Reasoning:
- The title mentions a specific action: replacing the default signatory.
- It also specifies the affected component: ""Gradle signing plugin"".
- Additionally, it provides context about what is being replaced (default signatory) and what it should be replaced with (""notary service"").

However, upon closer inspection, I notice that:
- There's no mention of expected vs actual behavior or any specific requirements for this change.
- Steps to reproduce the issue are not provided.
- Acceptance criteria are missing.
- Affected components (beyond the Gradle signing plugin) and environment details are also absent.

Given these observations, it appears that the title is missing essential information. Therefore:

Final Answer: Yes",a49daccbea501189,llama3.1:8b,0,2026-06-17T12:23:46.430854,project_05,title_only,incompleteness,few_shot_cot
ISSUE-252884,Revert NPE error handling in Reactive Streams driver,0,1,"To determine if this issue is INCOMPLETE, let's break down the information provided:

1. **Steps to reproduce**: Not explicitly mentioned.
2. **Expected vs actual behaviour**: The title mentions ""Revert NPE error handling"", which implies there was an existing issue with NPE (Null Pointer Exception) error handling in Reactive Streams driver that needs to be reverted, but it doesn't specify what the expected behavior should be after reverting or how it differs from the current actual behavior.
3. **Acceptance criteria**: Not mentioned.
4. **Affected components**: The title mentions ""Reactive Streams driver"", which is a specific component, so this information is provided.
5. **Environment details**: Not explicitly mentioned.

Given these points, while the issue title does mention a specific component (Reactive Streams driver) that is affected, it lacks essential information such as steps to reproduce and expected vs actual behavior. Therefore, based on the criteria for an INCOMPLETE issue, this one would be considered incomplete because it doesn't provide enough detail for someone to understand how to resolve or verify the resolution of the issue.

Final Answer: Yes",a6835124ad7c496e,llama3.1:8b,0,2026-06-17T12:23:49.535135,project_05,title_only,incompleteness,few_shot_cot
ISSUE-252572,Median and Percentile Accumulators,1,1,"To determine whether this issue is INCOMPLETE, I will analyze the title for essential information such as steps to reproduce, expected vs actual behaviour, acceptance criteria, affected components, or environment details.

The title ""Median and Percentile Accumulators"" suggests that it's related to a specific feature or functionality within the software. However, it doesn't provide any context about:

* Steps to reproduce: There is no indication of how this accumulator works or what triggers its calculation.
* Expected vs actual behaviour: The title does not mention what the expected outcome should be or if there are any discrepancies in the current implementation.
* Acceptance criteria: There's no clear statement on what constitutes a successful implementation of median and percentile accumulators.
* Affected components: It doesn't specify which parts of the system would be impacted by this feature.
* Environment details: The title does not provide information about the environment where this accumulator is supposed to work.

Given that the title lacks essential information, I conclude that it suggests the issue is INCOMPLETE.

Final Answer: Yes",22494fc5cd28ec2d,llama3.1:8b,0,2026-06-17T12:23:52.484624,project_05,title_only,incompleteness,few_shot_cot
ISSUE-254092,DBCollection aggregate methods that take AggregationOptions fail to set slaveOk bit when read preference demands it,0,0,"To determine whether this issue is INCOMPLETE, let's analyze the given title:

1. **Steps to reproduce**: The title does not explicitly mention steps to reproduce the issue.
2. **Expected vs actual behaviour**: The title mentions a specific behavior related to ""slaveOk bit"" and ""read preference demands it,"" which implies there might be an expected behavior (the slaveOk bit being set) that is not met, but this is somewhat implicit in the description of the problem rather than explicitly stated.
3. **Acceptance criteria**: There's no mention of acceptance criteria directly in the title.
4. **Affected components**: The term ""DBCollections"" and ""AggregationOptions"" suggests specific components or classes involved, which could be considered as part of the affected components.
5. **Environment details**: There are no explicit environment details mentioned.

Given this analysis:

- While there's an implicit mention of expected behavior in the description of the problem, it's not explicitly stated like in a complete issue report.
- Acceptance criteria and steps to reproduce are missing or at least not clearly outlined.
- Affected components might be somewhat inferred but could benefit from more clarity.

Therefore, considering these points, I would classify this issue as INCOMPLETE because it lacks explicit information on steps to",a57d2a4217f34239,llama3.1:8b,0,2026-06-17T12:23:55.910653,project_05,title_only,incompleteness,few_shot_cot
ISSUE-252719,Add tests for allowed cases when authSource is given but username is not,0,1,"To determine if this issue title suggests that the issue is INCOMPLETE, I will analyze it step by step:

1. **Steps to reproduce**: The title does not mention any steps to reproduce the scenario.
2. **Expected vs actual behaviour**: There's no clear indication of what the expected behavior should be when ""authSource"" is given but ""username"" is not.
3. **Acceptance criteria**: While it mentions a specific condition (""allowed cases""), there's no explicit statement of what constitutes an ""allowed case.""
4. **Affected components**: The title does not specify which components or modules are affected by this issue.
5. **Environment details**: There's no mention of the environment in which this issue occurs.

Given that several essential pieces of information are missing, I conclude that the issue is likely INCOMPLETE based on the provided analysis.

Final Answer: Yes",bff5637473ef66c8,llama3.1:8b,0,2026-06-17T12:23:58.570658,project_05,title_only,incompleteness,few_shot_cot
ISSUE-254567,Regression applying read preference with tag set,0,1,"To determine if this issue is INCOMPLETE, let's analyze the given title:

""Regression applying read preference with tag set""

Reasoning:

* The title mentions a specific scenario (""Regression"") which implies that there's an existing functionality or behavior that's not working as expected.
* It also mentions ""read preference"", which suggests that it's related to data retrieval or query performance.
* However, the title doesn't provide any information about:
	+ Expected vs actual behaviour
	+ Steps to reproduce the issue
	+ Affected components (e.g., database, application layer)
	+ Environment details (e.g., specific versions, configurations)

Given that the title lacks essential information such as steps to reproduce and expected/actual behavior, I would conclude that this issue is INCOMPLETE.

Final Answer: Yes",e914bd96b7b8b256,llama3.1:8b,0,2026-06-17T12:24:01.095572,project_05,title_only,incompleteness,few_shot_cot
ISSUE-253271,"Remove QueryBatchCursorFunctionalSpecification """"should get more from a secondary"""" test",0,1,"To determine if this issue is INCOMPLETE, let's analyze the given title:

""Remove QueryBatchCursorFunctionalSpecification """"should get more from a secondary"""" test""

Step 1: The title mentions a specific test to be removed. This implies that there might be some context about what this test does and why it needs to be removed.

Step 2: However, upon closer inspection, the title seems to lack essential information such as:
- Steps to reproduce the issue or the scenario where this test is failing.
- Expected vs actual behavior of the system when this test is executed.
- Acceptance criteria for removing this specific test.
- Affected components or environment details.

Given that the title does not provide any reproduction steps, expected/actual behavior, acceptance criteria, affected components, or environment details, it suggests that the issue might be INCOMPLETE.

Final Answer: Yes",60e06b835ef1b28c,llama3.1:8b,0,2026-06-17T12:24:03.707165,project_05,title_only,incompleteness,few_shot_cot
ISSUE-255652,Driver does not support field negation,0,1,"To determine whether this issue is INCOMPLETE, let's analyze the given title:

""Driver does not support field negation""

Step 1: Does the title mention any specific steps to reproduce the issue? No.

Step 2: Is there any information about expected vs actual behavior? The title only states what happens (the driver doesn't support something), but it doesn't provide context or expectations.

Step 3: Are there any acceptance criteria mentioned in the title? No.

Step 4: Does the title mention which components are affected by this issue? No.

Step 5: Is there any information about the environment where this issue occurs (e.g., specific version, platform)? No.

Based on these steps, it appears that the issue is missing essential information such as steps to reproduce and expected vs actual behavior. Therefore:

Final Answer: Yes",14eaed176a1c4d08,llama3.1:8b,0,2026-06-17T12:24:06.337594,project_05,title_only,incompleteness,few_shot_cot
ISSUE-252711,Support package scanning for Discriminators,0,1,"To determine whether this issue is INCOMPLETE, let's analyze the given title:

""Support package scanning for Discriminators""

Reasoning:

* The title mentions a specific feature or functionality (""package scanning"") and its relation to another concept (""Discriminators"").
* However, it does not provide any information about:
	+ Steps to reproduce the issue
	+ Expected vs actual behavior
	+ Acceptance criteria
	+ Affected components
	+ Environment details

Based on this analysis, I would conclude that the issue is missing essential information.

Final Answer: Yes",09655395a81bf757,llama3.1:8b,0,2026-06-17T12:24:08.565655,project_05,title_only,incompleteness,few_shot_cot
ISSUE-254972,Remove deprecated methods from MapReduceOutput,0,1,"To determine whether this issue is INCOMPLETE, let's analyze the given title:

""Remove deprecated methods from MapReduceOutput""

Reasoning:

* The title mentions a specific action (""Remove"") and its target (""deprecated methods"").
* It also specifies the affected component (""MapReduceOutput""), which implies that it's related to a particular part of the system.
* However, there is no mention of expected vs actual behavior, steps to reproduce, acceptance criteria, or environment details.

Based on this analysis, I would say that the issue title is missing essential information such as expected vs actual behavior and possibly steps to reproduce. Therefore:

Final Answer: Yes",331c4d90da3cb8fa,llama3.1:8b,0,2026-06-17T12:24:10.875215,project_05,title_only,incompleteness,few_shot_cot
ISSUE-255595,Add getters/setters to MongoOptions class,0,1,"To determine if this issue is INCOMPLETE, let's analyze the given title:

1. **Steps to reproduce**: The title doesn't mention any steps to reproduce the issue or scenario.
2. **Expected vs actual behaviour**: There's no mention of what behavior is expected versus what actually happens when getters/setters are added to the MongoOptions class.
3. **Acceptance criteria**: The title does not specify any acceptance criteria for this feature request.
4. **Affected components**: While it mentions a specific class (MongoOptions), it doesn't provide enough context about which other components might be affected by adding these features.
5. **Environment details**: There's no mention of the environment in which this issue is occurring or should be tested.

Given that several essential pieces of information are missing from the title, I conclude:

Final Answer: Yes",4ded70baba7918a5,llama3.1:8b,0,2026-06-17T12:24:13.479269,project_05,title_only,incompleteness,few_shot_cot
ISSUE-254357,Add .save and .saveMany to MongoCollection,0,1,"To determine if this issue is INCOMPLETE, let's analyze the given title:

""Add .save and .saveMany to MongoCollection""

Reasoning:
- The title mentions specific methods (.save and .saveMany) that are being requested for a particular class (MongoCollection).
- It does not mention steps to reproduce the issue or expected vs actual behavior.
- There is no indication of affected components, environment details, or acceptance criteria.

Given this analysis, it appears the issue lacks essential information such as steps to reproduce and expected vs actual behavior. However, considering the specificity of the request (adding specific methods), one might argue that the missing information could be inferred from context or additional description not provided here.

But since we are strictly following the guidelines without access to a description, and based on the title alone, it seems incomplete due to the lack of reproduction steps and expected behavior. However, this is a borderline case where more context would clarify whether it's truly INCOMPLETE as per our strict criteria.

Final Answer: Yes",45ff9c9c944b55cb,llama3.1:8b,0,2026-06-17T12:24:16.440211,project_05,title_only,incompleteness,few_shot_cot
ISSUE-253658,Name driver modules using Automatic-Module-Name,0,1,"To determine whether this issue is INCOMPLETE, let's analyze the given title:

""Name driver modules using Automatic-Module-Name""

Reasoning:

* The title mentions a specific requirement related to naming driver modules.
* It specifies the use of ""Automatic-Module-Name"", which implies a particular approach or standard being followed.
* However, there is no mention of steps to reproduce, expected vs actual behavior, acceptance criteria, affected components, or environment details.

Based on this analysis, it appears that the issue title lacks essential information such as reproduction steps and acceptance criteria. Therefore:

Final Answer: Yes",9a83392fa5f84d81,llama3.1:8b,0,2026-06-17T12:24:18.520713,project_05,title_only,incompleteness,few_shot_cot
ISSUE-254032,GridFSDownloadStream - exception when destination buffer size != file chunk size,0,1,"To determine if this issue is INCOMPLETE, let's analyze the given title:

1. **Steps to reproduce**: The title mentions a specific scenario (""exception when destination buffer size != file chunk size""), which implies that someone has already identified the steps to reproduce the issue.
2. **Expected vs actual behaviour**: Although not explicitly stated, it can be inferred from the title that there is an expected behavior (the download should work) and an actual behavior (an exception occurs).
3. **Acceptance criteria**: There's no explicit mention of acceptance criteria in the title, but given the technical nature of the issue, it might be assumed that someone has already defined them.
4. **Affected components**: The title mentions a specific class (`GridFSDownloadStream`), which implies that this component is affected.
5. **Environment details**: There's no explicit mention of environment details in the title.

Based on these observations:

- Steps to reproduce are implied, but not explicitly stated (missing).
- Expected vs actual behavior can be inferred from the title.
- Acceptance criteria might be assumed, but it's better to have them explicitly stated.
- Affected components are mentioned.
- Environment details are missing.

Given that some essential information is missing, I conclude:

Final Answer: Yes",272eb1cbb4f3bb0a,llama3.1:8b,0,2026-06-17T12:24:21.953500,project_05,title_only,incompleteness,few_shot_cot
ISSUE-256021,JSON.parse() and serialize() do not preserve the _id field across serializations as expected,0,-1,"To determine whether this issue is INCOMPLETE, let's break down the information provided in the title:

1. **Problem statement**: The issue mentions a specific problem with JSON.parse() and serialize() not preserving the _id field as expected.
2. **Expected vs Actual Behaviour**: The title clearly states what is expected (preservation of the _id field) and what actually happens (it does not get preserved).
3. **Steps to reproduce** are not explicitly mentioned, but given the nature of the issue, it's likely that reproducing this involves testing serialization and parsing with a specific JSON object containing an _id field.
4. **Affected components**: While not explicitly stated, based on the functions involved (JSON.parse() and serialize()), we can infer that these are likely part of a JavaScript library or framework used for data serialization and deserialization.
5. **Environment details** are also not mentioned but could be inferred from the context in which this issue arises.

Given this analysis, the title provides enough information to understand the problem, what is expected versus actual behavior, and suggests that it involves specific functions within a likely JavaScript environment. Therefore, based on the provided criteria for an INCOMPLETE issue (missing essential information such as steps to reproduce, expected vs actual behaviour, acceptance",e1719ac99fc83f67,llama3.1:8b,0,2026-06-17T12:24:25.465959,project_05,title_only,incompleteness,few_shot_cot
ISSUE-254447,Improve runCommand API documentation,0,1,"To determine if this issue is INCOMPLETE, let's analyze the given title:

""Improve runCommand API documentation""

Reasoning:

* The title mentions a specific action (""Improve"") and a clear target (""runCommand API documentation"").
* There is no mention of steps to reproduce, expected vs actual behavior, acceptance criteria, affected components, or environment details.
* However, it does specify what needs improvement (documentation), which implies that the issue has some context.

Considering these points, I would say that this issue title suggests the issue is INCOMPLETE because it lacks essential information such as reproduction steps, expected behavior, and possibly acceptance criteria. The focus is on improving documentation, but without more context or details, it's hard to determine what exactly needs improvement.

Final Answer: Yes",c54ce2257e466ece,llama3.1:8b,0,2026-06-17T12:24:28.015028,project_05,title_only,incompleteness,few_shot_cot
ISSUE-255432,Binary class should implements equals and hashCode,0,1,"To determine whether this issue is INCOMPLETE, let's analyze the given title:

""Binary class should implement equals and hashCode""

Reasoning:

* The title mentions a specific requirement for a binary class to implement two methods: equals and hashCode.
* However, it does not provide any information about:
	+ Steps to reproduce the issue or how to test this implementation
	+ Expected vs actual behavior (e.g., what happens if these methods are not implemented)
	+ Acceptance criteria (e.g., what specific conditions must be met for the implementation to be considered correct)
	+ Affected components or environment details

Based on this analysis, I conclude that the issue title is missing essential information.

Final Answer: Yes",a9ae7efedbeb5df6,llama3.1:8b,0,2026-06-17T12:24:30.337728,project_05,title_only,incompleteness,few_shot_cot
ISSUE-253042,Java driver 3.11 page still says 3.10,0,1,"To determine if this issue is INCOMPLETE, let's analyze the given title:

""Java driver 3.11 page still says 3.10""

Reasoning:
- The title mentions a specific version of the Java driver and its expected behavior (the page should show the correct version).
- It implies that there might be an error or discrepancy in the display of the version.
- However, it lacks essential information such as steps to reproduce the issue, what is the expected behavior versus the actual behavior observed, acceptance criteria for resolving this issue, affected components, and environment details.

Given these considerations, I conclude that the issue title suggests the issue is INCOMPLETE because it does not provide enough detail about how to reproduce the problem or what exactly constitutes a resolution.

Final Answer: Yes",1f216994c1ce475e,llama3.1:8b,0,2026-06-17T12:24:32.764548,project_05,title_only,incompleteness,few_shot_cot
ISSUE-253390,Change Stream startAtOperationTime MongoCommandException,0,1,"To determine if this issue is INCOMPLETE, let's analyze the given title:

""Change Stream startAtOperationTime MongoCommandException""

Reasoning:

* The title mentions a specific error (""MongoCommandException""), which suggests that there might be some reproduction steps involved.
* It also mentions ""startAtOperationTime"", which could imply that there are certain expectations around how this feature should behave.
* However, the title does not explicitly mention any acceptance criteria, affected components, or environment details.

Based on these observations, I would say that the issue is missing essential information such as steps to reproduce, expected vs actual behaviour, and possibly some other details. Therefore:

Final Answer: Yes",d8296dd1eb9ae0ca,llama3.1:8b,0,2026-06-17T12:24:34.928200,project_05,title_only,incompleteness,few_shot_cot
