issue_id,title,ground_truth,prediction,raw_response,prompt_hash,model_version,temperature,timestamp_utc,project,input_mode,task,strategy
ISSUE-207056,Build badges in several github repos have stopped working,0,1,"Here's my analysis of the issue:

* The title mentions that ""build badges in several github repos have stopped working"", which is a clear problem statement.
* However, upon reading the description, I notice that it mentions an attached image, but does not specify what exactly is wrong with the build badges. Is it a rendering issue? A configuration error? Something else?
* The description also mentions ""the migration to ci.evernym.com"", which implies that there may be some context or background information necessary to understand the problem.
* Furthermore, the description jumps between two different topics: updating the readme.md files and adding build badges for stable branches. This suggests that the issue has unclear scope and multiple related but distinct problems.
* Finally, I notice that the description does not provide any specific details about what is expected to happen with the build badges or how they should be updated.

Based on these observations, I conclude that the issue is ambiguous due to its use of vague language, lack of clear context, unclear scope, and multiple possible interpretations.

Final Answer: Yes",4f6f09ee2a7a8f43,llama3.1:8b,0,2026-06-17T10:59:54.953629,project_03,title_desc,ambiguity,few_shot_cot
ISSUE-206571,Indy-sdk integration,0,1,"Here's the step-by-step reasoning:

* The issue title ""Indy-sdk integration"" is clear about what needs to be done.
* However, the description lacks specific context and requirements. It mentions two versions of 'client' code but doesn't specify how they are currently being used or what exactly needs to be integrated with indy-sdk.
* There's no mention of any specific functionality, component, or behavior that needs to be changed or improved.
* The description also uses vague language (""possibly integrate it into current CLI"") which suggests that the scope and approach are not clearly defined.

Based on these observations, I conclude that the issue is ambiguous because it lacks clear context, has unclear scope, and can be interpreted in multiple ways.

Final Answer: Yes",ca8cc5d9149117da,llama3.1:8b,0,2026-06-17T10:59:57.421975,project_03,title_desc,ambiguity,few_shot_cot
ISSUE-205754,Assist EV QA,0,1,"Here's my analysis:

* The issue title ""Assist EV QA"" is clear about what needs to be done, but it doesn't specify who will be doing the assisting or what specific tasks are involved.
* The description mentions that the Evernym Indy Node team will assist other teams with QA tasks, but it doesn't provide any context about why this assistance is needed or what problems it's intended to solve.
* The acceptance criteria list several specific tasks that need to be completed, including running QA scripts and providing feedback on testing instructions. However, these tasks are not clearly linked back to the original issue statement.
* The description also mentions that part of the day should be spent doing structured QA and part should be spent doing exploratory testing, but it's unclear what specific goals or outcomes are expected from this activity.
* Overall, while the acceptance criteria provide some clarity on what needs to be done, the issue as a whole still lacks clear context and scope.

Final Answer: Yes",20309e3aa58c5cfa,llama3.1:8b,0,2026-06-17T11:00:00.296283,project_03,title_desc,ambiguity,few_shot_cot
ISSUE-206786,I should be able to load a .sovrin file from a URL directly into the CLI,0,1,"Here's my step-by-step reasoning:

* The issue title mentions a specific feature request: ""loading a .sovrin file from a URL directly into the CLI"". This suggests that the issue is focused on a particular aspect of the software.
* However, upon reading the description, I notice that it references an external person (""From James"") and uses colloquial language (""awkward""). This could indicate that the issue may not be clearly defined or may have unclear context.
* The description also mentions a specific use case (""downloading .sovrin files before they can be opened by the CLI""), but it's not entirely clear what the expected behavior should be in this scenario. Is the goal to eliminate the need for downloading altogether, or is there another requirement at play?
* Upon closer inspection, I notice that the description uses a subjective term (""awkward"") to describe the current process. This could indicate that the issue may have multiple interpretations depending on individual perspectives.
* Overall, while the issue title suggests a clear feature request, the description raises questions about the expected behavior and context, which could lead to ambiguity in interpretation.

Final Answer: Yes",747674f09152e864,llama3.1:8b,0,2026-06-17T11:00:03.542249,project_03,title_desc,ambiguity,few_shot_cot
ISSUE-206184,Configurations should contain certain version of pip,0,1,"Here's the step-by-step reasoning:

* The issue title is specific and clearly states what needs to be fixed (""Configurations should contain certain version of pip"").
* However, upon reading the description, it appears that the problem is a stack trace from a Python script, indicating a more complex technical issue.
* The description does not provide clear context about which configuration or component is affected by the pip version issue.
* The error message mentions an AttributeError in the `pip` module, but it's unclear what specific version of pip is expected to be used and why the current version is causing issues.
* Overall, while the title is clear, the description lacks specificity and context about the exact problem, making it difficult to interpret.

Final Answer: Yes",5e6804fc8e233037,llama3.1:8b,0,2026-06-17T11:00:06.076062,project_03,title_desc,ambiguity,few_shot_cot
ISSUE-205916,read_ledger tool is not able to read the sovrin plugin ledger,0,0,"Here's my analysis of the issue:

* The issue title clearly states a specific problem with a specific tool and plugin.
* However, upon reading the description, I notice that it provides a detailed solution to the problem, including code snippets. This suggests that the issue is not just about reporting a bug, but also about providing a fix.
* The solution provided seems to be a patch or a workaround for the issue, rather than a clear explanation of what's causing the problem in the first place.
* There's no mention of any specific requirements, constraints, or context that might help understand why this is an issue. It appears to be a straightforward bug report with a proposed fix.
* However, upon closer inspection, I notice that the description does not clearly explain what the ""accepted --type"" parameter is, or how it relates to the rest of the code. This could potentially lead to confusion about the solution.

Based on these observations, I would conclude that the issue is ambiguous because:

* The description provides a solution without explaining the problem in detail.
* There's no clear explanation of what the ""accepted --type"" parameter is or how it relates to the rest of the code.
* This could lead to confusion about the root cause of the issue and whether the proposed",bb2d16b125020121,llama3.1:8b,0,2026-06-17T11:00:09.678160,project_03,title_desc,ambiguity,few_shot_cot
ISSUE-206000,AttributeError: 'NoneType' object has no attribute 'request' during load,0,0,"Here's the step-by-step reasoning:

* The issue title clearly describes a specific error that occurred during load testing.
* The steps to reproduce are detailed and include specific commands and parameters used in the test.
* The actual results are also described in detail, including the expected outcome (pool finishing catchup) and the observed behavior (pool stopping writing after 11k txns).
* However, upon closer inspection, I notice that the issue description does not explicitly state what is expected to happen when a 'NoneType' object has no attribute 'request'. It seems to assume that the reader is familiar with this specific error condition.
* Nevertheless, the additional information provided (logs available on LogProcessor) suggests that further investigation and analysis are required to fully understand the issue.

Final Answer: No",8b212a6d416ad3c4,llama3.1:8b,0,2026-06-17T11:00:12.145987,project_03,title_desc,ambiguity,few_shot_cot
ISSUE-207179,Make sure Nodes upgrade eagerly,0,1,"Here's my step-by-step reasoning:

* The issue title ""Make sure Nodes upgrade eagerly"" suggests that there might be some ambiguity around what ""eagerly"" means in this context.
* The description mentions a specific conversation between jlaw and possibly another person, but it doesn't provide clear context about the problem or its scope. It seems to be more of an informal discussion rather than a formal issue report.
* The description also uses vague language such as ""possibly a new story"", which suggests that there might not be a clear understanding of what needs to be done.
* Upon closer reading, it's not entirely clear what the expected behavior is when a node processes an upgrade transaction. Is it supposed to schedule it immediately if the date/time is in the past? Or does it need to wait for some other condition?
* The description also mentions ""possibly a new story"", which implies that there might be multiple ways to interpret this issue or that it's not well-defined.

Final Answer: Yes",cfbb2ec84209dedd,llama3.1:8b,0,2026-06-17T11:00:15.157370,project_03,title_desc,ambiguity,few_shot_cot
ISSUE-207175,Testing: do a lot of concurrent writes and reads to same values,0,-1,"Here's my step-by-step reasoning:

• The issue title mentions a specific testing scenario involving concurrent writes and reads to the same values. This provides some context about what is being tested.
• However, upon reading the description, I notice that it starts with ""*Description*"" which seems like an incomplete or unclear statement. It appears that there was supposed to be more text here, but it's missing.
• The description also mentions ""*Do a lot of concurrent writes and reads to same values (like change verkey from different clients and read in parallel).*"" This part is somewhat clear, but the use of ""like"" suggests that this is an example or analogy rather than a precise specification. It's not entirely clear what specific behavior is being tested.
• The description also mentions ""*Write test scripts for performing this scenario.*"", which implies that the tester needs to create custom test scripts to perform this testing. This could lead to multiple interpretations of how the testing should be done.
• Finally, the description mentions ""*Found the following bugs using the tests written in scope of this ticket: INDY-354, INDY-355.*"" This suggests that the issue is not just about writing new test scripts, but also about identifying and reporting existing bugs. However, it's unclear what",cf82ba8d26dd4613,llama3.1:8b,0,2026-06-17T11:00:18.582655,project_03,title_desc,ambiguity,few_shot_cot
ISSUE-205301,Responses to client validator info requests very slow on a StagingNet node,0,1,"Here's the step-by-step analysis:

* The issue description mentions a specific node (sovrin.sicpa.com) and a specific command (validator-info), which provides some context.
* However, the description also uses vague language (""very slow"", ""much slower than all other nodes"") without providing any concrete metrics or baselines to compare against.
* Additionally, the issue is not clearly scoped - it's not clear what exactly is being asked for: is it a fix for the validator-info command only, or a broader performance improvement?
* The description also mentions that the steward has provided some diagnostics (top and free commands), but these are not included in the issue description itself.
* Finally, the description asks for suggestions to explain the behavior, which implies that there may be multiple possible causes for the slow response.

Based on this analysis, I would conclude that the issue is AMBIGUOUS because it uses vague language, lacks clear context, and has unclear scope.

Final Answer: Yes",bfba53f8a7f43336,llama3.1:8b,0,2026-06-17T11:00:21.972183,project_03,title_desc,ambiguity,few_shot_cot
ISSUE-206412,Create Entity Relationship Diagram of current ledger objects including primary and secondary keys used to link each object together.,0,1,"Here's my step-by-step reasoning:

* The issue title is clear and specific about creating an Entity Relationship Diagram (ERD) for a particular set of ledger objects.
* However, the description uses some vague language, such as ""especially important"" and ""properly formed"", which could be interpreted in multiple ways.
* Additionally, the description mentions several specific components (schema, claim definition, revocation registry, etc.) that need to be included in the ERD, but it's not clear why these particular components are relevant or what their relationships with each other should be.
* The description also mentions ""main use cases"" and ""libindy"", which suggests that there may be some external context or requirements that are not clearly specified in the issue itself.
* Overall, while the issue title is specific, the description uses language that could be interpreted in multiple ways, and lacks clear context and scope.

Final Answer: Yes",5fdb0e16874f6be9,llama3.1:8b,0,2026-06-17T11:00:24.867752,project_03,title_desc,ambiguity,few_shot_cot
ISSUE-206580,Explore: Can doing a ping in the Getting Started Tutorial delete the active wallet,0,1,"Here's the step-by-step reasoning:

* The issue title ""Explore: Can doing a ping in the Getting Started Tutorial delete the active wallet"" suggests that it's an exploratory investigation rather than a clear problem statement.
* The description mentions that someone tried running a command 'ping Acme Corp' and their active wallet was deleted, but this is presented as an observation rather than a specific problem or requirement.
* There is no clear context about what the expected behavior should be when running the ping command in the Getting Started Tutorial. Is it intended to delete the active wallet? Should it not delete the active wallet?
* The issue description also mentions that they need to ""verify this issue and log a bug if one is found"", which implies that there may be multiple possible interpretations of what's happening.
* Overall, the language used in the issue description is vague and lacks clear context, making it difficult to determine what exactly needs to be investigated or fixed.

Final Answer: Yes",3689c924a6a6bb4b,llama3.1:8b,0,2026-06-17T11:00:27.763617,project_03,title_desc,ambiguity,few_shot_cot
ISSUE-206497,Unclear messages appear during reading transactions,0,-1,"Here's my step-by-step analysis:

* The issue title is clear: ""Unclear messages appear during reading transactions"". This suggests that there is a specific problem with the behavior of the system.
* However, upon reviewing the description, I notice that it contains a lot of extraneous information. There are steps to reproduce the issue, but they seem to be more like a tutorial on how to set up the environment rather than a concise guide to reproducing the problem. This makes me wonder if the issue is well-defined.
* The actual results section shows a large amount of output from the CLI, which appears to be related to the problem. However, it's not clear what specific behavior or error message is being reported as unclear.
* The expected results section mentions that ""messages are strange and useless"", but this seems like a subjective interpretation rather than a clear description of what should happen instead.
* Upon reviewing the entire issue description, I notice that there are multiple questions and statements that seem to be asking for clarification or additional information. For example, the question about whether pool_transactions_genesis and domain_transactions_genesis are not enough for correct validation of blskeys on CLI side seems like a separate issue from the original problem.

Based on this analysis, I conclude that the issue",d540e6aee2f083a0,llama3.1:8b,0,2026-06-17T11:00:31.875856,project_03,title_desc,ambiguity,few_shot_cot
ISSUE-205266,1.10.0 Release,0,1,"Here's my step-by-step reasoning:

* The issue description is quite long and contains multiple tasks, such as releasing code, preparing documentation, and updating JIRA. This suggests that the scope of the issue may be unclear.
* Upon closer inspection, I notice that some of the tasks are not clearly prioritized or sequenced. For example, it's not clear whether ""Release everything that is ready"" should happen before or after reviewing upstream releases.
* The description also uses vague language, such as ""everything that is ready"". This phrase could be interpreted in many ways, and it's unclear what specific criteria are being used to determine what code is ready for release.
* Additionally, the issue description assumes a certain level of knowledge about the development process and tools (e.g. CI/CD, GitHub releases). This may not be clear to all stakeholders or team members who need to work on this issue.
* Overall, I think these issues with clarity, scope, and language suggest that the issue is ambiguous.

Final Answer: Yes",db2e497f1bb5602d,llama3.1:8b,0,2026-06-17T11:00:35.237358,project_03,title_desc,ambiguity,few_shot_cot
ISSUE-206591,Incubation: Remove all non-Indy branding from indy-anoncreds repo,0,1,"Here's the step-by-step reasoning:

* The issue title mentions ""Incubation"", which implies that this is a specific phase or stage of development. However, it doesn't specify what exactly needs to be done during this incubation period.
* The description lists several items that need to be removed from the indy-anoncreds repo, but it's not clear why these specific items were chosen or what the criteria are for determining which branding and names are ""non-Indy"".
* The description also mentions a specific goal of making full-text search return nothing for Sovrin and Evernym. However, this is more of a desired outcome rather than a clear requirement.
* Upon closer inspection, it seems that the issue is trying to remove any branding or references that are not related to Indy, but the language used is still somewhat vague and open to interpretation.
* The description also assumes some knowledge about the project's context and goals, which may not be shared by all stakeholders.

Final Answer: Yes",b85decc42d708538,llama3.1:8b,0,2026-06-17T11:00:38.147160,project_03,title_desc,ambiguity,few_shot_cot
ISSUE-207055,Make the tests working using pure pytest,0,1,"Here's my step-by-step reasoning:

* The issue description mentions two options for handling the runner.py script: storing it in each repo or in a common repo. However, these options are presented as disadvantages rather than solutions.
* The description also suggests that the solution is to ""make the tests working using just the `pytest` commands"", but this statement is vague and doesn't specify what exactly needs to be done to achieve this.
* There is no clear context or scope for the issue. What specific tests are we talking about? Are they unit tests, integration tests, or something else?
* The description mentions two environments (CI and developer environment) where the solution should work, but it's not clear what exactly needs to be done to make it work in these environments.
* Overall, the description uses vague language (""make the tests working"") and lacks clear context and scope.

Final Answer: Yes",aa50ca3d100256ec,llama3.1:8b,0,2026-06-17T11:00:40.864521,project_03,title_desc,ambiguity,few_shot_cot
ISSUE-206198,The node blacklisted the remaining nodes during network problems,0,1,"Here's the step-by-step reasoning:

* The issue title mentions ""node blacklisted"" which is a specific action, but it's not clear what this means in terms of behavior or functionality. Is it an error condition? A security feature?
* The description provides steps to reproduce the issue, which is good for clarity. However, the language used is still somewhat vague - what does it mean for ""node1, node2, node3"" to be ""blacklisted""? How does this affect their behavior in the pool?
* The description also mentions a script (suppressor.sh) that was applied to certain nodes, but it's not clear why this script was necessary or how it relates to the issue at hand.
* The actual results section describes some unexpected behavior with the pool and node connections, but again, the language is somewhat vague - what does it mean for ""node1, node2, node3"" to be unable to ""catch up with the pool""?
* Overall, while the description provides some context and steps to reproduce the issue, the language used is still somewhat ambiguous and open to interpretation.

Final Answer: Yes",dd75f4b538dbfd61,llama3.1:8b,0,2026-06-17T11:00:44.116156,project_03,title_desc,ambiguity,few_shot_cot
ISSUE-205670,Tests using the sdk fail on the master branch,0,-1,"Here's my step-by-step reasoning:

* The issue description provides specific details about the problem: it mentions the exact file and line where the error occurs, the condition under which the problem happens (tests on the master branch), and even includes a stack trace. This suggests that the issue is not vague.
* However, upon closer inspection, I notice that the issue description also includes some extraneous information about the genesis files and their formats. While this provides context, it's not directly relevant to the problem at hand (the error in the indy-sdk).
* The issue description does mention a specific library (libsodium) and its version, but it's unclear whether this is the root cause of the problem or just a related factor.
* The question posed by the user (""do I need a newer version of libsodium for crypto_pwhash?"") suggests that there may be some ambiguity about what exactly needs to be fixed.
* However, upon reviewing the entire description again, I notice that it's actually quite clear: the problem is with the indy-sdk not being able to parse new transaction formats, and this is related to a specific error message involving libsodium. The user is asking for clarification on whether they need an updated version of libsodium.

Final Answer:",67b4482c96f9412f,llama3.1:8b,0,2026-06-17T11:00:47.751287,project_03,title_desc,ambiguity,few_shot_cot
ISSUE-205185,Write a script to upgrade audit ledger for the new state recovered from ledger,0,1,"Here's my step-by-step reasoning:

* The issue title mentions ""upgrade audit ledger"", which is a clear and specific goal.
* However, upon reading the description, I notice that it refers to another issue (""INDY-2283"") without providing context or explanation of how this new issue relates to the original one. This lack of clarity might indicate ambiguity.
* The description also uses vague language such as ""incorrect merkle hash calculations"" and ""migrate the history to be correct"", which could be interpreted in multiple ways depending on the reader's understanding of the system.
* There is no clear mention of what specific components or systems are affected, making it difficult to determine the scope of the issue.
* The description also implies that there are multiple issues at play (the original bug and its consequences), which might lead to confusion about what exactly needs to be fixed.

Final Answer: Yes",4ae2fd38fec7c2ea,llama3.1:8b,0,2026-06-17T11:00:50.492931,project_03,title_desc,ambiguity,few_shot_cot
ISSUE-205803,Find out maximal pool performance numbers for mixed mode (read and write),0,1,"Here's my step-by-step reasoning:

* The issue title mentions ""maximal pool performance numbers"", which suggests that there is a specific goal or metric in mind. However, it doesn't explicitly state what the baseline or target performance is.
* The description mentions ""mixture mode"" and references another issue (INDY-1343), but it's not clear how this relates to the current issue or what specific behavior is expected.
* The description also mentions FEEs (Fees) in the load script, which suggests that there may be some additional context or requirements that are not clearly stated.
* Upon reviewing the description again, I notice that it provides a run strategy for measuring performance, but this seems more like a testing plan rather than a clear statement of what needs to be done.
* Overall, while the issue mentions specific details about the test setup and metrics, it still lacks clarity on what exactly is being asked (e.g. what are the expected performance numbers, and how will they be measured?)

Final Answer: Yes",c9fd8fc1cc5c591d,llama3.1:8b,0,2026-06-17T11:00:53.452290,project_03,title_desc,ambiguity,few_shot_cot
ISSUE-206213,Read-ledger without storage copy in case of RocksDB (RocksDB read-only mode support),0,1,"Here's my step-by-step reasoning:

* The issue title mentions ""RocksDB read-only mode support"", which suggests that the problem is related to a specific database system and its capabilities. This gives some context.
* However, the description starts with ""Unlike LevelDB"", which implies that there may be other database systems involved or being compared. This introduces ambiguity about what the issue is specifically trying to address.
* The description also mentions that ""it is not necessary"" to create a storage copy in read-only mode, but then states that ""for now"" this option is not supported by the code. This suggests that there may be multiple possible solutions or interpretations of how to handle this situation.
* There is no clear statement of what the desired behavior or outcome should be in this scenario. Is it to support read-only mode for RocksDB, or to remove the storage copy requirement altogether?
* Overall, while some context is provided about the database system and its capabilities, the description lacks clarity on what specific problem needs to be solved, and how it relates to the existing code.

Final Answer: Yes",83806b67ce33052d,llama3.1:8b,0,2026-06-17T11:00:56.589244,project_03,title_desc,ambiguity,few_shot_cot
ISSUE-205553,Node that does not upgrade spams the config ledger,0,1,"Here's my analysis:

* The issue title mentions a specific problem (""Node that does not upgrade spams the config ledger""), which suggests a clear context.
* However, upon reading the description, I notice that it describes a complex scenario involving multiple nodes, transactions, and services (indy-node-control). This complexity might lead to ambiguity in understanding the root cause of the issue.
* The description also mentions ""perhaps"" and ""might support this"", which are vague language indicators. These phrases suggest that there is some uncertainty about the cause of the problem.
* Furthermore, the description asks for a remedy regardless of the cause of the failure to upgrade, which implies that the scope of the issue might be unclear or too broad.
* Finally, the description mentions that further debugging will be done with the steward and findings will be added later. This suggests that the issue is not fully understood yet, which can lead to ambiguity in requirements.

Final Answer: Yes",5f144253d33c9376,llama3.1:8b,0,2026-06-17T11:00:59.486345,project_03,title_desc,ambiguity,few_shot_cot
ISSUE-206193,[QA] Script for filling the ledger doesn't work,0,1,"Here's the step-by-step reasoning:

* The issue title is specific and clearly states that there's a problem with the script for filling the ledger.
* The description provides detailed steps to reproduce the issue, which suggests that the reporter has done their due diligence in identifying the problem.
* However, upon closer inspection of the actual results section, it appears that the error message is quite cryptic (""AssertionError: verkey must be provided"") and doesn't provide much context about what's going wrong.
* The expected results are also somewhat vague, stating only that ""Generated transactions should be written"", without specifying what exactly is supposed to happen when this script runs successfully.
* Overall, while the issue title and description are clear, the actual results section and expected results are somewhat ambiguous, making it difficult to understand the exact nature of the problem.

Final Answer: Yes",efd1900a7aa8f83e,llama3.1:8b,0,2026-06-17T11:01:02.620880,project_03,title_desc,ambiguity,few_shot_cot
ISSUE-207334,Send NYM command is not executed on Shakedown Pool 1,0,1,"Here's the step-by-step reasoning:

* The issue title clearly states what the problem is: ""Send NYM command is not executed on Shakedown Pool 1"". This suggests that the scope of the issue is well-defined.
* The description provides a clear set of steps to reproduce the issue, which helps to establish context. However, it's worth noting that the steps are quite generic and don't provide much detail about the specific conditions under which the problem occurs.
* Upon closer inspection, I notice that the expected results mention ""error/success message"" but do not specify what exactly should happen when the NYM command is executed. This lack of specificity could lead to interpretation difficulties.
* The issue description does not use vague language or unclear terminology, and it provides a clear set of steps to reproduce the problem.
* However, I would argue that the issue can be interpreted in multiple ways due to the lack of specificity about what constitutes ""success"" when executing the NYM command.

Final Answer: Yes",49bd4df836932e64,llama3.1:8b,0,2026-06-17T11:01:05.743386,project_03,title_desc,ambiguity,few_shot_cot
ISSUE-206998,roll back default where zmq high water mark = 0,0,-1,"Here's my analysis of the issue:

* The title ""roll back default where zmq high water mark = 0"" suggests that the issue is related to a specific configuration or setting in ZMQ. However, it doesn't clearly state what the desired outcome or behavior should be.
* The description provides context by referencing another ticket (INDY-366) and explaining the potential consequences of the current default FIFO queue being unlimited. This helps clarify the motivation behind the issue.
* However, upon closer reading, I notice that the description lists several requirements or ""items"" that need to be addressed:
	+ Making the high water mark finite
	+ Detecting nearing high water marks and reporting a graceful error
	+ Implementing logic in STP to discard old messages (optional)
	+ Exiting the daemon process gracefully when exceeding the high water mark
* While these requirements are specific, I notice that item 3 is marked as ""desirable but not necessarily required"". This introduces ambiguity, as it's unclear whether this requirement should be prioritized or omitted.
* Additionally, the description uses phrases like ""I would be more comfortable"" and ""possibly omit"", which suggest a degree of subjectivity and flexibility in interpreting the requirements.

Based on these observations, I conclude that the",acb2af9137486b03,llama3.1:8b,0,2026-06-17T11:01:09.272549,project_03,title_desc,ambiguity,few_shot_cot
ISSUE-206222,Errors with configs during installation,0,1,"Here's the step-by-step reasoning:

* The issue title ""Errors with configs during installation"" is clear and specific about what's going wrong.
* However, upon reading the description, I notice that it mentions a specific version of the package (""indy-node 1.3.412""), which might be relevant for reproduction but doesn't necessarily clarify the root cause of the problem.
* The steps to reproduce are provided, which is good practice, and they seem clear and actionable.
* However, upon closer inspection, I notice that the actual result mentions two specific error messages, but it's not entirely clear what these errors mean or how they relate to each other. Are they related to configuration files being missing? If so, why are they missing?
* The expected results are also somewhat vague - ""Errors should not appear"" is a good starting point, but it would be more helpful if the issue description specified what exactly should happen instead of errors.

Final Answer: Yes",b4ffd186ca15bc7c,llama3.1:8b,0,2026-06-17T11:01:12.384894,project_03,title_desc,ambiguity,few_shot_cot
ISSUE-207211,Node crashes if out of disk space,0,1,"Here's my analysis:

* The issue title mentions a specific condition (""Node crashes if out of disk space""), which is clear and concise.
* However, the description uses vague language (""Probably we should process such a case more gracefully""). It doesn't specify what exactly needs to be done or how it should be done.
* There's no mention of any specific requirements, constraints, or context that would help clarify the issue.
* The description implies that there are multiple possible solutions (e.g., ""process such a case more gracefully""), which could lead to different interpretations.

Based on these points, I conclude that the issue is ambiguous because it uses vague language and lacks clear context.

Final Answer: Yes",193aa4b50c38c300,llama3.1:8b,0,2026-06-17T11:01:14.675607,project_03,title_desc,ambiguity,few_shot_cot
ISSUE-205565,Unable to choose volume type using pool automation scripts,0,1,"Here's my step-by-step reasoning:

* The issue title is specific and clearly states the problem with pool automation scripts.
* However, the description uses vague language such as ""It would be nice to configure volume type the same as its size."" This phrase does not specify what exactly needs to change or how it should behave.
* There is no clear context provided about the expected behavior of the pool automation scripts. For example, are there specific scenarios where the script should choose a different volume type?
* The description also implies that there may be multiple ways to interpret the desired outcome, as it mentions ""the same as its size"" without specifying what metric or criteria is being referred to.
* Overall, while the issue title is clear, the description lacks specificity and clarity, making it ambiguous.

Final Answer: Yes",36b94129ab468175,llama3.1:8b,0,2026-06-17T11:01:17.173060,project_03,title_desc,ambiguity,few_shot_cot
ISSUE-205746,1.6.74 Release,0,1,"Here's the step-by-step reasoning:

* The issue title ""1.6.74 Release"" suggests that it's a specific task or milestone, but the description doesn't provide enough context about what needs to be done.
* The description mentions ""Task Overview"" and lists several acceptance criteria, but they are quite general and don't specify any concrete actions or requirements.
* Upon closer inspection, I notice that some of the acceptance criteria (e.g. ""* Code is tested"") seem to imply specific tasks, but others (e.g. ""* Release notes are reviewed by Docs and Product Management"") are more process-oriented and don't provide clear guidance on what needs to be done.
* The description also mentions ""A new release of Indy-Plenum"", which suggests that there may be multiple components or tasks involved in this release, but it's not clear what they are or how they relate to each other.
* Overall, the issue description lacks a clear scope and uses vague language (e.g. ""Perform all necessary tasks""), making it difficult to determine exactly what needs to be done.

Final Answer: Yes",4571d55450075e49,llama3.1:8b,0,2026-06-17T11:01:20.307054,project_03,title_desc,ambiguity,few_shot_cot
ISSUE-207177,"Ledgers """"stall"""" gracefully",0,-1,"Here's the step-by-step reasoning:

• **Vague language**: The issue uses vague language such as ""stall"" which is not clearly defined. What does it mean for a ledger to ""stall""? Is it a temporary pause or a permanent failure?

• **Lack of clear context**: While the description mentions specific scenarios (deserialization, validation, processing), it's unclear what the expected behavior should be in these cases. For example, when a ledger ""stalls"", is it supposed to retry indefinitely or after a certain number of attempts?

• **Unclear scope**: The issue seems to be related to a specific component (ledgers) but also mentions broader implications on consensus protocols and node behavior. It's unclear what the exact scope of this change should be.

• **Multiple interpretations**: The description implies that the ""stalled"" state will be handled in different ways depending on the context (e.g., reattempting to restart a stalled ledger, not proceeding past the current state). This suggests that there may be multiple valid interpretations of what it means for a ledger to ""stall"".

• **Unclear requirements**: The description mentions specific error messages and logging behavior but does not clearly articulate the functional requirements for handling ledgers that ""stall"". What",67c082d6c81b736e,llama3.1:8b,0,2026-06-17T11:01:23.745492,project_03,title_desc,ambiguity,few_shot_cot
ISSUE-207246,Sovrin-Client: Show command cannot show files with space in the name,0,1,"Here's the step-by-step reasoning:

* The issue title clearly mentions a specific component (""Sovrin-Client"") and a specific problem (""Show command cannot show files with space in the name"").
* The description provides context by mentioning the version of Sovrin being used, which helps to understand the scope of the issue.
* However, upon closer inspection, I notice that the description uses the phrase ""does not understand file names with space in them"", which is a bit vague. It's unclear what exactly is meant by ""understand"" - does it mean that the command fails silently, or does it throw an error?
* Additionally, the description mentions an invalid command, but it doesn't specify how to reproduce the issue or provide any additional context about the expected behavior.
* Overall, while the issue title and description provide some clarity, there are still some ambiguities in the language used.

Final Answer: Yes",d0041ec6216ca5fa,llama3.1:8b,0,2026-06-17T11:01:26.543873,project_03,title_desc,ambiguity,few_shot_cot
ISSUE-207346,Unexpected behavior of the testSendNodeSucceedsIfServicesIsMissed test,0,1,"Here's my analysis:

* The issue title mentions a specific test case, which is good. It also mentions unexpected behavior, which suggests that something is not as expected.
* However, the description of the issue is vague - it says ""downstream tests failed and hung testing"", but it doesn't specify what exactly went wrong or how the test was affected.
* There's no clear context provided about what the testSendNodeSucceedsIfServicesIsMissed test is supposed to do, or under what conditions it should pass or fail.
* The description also uses ambiguous language - ""hung testing"" could mean many things, and doesn't provide a clear understanding of the problem.

Based on these points, I would conclude that the issue is AMBIGUOUS because it lacks clear context and uses vague language.

Final Answer: Yes",14c41ffa949c584d,llama3.1:8b,0,2026-06-17T11:01:29.067609,project_03,title_desc,ambiguity,few_shot_cot
ISSUE-207079,Node with malformed ldb files has inconsistent behavior,0,1,"Here's my step-by-step reasoning:

* The issue title and description mention specific components (ldb files) and behaviors (inconsistent behavior), which suggests that the problem is well-defined.
* However, upon closer inspection of the Steps to Reproduce section, I notice that there are two different scenarios described, each with slightly different outcomes. This could indicate ambiguity in the expected results or unclear scope.
* The Actual Results section mentions that the node starts successfully if certain files are malformed, but fails if others are. This suggests that there may be multiple possible interpretations of what constitutes ""malformed"" and how it affects the node's behavior.
* Furthermore, the Expected Results section mentions that clarification is needed due to a specific condition (node starting successful when all ldb files are absent), which implies that the expected outcome is not clearly defined or understood.
* Overall, while the issue description provides some context and specifics about the problem, the unclear scope, multiple possible interpretations, and lack of clear expectations suggest that the issue may be ambiguous.

Final Answer: Yes",81ecdc6c34929350,llama3.1:8b,0,2026-06-17T11:01:32.109243,project_03,title_desc,ambiguity,few_shot_cot
ISSUE-205870,Node can't catch up large ledger,0,1,"Here's the step-by-step reasoning:

* The issue description provides a clear environment and steps to reproduce the problem. This suggests that the context is well-defined.
* However, upon closer inspection, the description mentions ""large ledger"" but does not specify what constitutes a ""large"" ledger in terms of size or number of transactions. This could be considered vague language.
* The issue also involves complex behavior related to node synchronization and batch creation, which may require additional context or clarification to fully understand.
* The expected results are clear: the clear node should complete catch-up. However, the underlying cause of the problem is not explicitly stated, which might lead to multiple interpretations of how to resolve it.
* Overall, while the issue description provides a good amount of detail, there are still some ambiguities and unclear assumptions that could be improved upon.

Final Answer: Yes",c08c1848e94ff842,llama3.1:8b,0,2026-06-17T11:01:35.354509,project_03,title_desc,ambiguity,few_shot_cot
ISSUE-207163,F-value tests: How many nodes can I lose before the network stops? Is it 2f+1? Is it n-f?,0,1,"Here's my step-by-step reasoning:

* The issue title and description use vague language, such as ""How many nodes can I lose"" and ""Is it 2f+1? Is it n-f?"", which do not specify the expected behavior or conditions under which the problem occurs.
* There is no clear context provided for what F-value tests are, what network is being referred to, or what specific requirements or constraints are relevant to this issue.
* The scope of the issue is unclear - is it a question about theoretical limits, or is there a specific implementation or scenario in mind?
* The description mentions ""Things tried"" and ""Findings"", but these sections are empty, which suggests that the reporter may not have provided enough information for someone else to understand what they've done so far.
* Overall, the issue seems to be asking multiple questions without providing clear answers or context, making it difficult to interpret.

Final Answer: Yes",ed293a0893b820a6,llama3.1:8b,0,2026-06-17T11:01:38.160506,project_03,title_desc,ambiguity,few_shot_cot
ISSUE-205602,Write and Read request flow,0,1,"Here's my analysis of the given software issue:

* The title ""Write and Read request flow"" is clear and specific about what is being asked. It mentions two distinct processes: write and read requests.
* However, upon reading the description, I notice that it asks for Activity diagrams to be created for both flows, including optimistic and negative scenarios. While this provides some context, it still lacks clarity on:
	+ What exactly are these ""write"" and ""read"" request flows? Are they related to a specific component or system?
	+ What is the expected output of these Activity diagrams? Are they meant to be used for documentation, testing, or something else?
* The mention of optimistic and negative scenarios suggests that there may be multiple possible interpretations of what constitutes an ""optimistic"" scenario versus a ""negative"" one.
* There is no clear indication of any specific requirements, constraints, or assumptions that need to be considered when creating these Activity diagrams.

Based on this analysis, I conclude that the issue is ambiguous due to its lack of clarity and specificity regarding the context, scope, and expected outcomes.

Final Answer: Yes",9eccf72385302ecf,llama3.1:8b,0,2026-06-17T11:01:41.311264,project_03,title_desc,ambiguity,few_shot_cot
ISSUE-207255,Sovrin-Client: Show file command of not much use,0,1,"Here's my step-by-step reasoning:

* The issue title mentions a specific component (""Sovrin-Client"") and a specific command (""show <file>""), which suggests that the problem is related to this particular feature.
* However, the description of the issue is quite long-winded and seems to be explaining the context rather than stating the problem clearly. This could indicate ambiguity.
* The description mentions another defect (INDY-179) and explains a specific behavior (""tabbing like a linux shell does"") that is not supported by the command. While this provides some context, it's not entirely clear what the actual problem is or how it should be fixed.
* Upon closer reading, I notice that the issue description uses phrases such as ""not of much use"" and ""redundant"", which are subjective judgments rather than objective descriptions of a specific problem.
* Overall, while the issue title provides some clarity about the component and command in question, the description is too vague and lacks clear context, making it difficult to determine what exactly needs to be fixed.

Final Answer: Yes",53834f57fcd1baae,llama3.1:8b,0,2026-06-17T11:01:44.414239,project_03,title_desc,ambiguity,few_shot_cot
ISSUE-205400,Update docs for Transaction Author agreement,0,1,"Here's my step-by-step reasoning:

* The issue title is clear: it specifies what needs to be updated (docs for Transaction Author agreement).
* However, upon reviewing the description, I notice that there are multiple tasks listed:
	+ Update `requests.md` and `transactions.md`
	+ Add info about new TAA fields
	+ Add info about the new txns and requests for TAA and AML
	+ Update `auth_map.md` with information about the `owner` field
* While each task is specific, there's no clear indication of what needs to be done in terms of content or format. For example, what exactly should be added to `requests.md` and `transactions.md`?
* There's also a lack of context: who will be updating these documents? Are there any specific requirements for the updates (e.g., formatting, tone)?
* Overall, while each task is clear in isolation, the issue as a whole lacks clarity due to its multiple tasks and vague instructions.

Final Answer: Yes",7c56a407f56a150a,llama3.1:8b,0,2026-06-17T11:01:47.556517,project_03,title_desc,ambiguity,few_shot_cot
ISSUE-205519,Incorrect pool upgrade txn validation,0,1,"Here's the step-by-step reasoning:

* The issue title mentions a specific component (""pool upgrade txn validation""), which suggests that it is related to a particular feature or functionality.
* However, upon reading the description, I notice that the steps to reproduce involve sending different types of time spans (1 day, 1 month, 1 year) with the same HH:MM:SS time. This seems to be an attempt to test the validation logic under various conditions.
* The actual results mention a specific error message (""not a valid schedule since time span between upgrades is 0 seconds""), which suggests that there is a clear problem being reported.
* However, upon closer inspection, I notice that the expected results are not entirely clear. The issue mentions that the pool upgrade command should be validated correctly, but it's not specified what ""correctly"" means in this context. Is it about preventing 0-second time spans? Or is there something else at play?
* Given the ambiguity around the expected results and the fact that the description tries to test multiple scenarios simultaneously, I conclude that the issue is ambiguous.

Final Answer: Yes",5c6b54b592469cb1,llama3.1:8b,0,2026-06-17T11:01:50.670978,project_03,title_desc,ambiguity,few_shot_cot
ISSUE-205808,Performance of monitor should be improved,0,1,"Here's the step-by-step reasoning:

* The issue mentions a specific component (_monitor.requestOrdered_) and its behavior under high load conditions.
* However, the description uses vague language - ""significant portion of time"" is not a clear metric. What constitutes a significant portion?
* Additionally, the description implies that there are multiple factors at play (high load, requests received faster than ordered), but it's unclear which one is the root cause or how they interact.
* The issue mentions that this leads to slower ordering, but it's unclear what the expected behavior is under these conditions. Is the goal to prevent slow ordering entirely, or to improve performance within a certain threshold?
* Overall, while the issue names specific components and behaviors, its language and scope are still ambiguous due to the lack of clear metrics and expectations.

Final Answer: Yes",8929a2fe33d15ef7,llama3.1:8b,0,2026-06-17T11:01:53.222153,project_03,title_desc,ambiguity,few_shot_cot
ISSUE-205232,PBFT View Change Debug: Part 2,0,1,"Here's my step-by-step reasoning:

* The issue title mentions ""PBFT View Change Debug: Part 2"", which suggests that it is a continuation of previous work. However, the description does not provide enough context about what specific problem or goal this part 2 is addressing.
* The description lists several tasks with checkboxes and links to GitHub pull requests. While these tasks seem related to debugging and testing, they are presented as separate items without clear prioritization or explanation of their relevance to each other.
* Upon closer inspection, some of the tasks (e.g., ""Do we need `self.schedule_view_change_completion_check(self._view_change_timeout)`"") appear to be specific code-related questions, while others (e.g., ""Improve simulation tests if needed"") are more vague and open-ended.
* The description also mentions a GitHub pull request (~<USER>) that is still in progress. This suggests that the issue may not have a clear resolution or completion date.
* Overall, the issue description lacks clear context, prioritization, and scope, making it difficult to understand what specific problem needs to be solved.

Final Answer: Yes",2d0087d7672cb4a6,llama3.1:8b,0,2026-06-17T11:01:56.366768,project_03,title_desc,ambiguity,few_shot_cot
ISSUE-206367,Knowledge transfer on Indy build processes,0,1,"Here's my step-by-step reasoning:

* The issue title mentions ""Knowledge transfer"", which is a clear goal. However, it doesn't specify what exactly needs to be transferred or how.
* The description mentions the need for steward support and disseminating understanding of Indy node build processes. However, it lacks specific details on what aspects of the process need to be understood, who should receive this education, and what metrics will indicate success.
* There is no clear context provided about the current state of knowledge transfer or the expected outcomes of this effort.
* The issue mentions providing ""time and documentation"" but doesn't specify how much time or what type of documentation is required.
* The request to educate ""[~<USER> and others as directed]"" implies that there may be multiple stakeholders with different needs, which could lead to conflicting requirements.

Based on these observations, I conclude that the issue uses vague language, lacks clear context, has unclear scope, and can be interpreted in multiple ways. 

Final Answer: Yes",c4ec2e11733229c5,llama3.1:8b,0,2026-06-17T11:01:59.365295,project_03,title_desc,ambiguity,few_shot_cot
ISSUE-205283,Support ubuntu 20.04 in system tests,0,1,"Here's my step-by-step reasoning:

* The issue title clearly states what needs to be supported: ""ubuntu 20.04"" in system tests.
* However, the description mentions that the client might be run in any environment, which introduces ambiguity about the scope of the change. Is this a requirement for all clients, or just some?
* Additionally, the phrase ""all nodes the same env for now"" suggests that there may be future changes to the environment, but it's unclear what those changes would entail.
* The acceptance criteria mention specific requirements (e.g., no tests regression), which is good. However, the language used in the description (""update system tests"", ""support ubuntu 20.04 testing env"") is still somewhat vague and doesn't provide a clear understanding of what needs to be done.
* Overall, while the issue has some clear requirements, the language used in the description introduces ambiguity about the scope and future changes.

Final Answer: Yes",09cddb16ee93f8e7,llama3.1:8b,0,2026-06-17T11:02:02.162233,project_03,title_desc,ambiguity,few_shot_cot
ISSUE-206407,generate_indy_pool_transactions can be run only by indy user,0,1,"Here's my step-by-step reasoning:

* The issue description provides a clear set of steps to reproduce the problem, which is good.
* However, upon closer inspection, I notice that the expected result is not entirely clear. What does it mean for ""generate_indy_pool_transactions"" to work without errors? Are there specific error messages or behaviors that are expected?
* The issue description also mentions a permission denied error and an inability to generate transactions, but it's not entirely clear what component or system is responsible for these issues.
* Additionally, the issue description includes some extraneous information about ticket priority and vagrant scripts, which may be relevant to the development team but don't directly address the problem at hand.
* Overall, while the issue description provides a good starting point, it could benefit from more clarity around expected results and specific behaviors.

Final Answer: Yes",a7f0a4ee2d36c555,llama3.1:8b,0,2026-06-17T11:02:04.813162,project_03,title_desc,ambiguity,few_shot_cot
ISSUE-206381,ATTRIB transaction with ENC and HASH doesn't work,0,1,"Here's the step-by-step reasoning:

* The issue title mentions a specific transaction type (ATTRIB) and its components (ENC and HASH), which suggests that it is related to a specific functionality.
* However, the description of the issue is somewhat unclear. It asks to ""Make sure"" that two operations work correctly, but it doesn't specify what exactly is not working as expected. The phrase ""Make sure"" also implies a level of uncertainty or ambiguity.
* Furthermore, the description mentions enabling corresponding tests and updating documentation, which suggests that there may be multiple aspects to this issue (e.g., fixing the code, writing tests, updating docs).
* There is no clear context provided for what ""correctly"" means in this case. Are we talking about functional correctness, performance, or something else?
* Overall, while the issue title provides some specific information, the description lacks clarity and specificity, which makes it difficult to understand exactly what needs to be fixed.

Final Answer: Yes",055b719854f3438e,llama3.1:8b,0,2026-06-17T11:02:07.743318,project_03,title_desc,ambiguity,few_shot_cot
ISSUE-205817,Research performance of static validation against message schema,0,1,"Here's my step-by-step reasoning:

* The issue description mentions ""Each message (node and client one) is validated against Message Schema in the scope of static validation"", which suggests that the problem is related to performance. However, it doesn't specify what exactly is slow or how it should be improved.
* The mention of metrics implies that there are some numbers involved, but they are not provided in the description. This lack of context makes it difficult to understand the scope of the issue.
* The acceptance criteria section lists three possible options for improving performance: (1) everything is fine and validation is slow due to a huge number of messages, (2) there's an obvious issue in the code, or (3) a fundamental change to the approach is proposed. This suggests that the issue can be interpreted in multiple ways.
* The description also mentions creating a ticket for implementation of the proposed solution, which implies that the goal is not just to identify the problem but also to come up with a plan and implement it. However, this part of the description doesn't provide any clarity on what exactly needs to be done.
* Overall, while the issue description provides some context about performance and validation, it lacks clear specificity and can be interpreted in multiple ways.

Final Answer: Yes",d3d5f41721723a62,llama3.1:8b,0,2026-06-17T11:02:11.193690,project_03,title_desc,ambiguity,few_shot_cot
ISSUE-207214,The CLI initialization becomes too slow,0,1,"Here's my step-by-step reasoning:

* The issue title mentions that the CLI initialization becomes too slow, which is a clear problem statement.
* However, upon reading the description, I notice that it uses vague language: ""takes tens seconds"" could mean anywhere from 10 to 99 seconds. A more precise estimate would be helpful.
* Additionally, the description mentions ""sometime of using"", which seems to be a typo and might be intended as ""some time of using"". However, even with this correction, it's still unclear what specific actions or conditions lead to the slow initialization.
* The attachment mentioned in the description is likely a profiling result, but without further context, it's hard to understand how this relates to the problem at hand.
* Overall, while the issue title and some parts of the description are clear, the lack of precision and clarity around the specific conditions leading to the slow initialization makes me suspect that the issue might be ambiguous.

Final Answer: Yes",314d42c5f1b72563,llama3.1:8b,0,2026-06-17T11:02:14.093811,project_03,title_desc,ambiguity,few_shot_cot
ISSUE-205760,POA: Delegate issuance to a processor,0,-1,"Here's my step-by-step reasoning:

* The issue description provides a clear story and requirements for delegating issuance of credentials to a third party. This suggests that the context is well-defined.
* However, upon closer inspection, I notice that there are multiple approaches mentioned in the description (e.g., ""Add issuer field to cred def transactions"", ""add a cred def sequence number to the claims in a proof""). While these approaches may be related to the overall goal of delegating issuance, they seem to be distinct solutions.
* The description also mentions specific stakeholders and their roles (e.g., Evernym, Sovrin Foundation), which could imply that there are multiple perspectives or interpretations of what needs to be done.
* Additionally, the description includes a detailed explanation of how the verifier should be able to identify the processor involved in issuing credentials. This suggests that there may be some ambiguity around the requirements for the verifier's role.
* Finally, I notice that the description mentions ""Two very key customers currently need this capability, with more to follow."" While this provides context about the importance of the issue, it also implies that there may be different interpretations or priorities among stakeholders.

Based on these observations, I conclude that the issue is ambiguous due to its use of vague language (e.g",31159e9f66ef42a7,llama3.1:8b,0,2026-06-17T11:02:17.693214,project_03,title_desc,ambiguity,few_shot_cot
ISSUE-205269,Implement helper script for AWS pool operations with snapshots,0,1,"Here's the step-by-step reasoning:

* The issue title mentions ""helper script"" which is a specific requirement, but it's not entirely clear what this script should do.
* The description mentions ""AWS pool operations with snapshots"", which suggests that the script will be used for some kind of automation or orchestration task. However, the term ""pool operations"" is somewhat vague and could refer to multiple things.
* The description also mentions ""volumes and instances"", but it's not clear what specific actions should be performed on these entities.
* The phrase ""reduce switching time between upgrade and load AWS setups"" suggests that there may be some kind of performance or efficiency issue, but the exact problem statement is unclear.
* Overall, while the issue title and description provide some context, they are still somewhat ambiguous due to the use of vague language (e.g. ""pool operations"", ""switching time"") and lack of clear scope.

Final Answer: Yes",22463b3c7380c3da,llama3.1:8b,0,2026-06-17T11:02:20.663013,project_03,title_desc,ambiguity,few_shot_cot
ISSUE-207178,An upgrade should be idempotent,0,1,"Here's my step-by-step reasoning:

* The issue title ""An upgrade should be idempotent"" suggests that the goal is for an upgrade to have no effect if it has already been applied. However, this is a vague statement without clear context.
* The description provides more information about what is meant by ""idempotent"", but it still lacks clarity on how to achieve this in practice. For example, what specific actions should be taken when upgrading a node that is already at version 5?
* The mention of an additional script being run during the upgrade process introduces another layer of complexity and ambiguity. What exactly does this script do, and how can we ensure its changes are idempotent?
* The requirement for a test to verify idempotence before applying any upgrades adds more uncertainty. How should this test be designed and implemented, and what specific conditions should it cover?
* Overall, the issue description uses technical jargon (e.g., ""txn"", ""pool upgrade"") without providing sufficient context or explanation, making it difficult to understand the exact requirements.

Final Answer: Yes",eec2537fd81f89c9,llama3.1:8b,0,2026-06-17T11:02:23.687549,project_03,title_desc,ambiguity,few_shot_cot
ISSUE-205965,Ledger upgrade transaction should specify a package name,0,1,"Here's my step-by-step reasoning:

* The issue title is clear and specific: it mentions a particular transaction in the Ledger upgrade process.
* The description provides context through a user story, which explains the motivation behind the change. This helps to clarify the requirements.
* However, upon closer inspection, I notice that the description uses some vague language, such as ""network specific package"" and ""platform specific package manager"". These terms are not clearly defined or explained in the description.
* The acceptance criteria provide more clarity on what is expected from the upgrade transaction. They specify a new parameter to be added to the POOL_UPGRADE txn with a package name, which should remain IndyNode as default but can be overridden by administrators.
* However, I also notice that there are some external references (e.g., INDY-1500) and notes that seem unrelated to the main issue. These may indicate that the requirements are not fully captured in this description.

Considering these points, I conclude that the issue is AMBIGUOUS due to the use of vague language and unclear scope.

Final Answer: Yes",be23183eb6c7312e,llama3.1:8b,0,2026-06-17T11:02:26.767200,project_03,title_desc,ambiguity,few_shot_cot
ISSUE-207326,Prove the pool upgrade mechanism by performing a noticeable upgrade test,0,1,"Here's my analysis:

* The issue title mentions ""proving"" the upgrade mechanism, which implies a specific goal, but it's not entirely clear what is expected from this proof.
* The description mentions performing an ""upgrade that has a noticeable difference"", which suggests that some kind of measurable change is required. However, the term ""noticeable"" is subjective and could be interpreted in different ways by different people.
* The description also mentions laying down an additional file or making another change driven by the new script migration process, but it's not clear what specific changes are expected or how they should be implemented.
* Furthermore, the issue mentions giving a demo of the upgrade when complete, which implies that some kind of presentation or documentation is required. However, it's not clear what format this demo should take or what level of detail is expected.
* Overall, while the issue has some specific language and context, there are still several areas where interpretation could vary, such as what constitutes a ""noticeable"" difference and how to implement the upgrade changes.

Final Answer: Yes",eff4e82586bb6dc4,llama3.1:8b,0,2026-06-17T11:02:29.872306,project_03,title_desc,ambiguity,few_shot_cot
ISSUE-206117,Simple Timeout fixes of the current View Change protocol,0,1,"Here's my step-by-step reasoning:

* The issue title mentions ""Simple Timeout fixes"", which implies that there are multiple possible solutions. However, it doesn't specify what the current problem is or what the desired outcome should be.
* The description references two existing issues (INDY-1296 and INDY-1303), but it's not clear how these issues relate to the current issue or what specific problems need to be addressed.
* The description mentions implementing PBFT View Change as the ""correct way"" to deal with the problem, but then suggests trying some simpler fixes. This implies that there are multiple possible solutions and no clear direction on which one to pursue.
* The description lists several possible fixes, but they seem to be more like suggestions or ideas rather than specific requirements. Some of them are optional, which adds to the ambiguity.
* Overall, the issue lacks a clear problem statement, desired outcome, and specific requirements, making it difficult to determine what needs to be done.

Final Answer: Yes",ca27877bd99e02fa,llama3.1:8b,0,2026-06-17T11:02:32.757028,project_03,title_desc,ambiguity,few_shot_cot
ISSUE-206655,As I Validator or Observer Node,0,1,"Here's the step-by-step reasoning:

* The issue title is ""As I Validator or Observer Node"", which seems to be a question rather than a clear statement of a problem. This already raises some concerns about clarity.
* The description mentions two specific requirements: presenting Signed State Proof for client requests and supporting generation of State Proofs creation for client requests. However, the language used is somewhat vague - what exactly does ""Signed State Proof"" mean in this context?
* The description also includes links to external resources (a GitHub pull request and a Google Doc). While these may provide additional context, they are not directly relevant to understanding the issue at hand.
* Upon closer reading, it appears that the issue is related to a specific feature or functionality in the Hyperledger Indy Plenum project. However, the description does not clearly specify what component or module of the system is affected by this issue.
* The language used in the description (""I need to be able to"", ""Support generation"") suggests that there may be multiple ways to interpret the requirements, and it's unclear whether the current implementation meets these requirements.

Final Answer: Yes",e2f35dc4add72a45,llama3.1:8b,0,2026-06-17T11:02:36.012201,project_03,title_desc,ambiguity,few_shot_cot
ISSUE-207231,eliminate runtime warnings that show during tests,0,1,"Here's my step-by-step reasoning:

* The issue title is clear about what needs to be fixed: runtime warnings during tests.
* However, the description uses vague language - ""a few warnings"" does not specify how many or which types of warnings are being referred to. This lack of specificity makes it difficult to determine the scope of the problem.
* Additionally, the description mentions two possible solutions (updating code or disabling warnings), but it's unclear what criteria should be used to decide between these options. This ambiguity in approach adds to the overall vagueness of the issue.
* There is no clear context provided about the nature of the warnings, such as whether they are related to specific components, dependencies, or coding practices.
* The description also uses a somewhat subjective phrase (""prove to our satisfaction"") which implies that there may be multiple interpretations of what constitutes ""irrelevant"" warnings.

Final Answer: Yes",c7089947c93d2140,llama3.1:8b,0,2026-06-17T11:02:38.765037,project_03,title_desc,ambiguity,few_shot_cot
ISSUE-206217,Clarify current permissible actions with DID's roles,0,1,"Here's the step-by-step reasoning:

* The issue title mentions ""Clarify current permissible actions"", which suggests that there is a need to understand or document existing behavior. However, this does not necessarily indicate ambiguity.
* The description provides two main assumptions about how roles are handled in DID (Decentralized Identifier) operations. These assumptions seem clear and specific.
* However, the description also mentions ""Findings: [Current state|https://docs.google.com/spreadsheets/d/1gG99pc3Zf9j15JE64GqF7o9HVbGujdqmwUuPmYnF0sQ/edit#gid=0]"", which is a link to an external document. This could be a potential source of ambiguity, as the reader may need to review the entire document to understand the context.
* Upon reviewing the description further, it appears that the assumptions are based on some existing state or behavior, but the actual current permissible actions are not clearly defined in the issue description itself.
* The lack of clear definition of ""current permissible actions"" and the reliance on an external document for context suggest that the issue could be interpreted in multiple ways.

Final Answer: Yes",de1da7f5543aa977,llama3.1:8b,0,2026-06-17T11:02:42.066792,project_03,title_desc,ambiguity,few_shot_cot
ISSUE-205635,Enable PreViewChange Strategy,0,1,"Here's my step-by-step reasoning:

* The issue title ""Enable PreViewChange Strategy"" is clear and specific about what needs to be done.
* However, upon reading the description, I notice that it mentions a previous issue (INDY-1687) without providing any context or explanation of how this new issue relates to the previous one. This lack of clarity might lead to confusion about the scope and requirements of the current issue.
* The acceptance criteria are detailed and specific, which is good. However, I'm concerned that some of these criteria (e.g., ""check that view changes don't lead to broken ledgers"") seem more like testing or verification steps rather than actual requirements for the feature.
* Upon closer inspection, I realize that the description mentions enabling a strategy by default, but it doesn't specify what happens if this strategy causes any issues. This lack of consideration for potential side effects makes me wonder if the issue is well-defined.
* Overall, while the issue has some clear and specific requirements, its connection to the previous issue (INDY-1687) and its handling of potential side effects are unclear.

Final Answer: Yes",bb081f970c2d859e,llama3.1:8b,0,2026-06-17T11:02:45.376311,project_03,title_desc,ambiguity,few_shot_cot
ISSUE-205719,Validator info tool should show windowed throughput statistics,0,1,"Here's the step-by-step reasoning:

* The issue description mentions several open questions and uncertainties, such as whether windowed throughput measurements are okay as implemented in monitor, what window size to use for read and write request throughput measurements, and how to configure the output.
* These questions indicate that there is no clear consensus or agreement on the requirements, which makes it difficult to determine a specific solution.
* The issue description also mentions ""Things to be determined"", which further emphasizes the ambiguity of the requirements.
* Additionally, the mention of different stewards having potentially different preferences suggests that there may be conflicting requirements or opinions.
* Overall, the issue description lacks clear context and has unclear scope, making it difficult to determine a specific solution.

Final Answer: Yes",d5e1ae1f742386c9,llama3.1:8b,0,2026-06-17T11:02:47.770247,project_03,title_desc,ambiguity,few_shot_cot
ISSUE-205358,indy-node upgrade problem - No such directory,0,1,"Here's my step-by-step reasoning:

• The issue title is specific and mentions the problem (""indy-node upgrade problem"") and the error message (""No such directory""). This suggests that the issue is well-defined.
• The description provides a detailed environment setup, steps to reproduce the issue, expected behavior, and observed behavior. This level of detail helps to clarify the context and scope of the issue.
• However, upon closer inspection, I notice that the error message ""No such file or directory"" is quite generic and doesn't provide much information about what specific file or directory is missing. This could be a sign of ambiguity.
• The description also mentions a workaround that allowed the system to upgrade despite the failure, which suggests that the issue might not be as critical as initially thought. However, this does not necessarily indicate ambiguity.
• Overall, while the issue has some clear context and scope, the generic error message ""No such file or directory"" raises concerns about vagueness.

Final Answer: Yes",ebb4bb866ad9e503,llama3.1:8b,0,2026-06-17T11:02:50.829215,project_03,title_desc,ambiguity,few_shot_cot
ISSUE-206471,Validator-info tool is not working with build 1.2.49,0,0,"Here's my step-by-step reasoning:

• **Clear title**: The issue has a clear and specific title that mentions the tool name, version of build it's not working with, and the expected behavior.
• **Specific error message**: The description includes an exact error message from the validator-info tool, which provides context about what's going wrong.
• **Steps to reproduce**: Although not explicitly stated as ""steps to reproduce"", the description guides the reader through a specific sequence of actions (installation, running commands) that lead to the issue.
• **Context and baseline**: The description mentions the expected behavior (""There are no info files in /var/lib/indy"") and provides information about the validator-info.log file being present but empty. This suggests that there's some understanding of what should be happening.
• **Unclear scope or multiple interpretations**: Upon reviewing the description, I don't see any obvious ambiguity regarding what component is affected (validator-info tool), under what conditions it fails (with build 1.2.49), or how to interpret the error message.

Final Answer: No",049e8d5d1388e10b,llama3.1:8b,0,2026-06-17T11:02:53.988546,project_03,title_desc,ambiguity,few_shot_cot
ISSUE-207259,[send NYM] Add verkey and update verkey commands don't work,0,1,"Here's the step-by-step reasoning:

* The issue title is clear and specific about the problem with two commands.
* The description provides a detailed overview of the steps to reproduce the issue, which helps to understand the context.
* However, upon closer inspection, I notice that the expected results are not entirely clear. While it mentions what should happen when the commands work correctly, it doesn't specify how the error messages should be ""human-readable"".
* Additionally, the term ""not user-friendly"" is subjective and could be interpreted in different ways by different people.
* The issue description also lacks a clear definition of what constitutes an ""incorrect verkey"".

Final Answer: Yes",d7ffc817b3a78fbb,llama3.1:8b,0,2026-06-17T11:02:56.182626,project_03,title_desc,ambiguity,few_shot_cot
ISSUE-206618,Allow a steward to update his node entry in the ledger - including the verkey,0,0,"Here's my step-by-step reasoning:

• The issue description is quite long and includes specific details about a particular instance where the problem occurred. This suggests that the issue may be more complex than just a simple requirement.
• However, upon closer reading, I notice that the description does mention specific requirements, such as ""allow only one node to be a validator at a time"" and ""promoting or creating a node to allow only 1 validator per steward"".
• The language used is not overly vague, but it does seem to imply that there are multiple possible scenarios (e.g., promoting vs. creating a node) that need to be considered.
• However, the description also includes specific examples of code and transactions, which suggests that the issue has been thoroughly investigated and understood by the reporter.
• Overall, while the issue may require some clarification or additional details, it does not seem to be ambiguous in the sense that it uses vague language or lacks clear context.

Final Answer: No",a9ac0b86afb0d722,llama3.1:8b,0,2026-06-17T11:02:59.369066,project_03,title_desc,ambiguity,few_shot_cot
ISSUE-205847,Fail to update pool ledger if no connection to a node in the genesis file in old cli,0,1,"Here's the step-by-step reasoning:

* The issue title is specific and mentions a particular scenario: ""Fail to update pool ledger if no connection to a node in the genesis file in old cli"". This suggests that the problem is well-defined.
* However, upon reading the description, I notice that it starts with ""This failure looks like it may be related to [link]..."", which implies uncertainty about whether this issue is indeed related to another known issue (EN-755). This introduces ambiguity.
* The description then goes on to explain a specific behavior in older versions of indy-node, but the problem seems to occur only in newer versions. It's not clear what the expected behavior should be in these newer versions.
* The description also mentions that ""The pool catch-up does not occur"", which is a vague statement - what exactly is meant by ""pool catch-up""?
* Overall, while the issue title and some parts of the description are specific, the ambiguity introduced by the uncertainty about the relationship to EN-755, combined with the vagueness of the expected behavior in newer versions, leads me to conclude that this issue is ambiguous.

Final Answer: Yes",ff319e02849c8b8c,llama3.1:8b,0,2026-06-17T11:03:02.792698,project_03,title_desc,ambiguity,few_shot_cot
ISSUE-205621,Expected object or value error during batch handling,0,1,"Here's the step-by-step reasoning:

* The issue title is clear about the expected behavior (""Expected object or value error"") and the context (""during batch handling"").
* However, upon closer inspection of the description, it appears that there are multiple issues being described: a bug associated with INDY-1835, errors in logs related to string serialization, and batches being discarded. This suggests that the issue is not clearly scoped.
* The description also uses vague language (""a lot of errors"", ""some other messages inside""), which makes it difficult to understand the exact nature of the problem.
* Additionally, the description mentions acceptance criteria, but these are more like a plan for addressing the issue rather than a clear definition of what needs to be fixed. This suggests that the scope of the issue is unclear.
* Overall, while the title and some parts of the description provide context, the use of vague language, lack of clear scoping, and multiple issues being described all contribute to an ambiguous issue.

Final Answer: Yes",51da4a53f873c999,llama3.1:8b,0,2026-06-17T11:03:05.756398,project_03,title_desc,ambiguity,few_shot_cot
ISSUE-206100,Support Payment API txns in load script,0,1,"Here's my step-by-step reasoning:

* The issue title mentions ""Support Payment API txns"", which is a specific requirement. However, I need to examine the description for clarity.
* The description states that we need to support Payment API transactions in the load script. While it names the specific component (load script), it doesn't provide enough context about what exactly needs to be supported or under what conditions.
* There's no mention of any specific requirements, such as error handling, logging, or performance metrics. This lack of clarity makes me wonder if there are multiple ways to interpret this requirement.
* Upon closer inspection, I notice that the description mentions ""libindy and its wrappers"", which implies that there might be some ambiguity around what exactly needs to be supported (the underlying library or its wrappers).
* Given these points, I conclude that the issue is ambiguous because it lacks clear context and can be interpreted in multiple ways.

Final Answer: Yes",c9106f3dd3e71cb3,llama3.1:8b,0,2026-06-17T11:03:08.635165,project_03,title_desc,ambiguity,few_shot_cot
ISSUE-206303,Ordering of 3PC-batches on a backup replica may stop after a catch-up,0,-1,"Here's my step-by-step reasoning:

* The issue description is lengthy and contains technical jargon specific to the domain of distributed systems. While this doesn't necessarily make it ambiguous, it does suggest that the language used may be unfamiliar to non-experts.
* Upon closer reading, I notice that the description attempts to explain a complex scenario involving the ordering of 3PC-batches on a backup replica during a catch-up process. The text is dense and contains multiple conditional statements (e.g., ""but normally"", ""however"", ""usually"").
* The issue description also includes phrases such as ""It is so because"" and ""this step seems to be incorrect"", which suggest that the author is trying to explain their interpretation of the behavior, rather than simply stating a clear problem.
* Furthermore, I notice that the description mentions multiple possible scenarios (e.g., receiving an out-of-order PREPREPARE) and attempts to justify why the current logic may not be correct. This suggests that there are multiple ways to interpret the situation, which is a hallmark of ambiguity.
* Finally, the issue description concludes with a statement about what needs to be reworked (""the specified logic must be reworked""), but it's unclear what specific changes are required or how they will address the underlying",40f088948e9cbd7f,llama3.1:8b,0,2026-06-17T11:03:12.142244,project_03,title_desc,ambiguity,few_shot_cot
ISSUE-206249,Add Docker getting started configuration,0,1,"Here's my step-by-step reasoning:

* The issue title ""Add Docker getting started configuration"" is clear and specific about what needs to be done.
* However, the description uses vague language such as ""turnkey"", ""quick and easy exploration"", and ""hands-on experience"". These terms are subjective and don't provide a clear understanding of what the desired outcome is.
* The description also mentions using scenarios outlined in Sovrin's Getting Started Guide, but it doesn't specify which specific scenarios or how they should be implemented.
* Additionally, the description references another placeholder [getting_started_turnkey], which may not be relevant to the current issue and could lead to confusion about what needs to be done.
* Overall, while the title is clear, the description lacks clear context and can be interpreted in multiple ways.

Final Answer: Yes",9b55c79917e6ea36,llama3.1:8b,0,2026-06-17T11:03:14.730691,project_03,title_desc,ambiguity,few_shot_cot
ISSUE-207080,Valid write transactions may be rejected as having invalid signatures (case 2),0,0,"Here's the step-by-step reasoning:

* The issue title clearly describes a specific problem: ""Valid write transactions may be rejected as having invalid signatures"" (case 2). This suggests that the issue is well-defined and not vague.
* The description provides context by mentioning a test script, parameters, and configuration. It also mentions attached logs for details, which implies that there's supporting evidence to understand the problem.
* However, upon closer inspection, I notice that the description includes some extraneous information (e.g., ""NOTE: The following files added in scope of this ticket...""). While this might be relevant to the issue, it's not essential to understanding the core problem.
* The main concern is whether the issue can be interpreted in multiple ways. Upon reviewing the description again, I don't see any ambiguity. The language used is specific and clear, and there are no unclear assumptions or vague terms that could lead to misinterpretation.
* However, I do notice that the title mentions ""case 2"", which implies that this might be a specific instance of a broader problem. Without more context, it's possible that someone might not understand what ""case 2"" refers to or how it relates to other cases.

Final Answer: No",bb0704311dad97bc,llama3.1:8b,0,2026-06-17T11:03:18.113257,project_03,title_desc,ambiguity,few_shot_cot
ISSUE-206714,Primary fails to send pre-prepare,0,-1,"Here's my step-by-step reasoning:

* The issue title ""Primary fails to send pre-prepare"" is specific and clearly states what the problem is.
* However, upon reading the description, I notice that it contains a lot of extraneous information about the load test, troubleshooting steps, and observations. While this context might be helpful for debugging, it's not essential for understanding the core issue.
* The description also uses technical terms like ""NYM transaction"", ""DID"", ""CLI"", and ""sovrin-node process"" without providing a clear explanation of what these are or why they're relevant to the problem. This could make it difficult for someone unfamiliar with this technology to understand the issue.
* Furthermore, the description mentions several possible causes (lack of PREPREPAREs, connectivity issues) but doesn't clearly state which one is suspected to be the root cause. This ambiguity makes it hard to determine what the actual problem is and how to fix it.
* Finally, while the description does provide some context about the issue occurring during a load test, it's not clear what specific conditions or scenarios are required to reproduce the problem.

Based on these observations, I conclude that the issue is ambiguous due to its use of technical jargon without explanation, unclear scope",fa46c20d8e02ec36,llama3.1:8b,0,2026-06-17T11:03:21.639616,project_03,title_desc,ambiguity,few_shot_cot
ISSUE-207130,Node with multiple NICs:,0,1,"Here's my analysis of the given software issue:

* The title ""Node with multiple NICs"" is specific and clearly identifies a particular component or scenario.
* However, the description is very brief and lacks any context about what problem is being experienced. It seems to be a summary of some investigation rather than a clear statement of the issue.
* There's no mention of expected behavior, actual behavior, or any specific error messages that might help clarify the problem.
* The ""Things tried"" section suggests that some investigation has been done, but it doesn't provide enough information about what was attempted and why.

Based on these observations, I conclude that the issue is AMBIGUOUS because:

* It lacks clear context: What's the specific problem being experienced with nodes having multiple NICs?
* It has unclear scope: Is this a performance issue, a configuration problem, or something else entirely?

Final Answer: Yes",e0c62f59470a661a,llama3.1:8b,0,2026-06-17T11:03:24.415579,project_03,title_desc,ambiguity,few_shot_cot
ISSUE-206872,As a Steward,0,1,"Here's the step-by-step reasoning:

* The issue description mentions multiple specific events that need to trigger notifications for Stewards. However, it does not specify how these notifications should be sent (e.g., via email, SQS, or another method).
* The description also references an existing feature (INDY-1251) and lists several other types of notifications that are needed. This suggests that the scope of the issue is somewhat unclear.
* Upon closer inspection, it appears that the issue is asking for a specific set of features to be implemented, but the requirements for each feature are not clearly defined.
* The description does mention some existing ways and plugins for notification, which could indicate that there may be multiple possible solutions or interpretations of what is being asked.
* However, upon further review, it seems that the issue is actually asking for a specific set of notifications to be implemented on top of an existing feature (INDY-1251), rather than asking for a completely new solution.

Final Answer: Yes",bd1e9563b70b6ad9,llama3.1:8b,0,2026-06-17T11:03:27.335108,project_03,title_desc,ambiguity,few_shot_cot
ISSUE-206649,DOC: Request for release notes on Indy-node 1.1.31,0,0,"Here's my step-by-step reasoning:

* The issue title is ""DOC: Request for release notes on Indy-node 1.1.31"", which suggests that the request is for documentation or a report on changes made to Indy-node version 1.1.31.
* The description lists several major fixes, minor stability fixes, and new features added in the latest version of Indy-node (1.1.31).
* Upon closer inspection, I notice that the description provides a detailed list of changes, including bug fixes, feature additions, and documentation updates.
* However, upon further review, I realize that the issue is not asking for clarification on any specific problem or behavior, but rather requesting release notes for the latest version of Indy-node.
* The language used in the description is clear and concise, providing a detailed list of changes without ambiguity.

Final Answer: No",262a1244a4d6f0b6,llama3.1:8b,0,2026-06-17T11:03:30.198044,project_03,title_desc,ambiguity,few_shot_cot
ISSUE-207129,Some nodes are slow to process network data,0,1,"Here's my step-by-step reasoning:

* The issue title mentions ""some nodes"", which is vague. It doesn't specify how many nodes are affected or what percentage of nodes are experiencing the problem.
* The description mentions that these slow nodes are keeping senders busy, but it's unclear what ""senders"" refers to (e.g., network devices, servers, applications) and what specific impact this has on the system.
* There is no clear context provided about when this issue occurs (e.g., under heavy load, during peak usage hours), which makes it difficult to reproduce or diagnose the problem.
* The description also lacks any specific metrics or targets for what constitutes ""slow"" processing. Is it a certain response time threshold? A specific throughput metric?
* Overall, the language used is vague and open-ended, allowing multiple interpretations of what the issue means and how to address it.

Final Answer: Yes",6b122c1e2c43668d,llama3.1:8b,0,2026-06-17T11:03:33.032321,project_03,title_desc,ambiguity,few_shot_cot
ISSUE-206996,improve timestamp mechanism to use fuzzy,0,1,"Here's my step-by-step reasoning:

* The issue title ""improve timestamp mechanism to use fuzzy"" is somewhat vague - what does ""fuzzy"" mean in this context? Is it a specific algorithm or approach?
* The description mentions ""state proof style consensus"", which seems to be a technical concept, but I'm not familiar with it. This lack of clear context makes me wonder if the issue is well-defined.
* The description also talks about coming to consensus on which timestamp to use, but this seems to be more of a high-level requirement rather than a specific problem statement. It's unclear what the current implementation does and how it differs from the desired behavior.
* The mention of computing the timestamp ""at exactly the same time as the rest of the state proof"" suggests that there may be some timing-related issue, but this is not clearly specified.
* Overall, I think this issue uses vague language (e.g. what does ""fuzzy"" mean?) and lacks clear context (what is a ""state proof style consensus""?), which makes it difficult to understand and interpret.

Final Answer: Yes",c4dc0eb9e37ec4e5,llama3.1:8b,0,2026-06-17T11:03:36.143664,project_03,title_desc,ambiguity,few_shot_cot
ISSUE-205942,"How-to """"Add new node to existing pool",0,1,"Here's my step-by-step reasoning:

* The issue title asks a question (""How-to"") and includes a phrase that seems incomplete or unclear (""Add new node to existing pool""). This suggests potential ambiguity.
* The description mentions that the process is not covered by documentation, but it doesn't specify what specific aspect of adding a new node is missing from the documentation. Is it the technical steps? The user interface? Something else?
* The phrase ""Current unique knowledge source is acceptance scenario"" implies that there may be other sources of information or context that are relevant to this issue, but they are not mentioned.
* Overall, I think the language used in this issue is vague and lacks clear context. It's not entirely clear what specific problem or requirement is being described.

Final Answer: Yes",5c2d7cf935c0fd16,llama3.1:8b,0,2026-06-17T11:03:38.588597,project_03,title_desc,ambiguity,few_shot_cot
ISSUE-207319,REF validator,0,1,"Here's the step-by-step reasoning:

* The issue title ""REF validator"" suggests that it is related to validating reference transactions, but it doesn't explicitly state what the problem is or what behavior is expected.
* The description mentions a specific file (""sovrin_common/types.py"") and provides some context about the REF data type. However, it still lacks clarity on what exactly needs to be validated and how.
* The issue mentions that a validation for transaction sequence number needs to be added in ""plenum"", but it's not clear why this is necessary or what specific behavior will change as a result of this addition.
* There are multiple components mentioned (REF, plenum), which could indicate that the scope of the issue is unclear.
* The description also uses some technical jargon (""reference to a transaction by sequence number""), which might be unfamiliar to non-experts and could lead to misinterpretation.

Based on these observations, I conclude that the issue is ambiguous due to its vague language, lack of clear context, and unclear scope. 

Final Answer: Yes",a5b36d6fd9e578a8,llama3.1:8b,0,2026-06-17T11:03:41.624162,project_03,title_desc,ambiguity,few_shot_cot
ISSUE-205527,Implementation: Improve catch-up to use audit ledger for consistency,0,1,"Here's the step-by-step reasoning:

* The issue title mentions ""Implementation"", which suggests that it's a specific task or feature, but it doesn't give much context about what exactly needs to be implemented.
* The description provides detailed acceptance criteria and references a design proposal from an external source. However, this reference is not sufficient to understand the requirements on its own, as it assumes prior knowledge of the context and the specific problem being addressed.
* The description also mentions potential edge cases and questionable design decisions, which suggests that there may be multiple ways to interpret or implement the requirement.
* There is no clear statement of what the desired outcome or behavior should be, beyond ""improving catch-up"" in a way that's consistent with the referenced proposal.
* Overall, while the description provides some context and specific details about the problem being addressed, it still lacks clarity on what exactly needs to be done, how it will be measured, and what the expected outcome is.

Final Answer: Yes",241d5d533e80a070,llama3.1:8b,0,2026-06-17T11:03:44.537618,project_03,title_desc,ambiguity,few_shot_cot
ISSUE-206160,Analyse the current View Change protocol issues,0,1,"Here's the step-by-step reasoning:

* The issue title is ""Analyse the current View Change protocol issues"", which is clear and specific.
* However, the description mentions that there are existing issues with the protocol (referenced in INDY-1259), but it does not specify what those issues are or how they manifest.
* The description also mentions implementing PBFT View Change protocol as an option, but this seems to be a separate task rather than a clarification of the current issue.
* The description asks for a deep analysis of the existing protocol, which is a vague request - what specific aspects of the protocol need to be analyzed?
* Overall, while the issue title and some parts of the description are clear, the lack of specificity about the issues with the current protocol and the unclear scope of the task make it difficult to understand exactly what needs to be done.

Final Answer: Yes",7f5780a16ad2dfae,llama3.1:8b,0,2026-06-17T11:03:47.253117,project_03,title_desc,ambiguity,few_shot_cot
ISSUE-206183,Date in log name doesn't accord to the day when the log was rotated,0,1,"Here's my step-by-step reasoning:

• The issue description provides a clear problem statement: ""Dates in logs names should accord to the date when the log was rotated, or Dates should not be specified at all."" This suggests that the issue is about the naming convention of log files.

• However, upon closer inspection, I notice that the expected results are somewhat ambiguous. The phrase ""or"" implies a choice between two alternatives: either the dates in logs names should accord to the date when the log was rotated, or they should not be specified at all. This could lead to multiple interpretations of what is required.

• Furthermore, the issue description does not provide any context about which specific component or system is affected by this naming convention. It also doesn't specify under what conditions the problem occurs (e.g., during log rotation, when a certain threshold is reached).

• The steps to reproduce are provided, but they seem to be more of an observation of the current state rather than a clear guide on how to reproduce the issue.

• Overall, while the issue description provides some clarity about the problem, it lacks specificity and context, which could lead to multiple interpretations of what needs to be fixed.

Final Answer: Yes",de0cd8b014a07f3b,llama3.1:8b,0,2026-06-17T11:03:51.251385,project_03,title_desc,ambiguity,few_shot_cot
ISSUE-206911,list keyrings showing results twice,0,1,"Here's the step-by-step reasoning:

* The issue title is specific and clearly describes a problem with listing keyrings.
* However, upon reading the description, it appears that the issue is not about the command itself, but rather about the output of the command. Specifically, it returns duplicate results.
* But what does ""duplicate results"" mean? Are we talking about duplicate entries in the list, or is there some other aspect of the output that's being duplicated?
* The description also includes a CLI session, which provides context for the issue. However, this context is not entirely clear - are we looking at the expected behavior, or is this an actual example of the problem?
* Overall, while the issue title and description provide some clarity on what's happening, there's still ambiguity around what exactly constitutes ""duplicate results"" and how it should be fixed.

Final Answer: Yes",9c1151658d1a0603,llama3.1:8b,0,2026-06-17T11:03:54.243796,project_03,title_desc,ambiguity,few_shot_cot
ISSUE-205543,As a user of Valdiator Info script,0,1,"Here's my step-by-step reasoning:

* The issue title mentions ""As a user of Valdiator Info script"", which is clear about who the user is and what they are interacting with.
* However, the description uses vague language - it asks for information about the pool's write consensus and state update time without specifying how this information should be presented or in what format.
* The acceptance criteria provide more clarity on what needs to be done, but there are still some ambiguities:
	+ What does ""verbose output"" mean? Is it a specific file, log level, or something else?
	+ How will the user know that INDY-933 is done (i.e., what is the trigger for this change)?
* The issue description also assumes knowledge of the INDY-933 ticket and its resolution, which may not be shared with all stakeholders.
* Overall, while the acceptance criteria provide some clarity on what needs to be done, the issue description still lacks clear context and uses vague language.

Final Answer: Yes",4691c95d0ee99a60,llama3.1:8b,0,2026-06-17T11:03:57.239000,project_03,title_desc,ambiguity,few_shot_cot
ISSUE-206727,Accidental tests of indy-node intermittently fail on Jenkins,0,1,"Here's the step-by-step reasoning:

* The issue title mentions ""accidental tests of indy-node intermittently fail"", which suggests that there is a specific component (indy-node) and behavior (tests failing) involved.
* However, upon reading the description, I notice that it only provides links to Jenkins build pipelines with examples of builds where the test fails. There is no clear explanation of what causes these failures or under what conditions they occur.
* The issue seems to lack a clear context for why these tests are considered ""accidental"" and how they differ from expected behavior.
* Additionally, there is no mention of any specific metrics or targets that need to be met, which could indicate unclear scope.
* However, the description does provide concrete examples of failed builds, which suggests some level of clarity around what is happening.

Considering these points, I would say that the issue has some ambiguity due to the lack of clear context and explanation for why these tests are failing. However, it's not entirely vague or lacking in scope, as there are specific examples provided.

Final Answer: Yes",c3adeeabd0105bec,llama3.1:8b,0,2026-06-17T11:04:00.637701,project_03,title_desc,ambiguity,few_shot_cot
ISSUE-205664,Is there any replacement for leveldb?,0,1,"Here's the step-by-step reasoning:

* The issue title asks a question about replacement for leveldb, which is clear and specific.
* However, the description mentions a comment from WandyLau asking if leveldb can be replaced with other options. This introduces ambiguity because it's not clear what the original poster (OP) intended to ask or what they are looking for in a replacement.
* The description also lacks context about why leveldb needs to be replaced, what are the requirements for the replacement, and what are the constraints.
* Furthermore, the question of whether leveldb can be replaced with other options is subjective and open-ended, allowing multiple interpretations.
* Overall, the issue uses vague language (""Can I just replace...""), lacks clear context, and has unclear scope.

Final Answer: Yes",74f3fd7d06bfc6ce,llama3.1:8b,0,2026-06-17T11:04:03.186608,project_03,title_desc,ambiguity,few_shot_cot
ISSUE-205912,As a Sovrin Foundation,0,1,"Here's the step-by-step reasoning:

* The issue description is lengthy and includes multiple requirements for each node in the pool. While it does specify some details about what needs to be checked, it's not clear if these are all the requirements or if there are any additional ones.
* The use of phrases such as ""We need to make sure"" and ""We need to check"" implies a level of vagueness, as it's not entirely clear who is responsible for ensuring these conditions are met (e.g., development team, testing team, etc.).
* The acceptance criteria section lists several specific requirements, but it's still unclear what the expected outcome or behavior should be if any of these requirements are not met.
* There is no mention of any specific context, such as under what conditions the nodes in the pool would fail to participate in consensus, or how often this needs to be checked.
* The issue description assumes a certain level of knowledge about the Sovrin Foundation and its architecture, which may not be shared by all stakeholders.

Final Answer: Yes",aaf518bed9c1988e,llama3.1:8b,0,2026-06-17T11:04:06.285559,project_03,title_desc,ambiguity,few_shot_cot
ISSUE-206478,The pool state should be updated after any node BLS key changing,0,0,"Here are my step-by-step reasoning:

* The issue title is specific about updating the pool state after a node BLS key change. This suggests that the problem is well-defined and understood.
* However, upon reading the description, I notice that it mentions several ""cases"" where the problem occurs, which implies that there may be multiple scenarios or edge cases to consider.
* The description also uses technical terms like ""NYM using BLS signatures"", ""f+1 (old way)"", and ""reaching consensus f+1"". While these terms are specific, they may not be immediately clear to someone without a deep understanding of the system's architecture and functionality.
* Upon closer inspection, I notice that the description mentions two different scenarios where the pool state is not updated: one where no transactions were written to the ledger after the BLS key change, and another where only one node is online with the new BLS key. This suggests that there may be multiple possible interpretations of the problem.
* However, the description also provides a clear explanation of why updating the pool state immediately after a BLS key change is necessary, which implies that the problem has been well-thought-out and understood.

Final Answer: No",28cfc70e4e65f603,llama3.1:8b,0,2026-06-17T11:04:09.739304,project_03,title_desc,ambiguity,few_shot_cot
ISSUE-207005,"Nodes not receiving new transaction if its """"View"""" list is different from other nodes in the pool",0,-1,"Here's the step-by-step reasoning:

• The issue title is specific and clearly describes a problem with nodes not receiving new transactions under certain conditions. This suggests that the language used is not vague.
• However, upon reading the description, it appears to be a narrative of an experiment conducted by the reporter, which includes details about their actions, observations, and findings. While this provides context, it also makes it difficult to isolate the exact problem being reported.
• The description mentions specific nodes (Node1, Node2-10) and their behavior, but it's not entirely clear what is expected or desired behavior in this scenario. For example, why should Node1 receive new transactions if its ""View"" list is different from other nodes?
• The use of phrases like ""*Mismatch*"" and ""*Node1 showed* / *Node2 through Node10 showed*"" suggests that the reporter is highlighting differences between nodes, but it's not clear what these differences imply or how they relate to the problem being reported.
• Overall, while the issue title is specific, the description lacks a clear statement of the problem, its expected behavior, and any relevant context. The narrative style and use of vague phrases like ""*Mismatch*"" make it difficult to understand the exact nature of the problem.

Final Answer",7cca9a15b6cefd7b,llama3.1:8b,0,2026-06-17T11:04:13.302723,project_03,title_desc,ambiguity,few_shot_cot
ISSUE-205432,Auto trigger CD pipeline for release-* branches,0,1,"Here's the step-by-step reasoning:

* The issue title is clear and specific, mentioning a particular feature (auto triggering CD pipeline) and its current behavior.
* However, upon reading the description, I notice that it uses vague language such as ""better logic"" and ""possible 'service' commits"", which could be interpreted in multiple ways.
* Additionally, the description mentions two possible solutions (#1 and #2), but neither of them is clearly prioritized or explained. This lack of clear context makes it difficult to determine what exactly needs to be implemented.
* Furthermore, the description assumes that the reader is familiar with Jenkins plugins and GitHub notifications, which may not be the case for all team members. This lack of clarity in scope could lead to misinterpretation of the issue.
* Overall, while the title is clear, the description uses vague language, lacks clear context, and has unclear scope, making it ambiguous.

Final Answer: Yes",47bfd6a05473c373,llama3.1:8b,0,2026-06-17T11:04:16.248247,project_03,title_desc,ambiguity,few_shot_cot
ISSUE-207212,Node memory leak,0,-1,"Here's my analysis:

* The issue title mentions a ""Node memory leak"", which is specific and clear. However, I need to consider the description as well.
* The description provides some context: it was tested on a master repo with 4 nodes, using a load test script (load_test.py) for 90,000 transactions. This gives me an idea of the scope and conditions under which the issue occurs.
* However, upon closer inspection, I notice that the description mentions ""continues growth"" instead of ""continuous growth"". While this is a minor typo, it's not necessarily ambiguous on its own.
* The bigger concern is that the description doesn't provide any specific metrics or targets for what constitutes a ""memory leak"". Is 10% memory increase acceptable? 50%? Without clear criteria, it's difficult to determine whether the issue is truly a problem.
* Additionally, the description assumes some knowledge of the system and its configuration (e.g., running on a local pool with 4 nodes). While this might be common knowledge within the team, it's not explicitly stated in the issue description.

Considering these points, I conclude that the issue is ambiguous due to the lack of clear context, unclear scope, and missing specific metrics or targets for what",75957abbff8e7777,llama3.1:8b,0,2026-06-17T11:04:19.654966,project_03,title_desc,ambiguity,few_shot_cot
ISSUE-206218,Node is restarted because of Out of memory error,0,1,"Here's my step-by-step reasoning:

* The issue mentions a specific error (""Out of memory"") and its impact on the system (""nodes are being restarted""). This suggests that the problem is somewhat clear.
* However, the description lacks context about what ""big pool"" means (e.g., how many nodes, what type of load test). This could lead to ambiguity if not clarified.
* The issue mentions a specific number of nodes (3 or 4) but does not specify which ones are being restarted. Is it random, or is there a pattern?
* The description also uses vague language (""big pool"", ""load test""), which may not be clear to all stakeholders.
* Overall, while the issue provides some clarity about the error and its impact, the lack of specific context and details could lead to multiple interpretations.

Final Answer: Yes",735e53d6d034df90,llama3.1:8b,0,2026-06-17T11:04:22.308002,project_03,title_desc,ambiguity,few_shot_cot
ISSUE-206980,A primary may not be able to send checkpoints after re-start,0,1,"Here's my analysis of the issue:

* The issue title is clear about what's happening: a primary node can't send checkpoints after restarting.
* However, the description uses vague language such as ""checkpoint logic may be broken"" and doesn't specify exactly what behavior is expected or under what conditions the problem occurs. It also mentions another fix (INDY-334) that seems unrelated to this issue.
* The description does provide a reproducible steps section, which helps clarify the context of the issue. However, it's not entirely clear why the view isn't changed after restarting the primary node, and how this affects checkpoint sending.
* There are also some unclear assumptions in the description, such as ""it would have lost checkpoints"", which may be true but aren't explicitly stated.
* Overall, while the issue title is clear, the description lacks specific details about what's expected to happen, and can be interpreted in multiple ways.

Final Answer: Yes",52d0c285a30ae57f,llama3.1:8b,0,2026-06-17T11:04:25.125238,project_03,title_desc,ambiguity,few_shot_cot
ISSUE-206016,Upgrade failed on pool from 1.3.62 to 1.4.66,0,-1,"Here's my step-by-step reasoning:

* The issue title is specific and clearly states the problem: ""Upgrade failed on pool from 1.3.62 to 1.4.66"". This suggests that the language used is not vague.
* However, upon reading the description, I notice that there are multiple issues mentioned: some nodes have an upgrade.log file showing successful upgrade, while others do not; some nodes show errors in their logs, while others do not. This indicates that the issue may be complex and involve multiple factors.
* The description also mentions specific details such as node locations, log files, and error messages, which suggests that there is a clear context for the problem.
* However, upon closer inspection, I notice that the description does not clearly specify what constitutes a ""failed"" upgrade. Is it just the absence of an upgrade.log file? Or is it something more specific?
* Finally, I notice that the description mentions multiple possible causes for the issue (e.g., errors in logs, missing upgrade.log files), which suggests that there may be multiple ways to interpret the problem.

Based on these observations, I conclude that the issue is ambiguous because:

* The language used is not vague, but the specific details mentioned suggest a complex and nuanced problem",88ea650098e8f4eb,llama3.1:8b,0,2026-06-17T11:04:28.647567,project_03,title_desc,ambiguity,few_shot_cot
ISSUE-205350,Use more trusted docker image for system tests client docker container,0,1,"Here's the step-by-step reasoning:

* The issue title is specific and clearly states what needs to be done: ""Use more trusted docker image for system tests client docker container"". This suggests that the issue has a clear scope.
* However, upon reading the description, it becomes apparent that there are multiple options being presented as potential solutions. The text mentions three possible alternatives:
	1. Continue using the current base image
	2. Switch to another more trusted base image
	3. Build an own image based on ubuntu:16.04
* This suggests that the issue is not clearly defined, and there are multiple ways to interpret what ""more trusted"" means in this context.
* Additionally, the description includes links to external resources, which may be relevant but also introduce ambiguity about what specific concerns or requirements need to be addressed.
* Overall, while the issue title is clear, the description introduces ambiguity through the presentation of multiple options and lack of clear criteria for evaluating ""trustworthiness"".

Final Answer: Yes",e108905c75957185,llama3.1:8b,0,2026-06-17T11:04:31.675039,project_03,title_desc,ambiguity,few_shot_cot
