issue_id,title,ground_truth,prediction,raw_response,prompt_hash,model_version,temperature,timestamp_utc,project,input_mode,task,strategy
ISSUE-207056,Build badges in several github repos have stopped working,0,0,"Let's break down the issue step-by-step:

1. Key information provided:
	* Issue title and description clearly indicate the problem.
	* The issue mentions an attached image, but we don't need to consider that as essential information since it's not a requirement for the issue to be complete.
	* The issue also provides some context about the migration to ci.evernym.com and the impact on build badges.
2. Essential information missing:
	* Steps to reproduce: There is no clear indication of how to replicate the problem, making it difficult for developers to troubleshoot or verify the issue.
	* Expected vs actual behaviour: The description mentions that ""build badges have stopped working,"" but it doesn't specify what the expected behavior should be or what exactly has changed since the migration.
	* Acceptance criteria: There is no clear definition of what constitutes a successful resolution, making it challenging to determine when the issue is fixed.
	* Affected components: While the issue mentions several GitHub repos and CI URLs, it's unclear which specific components are affected by this problem.
	* Environment details: The description mentions a migration to ci.evernym.com, but it doesn't provide any information about the environment in which the build badges were working or how they've changed",e115ca0c3c92fc1f,llama3.1:8b,0,2026-06-17T11:07:25.796317,project_03,title_desc,incompleteness,cot
ISSUE-206571,Indy-sdk integration,0,1,"Let's break down the issue step by step:

1. The key information provided in this issue is:
	* A problem statement: ""We have to support two versions of 'client' code""
	* A proposed solution: ""use indy-sdk only and possibly integrate it into current CLI""
2. Upon reviewing the issue, I notice that essential information is missing:
	* Steps to reproduce the problem (e.g., how to trigger the issue)
	* Expected vs actual behavior (what happens when using indy-sdk vs indy-client)
	* Acceptance criteria (what constitutes a successful integration of indy-sdk into the current CLI)
	* Affected components (which parts of the system will be impacted by this change)
	* Environment details (e.g., which operating systems, browsers, or versions are affected)
3. Without additional information, it's challenging for a developer to act on this issue without asking for more context. The proposed solution is vague, and there's no clear understanding of what the problem is or how to verify that the integration is successful.

Considering these points, I conclude that the issue is INCOMPLETE.

Final Answer: Yes",540d5e5f97a9bf6e,llama3.1:8b,0,2026-06-17T11:07:29.096798,project_03,title_desc,incompleteness,cot
ISSUE-205754,Assist EV QA,0,1,"Let's analyze the issue step by step:

1. The issue provides:
	* A clear title and description of the problem.
	* Acceptance criteria, which outlines what needs to be done.
	* Some context about the Evernym Indy Node team assisting other teams with QA tasks.

2. However, the following essential information is missing:
	* Steps to reproduce: There's no indication of how the issue occurs or how it can be replicated.
	* Expected vs actual behavior: The description doesn't specify what the expected outcome is or what the actual outcome is when the issue occurs.
	* Affected components: It's unclear which specific components or systems are affected by this issue.

3. Based on the missing information, a developer would likely need to ask for more clarification before acting on this issue. They wouldn't be able to reproduce the issue or understand its impact without additional context.

Final Answer: Yes",29d705715dc0efc5,llama3.1:8b,0,2026-06-17T11:07:31.909316,project_03,title_desc,incompleteness,cot
ISSUE-206786,I should be able to load a .sovrin file from a URL directly into the CLI,0,1,"Let's break down the issue step-by-step:

1. The key information provided in this issue is:
	* A feature request to load .sovrin files from a URL directly into the CLI.
	* A brief explanation of why this would be useful (""Downloading .sovrin files before they can be opened by the CLI is awkward"").
2. Essential information that is missing includes:
	* Steps to reproduce the issue (e.g., how to load a .sovrin file from a URL, what happens when it fails).
	* Expected vs actual behavior (what should happen when loading a .sovrin file from a URL, and what currently happens).
	* Acceptance criteria (specific conditions that must be met for the feature to be considered complete).
	* Affected components (which parts of the system would need to be modified or updated).
3. Without additional information, it's difficult for a developer to fully understand the requirements and act on this issue without asking for more clarification.

Therefore, based on the provided steps:

Final Answer: Yes",4b284c865341fe6f,llama3.1:8b,0,2026-06-17T11:07:34.962617,project_03,title_desc,incompleteness,cot
ISSUE-206184,Configurations should contain certain version of pip,0,0,"Let's analyze the issue step by step:

1. The key information provided in this issue is:
	* A stacktrace with error messages and file paths.
	* The version of pip that was released on April 16th.
	* The fact that the Indy Node service cannot start.

However, there are some limitations to this information:
	+ The stacktrace only shows the last few lines of code where the error occurred. It's not clear what led up to this point or how it relates to the issue with pip versions.
	+ There is no explicit mention of the expected behavior or what should happen when the Indy Node service starts.

2. Essential information that is missing:
	* Steps to reproduce the issue: How can a developer replicate the problem and verify that it's not just a one-time occurrence?
	* Expected vs actual behavior: What should happen when the Indy Node service starts, and how does this relate to the pip version?
	* Acceptance criteria: What specific conditions must be met for the issue to be considered resolved?

3. Can a developer act on this issue without asking for more information? It's unlikely that a developer can fix the issue based solely on the provided stacktrace and release date of pip 10. They would likely need",9725cbc5a487fc19,llama3.1:8b,0,2026-06-17T11:07:38.741362,project_03,title_desc,incompleteness,cot
ISSUE-205916,read_ledger tool is not able to read the sovrin plugin ledger,0,1,"Let's analyze the issue step by step:

1. The issue title and description provide some key information:
	* The problem: read_ledger tool is unable to find sovrin payment plugin ledgers.
	* A possible solution: adding specific code changes to the read_ledger tool and indy_config.py file.
2. Upon reviewing the provided information, I notice that the following essential information is missing:
	* Steps to reproduce the issue (e.g., how to trigger the problem).
	* Expected vs actual behavior (e.g., what should happen when the read_ledger tool runs).
	* Acceptance criteria (e.g., what conditions must be met for the fix to be considered successful).
	* Affected components or environment details (e.g., which specific versions of software or hardware are involved).
3. Based on the missing information, a developer may not have enough context to act on this issue without asking for more clarification.

Final Answer: Yes",7b049489b01ac735,llama3.1:8b,0,2026-06-17T11:07:41.712333,project_03,title_desc,incompleteness,cot
ISSUE-206000,AttributeError: 'NoneType' object has no attribute 'request' during load,0,1,"Let's analyze the issue step by step:

1. The issue provides:
	* Steps to reproduce: Yes
	* Actual results: Yes
	* Additional info: Logs location
2. However, it is missing essential information:
	* Expected behavior: Not provided (only actual results are mentioned)
	* Acceptance criteria: Not provided
	* Affected components: Not explicitly stated (although the issue mentions a specific pool and load test script)
	* Environment details: Not provided (e.g., OS, Python version, etc.)
3. A developer might be able to reproduce the issue based on the steps provided, but they would likely need more information to understand the expected behavior and acceptance criteria.

Considering these points, I conclude that the issue is missing essential information, specifically expected behavior and environment details.

Final Answer: Yes",a988d52109c5b687,llama3.1:8b,0,2026-06-17T11:07:44.344485,project_03,title_desc,incompleteness,cot
ISSUE-207179,Make sure Nodes upgrade eagerly,0,1,"Let's break down the issue step-by-step:

1. The key information provided in this issue includes:
	* A brief description of the problem
	* A possible solution or new story idea
2. However, some essential information is missing:
	* Steps to reproduce the issue (e.g., what triggers the node upgrade eagerly)
	* Expected vs actual behavior (what should happen when a node upgrades eagerly?)
	* Acceptance criteria (how will we know if the fix is successful?)
	* Affected components or environment details (which nodes, systems, or environments are impacted?)
3. Without more information, it's difficult for a developer to act on this issue without asking for clarification.

Final Answer: Yes",43bd1ae050941e58,llama3.1:8b,0,2026-06-17T11:07:46.753915,project_03,title_desc,incompleteness,cot
ISSUE-207175,Testing: do a lot of concurrent writes and reads to same values,0,0,"Let's analyze the issue step by step:

1. The issue provides some key information:
	* A specific scenario to test: concurrent writes and reads to same values.
	* A description of what needs to be tested, including a mention of changing verkey from different clients and reading in parallel.
	* Test scripts are expected to be written for this scenario.
2. However, the following essential information is missing:
	* Steps to reproduce the issue: The issue mentions ""do a lot of concurrent writes and reads"", but it doesn't provide specific details on how to set up the test environment or what exactly constitutes ""a lot"" of concurrent operations.
	* Expected vs actual behavior: The issue doesn't specify what the expected outcome is, nor does it describe any observed discrepancies between the expected and actual behavior.
	* Acceptance criteria: There are no clear acceptance criteria defined for this scenario, making it difficult to determine when the test is complete or if the issue has been resolved.
	* Affected components: The issue doesn't specify which components of the system are affected by this scenario.
	* Environment details: While the issue mentions ""clients"", it doesn't provide any information about the environment in which these clients operate, such as the operating system, hardware configuration",4bca2ea7178b672e,llama3.1:8b,0,2026-06-17T11:07:50.288504,project_03,title_desc,incompleteness,cot
ISSUE-205301,Responses to client validator info requests very slow on a StagingNet node,0,1,"Let's analyze the issue step by step:

1. Key information provided:
	* The issue is related to slow responses from a node on the Sovrin StagingNet.
	* The specific node in question is sovrin.sicpa.com.
	* The steward has reported that validator-info commands take about 34 seconds to respond, which is much slower than other nodes.
	* The steward has provided some diagnostics, including top and free -m output, but these are not explicitly mentioned as relevant to the issue.
2. Essential information missing:
	* Reproduction steps: How can a developer reproduce this issue? What specific actions should they take?
	* Expected behavior: What is the expected response time for validator-info commands on this node?
	* Environment details: Are there any specific configuration or setup differences between this node and other nodes that might be relevant to the issue?
3. Can a developer act on this issue without asking for more information?
	* No, based on the provided information, it's unclear what actions a developer should take to address the issue.

Therefore, I conclude that the issue is INCOMPLETE because essential information such as reproduction steps, expected behavior, and environment details are missing.

Final Answer: Yes",d800f22ef889a0d1,llama3.1:8b,0,2026-06-17T11:07:54.210544,project_03,title_desc,incompleteness,cot
ISSUE-206412,Create Entity Relationship Diagram of current ledger objects including primary and secondary keys used to link each object together.,0,1,"Let's analyze the issue step by step:

1. The issue provides some key information:
	* A clear description of what needs to be done: Create an Entity Relationship Diagram.
	* A list of specific data objects that need to be included in the diagram, along with their relationships.
2. Upon reviewing the issue, I notice that it is missing essential information:
	* Steps to reproduce: There's no indication of how to create this diagram or what tools are required.
	* Expected vs actual behaviour: The issue doesn't specify what the expected output should be (e.g., a specific format for the diagram) or what the actual outcome might be if something goes wrong.
	* Acceptance criteria: There's no clear definition of when the task is complete, such as ""the diagram must include all specified objects and relationships"" or ""the diagram must be in a specific format"".
3. Can a developer act on this issue without asking for more information? Unfortunately, yes. While the issue provides some context, it doesn't provide enough detail to guide the development process. A developer might need to ask questions like ""What tools should we use to create the diagram?"" or ""How will we verify that all objects and relationships are included correctly?""

Final Answer: Yes",a6010f6ca8f6fca6,llama3.1:8b,0,2026-06-17T11:07:57.873878,project_03,title_desc,incompleteness,cot
ISSUE-206580,Explore: Can doing a ping in the Getting Started Tutorial delete the active wallet,0,1,"Let's analyze the issue step by step:

1. The issue provides some key information:
	* A specific scenario: running 'ping Acme Corp' in the Getting Started Tutorial
	* An unexpected outcome: the active wallet was deleted
2. However, essential information is missing:
	* Steps to reproduce the issue: How did the document writer run the 'ping' command? Was it a typo or an actual attempt to ping 'Acme Corp'? What were the exact steps taken?
	* Expected behavior: What should happen when running the 'ping' command in the Getting Started Tutorial? Should the active wallet be deleted?
	* Environment details: What environment was the document writer using (e.g., local machine, specific network settings)?
3. A developer cannot act on this issue without asking for more information:
	* Without knowing how to reproduce the issue, it's difficult to verify or fix the problem.
	* The expected behavior is unclear, making it hard to determine if the issue is a bug or an intended feature.

Given these observations, I conclude that the issue is INCOMPLETE because essential information is missing.

Final Answer: Yes",18f1e4d8c6fd61df,llama3.1:8b,0,2026-06-17T11:08:01.201751,project_03,title_desc,incompleteness,cot
ISSUE-206497,Unclear messages appear during reading transactions,0,-1,"Let's analyze the issue step by step:

1. Key information provided:
	* Steps to reproduce: The issue provides detailed reproduction steps, including setting up a docker pool of 4 nodes with version 1.2.209 of indy-node, installing a client with the same version, copying genesis files from node machine to client machine, and running the client.
	* Actual results: The issue includes the output of the CLI for the described steps, which shows strange and useless error messages.
	* Additional information: The issue mentions that using a docker client (created by client_for_pool_start.sh) works correctly, and genesis files were double-checked to be the same on both machines.
2. Essential information missing:
	* Expected behavior is not explicitly stated; it's only mentioned in the context of what should happen instead of the actual results.
	* Affected components are not clearly identified beyond mentioning indy-node and client.
	* Environment details, such as operating system, version of dependencies, or any specific configurations that might be relevant to the issue, are not provided.
3. Can a developer act on this issue without asking for more information?
	* While the reproduction steps are detailed, it's unclear what exactly is expected to happen in terms of behavior (",3dd34dc274d9e3b3,llama3.1:8b,0,2026-06-17T11:08:05.294307,project_03,title_desc,incompleteness,cot
ISSUE-205266,1.10.0 Release,0,1,"Let's analyze the issue step by step:

1. Key information provided:
	* Release goal: Release everything that is ready.
	* Specific tasks to be done: Improved view change algorithm, acceptance criteria, code testing, review upstream releases, build production with automated CI/CD, tagging official builds, preparing documentation and release notes, marking the release in JIRA, adding fixVersion to included issues, and emailing stakeholders.
2. Essential information missing:
	* Steps to reproduce (none mentioned)
	* Expected vs actual behavior (not explicitly stated)
	* Affected components (not specified)
	* Environment details (not mentioned)
3. Can a developer act on this issue without asking for more information?
	* No, the issue is too vague and lacks specific details that would allow a developer to implement the required changes.

Based on the analysis, I conclude that the issue is INCOMPLETE because it lacks essential information such as steps to reproduce, expected vs actual behavior, affected components, and environment details.

Final Answer: Yes",3b36c497ae60b0aa,llama3.1:8b,0,2026-06-17T11:08:08.607415,project_03,title_desc,incompleteness,cot
ISSUE-206591,Incubation: Remove all non-Indy branding from indy-anoncreds repo,0,1,"Let's break down the issue step-by-step:

1. The key information provided in this issue includes:
	* A clear description of what needs to be done: removing non-Indy branding and names from the indy-anoncreds repo.
	* Specific examples of what needs to be removed: package names, code primitive names, paths, documentation.
2. Upon reviewing the issue, I notice that essential information is missing:
	* Steps to reproduce the current state or how to verify that the changes have been made successfully.
	* Expected vs actual behavior: What should happen after removing non-Indy branding and names? Are there any specific functional requirements or tests that need to be passed?
	* Acceptance criteria: What are the conditions under which this issue is considered resolved?
	* Affected components: Which parts of the codebase, documentation, or other assets will be impacted by these changes?
	* Environment details: Is this a requirement for a specific environment (e.g., development, testing, production) or a general requirement that applies to all environments?
3. Based on the missing information, it's unlikely that a developer can act on this issue without asking for more clarification or details.

Final Answer: Yes",d04532903be46cd7,llama3.1:8b,0,2026-06-17T11:08:11.964673,project_03,title_desc,incompleteness,cot
ISSUE-207055,Make the tests working using pure pytest,0,1,"Let's analyze the issue step by step:

1. The issue title and description provide some context about the problem with the current testing setup and propose an alternative solution.
2. Upon reviewing the issue, I notice that it lacks essential information such as:
	* Steps to reproduce the problem or how to verify if the proposed solution works
	* Expected vs actual behavior (what should happen when using pytest commands instead of runner.py)
	* Acceptance criteria for the proposed solution (how will we know if it's working correctly?)
	* Affected components (which specific parts of the system will be impacted by this change)
	* Environment details (e.g., which versions of pytest, Python, and other dependencies are relevant to this issue)
3. Without these essential pieces of information, a developer cannot act on this issue without asking for more clarification or details.

Therefore, based on the analysis:

Final Answer: Yes",62551cf633355879,llama3.1:8b,0,2026-06-17T11:08:14.768526,project_03,title_desc,incompleteness,cot
ISSUE-206198,The node blacklisted the remaining nodes during network problems,0,1,"Let's analyze the issue step by step:

1. The issue provides:
	* Steps to reproduce: Yes, it lists specific actions to recreate the problem.
	* Actual results: Yes, it describes what happened during the test.
	* Logs: Yes, a link is provided for further investigation.
2. However, the following essential information is missing:
	* Expected behavior: The issue only describes the actual results, but not what was expected to happen.
	* Acceptance criteria: There's no clear statement of what constitutes ""success"" or ""failure"" in this scenario.
	* Affected components: While it mentions specific nodes and a pool, it doesn't clearly identify which components are involved.
	* Environment details: Although some environment information is provided (e.g., privileged mode), more context about the system configuration would be helpful.
3. Without additional information, a developer might struggle to reproduce the issue or understand its implications. They may need to ask for clarification on these missing points before attempting to resolve the problem.

Considering these observations:

Final Answer: Yes",b7ae0af0b67e7c5d,llama3.1:8b,0,2026-06-17T11:08:17.877092,project_03,title_desc,incompleteness,cot
ISSUE-205670,Tests using the sdk fail on the master branch,0,-1,"Let's analyze the issue step by step:

1. The issue provides:
	* A clear description of the problem: tests fail on the master branch when using the SDK.
	* Steps to reproduce: run a specific test file (`plenum/test/sdk/test_sdk_bindings.py`).
	* Expected behavior vs actual behavior: the test fails due to an error in parsing the new transaction format.
	* Environment details: the issue is related to the master branch and the use of `libindy.so` and `libindy-crypto.so`.
2. However, some essential information is missing:
	* Acceptance criteria are not explicitly stated (what should be the expected outcome of the test?).
	* Affected components are not clearly identified (which specific parts of the codebase or system are impacted by this issue?).
3. A developer can still act on this issue without asking for more information, as they have a clear understanding of:
	* The problem: tests fail due to an error in parsing the new transaction format.
	* Steps to reproduce: run a specific test file.
	* Environment details: master branch and use of `libindy.so` and `libindy-crypto.so`.

However, it would be beneficial for the developer to have more information",6846bf48abeab797,llama3.1:8b,0,2026-06-17T11:08:21.487744,project_03,title_desc,incompleteness,cot
ISSUE-205185,Write a script to upgrade audit ledger for the new state recovered from ledger,0,1,"Let's break down the issue step by step:

1. The key information provided in this issue includes:
	* A problem statement: incorrect merkle hash calculations in the audit history
	* A consequence of this problem: new nodes cannot come into consensus in affected pools
	* A proposed solution: migrate the history to be correct
2. Upon reviewing the issue, I notice that essential information is missing:
	* Steps to reproduce the problem (INDY-2283) are not provided.
	* Expected vs actual behavior is not clearly described.
	* Acceptance criteria for the migration process are not specified.
	* Affected components or environment details are not mentioned.
3. Based on this analysis, a developer would likely need to ask for more information before acting on this issue.

Final Answer: Yes",c6a5aee5971e01f0,llama3.1:8b,0,2026-06-17T11:08:24.132992,project_03,title_desc,incompleteness,cot
ISSUE-205803,Find out maximal pool performance numbers for mixed mode (read and write),0,-1,"Let's analyze the issue step by step:

1. The issue provides some key information:
	* A specific scenario to investigate: maximal pool performance numbers for mixed mode (read and write)
	* A reference to another issue (INDY-1343) which might provide context
	* A run strategy with specific steps to follow
2. Upon reviewing the issue, I notice that essential information is missing:
	* Steps to reproduce the scenario are not explicitly mentioned. While the run strategy provides some guidance, it's not clear how to set up the environment and trigger the mixed mode scenario.
	* Expected vs actual behavior is not clearly defined. What specific performance numbers or metrics are expected in this scenario?
	* Acceptance criteria are not provided. What constitutes ""maximal pool performance"" in this context? Are there any specific thresholds or targets that need to be met?
	* Affected components and environment details are not mentioned. Which components of the system are involved, and what is the target environment (e.g., development, testing, production)?
3. Based on the missing information, a developer would likely need to ask for clarification before acting on this issue. Without clear reproduction steps, expected behavior, acceptance criteria, affected components, or environment details, it's",7b672f0b8b1e4aff,llama3.1:8b,0,2026-06-17T11:08:27.607541,project_03,title_desc,incompleteness,cot
ISSUE-206213,Read-ledger without storage copy in case of RocksDB (RocksDB read-only mode support),0,1,"Let's analyze the issue step by step:

1. The issue provides some key information:
	* It mentions that RocksDB supports read-only mode.
	* It explains how this affects the behavior of the `read_ledger` script.
	* It notes that the current code does not support the read-only option for RocksDB storage.

However, it's missing essential information:

2. The issue is missing:
	* Steps to reproduce the problem (e.g., what specific actions trigger the issue).
	* Expected behavior vs actual behavior (what happens when the `read_ledger` script tries to open a RocksDB storage in read-only mode).
	* Acceptance criteria (what conditions must be met for the fix to be considered complete).
	* Affected components (which parts of the system are impacted by this issue).
	* Environment details (e.g., which versions of RocksDB and other dependencies are relevant).

3. Without more information, a developer cannot act on this issue without asking for clarification or additional details.

Final Answer: Yes",484d46e90271af82,llama3.1:8b,0,2026-06-17T11:08:30.685003,project_03,title_desc,incompleteness,cot
ISSUE-205553,Node that does not upgrade spams the config ledger,0,1,"Let's analyze the issue step by step:

1. The issue provides:
	* A clear description of the problem: a node (sovrin.sicpa.com) does not upgrade and spams the config ledger.
	* Relevant context: the issue occurred on the Sovrin TestNet, and most nodes upgraded properly.
	* Supporting evidence: logs from the node are attached, and additional information is provided about the steward's investigation.
2. The essential information that is missing includes:
	* Steps to reproduce the issue (e.g., how to replicate the problem).
	* Expected vs actual behavior (e.g., what should happen when a node upgrades, and what actually happened in this case).
	* Acceptance criteria (e.g., what conditions must be met for the fix to be considered successful).
	* Affected components (e.g., which specific components or services are involved).
	* Environment details (e.g., specific versions of software, configuration settings).
3. Based on the provided information, a developer may not have enough context to act directly on this issue without asking for more information.

Therefore, considering the missing essential information, I conclude that:

Final Answer: Yes",ee57ab38b563ea45,llama3.1:8b,0,2026-06-17T11:08:34.110334,project_03,title_desc,incompleteness,cot
ISSUE-206193,[QA] Script for filling the ledger doesn't work,0,0,"Let's analyze the issue step by step:

1. The issue provides:
	* A clear title and description of the problem.
	* Steps to reproduce the issue (although they are quite detailed).
	* Actual results, including a stacktrace with error messages.
2. However, some essential information is missing:
	* Expected behavior: What should happen when running the script? The expected results section only mentions that generated transactions should be written, but it's not clear what this means in terms of specific output or behavior.
	* Environment details: Although the issue includes a stacktrace with file paths and Python version, it would be helpful to know more about the environment where the issue occurred (e.g., operating system, dependencies).
3. A developer can still act on this issue without asking for more information:
	* They can try to reproduce the issue based on the provided steps.
	* They can investigate the stacktrace and error messages to understand what's causing the problem.

However, it would be beneficial to have more information about the expected behavior and environment details to ensure that the developer is addressing the root cause of the issue.

Final Answer: No",5b77c76b71a2280e,llama3.1:8b,0,2026-06-17T11:08:37.902067,project_03,title_desc,incompleteness,cot
ISSUE-207334,Send NYM command is not executed on Shakedown Pool 1,0,0,"Let's analyze the issue step by step:

1. The issue provides:
	* Issue title and description
	* Build Info: 0.3.103 (which is relevant but not essential)
	* Steps to Reproduce: 2 clear steps
	* Actual Results: No error/success message, NYM not added
	* Expected Results: Error/success message should be displayed, NYM should be added

2. The issue is missing:
	* Affected components (which system or module is affected)
	* Environment details (e.g., test environment specifics)

3. A developer can act on this issue without asking for more information because the reproduction steps are clear and concise, allowing them to reproduce the problem.

However, there is a crucial piece of information missing: acceptance criteria. The expected results mention error/success messages and NYM addition, but it's not explicitly stated what constitutes ""success"" or how the developer will verify that the issue is resolved.

Final Answer: No",370162278a87894c,llama3.1:8b,0,2026-06-17T11:08:41.027124,project_03,title_desc,incompleteness,cot
ISSUE-206998,roll back default where zmq high water mark = 0,0,1,"Let's analyze the issue step by step:

1. The issue provides some key information:
	* It references another ticket (INDY-366) to provide context.
	* It describes the desired behavior and requirements for rolling back the default FIFO queue in ZMQ, including setting a finite high water mark, detecting nearing the limit, reporting errors, discarding old messages, and exiting the daemon process gracefully.
2. However, some essential information is missing:
	* Steps to reproduce the issue or scenario where this problem occurs.
	* Expected behavior vs actual behavior (what happens currently).
	* Acceptance criteria for what constitutes a successful implementation of these requirements.
	* Affected components or systems that will be impacted by this change.
	* Environment details, such as operating system, version, or specific configurations.
3. Without the missing information, it's unlikely that a developer can act on this issue without asking for more clarification or details.

Final Answer: Yes",0014f81ce09cdad0,llama3.1:8b,0,2026-06-17T11:08:44.102596,project_03,title_desc,incompleteness,cot
ISSUE-206222,Errors with configs during installation,0,1,"Let's analyze the issue step by step:

1. The issue provides:
	* A clear title: ""Errors with configs during installation""
	* A brief description
	* Steps to reproduce the issue, which is a crucial piece of information
	* Actual and expected results, which helps in understanding the problem
2. However, upon closer inspection, we can see that some essential information is missing:
	* Acceptance criteria: What are the specific conditions under which the installation should succeed?
	* Affected components: Which specific components or modules are affected by this issue?
	* Environment details: What operating system, version of indy-node, and other relevant environment variables might be contributing to this issue?
3. While a developer can attempt to reproduce the issue based on the provided steps, they may still need additional information to fully understand the context and create an effective fix.

Considering these points, I would conclude that the issue is INCOMPLETE because it lacks essential information such as acceptance criteria, affected components, and environment details.

Final Answer: Yes",79c902f433dfb6b0,llama3.1:8b,0,2026-06-17T11:08:47.108012,project_03,title_desc,incompleteness,cot
ISSUE-207211,Node crashes if out of disk space,0,0,"Let's analyze the issue step by step:

1. The issue title and description provide some context about the problem: ""Node crashes if out of disk space"" and ""During the test node crashed with leveldb exception """"no space left on device"""". This gives a good idea of what is happening, but it's not very detailed.
2. Upon closer inspection, I notice that:
	* Reproduction steps are missing. How can we reproduce this issue to verify the problem?
	* Expected behavior is not clearly stated. What should happen when the node runs out of disk space? Should it crash or handle the situation in some other way?
	* Acceptance criteria are not provided. What conditions must be met for this issue to be considered resolved?
	* Affected components are not specified. Which parts of the system are impacted by this issue?
	* Environment details are missing. Under what conditions does this issue occur (e.g., specific configuration, usage patterns)?
3. Without more information, a developer might struggle to act on this issue without asking for clarification or additional details.

Based on these observations, I conclude that the issue is INCOMPLETE because essential information such as reproduction steps, expected behavior, acceptance criteria, affected components, and environment details are missing.

Final",07ccaab251b06e21,llama3.1:8b,0,2026-06-17T11:08:50.534097,project_03,title_desc,incompleteness,cot
ISSUE-205565,Unable to choose volume type using pool automation scripts,0,0,"Let's analyze the issue step by step:

1. The issue provides:
	* A clear description of the problem: unable to choose volume type using pool automation scripts.
	* Actual and expected results, which indicate a discrepancy in behavior between automated and manual processes.
2. However, essential information is missing:
	* Steps to reproduce the issue are not provided, making it difficult for developers to understand how to replicate the problem.
	* Environment details (e.g., specific versions of software or hardware) that might be relevant to resolving the issue are not mentioned.
3. Without reproduction steps and environment details, a developer may struggle to act on this issue without asking for more information.

Final Answer: No",9b9b8d22224087c4,llama3.1:8b,0,2026-06-17T11:08:52.801077,project_03,title_desc,incompleteness,cot
ISSUE-205746,1.6.74 Release,0,1,"Let's analyze the issue step by step:

1. The issue provides some key information:
	* A task overview of what needs to be done
	* Acceptance criteria, which include specific tasks that need to be completed
2. However, essential information is missing:
	* Steps to reproduce: There is no clear description of how to trigger the release or what specific actions are required.
	* Expected vs actual behaviour: The issue does not specify what the expected outcome should be after completing the tasks.
	* Affected components: It's unclear which parts of the system will be impacted by this release.
	* Environment details: There is no information about the environment in which the release will take place (e.g., production, staging, etc.).
3. A developer cannot act on this issue without asking for more information:
	* Without knowing how to reproduce the task, a developer would need additional guidance before starting work.
	* The acceptance criteria are high-level and don't provide enough context for a developer to understand what needs to be done.

Based on this analysis, I conclude that the issue is missing essential information, making it INCOMPLETE.

Final Answer: Yes",1884a82347520392,llama3.1:8b,0,2026-06-17T11:08:56.129783,project_03,title_desc,incompleteness,cot
ISSUE-207177,"Ledgers """"stall"""" gracefully",0,0,"Let's analyze the issue step by step:

1. The issue provides some key information:
	* A description of the problem: Ledgers ""stall"" gracefully when encountering an exception during deserialization, validation, or processing.
	* Expected behavior: The failure is handled gracefully with a specific error message in the log, and the ledger is set to a ""STALLED"" state.
	* Description of the recovery process: The node will reattempt to restart a stalled ledger periodically on startup, upgrade, or periodically.
2. However, some essential information is missing:
	* Steps to reproduce the issue are not provided.
	* Expected vs actual behavior is partially described, but it's not clear what the expected behavior should be in all scenarios (e.g., when reattempting to restart a stalled ledger).
	* Acceptance criteria are not specified.
	* Affected components or environment details are not mentioned.
3. A developer may still attempt to act on this issue without asking for more information, but it would likely require additional investigation and clarification to ensure they understand the requirements correctly.

Final Answer: No",353b2aeeab01e82a,llama3.1:8b,0,2026-06-17T11:08:59.329275,project_03,title_desc,incompleteness,cot
ISSUE-207246,Sovrin-Client: Show command cannot show files with space in the name,0,1,"Let's analyze the issue step by step:

1. The issue provides:
	* A clear title that describes the problem
	* Setup details, including the version of Sovrin being used and the command being executed
	* A specific error message indicating what went wrong
2. However, the following essential information is missing:
	* Steps to reproduce: While we can infer some steps from the setup details, it's not explicitly stated how to replicate the issue.
	* Expected vs actual behaviour: The expected behavior of the ""show"" command is not clearly defined, making it difficult to understand what went wrong.
	* Acceptance criteria: There are no clear criteria for what constitutes a successful execution of the ""show"" command with file names containing spaces.
3. A developer can still attempt to act on this issue without asking for more information, but they may need to make some assumptions or ask follow-up questions to clarify the requirements.

Considering these points, I would conclude that the issue is INCOMPLETE because it lacks explicit reproduction steps and expected behavior.

Final Answer: Yes",119af5af8a978aea,llama3.1:8b,0,2026-06-17T11:09:02.445184,project_03,title_desc,incompleteness,cot
ISSUE-207346,Unexpected behavior of the testSendNodeSucceedsIfServicesIsMissed test,0,1,"Let's break down the issue step by step:

1. The key information provided in this issue is:
	* Issue title: Unexpected behavior of the testSendNodeSucceedsIfServicesIsMissed test
	* Issue description: The test makes downstream tests failed and hung testing.
2. Essential information that is missing:
	* Steps to reproduce the unexpected behavior (e.g., what inputs or conditions trigger this issue)
	* Expected vs actual behavior (what was expected to happen, but didn't)
	* Acceptance criteria (what constitutes a successful test run)
	* Affected components (which specific parts of the system are impacted by this issue)
	* Environment details (operating system, version, configuration, etc.)
3. Can a developer act on this issue without asking for more information?
	* No, because there is no clear understanding of what triggers the issue, how it behaves, or which components are affected.

Based on these steps, I conclude that the issue is missing essential information to be considered complete.

Final Answer: Yes",40d4f6b6bd0fa2d6,llama3.1:8b,0,2026-06-17T11:09:05.507758,project_03,title_desc,incompleteness,cot
ISSUE-207079,Node with malformed ldb files has inconsistent behavior,0,1,"Let's analyze the issue step by step:

1. The issue provides:
	* A clear title and description of the problem.
	* Steps to reproduce the issue in two cases, which is good.
	* Actual results are provided, indicating what happens when the node starts with malformed ldb files.
2. However, essential information is missing:
	* Expected behavior is not clearly stated; instead, it says ""Clarification is needed"" and mentions a specific condition where the node starts successfully even if all ldb files are absent.
	* Environment details (e.g., operating system, version of software) are not provided.
3. A developer may struggle to act on this issue without asking for more information:
	* The expected behavior is unclear, which makes it difficult to determine whether the actual results match the expected outcome.
	* Without environment details, a developer might need to ask questions or assume specific conditions before attempting to reproduce and fix the issue.

Considering these points, I conclude that the issue is INCOMPLETE because essential information such as expected behavior and environment details are missing.

Final Answer: Yes",c4dc57f2e9ddbe32,llama3.1:8b,0,2026-06-17T11:09:08.705198,project_03,title_desc,incompleteness,cot
ISSUE-205870,Node can't catch up large ledger,0,0,"Let's analyze the issue step by step:

1. Key information provided:
	* Steps to reproduce are clearly described.
	* Expected vs actual behavior is mentioned.
	* Environment details, including software version and specific node configurations, are provided.
2. Essential information missing:
	* Acceptance criteria are not explicitly stated (although it can be inferred that the clear node should complete catch-up).
	* Affected components are not clearly identified beyond the specific nodes involved in the reproduction steps.
3. Can a developer act on this issue without asking for more information?
	* Yes, based on the provided information, a developer can attempt to reproduce the issue and investigate the root cause.

However, considering the definition of an INCOMPLETE issue, I would say that while some essential information is missing (acceptance criteria and affected components), it's not entirely clear-cut. The steps to reproduce are detailed, and the expected vs actual behavior is mentioned. A developer could still attempt to address the issue with the provided information.

But, if we're being strict about the definition of an INCOMPLETE issue, I would say that some essential information is missing, making it a borderline case.

Final Answer: No",332417fe790432f4,llama3.1:8b,0,2026-06-17T11:09:12.188712,project_03,title_desc,incompleteness,cot
ISSUE-207163,F-value tests: How many nodes can I lose before the network stops? Is it 2f+1? Is it n-f?,0,1,"Let's analyze the issue step by step:

1. The issue title and description provide some context about the problem with F-value tests, but it is not clear what specific behavior or functionality is being questioned.
2. Upon reviewing the issue, I notice that:
	* There are no steps to reproduce the issue provided.
	* The expected vs actual behavior is not clearly stated (e.g., what happens when a certain number of nodes are lost?).
	* Acceptance criteria are not specified (e.g., under what conditions should the network stop functioning?).
	* Affected components or environment details are not mentioned.
3. Without clear reproduction steps, expected vs actual behavior, acceptance criteria, affected components, or environment details, a developer would likely need to ask for more information before attempting to resolve the issue.

Based on this analysis, I conclude that the issue is missing essential information and cannot be acted upon without further clarification.

Final Answer: Yes",d930586691f4e9c7,llama3.1:8b,0,2026-06-17T11:09:14.978138,project_03,title_desc,incompleteness,cot
ISSUE-205602,Write and Read request flow,0,1,"Let's break down the issue step by step:

1. The key information provided in this issue is:
	* A clear title (""Write and Read request flow"")
	* A brief description of what needs to be done (""Create Activity diagrams for write and read request flows including optimistic and negative scenarios."")
2. Upon reviewing the issue, I notice that some essential information is missing:
	* Steps to reproduce: The issue doesn't specify how to trigger a write or read request, making it difficult to test and verify the activity diagrams.
	* Expected vs actual behaviour: There's no clear description of what the expected outcome should be for each scenario (optimistic and negative).
	* Acceptance criteria: The issue doesn't provide any specific acceptance criteria that would indicate whether the activity diagrams meet the requirements.
3. Can a developer act on this issue without asking for more information? While a developer might be able to create some basic activity diagrams, they wouldn't know what specific scenarios to include or how to verify their work without additional context.

Based on these observations, I conclude that the issue is missing essential information, making it INCOMPLETE.

Final Answer: Yes",8f5cbf0335ea6eb3,llama3.1:8b,0,2026-06-17T11:09:18.186769,project_03,title_desc,incompleteness,cot
ISSUE-207255,Sovrin-Client: Show file command of not much use,0,1,"Let's analyze the issue step by step:

1. The issue provides some context and background information about the related defect INDY-179 and its impact on the user experience.
2. Upon reviewing the issue, I notice that it lacks essential information such as:
	* Steps to reproduce the problem
	* Expected vs actual behavior of the ""*show <file>*"" command
	* Acceptance criteria for what constitutes a ""useful"" file command
	* Affected components or modules in the Sovrin-Client software
	* Environment details (e.g., operating system, version)
3. Without this essential information, it's challenging for a developer to understand the problem, reproduce it, and implement a fix.

Considering these points, I conclude that the issue is INCOMPLETE.

Final Answer: Yes",31af6ea6bf37de0d,llama3.1:8b,0,2026-06-17T11:09:20.813471,project_03,title_desc,incompleteness,cot
ISSUE-205400,Update docs for Transaction Author agreement,0,-1,"Let's break down the issue step-by-step:

1. Key information provided:
	* The issue title and description clearly indicate what needs to be done: updating documentation files (`requests.md`, `transactions.md`, and `auth_map.md`) with new information about Transaction Author agreement (TAA) fields, transactions, and requests.
2. Essential information missing:
	* Steps to reproduce the changes are not mentioned, which could be important if there's a specific process or configuration that needs to be followed for updating documentation.
	* Expected vs actual behavior is not described, making it unclear what exactly should change in the documentation files.
	* Acceptance criteria are not specified, so it's hard to determine when the update is complete and correct.
	* Affected components (e.g., specific code modules or APIs) are not mentioned, which could be relevant if the documentation updates have implications for other parts of the system.
	* Environment details (e.g., development, testing, production environments) are not provided, which might affect how the changes are implemented and tested.
3. Can a developer act on this issue without asking for more information?
	* While a developer can attempt to update the documentation files based on the provided description, they may still need clarification on some aspects",a8a8ed3f30d7e777,llama3.1:8b,0,2026-06-17T11:09:24.256169,project_03,title_desc,incompleteness,cot
ISSUE-205519,Incorrect pool upgrade txn validation,0,1,"Let's analyze the issue step by step:

1. The issue provides:
	* A clear title: ""Incorrect pool upgrade txn validation""
	* A brief description of the problem
	* Build Info: indy-node 1.6.760 (which is relevant to the environment)
	* Steps to Reproduce: a concise set of steps to reproduce the issue
	* Actual Results: a specific error message
	* Expected Results: what the expected behavior should be

2. The essential information that is missing:
	* Acceptance criteria are not explicitly stated, but they can be inferred from the expected results.
	* Affected components are not mentioned, but it's likely related to the ""indy-node"" component.
	* Environment details beyond the build info (e.g., specific configuration settings) might be useful for reproduction.

3. Can a developer act on this issue without asking for more information?
	* Yes, they can attempt to reproduce the issue based on the provided steps and expected results.
	* However, they may need to clarify some aspects, such as acceptance criteria or affected components, to ensure they're addressing the root cause of the problem.

Considering these points, I would say that while there are some minor gaps in information, the",8662ea19cdae9368,llama3.1:8b,0,2026-06-17T11:09:27.844594,project_03,title_desc,incompleteness,cot
ISSUE-205808,Performance of monitor should be improved,0,1,"Let's analyze the issue step by step:

1. The issue title and description provide some context about the problem with the monitor's performance under high load.
2. Upon reviewing the issue, I notice that it is missing essential information such as:
	* Steps to reproduce: How can a developer replicate this issue? What specific conditions or scenarios lead to this problem?
	* Expected vs actual behaviour: What exactly is the expected behavior of _monitor.requestOrdered_ under high load, and how does it deviate from the actual behavior?
	* Acceptance criteria: What are the specific metrics or thresholds that would indicate whether the performance improvement has been successful?
	* Affected components: Which components or systems are impacted by this issue?
	* Environment details: Under what conditions (e.g., load, configuration) does this issue occur?

3. Without additional information, a developer may struggle to understand the root cause of the problem and how to address it effectively.

Based on this analysis, I conclude that the issue is INCOMPLETE due to the missing essential information.

Final Answer: Yes",f7046a0070155233,llama3.1:8b,0,2026-06-17T11:09:30.988663,project_03,title_desc,incompleteness,cot
ISSUE-205232,PBFT View Change Debug: Part 2,0,1,"Let's analyze the issue step by step:

1. Key information provided:
	* A list of tasks to be completed or investigated
	* Links to GitHub pull requests that have been done
	* A mention of load testing and simulation tests
2. Essential information missing:
	* Steps to reproduce the problem (e.g., what triggers the issue?)
	* Expected vs actual behavior (what is the desired outcome, and how does it differ from the current outcome?)
	* Acceptance criteria (what conditions must be met for the issue to be considered resolved?)
	* Affected components or environment details (which parts of the system are impacted, and in what context?)
3. Can a developer act on this issue without asking for more information?
	* No, because there is no clear description of the problem, its causes, or its effects.

Based on these observations, I conclude that the issue is INCOMPLETE.

Final Answer: Yes",a2a39d37547d0032,llama3.1:8b,0,2026-06-17T11:09:33.821949,project_03,title_desc,incompleteness,cot
ISSUE-206367,Knowledge transfer on Indy build processes,0,1,"Let's break down the issue step-by-step:

1. The key information provided in this issue is:
	* A problem statement: ""Knowledge transfer on Indy build processes""
	* A request for education and documentation to support steward activities
2. Essential information that is missing includes:
	* Steps to reproduce (there are no specific steps mentioned)
	* Expected vs actual behavior (no clear description of what the issue is or how it should behave)
	* Acceptance criteria (what constitutes successful knowledge transfer?)
	* Affected components (which parts of the Indy node build processes need improvement?)
	* Environment details (in which environment does this issue occur?)
3. Without additional information, a developer cannot act on this issue without asking for more clarification or details.

Final Answer: Yes",79c848c204b30ef6,llama3.1:8b,0,2026-06-17T11:09:36.338692,project_03,title_desc,incompleteness,cot
ISSUE-205283,Support ubuntu 20.04 in system tests,0,1,"Let's break down the issue step-by-step:

1. Key information provided:
	* Issue title: Support ubuntu 20.04 in system tests
	* Issue description: Need to update system tests to support ubuntu 20.04 testing env.
	* Acceptance criteria: Two specific conditions for the acceptance of the change (test pool can be run, client might be run in any env, no tests regression)
2. Essential information missing:
	* Steps to reproduce the issue or the desired behavior
	* Expected vs actual behavior (what should happen and what is currently happening)
	* Environment details: While it mentions ubuntu 20.04 testing env, it's not clear if this is a specific environment that needs to be supported or if there are other environments involved.
3. Can a developer act on this issue without asking for more information?
	* No, the developer would likely need clarification on the reproduction steps and expected behavior to understand what needs to be done.

Final Answer: Yes",418069c81631a95f,llama3.1:8b,0,2026-06-17T11:09:39.243786,project_03,title_desc,incompleteness,cot
ISSUE-206407,generate_indy_pool_transactions can be run only by indy user,0,0,"Let's analyze the issue step by step:

1. The issue provides:
	* A clear title and description of the problem.
	* Steps to reproduce the issue (Steps to Reproduce).
	* Actual results and expected results, which helps understand the behavior.
	* Additional information about the priority and environment where the issue occurs.

2. However, upon closer inspection, I notice that the ""Affected Components"" are not explicitly mentioned. While it's possible to infer from the context that the affected component is likely related to the `generate_indy_pool_transactions` command or the Indy package, it would be more precise if this information was explicitly stated.

3. Despite the missing ""Affected Components"", a developer can still act on this issue without asking for more information because:
	* The reproduction steps are clear and concise.
	* The expected vs actual behavior is well-defined.
	* Additional context about the environment (vagrant setup, master version of vagrant scripts) provides useful background.

Considering these points, I conclude that while some essential information is missing, it's not sufficient to classify the issue as INCOMPLETE. A developer can still make progress on this issue with the provided details.

Final Answer: No",7406cf84637e6d8f,llama3.1:8b,0,2026-06-17T11:09:42.660267,project_03,title_desc,incompleteness,cot
ISSUE-206381,ATTRIB transaction with ENC and HASH doesn't work,0,1,"Let's analyze the issue step by step:

1. The issue title and description provide some context about the problem with ATTRIB transactions.
2. Upon reviewing the issue description, I notice that it lacks essential information such as:
	* Steps to reproduce the issue: How can a developer replicate the problem?
	* Expected vs actual behavior: What is the expected outcome of an ATTRIB transaction with ENC and HASH, and what happens instead?
	* Acceptance criteria: What conditions must be met for the issue to be considered resolved?
	* Affected components: Which specific components or modules are impacted by this issue?
	* Environment details: Are there any specific environment settings or configurations that contribute to the problem?

3. Without these essential pieces of information, a developer would likely need to ask for clarification before attempting to resolve the issue.

Based on this analysis, I conclude that the issue is INCOMPLETE.

Final Answer: Yes",e44b1cd3cdff93f8,llama3.1:8b,0,2026-06-17T11:09:45.495202,project_03,title_desc,incompleteness,cot
ISSUE-205817,Research performance of static validation against message schema,0,1,"Let's analyze the issue step by step:

1. The issue provides some key information:
	* A problem statement: static validation against message schema is slow.
	* Acceptance criteria are mentioned, but not explicitly stated.
	* Three possible options for improving performance are listed.
2. Essential information that is missing includes:
	* Steps to reproduce the issue (e.g., how many messages were processed, what was the load on the system).
	* Expected vs actual behavior: what exactly happens when static validation is performed against the message schema?
	* Environment details: where does this slow performance occur? Is it a specific component or a distributed system?
3. Can a developer act on this issue without asking for more information?

While a developer might be able to provide some general guidance, they would likely need additional information to create an effective plan (PoA) to improve performance. Without knowing the specifics of the environment and the expected behavior, it's difficult to determine whether the slow performance is due to code issues or other factors.

Therefore, I conclude that this issue is INCOMPLETE because essential information such as reproduction steps, expected vs actual behavior, and environment details are missing.

Final Answer: Yes",84e9c483f8a3b500,llama3.1:8b,0,2026-06-17T11:09:48.876737,project_03,title_desc,incompleteness,cot
ISSUE-207214,The CLI initialization becomes too slow,0,1,"Let's analyze the issue step by step:

1. The issue title and description provide some context about the problem: ""The CLI initialization becomes too slow"". This gives an idea of what is happening, but it's not very specific.
2. Upon reviewing the issue description, I notice that:
	* There are no clear steps to reproduce the issue (e.g., how to trigger the slow behavior).
	* The expected vs actual behavior is not explicitly stated (e.g., what should happen when the CLI initializes quickly vs slowly?).
	* Acceptance criteria are not mentioned.
	* Affected components are not specified.
	* Environment details (e.g., operating system, version of Python) are missing.

3. Without clear reproduction steps, expected behavior, and environment details, it's challenging for a developer to act on this issue without asking for more information. They might need to ask questions like ""What do you mean by 'tens seconds'?"", ""Can you provide the exact command used to reproduce the issue?"", or ""What is your Python version?"".

Considering these points, I conclude that the issue is missing essential information, making it difficult for a developer to act on it without further clarification.

Final Answer: Yes",1bfc6a3f7805c7a5,llama3.1:8b,0,2026-06-17T11:09:52.306286,project_03,title_desc,incompleteness,cot
ISSUE-205760,POA: Delegate issuance to a processor,0,1,"Let's analyze the issue step by step:

1. The issue provides:
	* A clear story and requirements
	* Acceptance criteria
	* Possible approaches to solve the problem
	* Notes about the implications of this new feature
2. However, it is missing essential information such as:
	* Steps to reproduce the issue (e.g., how to delegate credential issuance)
	* Expected vs actual behavior (e.g., what happens when a verifier sees a credential issued by a processor)
	* Affected components or environment details (e.g., which specific Indy network, ledger, or cred def transactions are involved)
3. Without this essential information, a developer cannot act on the issue without asking for more clarification or details.

Therefore, based on the analysis:

Final Answer: Yes",c4f9c794565d7fa0,llama3.1:8b,0,2026-06-17T11:09:54.957183,project_03,title_desc,incompleteness,cot
ISSUE-205269,Implement helper script for AWS pool operations with snapshots,0,1,"Let's break down the analysis step-by-step:

1. The key information provided in this issue includes:
	* A brief description of what needs to be implemented: a helper script for AWS pool operations with snapshots, volumes, and instances.
	* A vague mention of reducing switching time between upgrade and load AWS setups.

However, there is no clear indication of the specific requirements or goals of the implementation.

2. Essential information that is missing includes:
	* Steps to reproduce the issue (if any) or how to test the new helper script.
	* Expected vs actual behavior: what should the helper script do, and how will it improve the current process?
	* Acceptance criteria: what are the specific conditions under which the implementation will be considered complete?
	* Affected components: which AWS services or resources will be impacted by this change?
	* Environment details: in which environments (e.g., dev, prod) should the helper script be implemented?

3. Without additional information, a developer would likely struggle to act on this issue without asking for more clarification.

Based on this analysis, I conclude that the issue is missing essential information and cannot be considered complete.

Final Answer: Yes",2052b37e776d3f77,llama3.1:8b,0,2026-06-17T11:09:58.261259,project_03,title_desc,incompleteness,cot
ISSUE-207178,An upgrade should be idempotent,0,1,"Let's analyze the issue step by step:

1. The issue provides some key information:
	* The desired behavior of an upgrade being idempotent.
	* A scenario where an earlier upgrade to v.5 has gone through, and a subsequent upgrade attempt should not do anything.
	* A specific test case for verifying idempotence: applying the upgrade twice on each node and verifying that the update is idempotent.
2. However, some essential information is missing:
	* Steps to reproduce the issue or the desired behavior (e.g., how to trigger an upgrade attempt).
	* Expected vs actual behavior (what should happen when an upgrade is attempted multiple times?).
	* Acceptance criteria for what constitutes ""idempotence"" in this context.
	* Affected components or environment details (which nodes, systems, or configurations are involved?).
3. Without the missing information, a developer may struggle to understand how to implement the desired behavior or verify that it is working correctly.

Therefore, based on the analysis:

Final Answer: Yes",9147daaabe67ec72,llama3.1:8b,0,2026-06-17T11:10:01.307775,project_03,title_desc,incompleteness,cot
ISSUE-205965,Ledger upgrade transaction should specify a package name,0,1,"Let's analyze the issue step by step:

1. The issue provides:
	* A clear title and description of the problem.
	* Acceptance criteria that outline what needs to be done.
	* Notes that provide additional context, but are not essential for understanding the problem.

2. However, the following essential information is missing:
	* Steps to reproduce: There's no indication of how to trigger or test this issue.
	* Expected vs actual behavior: The description doesn't clearly state what should happen when a package name is specified in the upgrade transaction.
	* Affected components: While it mentions specific packages (Indy Node, Sovrin package), it doesn't specify which codebases or modules are impacted.

3. A developer can still act on this issue without asking for more information because:
	* The acceptance criteria provide a clear direction on what needs to be done.
	* The notes offer additional context and background information that might help with implementation, but aren't essential for understanding the problem.

However, considering the missing reproduction steps, expected vs actual behavior, and affected components, I would say:

Final Answer: Yes",8df352cbdaf0aea7,llama3.1:8b,0,2026-06-17T11:10:04.534350,project_03,title_desc,incompleteness,cot
ISSUE-207326,Prove the pool upgrade mechanism by performing a noticeable upgrade test,0,1,"Let's analyze the issue step by step:

1. The issue title and description provide some context about what needs to be done, but it's not very specific.
2. Upon reviewing the issue, I notice that:
	* There are no reproduction steps mentioned, which makes it difficult for a developer to understand how to test the upgrade mechanism.
	* Expected vs actual behavior is not clearly defined, making it hard to determine whether the upgrade was successful or not.
	* Acceptance criteria are missing, which would provide clear guidelines on what constitutes a successful upgrade.
	* Affected components and environment details are also not specified, which could lead to confusion about where to apply the changes.
3. Based on the analysis above, it's unlikely that a developer can act on this issue without asking for more information. The lack of essential details makes it difficult to proceed with the task.

Final Answer: Yes",c5c3ef64897a31d2,llama3.1:8b,0,2026-06-17T11:10:07.369349,project_03,title_desc,incompleteness,cot
ISSUE-206117,Simple Timeout fixes of the current View Change protocol,0,1,"Let's analyze the issue step by step:

1. The issue provides some context about existing problems in the View Change protocol and references to other issues (INDY-1296 and INDY-1303). It also mentions possible fixes with various options.
2. Upon reviewing the issue, I notice that it is missing essential information such as:
	* Steps to reproduce: There are no clear instructions on how to replicate the problem or test the proposed fixes.
	* Expected vs actual behaviour: The issue does not specify what the expected outcome should be after implementing one of the possible fixes.
	* Acceptance criteria: There are no clear criteria for determining whether a fix is successful or not.
	* Affected components: It's unclear which specific components or modules will be impacted by these changes.
	* Environment details: The issue does not specify any environment-specific requirements, such as network configurations or system settings.

3. Based on the missing information, it's unlikely that a developer can act on this issue without asking for more clarification or additional details. The proposed fixes are quite vague and require further investigation to determine their feasibility and impact.

Final Answer: Yes",415e8e44fc2abc1c,llama3.1:8b,0,2026-06-17T11:10:10.672695,project_03,title_desc,incompleteness,cot
ISSUE-206655,As I Validator or Observer Node,0,1,"Let's analyze the issue step by step:

1. The issue title and description provide some context about the problem, but it's not clear what specific functionality is being requested or why.
2. Upon reviewing the issue, I notice that:
	* There are no reproduction steps to help a developer understand how to reproduce the issue.
	* There is no expected vs actual behavior described, making it difficult for a developer to understand what the problem is.
	* The environment details (e.g., platform, version) where this issue occurs are not specified.
3. Without clear reproduction steps, expected behavior, and environment details, a developer would likely need to ask for more information before attempting to resolve the issue.

Based on these observations, I conclude that the issue is missing essential information, making it INCOMPLETE.

Final Answer: Yes",594efcddf6da0a07,llama3.1:8b,0,2026-06-17T11:10:13.264127,project_03,title_desc,incompleteness,cot
ISSUE-207231,eliminate runtime warnings that show during tests,0,0,"Let's break down the issue step-by-step:

1. The key information provided in this issue is:
	* A problem statement: ""eliminate runtime warnings that show during tests""
	* A brief description of the context: ""When we are running unit and integration tests, there are a few warnings.""
2. Upon reviewing the issue, I notice that some essential information is missing:
	* Steps to reproduce the warnings (e.g., which specific test cases or scenarios trigger the warnings)
	* Expected vs actual behavior (what should happen instead of the warnings?)
	* Acceptance criteria (how will we know when the issue is resolved?)
3. Can a developer act on this issue without asking for more information? Unfortunately, yes. The developer can still try to investigate and resolve the issue based on their general knowledge of the codebase and testing procedures.

However, I would recommend that the developer ask for clarification or additional information from the reporter to ensure they're addressing the root cause of the problem.

Final Answer: No",32dc98c75157c399,llama3.1:8b,0,2026-06-17T11:10:16.226709,project_03,title_desc,incompleteness,cot
ISSUE-206217,Clarify current permissible actions with DID's roles,0,1,"Let's break down the issue step-by-step:

1. The key information provided in this issue includes:
	* Main assumptions: 2 specific conditions related to DID's roles
	* Findings: A link to a Google spreadsheet that appears to contain some details about the current state of permissible actions with DID's roles
2. Essential information missing from this issue includes:
	* Steps to reproduce the problem or scenario being described (e.g., what operations are being performed, by whom)
	* Expected vs actual behavior: What is the specific problem or discrepancy that needs to be addressed?
	* Acceptance criteria: What conditions must be met for the issue to be considered resolved?
	* Affected components: Which parts of the system are impacted by this issue?
	* Environment details: In what context does this issue occur (e.g., specific user roles, system configurations)?
3. Without additional information, a developer may struggle to understand the scope and requirements of the issue, making it challenging for them to act on it without asking for more clarification.

Based on these observations, I conclude that the issue is missing essential information, which makes it INCOMPLETE.

Final Answer: Yes",45e8bea38f335c26,llama3.1:8b,0,2026-06-17T11:10:19.549599,project_03,title_desc,incompleteness,cot
ISSUE-205635,Enable PreViewChange Strategy,0,1,"Let's analyze the issue step by step:

1. The issue provides some key information:
	* A PreViewChange strategy was implemented in INDY-1687.
	* It's currently disabled by default.
	* Acceptance criteria are mentioned, but they seem to be incomplete (more on this later).
2. Upon closer inspection, the following essential information is missing:
	* Steps to reproduce: The issue doesn't describe how to trigger or reproduce the problem with the PreViewChange strategy enabled.
	* Expected vs actual behavior: While there's a mention of ""side-affects"" and performance improvements, it's unclear what specific behaviors are expected versus what's currently observed.
	* Affected components: Although the issue mentions INDY-1687, it doesn't specify which components or modules are affected by this strategy.
3. Can a developer act on this issue without asking for more information? Unfortunately, yes. The acceptance criteria provided seem to be incomplete and don't provide enough context for a developer to implement the change. However, a developer might still attempt to enable the PreViewChange strategy by default based on the given information.

However, considering the missing essential information (steps to reproduce, expected vs actual behavior, affected components), I would conclude that this",80899d09a22efa47,llama3.1:8b,0,2026-06-17T11:10:22.935565,project_03,title_desc,incompleteness,cot
ISSUE-205719,Validator info tool should show windowed throughput statistics,0,1,"Let's analyze the issue step by step:

1. The issue provides some key information:
	* A specific feature request: ""Validator info tool should show windowed throughput statistics""
	* A reference to an existing issue (INDY-930)
	* Some open questions and uncertainties about how to implement the feature
2. Upon reviewing the issue, I notice that the following essential information is missing:
	* Steps to reproduce the desired behavior or a clear description of what the user expects to see in the validator info tool.
	* Expected vs actual behavior: What should happen when the windowed throughput statistics are displayed? How will it differ from the current implementation?
	* Acceptance criteria: What specific conditions must be met for this feature to be considered complete and functional?
	* Affected components: Which parts of the system will need to be modified or updated to implement this feature?
	* Environment details: Are there any specific requirements or constraints related to the environment in which this feature should operate (e.g., production, testing, etc.)?
3. Based on the missing information, a developer would likely need to ask for more clarification and details before acting on this issue.

Final Answer: Yes",eadffa0a461e6a9a,llama3.1:8b,0,2026-06-17T11:10:26.269462,project_03,title_desc,incompleteness,cot
ISSUE-205358,indy-node upgrade problem - No such directory,0,0,"Let's analyze the issue step by step:

1. Key information provided:
	* Issue title and description
	* Steps to reproduce (although they are incomplete, as we'll see later)
	* Expected behavior
	* Observed behavior (including error message)
	* Notes on workaround
2. Essential information missing:
	* Complete reproduction steps: The issue mentions following the steps in a Google document, but it doesn't provide the complete steps to reproduce the problem.
	* Environment details: Although there is an ""Environment"" section, it only mentions two networks (BuilderNet and StagingNet) without providing any specific configuration or setup information that might be relevant to the issue.
3. Can a developer act on this issue without asking for more information?
	* No, because the reproduction steps are incomplete, and the environment details are not sufficient to understand the context of the problem.

However, upon closer inspection, I notice that the ""Steps to Reproduce"" section actually provides a link to a Google document with detailed upgrade instructions. This means that the reproduction steps are indeed provided, but they are external to the issue description itself.

Given this analysis, I would conclude that the essential information is mostly present, except for some minor details (e.g., specific configuration",008833b0126d3e2c,llama3.1:8b,0,2026-06-17T11:10:30.000869,project_03,title_desc,incompleteness,cot
ISSUE-206471,Validator-info tool is not working with build 1.2.49,0,1,"Let's analyze the issue step by step:

1. The issue provides some key information:
	* A specific problem with the validator-info tool
	* A version of the build (1.2.49)
	* Error message and its location
	* Presence of an empty log file
2. Upon closer inspection, I notice that the following essential information is missing:
	* Steps to reproduce the issue: How can a developer replicate this problem?
	* Expected vs actual behavior: What should happen when running the validator-info tool, and what's happening instead?
	* Acceptance criteria: What are the desired outcomes for the validator-info tool in this scenario?
	* Affected components: Which specific components or modules are involved in this issue?
3. Without these essential details, a developer may struggle to understand the root cause of the problem and create an effective solution.

Final Answer: Yes",c36a957c5aa3a58f,llama3.1:8b,0,2026-06-17T11:10:32.795388,project_03,title_desc,incompleteness,cot
ISSUE-207259,[send NYM] Add verkey and update verkey commands don't work,0,-1,"Let's analyze the issue step by step:

1. The issue provides:
	* A clear title and description of the problem.
	* Steps to reproduce the issue (Steps to Reproduce).
	* Actual results, including specific details about the errors encountered.
	* Expected results, which clearly state what should happen instead.
	* Additional information about the impact of this issue (blocks complex confirmation of INDY-110).

2. The essential information that is missing:
	* Acceptance criteria: While expected results are provided, acceptance criteria would further clarify what constitutes a successful resolution of this issue.
	* Affected components: It's not clear which specific components or modules are affected by this issue.
	* Environment details: Although the build info is provided (sovrin-node 0.3.19 and sovrin-client 0.3.20), it would be helpful to know more about the environment in which this issue was encountered.

3. Can a developer act on this issue without asking for more information?
	* While the steps to reproduce, actual results, and expected results provide a good starting point, the missing acceptance criteria, affected components, and environment details might require additional investigation or clarification before a developer can confidently work on resolving the issue.

Considering",da249aa2499b2683,llama3.1:8b,0,2026-06-17T11:10:36.367005,project_03,title_desc,incompleteness,cot
ISSUE-206618,Allow a steward to update his node entry in the ledger - including the verkey,0,-1,"Let's analyze the issue step by step:

1. The issue provides:
	* A clear problem statement: ""Currently, a steward is allowed only a single node entry in the ledger...""
	* An example of the current behavior and its consequences.
	* A proposed solution: ""Rather than checking on node creation for *1 node per steward*, the check should occur when _promoting or creating_ a node to allow only *1 validator per steward*.""
2. The essential information missing is:
	* Steps to reproduce the issue (e.g., how to create multiple node entries as a steward).
	* Expected behavior: What exactly should happen when a steward tries to update their node entry?
	* Acceptance criteria: How will we know if the proposed solution works correctly?
	* Affected components: Which specific parts of the system need to be updated or modified.
	* Environment details: Are there any specific configurations, dependencies, or assumptions that are relevant to this issue?
3. A developer can act on this issue without asking for more information because:
	* The problem statement is clear and concise.
	* The proposed solution provides a good starting point for investigation.

However, it's worth noting that the issue could benefit from additional context, such as specific",b1b0c208b414e0f3,llama3.1:8b,0,2026-06-17T11:10:40.101183,project_03,title_desc,incompleteness,cot
ISSUE-205847,Fail to update pool ledger if no connection to a node in the genesis file in old cli,0,1,"Let's analyze the issue step by step:

1. The issue provides:
	* A brief description of the problem
	* A possible related issue reference (EN-755)
	* Some context about how older versions handled this case
	* A specific error message printed to the terminal
2. However, the following essential information is missing:
	* Steps to reproduce the issue (e.g., what actions trigger the failure?)
	* Expected behavior vs actual behavior (what should happen when a node is unreachable?)
	* Acceptance criteria (what conditions must be met for this issue to be considered resolved?)
	* Affected components (which specific parts of the codebase are impacted by this issue?)
	* Environment details (e.g., what version of the software, operating system, or dependencies are relevant?)
3. Without more information, a developer may struggle to act on this issue without asking for clarification or additional context.

Based on this analysis, I conclude that the issue is INCOMPLETE.

Final Answer: Yes",cfbbdddfb38913da,llama3.1:8b,0,2026-06-17T11:10:43.210570,project_03,title_desc,incompleteness,cot
ISSUE-205621,Expected object or value error during batch handling,0,1,"Let's analyze the issue step by step:

1. The issue provides:
	* A brief description of the problem
	* Acceptance criteria (investigate source code, write tests, create fix)
2. However, essential information is missing:
	* Steps to reproduce the error
	* Expected vs actual behavior (what should happen vs what's actually happening)
	* Affected components or environment details
3. Without reproduction steps and expected/actual behavior, a developer may struggle to understand how to replicate the issue and verify the fix.

Final Answer: Yes",7cc8c40394bf512b,llama3.1:8b,0,2026-06-17T11:10:45.336400,project_03,title_desc,incompleteness,cot
ISSUE-206100,Support Payment API txns in load script,0,1,"Let's break down the issue step by step:

1. The key information provided in this issue is:
	* A specific requirement to support Payment API transactions
	* The source of the transactions (libindy and its wrappers)
2. Upon reviewing the issue, I notice that essential information is missing:
	* Steps to reproduce the scenario where Payment API txns need to be supported in the load script
	* Expected behavior vs actual behavior when supporting Payment API txns
	* Acceptance criteria for what constitutes successful support of Payment API txns
	* Affected components or modules that need to be updated
	* Environment details (e.g., specific versions, configurations)
3. Based on this analysis, a developer would likely need to ask for more information before acting on the issue.

Final Answer: Yes",2d6b10c338c4070f,llama3.1:8b,0,2026-06-17T11:10:47.958954,project_03,title_desc,incompleteness,cot
ISSUE-206303,Ordering of 3PC-batches on a backup replica may stop after a catch-up,0,0,"Let's analyze the issue step by step:

1. The issue provides a detailed description of the problem, including the specific scenario where the backup replica stops after a catch-up. It also explains the current logic and the desired behavior.
2. Upon reviewing the issue, I notice that it lacks essential information such as:
	* Steps to reproduce: There is no clear explanation on how to replicate this issue or what specific conditions lead to this problem.
	* Expected vs actual behavior: While the issue describes the expected behavior (the backup replica should be able to process new batches in the normal way), it does not explicitly state the actual behavior that is observed.
	* Acceptance criteria: There are no clear acceptance criteria for resolving this issue, making it difficult to determine when the fix is complete.
	* Affected components: The issue mentions specific components (backup replica, 3PC-batches) but does not provide a comprehensive list of affected components or systems.
	* Environment details: The issue assumes a certain level of knowledge about the system and its configuration, but it does not provide explicit environment details that would help developers understand the context.

3. Based on the missing information, I believe that a developer cannot act on this issue without asking for more clarification or additional information.",36e1c3e433510397,llama3.1:8b,0,2026-06-17T11:10:51.584193,project_03,title_desc,incompleteness,cot
ISSUE-206249,Add Docker getting started configuration,0,1,"Let's analyze the issue step by step:

1. The issue provides some key information:
	* A clear description of what needs to be implemented: ""Add a turnkey, Docker-based sandbox that enables quick and easy exploration of Hyperledger Indy concepts.""
	* Links to relevant documentation (Sovrin's Getting Started Guide and the implementation described in the getting_started_turnkey placeholder)
2. However, some essential information is missing:
	* Steps to reproduce the issue or how to test the new feature
	* Expected behavior vs actual behavior (what should happen when the feature is implemented?)
	* Acceptance criteria (how will we know if the feature is working correctly?)
	* Affected components (which parts of the system will be impacted by this change?)
	* Environment details (in which environment(s) will this feature be deployed?)
3. Without additional information, a developer may struggle to act on this issue without asking for more clarification or context.

Based on this analysis, I conclude that the issue is INCOMPLETE because it lacks essential information such as steps to reproduce, expected behavior, acceptance criteria, affected components, and environment details.

Final Answer: Yes",22778d872a074e1c,llama3.1:8b,0,2026-06-17T11:10:54.896833,project_03,title_desc,incompleteness,cot
ISSUE-207080,Valid write transactions may be rejected as having invalid signatures (case 2),0,1,"Let's analyze the issue step by step:

1. The issue provides some key information:
	* A description of the bug
	* Details about the test script and parameters used to reproduce the issue
	* Configuration details, including versions of sovrin-client and sovrin-node
	* Attached logs for reference
	* Additional files that were manually copied to the VM
2. However, some essential information is missing:
	* Steps to reproduce the issue in a clear and concise manner (the description mentions a test script, but it's not clear what specific actions were taken)
	* Expected vs actual behavior (what was supposed to happen vs what actually happened)
	* Acceptance criteria (what constitutes a valid write transaction with an invalid signature?)
	* Affected components (which parts of the system are impacted by this issue?)
3. Can a developer act on this issue without asking for more information? No, because they would need to clarify the reproduction steps and expected behavior to understand what's happening.

Final Answer: Yes",cec9743a390b4a97,llama3.1:8b,0,2026-06-17T11:10:58.038081,project_03,title_desc,incompleteness,cot
ISSUE-206714,Primary fails to send pre-prepare,0,0,"Let's analyze the issue step by step:

1. Key information provided:
	* The error was observed in the ESN during a low-volume load test.
	* The primary node, 'play', lost sync and did not recover.
	* The issue occurred at a specific time (16:22:02) and involved a specific DID (3SMdqenHLPYz654FAUd5o5).
	* The problem was diagnosed by restarting the sovrin-node process on the primary node, forcing a view change, which resolved the issue.
2. Essential information missing:
	* Steps to reproduce the error: While the issue occurred during a load test, it's not clear what specific actions or conditions led to the failure.
	* Expected behavior vs actual behavior: The description mentions that the primary node ""lost sync and did not recover"", but it's unclear what the expected behavior was in this scenario.
	* Acceptance criteria: There is no mention of what constitutes a successful resolution of the issue, beyond the fact that new transactions were posted to all nodes after restarting the sovrin-node process on the primary.
	* Affected components: While the issue occurred during a load test involving multiple nodes, it's not clear which specific components",bf8a38f8724b4d0e,llama3.1:8b,0,2026-06-17T11:11:01.659877,project_03,title_desc,incompleteness,cot
ISSUE-207130,Node with multiple NICs:,1,1,"Let's analyze the issue step by step:

1. The issue title and description provide some context about the problem with nodes having multiple NICs.
2. Upon reviewing the issue, I notice that it is missing essential information such as:
	* Steps to reproduce: How can a developer replicate this issue?
	* Expected vs actual behavior: What should happen when a node has multiple NICs, and what actually happens?
	* Acceptance criteria: What are the specific conditions under which the issue is considered resolved?
	* Affected components: Which parts of the system or codebase are impacted by this issue?
	* Environment details: In what environment or configuration does this issue occur?

3. Without this essential information, a developer would likely need to ask for more context and clarification before attempting to resolve the issue.

Based on this analysis, I conclude that the issue is missing critical information necessary for resolution.

Final Answer: Yes",f625d1041d0092d0,llama3.1:8b,0,2026-06-17T11:11:04.482572,project_03,title_desc,incompleteness,cot
ISSUE-206872,As a Steward,0,1,"Let's analyze the issue step by step:

1. The issue provides:
	* A clear description of the problem and its context.
	* A list of specific events that need to be notified to Stewards.
	* A reference to an existing feature (INDY-1251) for comparison.
2. However, the following essential information is missing:
	* Steps to reproduce the issue (e.g., how to trigger these notifications).
	* Expected vs actual behavior (what should happen when a notification is sent?).
	* Acceptance criteria (how will we know if this feature is implemented correctly?).
	* Affected components (which parts of the system need to be modified or updated?).
	* Environment details (in which environments does this issue occur?).
3. Without additional information, it's difficult for a developer to act on this issue without asking for more context.

Based on these observations:

Final Answer: Yes",68069812aea35c29,llama3.1:8b,0,2026-06-17T11:11:07.372665,project_03,title_desc,incompleteness,cot
ISSUE-206649,DOC: Request for release notes on Indy-node 1.1.31,0,1,"Let's analyze the issue step by step:

1. The issue provides:
	* Version information of various components
	* A list of major fixes and their corresponding IDs
	* Changes and additions to the system, including new features and modifications
2. However, essential information is missing:
	* Steps to reproduce the issue (if any)
	* Expected vs actual behavior (what was supposed to happen vs what actually happened)
	* Acceptance criteria (what should be true after the release notes are implemented)
	* Affected components or environment details (which specific components or environments were impacted by the changes)
3. Without this essential information, a developer cannot act on the issue without asking for more clarification or details.

Therefore, based on the analysis:

Final Answer: Yes",bea6bd4b05d8b11e,llama3.1:8b,0,2026-06-17T11:11:10.090319,project_03,title_desc,incompleteness,cot
ISSUE-207129,Some nodes are slow to process network data,0,1,"Let's analyze the issue step by step:

1. The issue title and description provide some context about the problem, but they are quite vague.
2. Upon reviewing the issue, I notice that:
	* There is no clear description of steps to reproduce the issue, which makes it difficult for a developer to replicate and investigate the problem.
	* Expected vs actual behavior is not specified, making it hard to understand what exactly is going wrong.
	* Acceptance criteria are missing, which would provide clarity on what constitutes a ""slow"" node and how to measure improvement.
	* Affected components are not mentioned, which could be crucial in identifying the root cause of the issue.
	* Environment details (e.g., network configuration, system specifications) are also absent, making it challenging for a developer to understand the context in which the issue occurs.

3. Without more information, a developer would likely need to ask questions or request additional details before attempting to resolve the issue. This could lead to delays and inefficiencies in the development process.

Based on this analysis, I conclude that the issue is missing essential information, making it INCOMPLETE.

Final Answer: Yes",439be088e343be7f,llama3.1:8b,0,2026-06-17T11:11:13.449042,project_03,title_desc,incompleteness,cot
ISSUE-206996,improve timestamp mechanism to use fuzzy,0,1,"Let's analyze the issue step by step:

1. The issue title and description provide some context about the problem with the timestamp mechanism and suggest an alternative approach using fuzzy consensus.
2. Upon reviewing the issue, I notice that it lacks essential information such as:
	* Steps to reproduce the current behavior of the timestamp mechanism
	* Expected vs actual behavior (what is the desired outcome of the improved timestamp mechanism?)
	* Acceptance criteria (how will we know if the new approach meets the requirements?)
	* Affected components (which parts of the system are impacted by this change?)
	* Environment details (are there any specific conditions or configurations that need to be considered?)
3. Without these essential pieces of information, a developer would likely struggle to understand the scope and requirements of the issue, making it challenging for them to act on it without asking for more clarification.

Based on this analysis, I conclude that the issue is indeed INCOMPLETE.

Final Answer: Yes",d224ee003989e473,llama3.1:8b,0,2026-06-17T11:11:16.271467,project_03,title_desc,incompleteness,cot
ISSUE-205942,"How-to """"Add new node to existing pool",0,1,"Let's break down the issue step by step:

1. The key information provided in this issue is:
	* A description of the problem: ""Adding new node to existing pool is not covered by documentation yet.""
	* A mention of a current unique knowledge source: ""acceptance scenario""
2. Essential information that is missing includes:
	* Steps to reproduce the issue (e.g., how to add a new node to an existing pool)
	* Expected vs actual behavior (what happens when trying to add a new node, and what should happen instead)
	* Acceptance criteria (what conditions must be met for the feature to be considered complete)
	* Affected components (which parts of the system are impacted by this issue)
	* Environment details (e.g., which versions of software or hardware are affected)
3. Without additional information, a developer may not be able to act on this issue effectively. They would likely need more context and specifics about what's happening when trying to add a new node.

Given the missing essential information, I conclude that:

Final Answer: Yes",a8ed970c41d64ef7,llama3.1:8b,0,2026-06-17T11:11:19.422650,project_03,title_desc,incompleteness,cot
ISSUE-207319,REF validator,0,1,"Let's analyze the issue step by step:

1. The issue title and description provide some context about the problem, but they are quite brief.
2. Upon reviewing the issue, I notice that it lacks essential information such as:
	* Steps to reproduce: How can a developer replicate the issue?
	* Expected vs actual behavior: What is the expected outcome, and what happens instead?
	* Acceptance criteria: What conditions must be met for the fix to be considered complete?
	* Affected components: Which specific parts of the codebase are impacted by this issue?
	* Environment details: Are there any specific configurations or settings that contribute to the problem?

3. Without more information, a developer would likely need to ask questions or seek clarification before attempting to address the issue.

Based on this analysis, I conclude that the issue is missing essential information and cannot be acted upon without further clarification.

Final Answer: Yes",4ebc12de454986a0,llama3.1:8b,0,2026-06-17T11:11:22.180858,project_03,title_desc,incompleteness,cot
ISSUE-205527,Implementation: Improve catch-up to use audit ledger for consistency,0,1,"Let's analyze the issue step by step:

1. The issue provides some key information:
	* A description of the proposed improvement to catch-up using audit ledger for consistency.
	* Acceptance criteria are mentioned, but they are not explicitly stated; instead, a link to an external document is provided (https://github.com/hyperledger/indy-plenum/blob/master/design/catchup-and-audit-proposal.md#catch-up).
2. Essential information that is missing:
	* Steps to reproduce the issue or the proposed improvement.
	* Expected behavior vs actual behavior of the current implementation.
	* Environment details where this issue occurs (e.g., specific versions, configurations).
3. Can a developer act on this issue without asking for more information?
	* No, because the acceptance criteria are not explicitly stated in the issue description. The link to an external document is provided, but it's not clear whether that document is up-to-date or relevant to the current implementation.

Based on these observations:

Final Answer: Yes",d36a8e55c1a67826,llama3.1:8b,0,2026-06-17T11:11:25.239003,project_03,title_desc,incompleteness,cot
ISSUE-206160,Analyse the current View Change protocol issues,0,1,"Let's analyze the issue step by step:

1. The issue title and description provide some context about the problem with the current View Change protocol and the need to perform analysis.
2. Upon reviewing the issue, I notice that it is missing essential information such as:
	* Steps to reproduce the issues with the existing protocol (INDY-1259 is mentioned, but it's not clear what specific steps are causing problems).
	* Expected vs actual behavior of the current View Change protocol.
	* Acceptance criteria for the analysis and potential implementation of PBFT View Change protocol.
	* Affected components or systems that need to be analyzed.
	* Environment details (e.g., specific configurations, versions) where the issues occur.

3. Without this essential information, a developer may struggle to understand the scope of the issue, reproduce the problems, and implement a solution. They would likely need to ask for more clarification or additional information before proceeding.

Based on this analysis, I conclude that the issue is INCOMPLETE.

Final Answer: Yes",390841c997ac30a8,llama3.1:8b,0,2026-06-17T11:11:28.246539,project_03,title_desc,incompleteness,cot
ISSUE-206183,Date in log name doesn't accord to the day when the log was rotated,0,1,"Let's analyze the issue step by step:

1. The issue provides:
	* Steps to reproduce: A command to list log files and their dates.
	* Actual results: Observations about the date in log names not matching the rotation date or being unclear.
	* Expected results: Clarification on how log names should be formatted.

2. Essential information missing:
	* Reproduction steps are provided, but it's not clear if this is a one-time issue or a recurring problem.
	* Environment details (e.g., specific nodes, versions of software) are not mentioned.
	* Acceptance criteria for the expected results are not specified.

3. Can a developer act on this issue without asking for more information?
	* Yes, they can try to reproduce the issue and investigate further. However, they might need additional context or clarification on the expected behavior in different environments.

Considering these points, I would say that while some essential information is missing, it's not entirely clear-cut whether the issue is INCOMPLETE. The reproduction steps are provided, but more context about the environment and acceptance criteria would be helpful for a developer to fully understand and address the issue.

However, since you asked me to think step-by-step before giving my final answer, I'll provide a",46d1e017a12f1468,llama3.1:8b,0,2026-06-17T11:11:32.476018,project_03,title_desc,incompleteness,cot
ISSUE-206911,list keyrings showing results twice,0,1,"Let's analyze the issue step by step:

1. The issue provides:
	* A clear title: ""list keyrings showing results twice""
	* A descriptive issue description: ""When you send the command 'list keyrings' it returns duplicate results.""
	* Steps to reproduce: The issue mentions that the problem occurs when running the command `list keyrings` from the CLI.
2. However, some essential information is missing:
	* Expected vs actual behavior: While we know what happens (duplicate results), we don't know what's expected to happen.
	* Acceptance criteria: There are no clear criteria for determining whether the issue is resolved.
	* Affected components: We're not told which specific components or modules of the software are affected by this issue.
	* Environment details: The issue doesn't mention any specific environment settings, configurations, or dependencies that might be relevant to reproducing the problem.
3. Can a developer act on this issue without asking for more information? While they can try to reproduce the issue based on the provided steps, it's unlikely they'll be able to fully understand and resolve the issue without additional context.

Considering these points, I conclude:

Final Answer: Yes",e1b54e7d93bd1b91,llama3.1:8b,0,2026-06-17T11:11:36.042047,project_03,title_desc,incompleteness,cot
ISSUE-205543,As a user of Valdiator Info script,0,1,"Let's break down the issue step-by-step:

1. Key information provided:
	* Issue title and description provide context.
	* Acceptance criteria specify what needs to be done.
2. Essential information missing:
	* Steps to reproduce: The issue doesn't mention how to trigger this behavior or what specific conditions lead to it.
	* Expected vs actual behavior: While the acceptance criteria describe the desired outcome, they don't explicitly state what the current behavior is (i.e., whether the pool has write consensus and when the state was updated).
	* Affected components: The issue doesn't specify which parts of the system are impacted by this problem.
	* Environment details: There's no mention of the specific environment or configuration where this issue occurs.
3. Can a developer act on this issue without asking for more information?
	* No, because the missing information (steps to reproduce, expected vs actual behavior) is crucial for understanding and addressing the issue.

Based on these observations:

Final Answer: Yes",2f46988eebf12688,llama3.1:8b,0,2026-06-17T11:11:38.997012,project_03,title_desc,incompleteness,cot
ISSUE-206727,Accidental tests of indy-node intermittently fail on Jenkins,0,1,"Let's analyze the issue step by step:

1. The issue provides some key information:
	* A title that describes the problem
	* A list of links to Jenkins pipeline builds with accidental test fails
2. However, upon closer inspection, we can see that essential information is missing:
	* Steps to reproduce the intermittent failures are not provided.
	* Expected vs actual behavior is not clearly described.
	* Acceptance criteria for what constitutes a successful build are not specified.
	* Affected components or modules are not identified.
	* Environment details (e.g., specific Jenkins configuration, dependencies) are not mentioned.
3. Without this essential information, it's unlikely that a developer can act on the issue without asking for more clarification or details.

Based on this analysis, I conclude that the issue is INCOMPLETE.

Final Answer: Yes",eb4b0487f271bdfb,llama3.1:8b,0,2026-06-17T11:11:41.715181,project_03,title_desc,incompleteness,cot
ISSUE-205664,Is there any replacement for leveldb?,0,1,"Let's break down the analysis step-by-step:

1. The key information provided in this issue is:
	* A question about replacing leveldb with another option.
	* A comment from WandyLau, but no additional context or details are given.
2. Essential information that is missing includes:
	* Steps to reproduce: There's no indication of what specific scenario or use case the replacement would be for.
	* Expected vs actual behaviour: The issue doesn't specify how leveldb is currently being used and what the desired outcome is with a replacement.
	* Acceptance criteria: There are no clear requirements or conditions that a replacement must meet to be considered acceptable.
	* Affected components: It's unclear which specific components of the system would be impacted by replacing leveldb.
	* Environment details: The issue doesn't mention any specific environment, deployment scenario, or constraints that might affect the choice of replacement.
3. Can a developer act on this issue without asking for more information? No, because there are too many unknowns and missing pieces to make an informed decision about replacing leveldb.

Final Answer: Yes",1ab785125a602674,llama3.1:8b,0,2026-06-17T11:11:44.840018,project_03,title_desc,incompleteness,cot
ISSUE-205912,As a Sovrin Foundation,0,0,"Let's analyze the issue step by step:

1. The issue provides:
	* A clear description of the problem
	* Acceptance criteria for each Node and Steward in the live pool
2. However, essential information is missing:
	* Steps to reproduce the issue (e.g., what triggers the problem)
	* Expected behavior vs actual behavior (what should happen vs what's currently happening)
	* Environment details (e.g., specific nodes, network settings)
3. Without additional context or clarification, a developer may struggle to act on this issue without asking for more information.

Final Answer: No",c237025e90f3a6ab,llama3.1:8b,0,2026-06-17T11:11:47.019016,project_03,title_desc,incompleteness,cot
ISSUE-206478,The pool state should be updated after any node BLS key changing,0,0,"Let's analyze the issue step by step:

1. The issue provides some key information:
	* The problem statement: ""The pool state should be updated after any node BLS key changing""
	* A description of the problem, including specific scenarios where the issue occurs
	* A proposed solution: ""So we need to update the pool's signature of state straight after any node BLS key changing.""
2. Upon reviewing the issue, I notice that some essential information is missing:
	* Steps to reproduce the issue are not provided.
	* Expected behavior vs actual behavior is not clearly stated.
	* Acceptance criteria for the proposed solution are not specified.
	* Affected components or modules are not mentioned.
	* Environment details (e.g., specific versions of software, hardware configurations) are not provided.
3. Based on the missing information, a developer would likely need to ask for more clarification before acting on this issue.

Final Answer: No",6dbd7b7f5adcf02b,llama3.1:8b,0,2026-06-17T11:11:49.912659,project_03,title_desc,incompleteness,cot
ISSUE-207005,"Nodes not receiving new transaction if its """"View"""" list is different from other nodes in the pool",0,0,"Let's analyze the issue step by step:

1. The issue provides some key information:
	* A description of the problem: Nodes not receiving new transactions if their ""View"" list is different from other nodes in the pool.
	* Steps to reproduce the issue: The user ran add_key.py and load_test.py, observed the behavior on multiple nodes, and checked the ledger counts.
	* Some relevant log file excerpts showing the difference in ""primary"" node selection between Node1 and other nodes.
2. However, some essential information is missing:
	* Expected vs actual behavior: While we can infer that the expected behavior is for all nodes to receive new transactions, it's not explicitly stated.
	* Acceptance criteria: There are no clear acceptance criteria for what constitutes a ""correct"" or ""incorrect"" outcome in this scenario.
	* Affected components: The issue mentions specific nodes (Node1 through Node10), but we don't know which software components or modules are responsible for the behavior.
	* Environment details: While some environment details are provided (e.g., running add_key.py and load_test.py), it's not clear what other factors might be relevant to reproducing the issue.
3. Can a developer act on this issue without asking for more",97ac9466cd913c95,llama3.1:8b,0,2026-06-17T11:11:53.440410,project_03,title_desc,incompleteness,cot
ISSUE-205432,Auto trigger CD pipeline for release-* branches,0,1,"Let's analyze the issue step by step:

1. The issue title and description provide some context about the problem with auto-triggering CD pipelines for release-* branches.
2. Upon reviewing the issue, I notice that it lacks essential information such as:
	* Steps to reproduce: There is no clear explanation of how to replicate the issue or what specific scenarios trigger the problem.
	* Expected vs actual behaviour: The description mentions a ""better logic"" but doesn't specify what the expected behavior should be or what the current issues are with the existing behavior.
	* Acceptance criteria: There are no clear criteria for determining whether the proposed solution meets the requirements.
	* Affected components: While it's mentioned that Jenkins is involved, there's no explicit mention of other affected components or systems.
	* Environment details: The issue doesn't specify any specific environment or configuration details that might be relevant to resolving the problem.

3. Without additional information, a developer may struggle to understand the root cause of the issue and how to implement a solution. They would likely need to ask for more context or clarification before proceeding.

Based on this analysis, I conclude that the issue is INCOMPLETE.

Final Answer: Yes",1997d0c0cbd31fd1,llama3.1:8b,0,2026-06-17T11:11:56.871776,project_03,title_desc,incompleteness,cot
ISSUE-207212,Node memory leak,0,1,"Let's break down the issue step-by-step:

1. Key information provided:
	* Issue title: Node memory leak
	* Environment: master repo was used
	* Steps taken: run load_test.py on local pool with 4 nodes for 90000 transactions
	* Observation: output of ps command shows continues growth of memory used by the node

2. Essential information missing:
	* Expected vs actual behaviour (what is the expected outcome, and what happened instead?)
	* Acceptance criteria (what are the conditions under which the issue would be considered resolved?)
	* Affected components (which specific components or modules are affected by the memory leak?)

3. Can a developer act on this issue without asking for more information?
	* No, the developer cannot reproduce the issue based on the provided steps and environment details.
	* The developer may need to ask for clarification on the expected vs actual behaviour, acceptance criteria, and affected components before attempting to resolve the issue.

Final Answer: Yes",e3728903e741b585,llama3.1:8b,0,2026-06-17T11:11:59.932950,project_03,title_desc,incompleteness,cot
ISSUE-206218,Node is restarted because of Out of memory error,0,-1,"Let's break down the issue step by step:

1. Key information provided:
	* The issue is related to an Out of memory error.
	* It occurs during a load test on a big pool with 25 nodes.
	* Some nodes are restarted, and the error message ""Out of memory"" is seen in journalctl.

2. Essential information missing:
	* Reproduction steps: How can we reproduce this issue? What specific actions should be taken to trigger the Out of memory error?
	* Expected behaviour: What is the expected behavior when a node runs out of memory during a load test? Should it restart automatically, or should there be some other action taken?
	* Environment details: While we know the environment (big pool with 25 nodes), we don't have specific details about the configuration, such as the amount of RAM on each node, the load test parameters, etc.

3. Can a developer act on this issue without asking for more information? 
While a developer might be able to provide some general guidance or suggestions based on their experience with similar issues, they would likely need additional information to investigate and resolve the problem effectively.

Therefore, considering the missing essential information (reproduction steps, expected behaviour, environment details), I conclude that this issue",7b16d8479dba46ad,llama3.1:8b,0,2026-06-17T11:12:03.407128,project_03,title_desc,incompleteness,cot
ISSUE-206980,A primary may not be able to send checkpoints after re-start,0,0,"Let's analyze the issue step by step:

1. The issue provides some key information:
	* A specific scenario where a primary node is restarted and may not be able to send checkpoints.
	* Steps to reproduce the issue, including the setup (3 nodes) and actions taken (stop, restart, start sending transactions).
2. Upon reviewing the provided steps, I notice that the expected behavior is mentioned: ""the Primary may not be able to send checkpoints correctly"". However, there's no explicit mention of what constitutes ""correct"" behavior in this context.
	* Expected vs actual behavior is partially covered (actual behavior is described as ""may not be able to send checkpoints correctly""), but it would be helpful to have a clear statement on the expected outcome.
3. The issue also mentions that the re-started Primary can send transactions due to a fix in INDY-334, which implies that there's an existing understanding of what should happen in this scenario. However, the checkpoint logic is mentioned as potentially broken, but it's not entirely clear how this relates to the expected behavior.
4. The issue mentions environment details (3 nodes), but it would be helpful to have a more explicit statement on the specific configuration or setup that triggers this issue.

Considering these points:

*",684b9db4230b1037,llama3.1:8b,0,2026-06-17T11:12:06.855003,project_03,title_desc,incompleteness,cot
ISSUE-206016,Upgrade failed on pool from 1.3.62 to 1.4.66,0,0,"Let's analyze the issue step by step:

1. Key information provided:
	* Issue title and description
	* Details about the upgrade process (version numbers, schedule, etc.)
	* Information about the nodes (number of nodes, location in AWS)
	* Attachments (node logs) are mentioned, but not actually attached
2. Essential information missing:
	* Steps to reproduce the issue: The issue description mentions that some nodes were upgraded successfully, while others failed. However, it's unclear what specific actions led to the failure.
	* Expected behavior vs actual behavior: It's not clear what the expected outcome of the upgrade process was or how it differed from the actual outcome.
	* Acceptance criteria: There is no mention of what constitutes a successful upgrade in this context.
	* Affected components: While the issue mentions specific nodes and services (indy-node), it's unclear which components are affected by the failure.
	* Environment details: The issue mentions that the machines are located in AWS, but there is no further information about the environment (e.g., operating system, configuration).
3. Can a developer act on this issue without asking for more information?
No, based on the missing essential information, it's unlikely that a developer can reproduce and",e459966e9a4ec155,llama3.1:8b,0,2026-06-17T11:12:10.493370,project_03,title_desc,incompleteness,cot
ISSUE-205350,Use more trusted docker image for system tests client docker container,0,1,"Let's analyze the issue step by step:

1. The issue provides some key information:
	* A problem with the current base image used for system tests client docker container.
	* An alternative option to switch to a more trusted base image or create a custom one.
	* Related links to relevant documentation and GitHub repositories.
2. However, essential information is missing:
	* Steps to reproduce the issue (e.g., how to trigger the problem).
	* Expected vs actual behavior (what happens when using the current base image?).
	* Acceptance criteria (what are the desired outcomes for switching to a more trusted base image?).
	* Affected components or environment details (which specific components or environments are impacted by this issue?).
3. Without additional information, it's challenging for a developer to act on this issue without asking for more context.

Considering these points, I conclude that the issue is INCOMPLETE.

Final Answer: Yes",0c5c572a0a2bffdd,llama3.1:8b,0,2026-06-17T11:12:13.360828,project_03,title_desc,incompleteness,cot
