issue_id,title,ground_truth,prediction,raw_response,prompt_hash,model_version,temperature,timestamp_utc,project,input_mode,task,strategy
ISSUE-38493,Review API Runtime Services Documentation,1,1,"Let's break it down:

1. The issue title ""Review API Runtime Services Documentation"" conveys that there is a need to review some documentation related to API runtime services.
2. There is no indication of missing reproduction steps, expected behavior, or context in the title. It does not mention anything about what should be reviewed, why it's necessary, or how it affects the system.
3. From the title alone, a developer cannot understand the full scope of the issue. They would need more information to determine what specific documentation needs reviewing and why.

Given these points, I conclude that the issue is likely INCOMPLETE because essential information such as steps to reproduce, expected vs actual behavior, acceptance criteria, affected components, or environment details are missing from the title.

Final Answer: Yes",1410484d8e84ae8b,llama3.1:8b,0,2026-06-17T10:00:16.327317,project_02,title_only,incompleteness,cot
ISSUE-38975,Tutorial Series: Customize for Android,1,1,"Let's analyze the issue title step by step:

1. The title ""Tutorial Series: Customize for Android"" suggests that this is related to providing customization options for an Android application, possibly as part of a tutorial series.
2. There is no indication in the title about steps to reproduce, expected vs actual behavior, acceptance criteria, affected components, or environment details.
3. While a developer might be able to infer some context from the title (e.g., it's related to Android), they would likely need additional information to fully understand the scope of the issue.

Based on this analysis, I conclude that the issue is INCOMPLETE because essential information such as steps to reproduce and expected behavior are missing.

Final Answer: Yes",3ca8aaded881de47,llama3.1:8b,0,2026-06-17T10:00:18.685457,project_02,title_only,incompleteness,cot
ISSUE-40855,APIDoc: Window.modalStyle and modalTransitionStyle properties are undocumented,0,1,"Let's break it down:

1. The issue title conveys that there is a problem with the documentation of two specific properties in an API.
2. There is no mention of steps to reproduce, expected vs actual behaviour, or context such as affected components or environment details.
3. While the title provides some information about what is missing (documentation), it does not provide enough context for a developer to fully understand the scope of the issue.

Based on this analysis, I would conclude that the issue title suggests the issue is INCOMPLETE because it lacks essential information such as steps to reproduce and expected vs actual behaviour.

Final Answer: Yes",c2ea59629567cede,llama3.1:8b,0,2026-06-17T10:00:20.962619,project_02,title_only,incompleteness,cot
ISSUE-40336,APIDoc: Check all deprecated API members for appropriate message,0,0,"Let's break it down:

1. The issue title conveys that there is an issue with API documentation and specifically mentions checking for deprecated API members.
2. There is no indication of missing reproduction steps, expected behavior, or context in the title itself.
3. While a developer might be able to infer some context from the title (e.g., it's related to API documentation), they would likely need additional information to fully understand the scope and requirements of the issue.

However, upon closer inspection, I notice that the title does mention ""appropriate message"", which could imply expected behavior or acceptance criteria. But still, without more context, it's hard to say for certain whether this is sufficient.

But wait... The title also mentions ""Check all deprecated API members"". This implies a specific action or task that needs to be performed, which might suggest some level of completeness in terms of describing the issue.

After reevaluating, I think the title does provide enough information to understand the scope and requirements of the issue. It's not just a vague statement, but rather a clear instruction on what needs to be done.

Final Answer: No",d0d5804649e0449b,llama3.1:8b,0,2026-06-17T10:00:24.162341,project_02,title_only,incompleteness,cot
ISSUE-38324,Create Appcelerator Studio Guide page,1,0,"Let's analyze the issue title step by step:

1. The title ""Create Appcelerator Studio Guide page"" conveys that it is related to creating a guide for using Appcelerator Studio, which is an integrated development environment (IDE) for mobile app development.
2. The title does not suggest missing reproduction steps, expected behavior, or context. It appears to be a straightforward request for creating a new feature or resource.
3. While the title provides some context about what needs to be created, it may not fully convey the scope of work required to implement this feature. For example, it's unclear whether the guide page should include specific tutorials, screenshots, or other content.

However, based on the given criteria for an issue being INCOMPLETE (missing essential information such as steps to reproduce, expected vs actual behavior, acceptance criteria, affected components, or environment details), I would say that this title does not suggest missing any of these critical pieces of information. It's more about a lack of clarity on the scope and requirements rather than missing essential details.

Final Answer: No",611531cd741f0523,llama3.1:8b,0,2026-06-17T10:00:27.622817,project_02,title_only,incompleteness,cot
ISSUE-39589,Update Android Menu docs re: overflow (...) menu on devices with hardware menu button,0,1,"Let's break it down:

1. The issue title conveys that there is an update needed for Android Menu documentation related to a specific menu behavior on devices with hardware menu buttons.
2. The title does not suggest missing reproduction steps, expected behavior, or context. It appears to be focused solely on the need for updated documentation.
3. While a developer may understand the general scope of the issue from the title alone, it is likely that additional information (such as specific details about the overflow menu and hardware menu button interaction) would be necessary to fully comprehend the requirements.

However, considering the task at hand, I must determine if the issue is INCOMPLETE based on the provided title. Since the title does not explicitly mention missing reproduction steps, expected behavior, or context, but rather appears to be focused on a documentation update, it's possible that the issue might be considered INCOMPLETE due to the lack of essential information about what needs to be updated and why.

Final Answer: Yes",5534f1ad16a6b1f8,llama3.1:8b,0,2026-06-17T10:00:30.473532,project_02,title_only,incompleteness,cot
ISSUE-38275,Rename AMPLIFY Appcelerator Services to Axway Mobile Analytics,0,0,"Let's analyze the issue title:

1. The title conveys that there is a request to rename an existing software component, specifically ""AMPLIFY Appcelerator Services"" to a new name ""Axway Mobile Analytics"". This suggests that the title provides some context about the change being requested.
2. There is no indication of missing reproduction steps, expected behavior, or context in the title. It appears to be a straightforward renaming request without any specific requirements or conditions attached.
3. While a developer may need additional information to fully understand the implications and details of the rename (e.g., how it will affect existing code, configurations, or user interfaces), the title alone provides enough context for a high-level understanding of the change being requested.

Based on this analysis, I would conclude that the issue is likely INCOMPLETE because it lacks essential information such as steps to reproduce, expected vs actual behavior, acceptance criteria, affected components, or environment details. However, since we are only given the title and not the description, I will err on the side of caution and assume that additional context may be provided in the description.

Final Answer: No",b59be46b4170c685,llama3.1:8b,0,2026-06-17T10:00:33.595821,project_02,title_only,incompleteness,cot
ISSUE-38193,Remove very outdated Ti.Map documentation,0,1,"Let's break it down:

1. The issue title ""Remove very outdated Ti.Map documentation"" conveys that there is outdated documentation related to Ti.Map that needs to be removed.
2. There is no mention of steps to reproduce, expected vs actual behaviour, acceptance criteria, affected components, or environment details in the title.
3. While a developer might infer some context from the title (e.g., it's about removing outdated documentation), they would likely need additional information to fully understand the scope and requirements of the task.

Based on these observations, I conclude that the issue is INCOMPLETE because essential information such as steps to reproduce, expected behaviour, or acceptance criteria are missing.

Final Answer: Yes",105a2f512499b671,llama3.1:8b,0,2026-06-17T10:00:35.929830,project_02,title_only,incompleteness,cot
ISSUE-40376,Docs: Code highlighting incorrectly applied to some example blocks,1,0,"Let's break it down:

1. The issue title conveys that there is an issue with code highlighting in documentation examples.
2. The title does not suggest missing reproduction steps, expected behaviour, or context. It appears to be a straightforward statement of the problem.
3. While a developer may need additional information to fully understand and resolve the issue, the title alone provides enough context to identify the general area of concern.

However, upon closer inspection, I notice that the title mentions ""some example blocks"", which implies that there might be specific steps or conditions involved in reproducing the issue. But overall, the title is still quite concise and doesn't explicitly mention essential information like expected vs actual behaviour, acceptance criteria, affected components, or environment details.

Considering these points, I would say:

Final Answer: No",856522e9f05347c6,llama3.1:8b,0,2026-06-17T10:00:38.494760,project_02,title_only,incompleteness,cot
ISSUE-39190,Fix link to View.touchEnabled from View.enabled,1,0,"Let's break it down:

1. The issue title conveys that there is an issue with a link to View.touchEnabled in View.enabled.
2. There is no indication of missing reproduction steps, expected behaviour, or context in this title. It appears to be a straightforward statement about a specific code-related issue.
3. A developer should be able to understand the full scope from the title alone, as it clearly states the problem and the affected components (View.enabled and View.touchEnabled).

However, upon closer inspection, I notice that the title is quite concise and doesn't provide any context or explanation of what ""Fix"" means in this case. It's possible that a developer might need more information to fully understand the issue.

But considering the task at hand, which is to determine if the issue is INCOMPLETE based solely on the title, I would say:

Final Answer: No",13ed191b088ecbde,llama3.1:8b,0,2026-06-17T10:00:41.247769,project_02,title_only,incompleteness,cot
ISSUE-38138,Create and publish release note for SDK 7.3.1.RC,0,1,"Let's break it down:

1. The issue title conveys that there is a need to create and publish release notes for a specific version of an SDK (Software Development Kit). It mentions the version number, which implies some level of specificity.
2. There is no indication in the title about steps to reproduce, expected vs actual behavior, or context such as affected components or environment details.
3. While it's clear that there is a requirement for release notes, the title alone does not provide enough information for a developer to understand the full scope of the issue.

Based on these observations, I would conclude that the issue title suggests the issue is INCOMPLETE because it lacks essential information such as steps to reproduce, expected vs actual behavior, and acceptance criteria.

Final Answer: Yes",e4dc8c281b4d7dc1,llama3.1:8b,0,2026-06-17T10:00:43.712505,project_02,title_only,incompleteness,cot
ISSUE-38570,Create and publish release note for Arrow 1.10.0,0,1,"Let's break it down:

1. The issue title conveys that there is a requirement to create and publish release notes for a specific version of software (Arrow 1.10.0). It mentions a specific action (create and publish) but does not provide context or details about the expected outcome.
2. The title does not suggest missing reproduction steps, as this issue seems more related to documentation than functionality testing. Similarly, it doesn't imply missing expected behavior or context, as these are typically discussed in relation to functional requirements rather than documentation tasks.
3. While a developer might infer that the release notes should include information about changes made in Arrow 1.10.0, they cannot fully understand the scope of this task from the title alone without additional context.

However, considering the task is related to documentation and does not require reproduction steps or expected behavior, it's likely that the issue is missing essential details such as acceptance criteria, affected components, or environment details.

Final Answer: Yes",2e315ea48cc75cd8,llama3.1:8b,0,2026-06-17T10:00:46.621051,project_02,title_only,incompleteness,cot
ISSUE-39606,APIDoc: Geolocation documentation - potential error add remove event listener,1,0,"Let's break down the issue title:

1. The title mentions ""APIDoc"", which suggests that it is related to documentation for an API. This implies that the issue might be about the content or structure of the documentation, rather than a functional problem.
2. The title does not suggest missing reproduction steps, expected behaviour, or context. It appears to be focused on a specific aspect of the APIDoc (geolocation documentation) and mentions a potential error related to adding/removing event listeners.
3. While the title provides some context about what is being discussed, it does not convey enough information for a developer to fully understand the scope of the issue without additional details.

However, upon closer inspection, I notice that the title does mention ""potential error"", which implies that there might be an expected vs actual behaviour aspect to this issue. Additionally, the mention of ""add remove event listener"" suggests that there is some context about how the geolocation documentation is being used or implemented.

Considering these points, while the title alone may not provide a complete understanding of the issue, it does suggest that there are specific technical details involved (event listeners) and implies an expected vs actual behaviour aspect. Therefore:

Final Answer: No",674bd8031f8efd77,llama3.1:8b,0,2026-06-17T10:00:49.949382,project_02,title_only,incompleteness,cot
ISSUE-40579,Doc BUG: Titanium.UI.iPad.Popover explicitly requires a View as child but in fact requires a Window,0,0,"Let's break down the issue title:

1. The title conveys that there is an inconsistency between the documentation and the actual behavior of Titanium.UI.iPad.Popover.
2. There is no indication of missing reproduction steps, expected behavior, or context in the title itself. It appears to be a statement of fact about the discrepancy.
3. While the title provides some context (that it's related to Titanium.UI.iPad.Popover), it does not convey enough information for a developer to fully understand the scope and implications of the issue.

However, upon closer inspection, I notice that the title mentions ""Doc BUG"", which implies that there is an issue with the documentation. This suggests that the problem may be related to how something is described or presented in the documentation, rather than a functional bug per se.

Given this analysis, while the title does not explicitly mention steps to reproduce, expected behavior, acceptance criteria, affected components, or environment details, it does imply that there is an issue with the documentation. This could potentially indicate that the issue is INCOMPLETE if we consider ""essential information"" to include a clear description of the problem and its context.

However, I would argue that this title is actually providing enough context for a developer to understand the general nature of the issue,",ce817a5e4dfa5bf8,llama3.1:8b,0,2026-06-17T10:00:53.424722,project_02,title_only,incompleteness,cot
ISSUE-40465,APIDOC: Ti.UI.TableViewSection.borderRadius does not work,1,0,"Let's break it down:

1. The issue title conveys that there is an issue with the border radius property of Ti.UI.TableViewSection in the APIDOC.
2. The title does not suggest missing reproduction steps, expected behaviour, or context. It appears to be a straightforward statement about a specific property not working as expected.
3. While a developer may be able to understand some context from the title (e.g., it's related to Titanium UI), they would likely need more information to fully comprehend the issue and its scope.

However, upon closer inspection, I notice that the title does mention ""APIDOC"", which implies that this is an issue with documentation rather than a functional bug. This might suggest that the issue is not about the actual functionality of the border radius property, but rather how it's documented in APIDOC.

Given this interpretation, I would say that the issue title is likely sufficient to convey the essential information, and additional details may not be necessary to understand the scope of the issue.

Final Answer: No",dc8fbeda58081b7e,llama3.1:8b,0,2026-06-17T10:00:56.474951,project_02,title_only,incompleteness,cot
ISSUE-38497,New documentation page needed for API Builder -> Swagger Specifications,0,1,"Let's break it down:

1. The issue title conveys that there is a need for new documentation related to API Builder and Swagger Specifications.
2. There is no mention of steps to reproduce, expected vs actual behaviour, or context such as environment details.
3. While the title provides some context about what needs to be documented, it does not provide enough information for a developer to understand the full scope of the issue.

Based on these observations, I would conclude that the issue title suggests the issue is INCOMPLETE because essential information like steps to reproduce and expected vs actual behaviour are missing.

Final Answer: Yes",0e91dc43f0d91716,llama3.1:8b,0,2026-06-17T10:00:58.713879,project_02,title_only,incompleteness,cot
ISSUE-39864,ACS User - need to be able to delete user without logging in as that user,0,0,"Let's break it down:

1. The issue title conveys that there is a requirement to delete an ACS User without logging in as that user. It mentions a specific action and its desired outcome.
2. The title does not suggest missing reproduction steps, expected behaviour, or context. It implies that the deletion should be possible from another user's account, but it doesn't specify how to reproduce this scenario or what the exact behavior should be.
3. While the title provides some context, a developer may still need additional information to fully understand the scope of the issue. For example, they might want to know which components are affected, under what conditions this deletion is allowed, and what happens to related data when a user is deleted.

However, considering that the title does provide some essential information about the desired functionality, I would say that it's not entirely INCOMPLETE. It still lacks specific details like steps to reproduce, expected behavior, acceptance criteria, affected components, or environment details.

Final Answer: No",8f4108d5351e2d3d,llama3.1:8b,0,2026-06-17T10:01:01.630153,project_02,title_only,incompleteness,cot
ISSUE-38249,Create and publish release note for API Builder 3.0.0,0,1,"Let's break it down:

1. The issue title conveys that there is a requirement to create and publish release notes for API Builder 3.0.0. It mentions a specific action (create and publish) and a specific version of the software (API Builder 3.0.0).
2. The title does not suggest missing reproduction steps, expected behaviour, or context. It appears to be a high-level requirement rather than a bug report.
3. From the title alone, a developer can understand that there is a need to create and publish release notes for API Builder 3.0.0, but they may not have enough information to start working on it without further details.

However, considering the task at hand, I would say that this issue title suggests that the issue is INCOMPLETE because it lacks essential information such as steps to reproduce, expected vs actual behaviour, acceptance criteria, affected components, or environment details. The title only provides a high-level requirement and does not provide enough context for a developer to start working on it.

Final Answer: Yes",59217b75cedc9f8c,llama3.1:8b,0,2026-06-17T10:01:04.667493,project_02,title_only,incompleteness,cot
ISSUE-38348,Improve the doc navigation,1,1,"Let's analyze the issue title:

1. The title ""Improve the doc navigation"" conveys that there is an issue with the documentation navigation, but it doesn't provide any specific details about what needs to be improved.
2. The title does not suggest missing reproduction steps, expected behavior, or context. It seems to be a high-level request rather than a specific problem report.
3. A developer may have some idea of what ""doc navigation"" refers to, but they would likely need more information to understand the full scope of the issue and how to address it.

Based on this analysis, I conclude that the issue title suggests the issue is INCOMPLETE because it lacks essential details such as steps to reproduce, expected vs actual behavior, acceptance criteria, affected components, or environment details.

Final Answer: Yes",b4791783ed2131c2,llama3.1:8b,0,2026-06-17T10:01:07.225146,project_02,title_only,incompleteness,cot
ISSUE-38714,incorrect link,1,-1,"To determine if the issue is INCOMPLETE based on the given title ""incorrect link"", let's analyze it step-by-step:

1. **What information does this title convey?**
   - The title indicates that there is an error related to a link, but it doesn't specify what kind of link (e.g., internal, external), where the link is located, or how it's being used.

2. **Does the title suggest missing reproduction steps, expected behaviour, or context?**
   - It does not explicitly mention any specific steps to reproduce the issue, nor does it provide information about the expected behavior of the link or what actually happens when the link is accessed.
   - The term ""incorrect"" implies a deviation from an expected state but doesn't specify how the link should behave.

3. **Can a developer understand the full scope from the title alone?**
   - Without additional context, it's challenging for a developer to fully comprehend the issue. They would need more information about what kind of link is involved (e.g., login link, download link), where it's located in the application, and possibly how it's being used or accessed.

Given these considerations, while the title does hint at an error, it lacks specific details that are crucial for a",69551c04c6cb03b1,llama3.1:8b,0,2026-06-17T10:01:10.661698,project_02,title_only,incompleteness,cot
ISSUE-38876,404 page is (unformatted) landing page,1,0,"Let's break it down:

1. The issue title ""404 page is (unformatted) landing page"" conveys that there's an issue with how the 404 error page appears, specifically mentioning that it's unformatted and resembles a landing page.
2. There's no indication of missing reproduction steps, expected behavior, or context in this title. It seems to be a straightforward description of the problem.
3. While the title provides some context about what's wrong with the 404 page, it doesn't provide enough information for a developer to fully understand the scope of the issue without further investigation.

However, upon closer inspection, I notice that the title mentions ""(unformatted) landing page"", which implies there might be an expectation or requirement around how the 404 page should behave. This could potentially indicate missing acceptance criteria or expected behavior.

But considering the task is to determine if the issue is INCOMPLETE based solely on the title, and given that the title does provide some context about what's wrong with the 404 page, I would say:

Final Answer: No",d256703ba75338a8,llama3.1:8b,0,2026-06-17T10:01:13.734662,project_02,title_only,incompleteness,cot
ISSUE-38300,Add a migration banner to all pages in the guides2 space,1,0,"Let's break it down:

1. The issue title conveys that there is a request to add a migration banner to all pages in a specific space called ""guides2"". It mentions what needs to be done, but not how or why.
2. There is no indication of missing reproduction steps, expected behaviour, or context in the title itself. However, it does mention a specific action (adding a migration banner) and a specific scope (all pages in guides2 space), which implies some understanding of the environment and affected components.
3. While a developer might be able to infer that this is related to a migration process and possibly understand the general context, they would likely need more information to fully comprehend the requirements, such as what the banner should look like, how it will behave, or any specific acceptance criteria.

However, considering the task at hand, which is to determine if the issue title suggests the issue is INCOMPLETE, I notice that the title does provide some essential information about the affected components (all pages in guides2 space) and environment details. While more context would be helpful for a complete understanding of the requirements, the title itself does not seem entirely lacking.

Final Answer: No",a4279229a4253ec6,llama3.1:8b,0,2026-06-17T10:01:17.028728,project_02,title_only,incompleteness,cot
ISSUE-38460,web site link doesn't exist,1,1,"Let's break it down:

1. The issue title ""web site link doesn't exist"" conveys that there is an issue with a website link not being present.
2. The title does not suggest missing reproduction steps, expected behavior, or context. It simply states the problem without providing any additional information about how to reproduce the issue, what the expected outcome should be, or where this issue occurs (e.g., in which component or environment).
3. A developer may have some idea of what is being referred to by ""web site link,"" but they would likely need more context and details to fully understand the scope of the issue.

Based on these observations, I conclude that the issue title suggests the issue is INCOMPLETE because it lacks essential information such as steps to reproduce, expected vs actual behavior, acceptance criteria, affected components, or environment details.

Final Answer: Yes",9be947e200c3ff7c,llama3.1:8b,0,2026-06-17T10:01:19.654360,project_02,title_only,incompleteness,cot
ISSUE-40544,Android: documentation about how to handle Android app first run is missing,0,1,"Let's break it down:

1. The issue title conveys that there is a lack of documentation for handling the first run of an Android app.
2. There is no mention of reproduction steps, expected behavior, or context in the title. It only mentions what is missing (documentation).
3. While a developer might be able to infer some context from the title, it's unlikely they can fully understand the scope and requirements without additional information.

The issue title suggests that essential information is missing, specifically documentation about handling the first run of an Android app. This implies that the issue is INCOMPLETE because it lacks specific details such as steps to reproduce or expected behavior.

Final Answer: Yes",ea5161f00f1d9e82,llama3.1:8b,0,2026-06-17T10:01:21.940277,project_02,title_only,incompleteness,cot
ISSUE-39279,iOS: createEmailDialog method doesn't work on some devices,1,1,"Let's break it down:

1. The issue title conveys that there is a problem with the `createEmailDialog` method on some iOS devices.
2. The title does not suggest missing reproduction steps, expected behaviour, or context. It simply states the problem without providing any additional information about how to reproduce it, what the expected outcome should be, or where this issue might occur in the codebase.
3. While a developer can infer that there is an issue with the `createEmailDialog` method on some iOS devices, they would likely need more context and details to fully understand the scope of the problem.

Based on these observations, I conclude that the issue title suggests the issue is INCOMPLETE because it lacks essential information such as steps to reproduce, expected vs actual behaviour, acceptance criteria, affected components, or environment details.

Final Answer: Yes",bee0322915cdbc68,llama3.1:8b,0,2026-06-17T10:01:24.562866,project_02,title_only,incompleteness,cot
ISSUE-38926,Update iOS Interactive Notifications guide for Apple Watch,0,1,"Let's break it down:

1. The issue title conveys that there is an existing guide for iOS Interactive Notifications on Apple Watch and it needs to be updated.
2. There is no indication of missing reproduction steps, expected behaviour, or context in the title itself. It does not mention what the update entails, how it will behave differently, or any specific requirements.
3. While a developer might infer that the guide needs updating due to some change or issue, they cannot fully understand the scope and details required for the update from just this title alone.

Given these points, I would conclude that the issue is likely INCOMPLETE because essential information such as steps to reproduce, expected vs actual behaviour, acceptance criteria, affected components, or environment details are not provided in the title. 

Final Answer: Yes",92d9e926e28f7678,llama3.1:8b,0,2026-06-17T10:01:27.176355,project_02,title_only,incompleteness,cot
ISSUE-40983,APIDoc: Remove click type events for mapview,0,0,"Let's break it down:

1. The issue title conveys that there is an APIDoc related to removing click type events for mapview. It mentions a specific action and its context.
2. There is no indication of missing reproduction steps, expected behaviour, or context in the title itself. It seems to be focused on a specific task within the APIDoc.
3. While it's possible that some context might be assumed (e.g., which mapview), the title alone provides enough information for a developer to understand what is being asked: remove click type events from the APIDoc related to mapview.

However, upon closer inspection, I notice that the issue title doesn't explicitly mention affected components, environment details, or acceptance criteria. But given the nature of the task (removing something from an APIDoc), it's likely that these aspects are implicit and not necessary for a developer to understand the scope of the task.

Considering the information provided in the title alone is sufficient for a developer to understand what needs to be done, I would conclude:

Final Answer: No",a89ee3424fad7cf7,llama3.1:8b,0,2026-06-17T10:01:30.236634,project_02,title_only,incompleteness,cot
ISSUE-40873,APIDoc: ImageView Documentation clarification,1,1,"Let's break it down:

1. The issue title conveys that there is a need for clarification on the documentation of ImageView in APIDoc.
2. There is no mention of steps to reproduce, expected vs actual behaviour, or context such as affected components or environment details.
3. From the title alone, it is unlikely that a developer can understand the full scope of the issue.

Final Answer: Yes",4a7b9e0e66152448,llama3.1:8b,0,2026-06-17T10:01:32.010142,project_02,title_only,incompleteness,cot
ISSUE-38583,Nodejs reset password token,1,1,"Let's break it down:

1. The issue title ""Nodejs reset password token"" conveys that there is an issue related to resetting passwords in a Node.js environment. It mentions a specific component (""token"") but doesn't provide any context about what the problem is or how it occurs.
2. The title does not suggest missing reproduction steps, expected behaviour, or context. However, it's likely that these details are missing from the description (which we don't have access to).
3. Based on the title alone, a developer might be able to understand that there's an issue with password reset functionality in Node.js, but they would not know what specific problem is being encountered (e.g., incorrect token generation, invalid token usage, etc.).

Given these points, I conclude that the issue title suggests the issue is INCOMPLETE because it lacks essential information about the problem and its context.

Final Answer: Yes",e8009348c3caa3c2,llama3.1:8b,0,2026-06-17T10:01:34.698063,project_02,title_only,incompleteness,cot
ISSUE-38547,Create and publish release note for Alloy 1.9.2,0,1,"Let's break it down:

1. The issue title ""Create and publish release note for Alloy 1.9.2"" conveys that it is related to creating documentation for a specific software version.
2. There is no indication of missing reproduction steps, expected behavior, or context in the title itself. It appears to be a straightforward task description.
3. From the title alone, a developer can understand that they need to create and publish release notes for Alloy 1.9.2.

Based on this analysis, I would conclude that the issue is likely INCOMPLETE because it lacks essential information such as steps to reproduce, expected vs actual behavior, acceptance criteria, affected components, or environment details.

Final Answer: Yes",8c94b152105dfbdd,llama3.1:8b,0,2026-06-17T10:01:37.032914,project_02,title_only,incompleteness,cot
ISSUE-39410,"Doctools: hide ACS REST API """"pseudo types"""" in API reference TOC",0,0,"Let's analyze the issue title step by step:

1. The title conveys that there is an issue with the Doctools API reference, specifically regarding the display of certain types in the Table of Contents (TOC).
2. There is no indication of missing reproduction steps, expected behavior, or context.
3. From the title alone, a developer can understand that there is an issue related to the presentation of API pseudo-types in the Doctools documentation.

Based on this analysis, I would conclude that the issue title does not suggest that the issue is INCOMPLETE because it provides enough information for a developer to understand the scope of the problem. However, without further context or description, it's difficult to determine if the issue has been fully captured.

Final Answer: No",706126101db50f3b,llama3.1:8b,0,2026-06-17T10:01:39.549731,project_02,title_only,incompleteness,cot
ISSUE-38316,Remove Mobile Web Support Reference from documentation,0,1,"Let's analyze the issue title step by step:

1. The title ""Remove Mobile Web Support Reference from documentation"" conveys a specific action that needs to be taken on some documentation, but it doesn't provide any context about what this reference is or why it should be removed.
2. The title does not suggest missing reproduction steps, expected behaviour, or context. It's more of a high-level instruction rather than a description of a problem.
3. While a developer might understand the general idea behind the title, they would likely need additional information to fully comprehend the scope and implications of removing this reference.

Based on these observations, I conclude that the issue is INCOMPLETE because it lacks essential details such as affected components, environment details, or acceptance criteria.

Final Answer: Yes",0d3987a975b69e12,llama3.1:8b,0,2026-06-17T10:01:42.000802,project_02,title_only,incompleteness,cot
ISSUE-40070,DocTools: Allow linking to guides sections by name in Cloud docs,0,0,"Let's analyze the issue title step by step:

1. The title ""DocTools: Allow linking to guides sections by name in Cloud docs"" conveys some information about the feature or functionality being requested, such as:
	* It's related to DocTools
	* It involves linking to guides sections
	* It's specific to Cloud docs
2. Upon reviewing the title, I don't see any indication of missing reproduction steps, expected behavior, or context that would suggest it's INCOMPLETE.
3. While a developer might need more information to fully understand the scope and requirements, the title alone provides enough context to identify the general area of functionality being requested.

Based on this analysis, I conclude that the issue is likely not INCOMPLETE based solely on the provided title.

Final Answer: No",5559a8cef2b4f4e3,llama3.1:8b,0,2026-06-17T10:01:44.540525,project_02,title_only,incompleteness,cot
ISSUE-38806,Alloy Map sample code needs to be updated,1,1,"Let's break it down:

1. The issue title conveys that there is an existing Alloy Map sample code and it needs to be updated.
2. There is no mention of steps to reproduce, expected vs actual behaviour, or context such as environment details.
3. While the title gives a clear indication of what needs to be done (update the code), it does not provide enough information for a developer to understand the full scope of the issue.

Based on these observations, I would say that the issue is likely INCOMPLETE because essential information like steps to reproduce and expected vs actual behaviour are missing. 

Final Answer: Yes",010e7e374bf24c78,llama3.1:8b,0,2026-06-17T10:01:46.677195,project_02,title_only,incompleteness,cot
ISSUE-40752,As a Titanium developer,1,0,"Let's break it down:

1. The issue title ""As a Titanium developer"" conveys that the issue is related to development using the Titanium framework.
2. There is no indication of missing reproduction steps, expected behavior, or context in this title. It appears to be more of an identity statement for the user role rather than a description of the problem.
3. From the title alone, it's unlikely that a developer would understand the full scope of the issue without additional information.

Final Answer: No",7857c320e48ea89b,llama3.1:8b,0,2026-06-17T10:01:48.611930,project_02,title_only,incompleteness,cot
ISSUE-38413,Update API Builder Doc landing page on Axway Doc Portal,0,1,"Let's break it down:

1. The issue title conveys that there is an update needed for the API Builder Doc landing page on Axway Doc Portal.
2. There is no mention of reproduction steps, expected behavior, or context in the title.
3. While a developer might be familiar with the Axway Doc Portal and the API Builder, they would likely need additional information to fully understand the scope of the update.

Based on these observations:

Final Answer: Yes",eab3d96d7b0647a8,llama3.1:8b,0,2026-06-17T10:01:50.436847,project_02,title_only,incompleteness,cot
ISSUE-40079,APIDoc: iOS: Sound player volume -- setting device volume,1,0,"Let's break it down:

1. The issue title conveys that there is an issue with the APIDoc for iOS related to setting the device volume using the sound player.
2. The title does not suggest missing reproduction steps, expected behaviour, or context. It appears to be a straightforward statement of a problem.
3. While the title provides some context about the issue being related to APIDoc and iOS, it is unlikely that a developer can understand the full scope from the title alone without additional information.

However, upon closer inspection, I notice that the title mentions ""APIDoc"", which implies that this might be an issue with documentation rather than actual functionality. This could suggest that the issue is more related to completeness of documentation rather than being INCOMPLETE in terms of reproduction steps or expected behaviour.

But considering the task at hand, and given that we are only evaluating whether the title suggests the issue is INCOMPLETE based on missing essential information such as steps to reproduce, expected vs actual behaviour, acceptance criteria, affected components, or environment details... I would say:

Final Answer: No",d9bc99bc07b8e962,llama3.1:8b,0,2026-06-17T10:01:53.544406,project_02,title_only,incompleteness,cot
ISSUE-39208,Clarify 'autoStyle' docs,1,1,"Let's break it down:

1. The issue title ""Clarify 'autoStyle' docs"" conveys that there is some confusion or lack of clarity regarding the documentation for the feature or functionality called ""autoStyle"".
2. There is no indication in the title about missing reproduction steps, expected behaviour, or context.
3. From the title alone, it's unlikely a developer can understand the full scope of the issue, as it only mentions a need to clarify documentation.

Based on these observations, I would conclude that this issue title suggests the issue is INCOMPLETE because it lacks essential information such as steps to reproduce, expected vs actual behaviour, acceptance criteria, affected components, or environment details.

Final Answer: Yes",fac47ee247b247dc,llama3.1:8b,0,2026-06-17T10:01:55.877351,project_02,title_only,incompleteness,cot
ISSUE-38600,Confirm and/or update Migrating Node.ACS Applications to Arrow page,0,1,"To determine if the issue is INCOMPLETE based on the given title:

1. The title ""Confirm and/or update Migrating Node.ACS Applications to Arrow page"" conveys information about an action or task related to migrating applications, but it does not provide specific details about what needs to be confirmed or updated.
2. There's no indication of missing reproduction steps, expected behavior, or context in the title itself. It seems more procedural than descriptive of a problem that requires troubleshooting or debugging.
3. While a developer might understand the general intent behind updating migrating applications, they would likely need additional information (such as what specifically needs to be confirmed or updated) to fully comprehend and address the issue.

Given these considerations, it appears the title is missing essential details for a complete understanding of the task at hand. Therefore:

Final Answer: Yes",07ef228cf874981b,llama3.1:8b,0,2026-06-17T10:01:58.430638,project_02,title_only,incompleteness,cot
ISSUE-40801,APIDoc: Background Gradient options not documented,0,0,"Let's break it down:

1. The issue title ""APIDoc: Background Gradient options not documented"" conveys that there is an issue with the documentation of background gradient options in API documentation.
2. The title does not suggest missing reproduction steps, expected behaviour, or context. It only mentions a specific aspect of the system (API documentation) and what's lacking (documentation).
3. While it's clear that something is amiss, a developer may still need additional information to fully understand the scope of the issue.

However, upon closer inspection, I notice that the title does mention ""not documented"", which implies that there should be some form of documentation for background gradient options in API documentation. This suggests that the issue might be related to missing or incomplete information.

But, considering the strict criteria for an INCOMPLETE issue (missing essential information such as steps to reproduce, expected vs actual behaviour, acceptance criteria, affected components, or environment details), I would argue that this title is not explicitly stating any of those things are missing. It's more about a specific aspect being undocumented rather than incomplete.

Therefore:

Final Answer: No",5c74a116dab921d6,llama3.1:8b,0,2026-06-17T10:02:01.588563,project_02,title_only,incompleteness,cot
ISSUE-40937,APIDoc: Facebook code snippet not being rendered,0,1,"Let's break it down:

1. The issue title conveys that there is an issue with rendering Facebook code snippets in APIDoc.
2. The title does not suggest missing reproduction steps, expected behaviour, or context. It simply states a problem without providing any details on how to reproduce the issue, what the expected outcome should be, or where this issue occurs (e.g., which component or environment).
3. A developer may have some idea of what APIDoc is and possibly even know that it's related to documentation for APIs, but they would likely need more information to fully understand the scope of the issue.

Given these points, I conclude that the issue title suggests the issue is INCOMPLETE because it lacks essential details such as steps to reproduce, expected vs actual behaviour, acceptance criteria, affected components, or environment details.

Final Answer: Yes",8ca0b5aa3d1dce99,llama3.1:8b,0,2026-06-17T10:02:04.219772,project_02,title_only,incompleteness,cot
ISSUE-38132,Create and publish release note for CLI 7.0.6.RC,0,1,"Let's analyze the issue title step by step:

1. The title ""Create and publish release note for CLI 7.0.6.RC"" conveys that it is related to creating a release note, which is a specific task. It also mentions the version of the Command-Line Interface (CLI) involved.
2. There is no indication in the title about steps to reproduce, expected vs actual behavior, or context such as affected components or environment details.
3. From the title alone, it's clear that this issue is related to creating a release note for a specific version of the CLI. A developer should be able to understand the basic scope and task involved.

However, upon closer inspection, I notice that the title does not provide any information about what the release note should contain or how it will be used. It only mentions the creation and publication of the release note, which might imply some missing context or details about the expected outcome or behavior.

Considering these points, while the title is clear on the task at hand, it may still suggest that essential information such as acceptance criteria or environment details are missing to fully understand the scope of the issue.

Final Answer: Yes",2d76393cf7ced6f7,llama3.1:8b,0,2026-06-17T10:02:07.494337,project_02,title_only,incompleteness,cot
ISSUE-38986,Android Themes guide needs serious updating,1,1,"Let's break it down:

1. The issue title conveys that there is a need to update the Android Themes guide.
2. There is no mention of steps to reproduce, expected vs actual behaviour, or context such as affected components or environment details.
3. While a developer may be able to infer some context from the title (e.g., it's related to Android development), they would likely require more information to fully understand the scope and requirements of the issue.

Based on these observations, I conclude that the issue is INCOMPLETE because essential information such as steps to reproduce, expected vs actual behaviour, acceptance criteria, affected components, or environment details are missing from the title alone.

Final Answer: Yes",a9f2e5d8f35cecd4,llama3.1:8b,0,2026-06-17T10:02:09.846306,project_02,title_only,incompleteness,cot
ISSUE-38790,Update and extend guide on Transitions,1,1,"Let's break it down:

1. The issue title ""Update and extend guide on Transitions"" conveys that there is an existing guide related to transitions that needs to be updated or extended, but it doesn't provide any specific details about what exactly needs to be done.
2. The title does not suggest missing reproduction steps, expected behaviour, or context. It's more focused on the task of updating/ extending a guide rather than describing a specific issue or problem.
3. While a developer might have some idea of what is being asked based on their knowledge of the system and its guides, they would likely need additional information to fully understand the scope of work required.

Based on these observations, I conclude that the issue title suggests the issue is INCOMPLETE because it lacks essential details such as steps to reproduce, expected vs actual behaviour, acceptance criteria, affected components, or environment details.

Final Answer: Yes",ad432abe34f9761f,llama3.1:8b,0,2026-06-17T10:02:12.560794,project_02,title_only,incompleteness,cot
ISSUE-38051,Ti.Platform.id documentation needs clarification,0,1,"Let's break it down:

1. The issue title conveys that there is a need for clarification on the documentation of Ti.Platform.id.
2. There is no mention of steps to reproduce, expected vs actual behaviour, or context such as affected components or environment details.
3. While the title gives some context about what needs clarification, it does not provide enough information for a developer to understand the full scope of the issue.

Based on these observations, I would conclude that the issue is likely INCOMPLETE because essential information such as steps to reproduce and expected vs actual behaviour are missing.

Final Answer: Yes",d3571d0f04f8c221,llama3.1:8b,0,2026-06-17T10:02:14.718610,project_02,title_only,incompleteness,cot
ISSUE-38667,Create and publish Studio 4.7.1.GA release note,0,1,"Let's break it down:

1. The issue title ""Create and publish Studio 4.7.1.GA release note"" conveys a specific task related to creating a release note for a software product called Studio, with a version number.
2. There is no indication of missing reproduction steps, expected behavior, or context in the title itself. It appears to be a straightforward request for a specific action.
3. From the title alone, it's possible for a developer to understand that they need to create and publish a release note for Studio 4.7.1.GA.

However, upon closer inspection, I notice that the issue title is missing some essential information such as:

* Expected vs actual behavior
* Acceptance criteria
* Affected components
* Environment details

While the title itself might be clear to a developer familiar with the product and its release process, it lacks specific details that would help in reproducing or verifying the issue.

Therefore, I conclude that the issue is INCOMPLETE due to missing essential information.

Final Answer: Yes",717a1e92c0758687,llama3.1:8b,0,2026-06-17T10:02:17.786563,project_02,title_only,incompleteness,cot
ISSUE-38004,Link for 'Titanium.UI.iOS.SystemButton' seems to be broken,0,1,"Let's analyze the issue title step by step:

1. The title conveys that there is an issue with a specific link related to 'Titanium.UI.iOS.SystemButton', which seems to be broken.
2. The title does not suggest missing reproduction steps, expected behavior, or context. It only mentions a symptom (the link being broken) without providing any information on how to reproduce the issue, what the expected behavior should be, or any relevant context.
3. Based on this title alone, it is unlikely that a developer can understand the full scope of the issue. They would likely need more information to determine the root cause and potential solutions.

Given these observations, I conclude that the issue title suggests the issue is INCOMPLETE because it lacks essential information such as steps to reproduce, expected vs actual behavior, acceptance criteria, affected components, or environment details.

Final Answer: Yes",a1ab1405283d91e1,llama3.1:8b,0,2026-06-17T10:02:20.576534,project_02,title_only,incompleteness,cot
ISSUE-38293,Create and publish release note for SDK 6.3.0.GA,0,0,"Let's analyze the issue title step by step:

1. The title ""Create and publish release note for SDK 6.3.0.GA"" conveys that it is related to creating documentation for a specific software development kit (SDK) version.
2. There is no indication of missing reproduction steps, expected behavior, or context in the title itself. It does not mention anything about what should happen when the release note is published or how it will be used.
3. While a developer might infer that this task involves creating documentation for a specific SDK version, they may still need additional information to fully understand the scope of work involved.

However, considering the nature of the title, which appears to be a straightforward request for a specific task, I would argue that it is likely sufficient to convey the essential information required for the task. The title mentions the specific SDK version and the action required (create and publish), which should be enough for a developer to understand what needs to be done.

Final Answer: No",1ad2b9bfd7a794ef,llama3.1:8b,0,2026-06-17T10:02:23.468472,project_02,title_only,incompleteness,cot
ISSUE-39823,Guides: Update Launch options,1,1,"Let's break it down:

1. The issue title ""Guides: Update Launch options"" conveys that there is an update needed for launch options related to guides.
2. There is no indication of missing reproduction steps, expected behavior, or context in the title itself.
3. While a developer might be able to infer some context from the title (e.g., it's related to guides and launch options), they would likely need more information to fully understand the scope of the issue.

However, upon closer inspection, I notice that the title does mention ""Update"", which implies there is an existing system or feature for launch options. This might be enough context for a developer to understand what needs updating.

But still, without more information, it's difficult to determine if this is truly INCOMPLETE. The title doesn't explicitly state steps to reproduce, expected vs actual behavior, acceptance criteria, affected components, or environment details.

Given the lack of explicit information about these essential aspects, I would err on the side of caution and assume that the issue might be INCOMPLETE.

Final Answer: Yes",44c915cea6fb8ca4,llama3.1:8b,0,2026-06-17T10:02:26.487602,project_02,title_only,incompleteness,cot
ISSUE-38256,Document required Android modules changes due to V8 changes,1,0,"Let's break it down:

1. The issue title conveys that there are changes required in Android modules due to V8 changes. It mentions what needs to be done (documenting changes), but not how or why.
2. There is no indication of missing reproduction steps, expected behaviour, or context. The title does not suggest any specific actions or outcomes related to the issue.
3. While a developer might understand that there are changes needed in Android modules due to V8 changes, they would likely need more information to fully comprehend the scope and requirements of the task.

However, upon closer inspection, I notice that the title mentions ""Document required Android modules changes"", which implies that the issue is about documenting something. This could be seen as a hint that the issue might not require immediate action or resolution, but rather gathering information or creating documentation.

Considering these points, I would say:

Final Answer: No",601f9d1e9f4e2749,llama3.1:8b,0,2026-06-17T10:02:29.220677,project_02,title_only,incompleteness,cot
ISSUE-39381,Node.ACS cannot catch stdout & stderr from child processes forked by app,0,1,"Let's break down the issue title:

1. The title conveys that there is an issue with Node.ACS not being able to catch stdout & stderr from child processes forked by app, which implies some kind of functionality or behavior problem.
2. The title does not suggest missing reproduction steps (it doesn't mention how to reproduce the issue), expected behavior (it only describes what's happening, but not what should happen), acceptance criteria (there is no clear statement of what the system should do in this situation), affected components (Node.ACS and child processes are mentioned, but it's unclear if there are other components involved), or environment details (no specific context about the environment is provided).
3. While a developer might be able to understand some aspects of the issue from the title alone, such as what's not working correctly, they would likely need more information to fully grasp the scope and requirements of the issue.

Based on these observations, I conclude that the issue title suggests the issue is INCOMPLETE because it lacks essential information about reproduction steps, expected behavior, acceptance criteria, affected components, or environment details. 

Final Answer: Yes",12007ea0662691dd,llama3.1:8b,0,2026-06-17T10:02:32.427535,project_02,title_only,incompleteness,cot
ISSUE-40888,APIDoc: remove from docs advice about passing functions cross-context,0,0,"Let's break down the issue title:

1. The title mentions ""APIDoc"", which suggests that it is related to documentation for an API.
2. It specifically asks to remove advice about passing functions cross-context, implying a technical requirement or guideline.
3. However, there is no mention of steps to reproduce, expected vs actual behaviour, acceptance criteria, affected components, or environment details.

Based on the analysis, the issue title does not convey any information that would suggest it is missing essential details for reproduction, behavior, or context. A developer should be able to understand the scope and intent from the title alone.

Final Answer: No",3b30c4ef8d30ce87,llama3.1:8b,0,2026-06-17T10:02:34.605713,project_02,title_only,incompleteness,cot
ISSUE-39024,Migration: Node.ACS instructions should link new guide,0,0,"Let's break it down:

1. The issue title conveys that there is an instruction related to migration in Node.ACS that should link to a new guide.
2. There is no indication of missing reproduction steps, expected behavior, or context. The title appears to be specific and focused on a particular aspect of the system (migration instructions).
3. A developer can likely understand the full scope from the title alone: it's about updating an instruction in Node.ACS to link to a new guide.

However, upon closer inspection, I notice that the issue title does not explicitly mention ""acceptance criteria"", ""affected components"", or ""environment details"". But, considering the context of migration instructions and linking to a new guide, it is likely that these aspects are implicit. The title suggests a specific change to be made in the system, which implies that there should be some understanding of what constitutes a successful implementation (acceptance criteria) and possibly which components or environments will be affected.

Given this analysis, I would say that the issue title does not explicitly convey all essential information, but it is likely that these aspects are implicit. However, as per the instructions, we need to determine if the issue is INCOMPLETE based on the explicit information provided in the title.

Final Answer:",f9ccaf8c04d8bb3e,llama3.1:8b,0,2026-06-17T10:02:38.065838,project_02,title_only,incompleteness,cot
ISSUE-38189,Update Pull Request Guide and Building SDK From source,0,1,"Let's analyze the issue title step by step:

1. The title ""Update Pull Request Guide and Building SDK From source"" conveys two separate tasks that need to be updated: the pull request guide and the building SDK process from source.
2. The title does not suggest missing reproduction steps, expected behavior, or context. It appears to be a high-level description of tasks that need to be performed.
3. While the title provides some context about what needs to be updated, it is unlikely that a developer can fully understand the scope and requirements of these updates from this title alone.

Based on this analysis, I would conclude that the issue title suggests the issue is INCOMPLETE because essential information such as steps to reproduce, expected vs actual behavior, acceptance criteria, affected components, or environment details are missing.

Final Answer: Yes",93684cd9adf596f8,llama3.1:8b,0,2026-06-17T10:02:40.634640,project_02,title_only,incompleteness,cot
ISSUE-38180,Ti.UI.WebView documentation broken/missing,0,1,"Let's break it down:

1. The issue title conveys that there is a problem with the documentation for Ti.UI.WebView.
2. There is no mention of steps to reproduce, expected vs actual behaviour, or context such as environment details.
3. While the title gives some context about what is broken (the documentation), it does not provide enough information for a developer to understand the full scope of the issue.

Based on this analysis, I would say that the issue title suggests the issue is INCOMPLETE because it lacks essential information such as steps to reproduce and expected vs actual behaviour.

Final Answer: Yes",c3ef0be332a85c92,llama3.1:8b,0,2026-06-17T10:02:42.694560,project_02,title_only,incompleteness,cot
ISSUE-40251,"JDT install directions reference """"Helios"""" not """"Indigo"""" Eclipse platform",0,0,"Let's break it down:

1. The issue title conveys that there is an inconsistency in the JDT install directions, specifically referencing an outdated Eclipse platform (""Helios"" instead of ""Indigo"").
2. The title does not suggest missing reproduction steps, expected behavior, or context. It appears to be a straightforward statement about a specific problem.
3. A developer can likely understand the full scope from the title alone: there is an error in the install directions that needs correction.

Final Answer: No",01802a8dc7545202,llama3.1:8b,0,2026-06-17T10:02:44.622693,project_02,title_only,incompleteness,cot
ISSUE-38133,Create and publish release note for CLI 7.0.5.GA,0,0,"Let's analyze the issue title step by step:

1. The title ""Create and publish release note for CLI 7.0.5.GA"" conveys that it is related to creating a release note, which is a specific task. It also mentions the version of the Command-Line Interface (CLI) involved.
2. There is no indication in the title about steps to reproduce, expected vs actual behavior, or context such as affected components or environment details.
3. From the title alone, it's clear that this issue is related to documentation and release management, but a developer might not fully understand the scope without additional information.

Based on these observations:

Final Answer: No",076fc9b3ed85a25f,llama3.1:8b,0,2026-06-17T10:02:46.926627,project_02,title_only,incompleteness,cot
ISSUE-40671,APIDoc: Filesystem.File.createTimestamp returns 0 on Android for resource files,0,0,"Let's analyze the issue title step by step:

1. The title conveys that there is an issue with the APIDoc for the `Filesystem.File.createTimestamp` method on Android, specifically regarding resource files.
2. The title does not suggest missing reproduction steps, expected behavior, or context. It appears to be a concise description of the problem.
3. While the title provides some context about the affected component (APIDoc) and the specific issue with `File.createTimestamp`, it is still possible for a developer to understand the full scope from the title alone.

However, upon closer inspection, I notice that the title mentions ""returns 0"", which implies there might be an expected vs actual behavior aspect. But without more information, it's difficult to say whether this is explicitly stated or just inferred.

Considering these points, I would lean towards saying that the issue title does not suggest missing essential information like steps to reproduce, expected vs actual behaviour, acceptance criteria, affected components, or environment details. The title appears to be a clear and concise description of the problem.

Final Answer: No",dcad7d728960e85a,llama3.1:8b,0,2026-06-17T10:02:50.070993,project_02,title_only,incompleteness,cot
ISSUE-40346,APIDoc: Analytics doc should mention raw data export,0,1,"Let's break it down:

1. The issue title ""APIDoc: Analytics doc should mention raw data export"" conveys that there is an issue with the documentation of analytics API, specifically regarding the export of raw data.
2. The title does not suggest missing reproduction steps (it doesn't imply a specific action to take), expected behaviour (it only mentions what's lacking in the documentation), or context (environment details are not mentioned).
3. While the title provides some context about the issue being related to analytics API documentation, it is still quite vague and lacks essential information such as acceptance criteria, affected components, or steps to reproduce.

Based on these observations, I would conclude that the issue title suggests the issue is INCOMPLETE because it lacks essential information for a developer to fully understand the scope of the problem.

Final Answer: Yes",3910acd8ea7f4957,llama3.1:8b,0,2026-06-17T10:02:52.674454,project_02,title_only,incompleteness,cot
ISSUE-39667,ACS Custom Object Documentation Needs Corrected,0,1,"Let's break it down:

1. The issue title conveys that there is an error in the documentation of ACS Custom Object.
2. There is no mention of steps to reproduce, expected vs actual behaviour, or context such as affected components or environment details.
3. While a developer may be able to infer some context from the title (e.g., it's related to custom objects), they would likely need additional information to fully understand the scope and requirements of the issue.

Based on this analysis, I conclude that the issue is INCOMPLETE because essential information such as steps to reproduce, expected vs actual behaviour, acceptance criteria, affected components, or environment details are missing from the title alone.

Final Answer: Yes",fa762ddcb38bea72,llama3.1:8b,0,2026-06-17T10:02:55.041660,project_02,title_only,incompleteness,cot
ISSUE-38873,Ti.UI.Android.openPreferences: Does not explain how to get a preference value,0,0,"Let's break it down:

1. The issue title conveys that there is an issue with the Ti.UI.Android.openPreferences function in Titanium, specifically regarding preference values.
2. The title does not suggest missing reproduction steps, expected behaviour, or context. It appears to be a straightforward question about how to get a preference value using this function.
3. While the title provides some context, it does not convey enough information for a developer to fully understand the scope of the issue without additional details.

However, upon closer inspection, I notice that the title is actually asking ""how"" to achieve something, which implies that there might be missing information about what is expected or how the function should behave. But still, it's more of a question than an incomplete description of a problem.

Considering these points, I would say:

Final Answer: No",eb4459e168bdca8a,llama3.1:8b,0,2026-06-17T10:02:57.751367,project_02,title_only,incompleteness,cot
ISSUE-39183,Please help review the error messages of on-demand-pricing node.ACS part,0,1,"Let's break down the issue title:

1. The title mentions ""error messages"", which implies that there is an issue with the system producing incorrect or unexpected output.
2. However, it does not explicitly mention steps to reproduce the error, expected vs actual behavior, acceptance criteria, affected components, or environment details.
3. While the title provides some context about the on-demand-pricing node and ACS part, it is unclear what specific problem needs to be addressed.

Based on these observations:

Final Answer: Yes",7969f3dfa0ac0edd,llama3.1:8b,0,2026-06-17T10:02:59.636786,project_02,title_only,incompleteness,cot
ISSUE-38123,Create and publish release note for SDK 7.4.0.GA,0,1,"Let's break it down:

1. The issue title conveys that there is a requirement to create and publish release notes for a specific version of an SDK.
2. There is no indication of missing reproduction steps, expected behavior, or context in the title itself. It appears to be a straightforward task description.
3. A developer can likely understand the full scope from the title alone: it's about creating and publishing release notes for a specific version of the SDK.

However, upon closer inspection, I notice that the issue title is missing some essential information such as:
- Expected vs actual behavior
- Acceptance criteria
- Affected components
- Environment details

While the title itself might be clear to a developer familiar with the project, it's still incomplete in terms of providing all necessary context for someone else to understand and reproduce the task.

Final Answer: Yes",5fd5d191f7a29ab6,llama3.1:8b,0,2026-06-17T10:03:02.249239,project_02,title_only,incompleteness,cot
ISSUE-40183,Guides: Enhance doc for installing/using modules,1,1,"Let's break it down:

1. The issue title conveys that there is a need to enhance documentation for installing and using modules related to guides.
2. There is no mention of steps to reproduce, expected vs actual behaviour, or context such as affected components or environment details.
3. While the title gives some idea about what needs to be improved (documentation), it does not provide enough information for a developer to understand the full scope of the issue.

Based on these observations, I would say that the issue is likely INCOMPLETE because essential information like steps to reproduce and expected vs actual behaviour are missing.

Final Answer: Yes",d2b6bcd5257f56a7,llama3.1:8b,0,2026-06-17T10:03:04.361778,project_02,title_only,incompleteness,cot
ISSUE-38293,Create and publish release note for SDK 6.3.0.GA,0,1,"Let's analyze the issue title step by step:

1. The title ""Create and publish release note for SDK 6.3.0.GA"" conveys that it is related to creating documentation for a specific software development kit (SDK) version.
2. There is no indication of missing reproduction steps, expected behavior, or context in the title itself. It does not mention anything about what should happen when the release note is published or how it will be used.
3. While a developer might infer that this task involves creating documentation for a specific SDK version, they may still need additional information to fully understand the scope of work involved.

However, upon closer inspection, I notice that the title does mention ""Create and publish"", which implies some level of understanding about what needs to be done. But it's still missing essential details such as expected vs actual behavior, acceptance criteria, affected components, or environment details.

Considering these points, I would say that the issue is likely INCOMPLETE because it lacks specific information about the requirements and expectations for creating and publishing the release note.

Final Answer: Yes",1ad2b9bfd7a794ef,llama3.1:8b,0,2026-06-17T10:03:07.480154,project_02,title_only,incompleteness,cot
ISSUE-38201,Fix/Replace links to /cloud in the wiki docs,0,0,"Let's break it down:

1. The issue title conveys that there are links in the wiki documentation that point to ""/cloud"" and need to be fixed or replaced.
2. There is no indication of missing reproduction steps, expected behavior, or context. The title seems to provide a clear description of the problem.
3. A developer should be able to understand the full scope from the title alone: they know what needs to be fixed (links in wiki docs), where they are pointing to (""/cloud""), and what action is required (""Fix/Replace"").

Given this analysis, I would conclude that the issue title suggests the issue is INCOMPLETE.

Final Answer: No",21f0402f617055f6,llama3.1:8b,0,2026-06-17T10:03:09.717727,project_02,title_only,incompleteness,cot
ISSUE-39132,Update docs template to better match new Dashboard look and feel,0,1,"Let's break it down:

1. The issue title conveys that there is a need to update the documentation template to match the new Dashboard look and feel.
2. There is no mention of steps to reproduce, expected vs actual behaviour, or context such as affected components or environment details.
3. While a developer may be able to infer some context from the title (e.g., it's related to the Dashboard), they would likely need more information to fully understand the scope and requirements of the update.

Based on these observations, I conclude that the issue is missing essential information such as steps to reproduce, expected vs actual behaviour, acceptance criteria, affected components, or environment details. Therefore:

Final Answer: Yes",c9666e0516d7f4a5,llama3.1:8b,0,2026-06-17T10:03:12.069877,project_02,title_only,incompleteness,cot
ISSUE-39524,Create a new method likes/query.json,1,0,"Let's break it down:

1. The issue title ""Create a new method likes/query.json"" conveys that the user wants to create a new method with a specific name, which is related to JSON data.
2. There is no indication of missing reproduction steps, expected behavior, or context in this title. It appears to be a straightforward request for creating a new method.
3. A developer can likely understand the full scope from the title alone, as it clearly states what needs to be created.

However, upon closer inspection, I notice that the issue title is quite specific and seems to imply that there might be some existing code or structure related to ""likes"" or ""query.json"". But without more context, it's hard to say for sure if this is a complete request.

Given the information provided in the title alone, I would lean towards saying that the issue is likely not INCOMPLETE. However, I must admit that there might be some underlying assumptions or dependencies that are not explicitly stated.

Final Answer: No",ce01f43562bdb59c,llama3.1:8b,0,2026-06-17T10:03:15.075929,project_02,title_only,incompleteness,cot
ISSUE-39749,Localization of app name for Android is out-of-date,0,0,"Let's break it down:

1. The issue title conveys that there is an out-of-date localization of the app name for Android.
2. There is no indication of missing reproduction steps, expected behavior, or context in this title. It appears to be a straightforward statement about a specific problem.
3. While a developer may need additional information to fully understand and resolve the issue, the title alone provides enough context to identify the problem as related to localization for Android.

However, upon closer inspection, I notice that the title does not mention any expected vs actual behavior or acceptance criteria. It also doesn't explicitly state affected components or environment details.

But considering the nature of this issue, it's likely that a developer would be able to infer some context from the title alone, such as the fact that localization is out-of-date and affects Android devices.

Given these points, I would say:

Final Answer: No",b16cdc0bf4db661f,llama3.1:8b,0,2026-06-17T10:03:17.692289,project_02,title_only,incompleteness,cot
ISSUE-39943,BlackBerry : Path for getting the logs from simulator is incorrect,0,1,"Let's break it down:

1. The issue title conveys that there is an incorrect path for getting logs from a simulator related to BlackBerry.
2. The title does not suggest missing reproduction steps, expected behaviour, or context. It appears to be a straightforward statement of the problem.
3. A developer may still need additional information to fully understand the scope and how to resolve the issue, such as what type of logs are being referred to, where they should be located, and any specific requirements for accessing them.

However, considering that the title does not explicitly mention missing reproduction steps, expected behaviour, or context, it is likely that the issue is INCOMPLETE because it lacks essential information about how to reproduce the problem, what the actual vs expected behavior is, and possibly other details. 

Final Answer: Yes",c07f9b2d238f59ab,llama3.1:8b,0,2026-06-17T10:03:20.253070,project_02,title_only,incompleteness,cot
ISSUE-40067,DocTools: validate script is broken due to docgen changes,0,0,"Let's break it down:

1. The issue title conveys that there is a problem with the ""validate script"" in DocTools due to changes made to docgen.
2. The title does not suggest missing reproduction steps, expected behaviour, or context. It simply states the problem and its cause.
3. While a developer may be able to understand the general scope of the issue from the title alone (i.e., that there is a problem with DocTools), they would likely need more information to fully comprehend the issue and how to resolve it.

However, upon closer inspection, I notice that the title does mention ""validate script is broken"", which implies some understanding of what's expected vs actual behaviour. But still, essential details like steps to reproduce or affected components are missing.

Final Answer: No",e2f11572a5d769a4,llama3.1:8b,0,2026-06-17T10:03:22.742378,project_02,title_only,incompleteness,cot
ISSUE-39723,Support new Node.ACS command : download,1,0,"Let's break it down:

1. The issue title conveys that there is a request to add support for a new command called ""download"" related to Node.ACS.
2. There is no indication of missing reproduction steps, expected behavior, or context in the title itself. It appears to be a straightforward feature request.
3. While it's possible to infer some context from the title (e.g., that it's related to a specific product or system), it doesn't provide enough information for a developer to fully understand the scope of the issue without additional details.

However, upon closer inspection, I notice that the title mentions ""steps"" in the phrase ""download"", which could imply some form of action or process. But this is still not sufficient to determine if the issue is INCOMPLETE.

Given the lack of explicit information about steps to reproduce, expected behavior, acceptance criteria, affected components, or environment details, and considering that a developer might need additional context to fully understand the scope of the issue, I would lean towards:

Final Answer: No",3d96208cd3388247,llama3.1:8b,0,2026-06-17T10:03:25.748633,project_02,title_only,incompleteness,cot
ISSUE-38628,Specify supported Arrow Model Field data types,1,1,"Let's analyze the issue title step by step:

1. The title ""Specify supported Arrow Model Field data types"" conveys that it is related to specifying data types for a specific field in an Arrow model, but it does not provide any context or details about what needs to be done.
2. The title does not suggest missing reproduction steps (it's unlikely that this issue would require reproduction steps), expected behaviour (the focus is on specification rather than functionality), or context (such as environment details).
3. While a developer might infer some context from the title, it is still unclear what specific data types are being referred to and what needs to be specified.

However, upon closer inspection, I notice that this issue title seems to be asking for a specification of supported data types, which implies that there should be some information about what needs to be done. The title itself does not provide enough context or details to understand the full scope from the title alone.

But, considering the nature of the request (specification), it's likely that this issue is missing essential information such as steps to reproduce, expected vs actual behaviour, acceptance criteria, affected components, or environment details.

Final Answer: Yes",9126d230ca1fd996,llama3.1:8b,0,2026-06-17T10:03:29.076761,project_02,title_only,incompleteness,cot
ISSUE-38181,Review and revise the APS documentation,0,1,"Let's analyze the issue title step by step:

1. The title ""Review and revise the APS documentation"" conveys a high-level task or activity that needs to be performed, but it doesn't provide any specific details about what is being reviewed or revised.
2. The title does not suggest missing reproduction steps, expected behaviour, or context. It's more of a general instruction rather than a description of a problem or issue.
3. Based on the title alone, a developer may not be able to understand the full scope of the task, such as what specific aspects of the APS documentation need to be reviewed and revised.

Considering these points, I would conclude that the issue is likely INCOMPLETE because it lacks essential information about the specifics of the task.

Final Answer: Yes",703572b817d831ed,llama3.1:8b,0,2026-06-17T10:03:31.568893,project_02,title_only,incompleteness,cot
ISSUE-39239,"Android: TableView: SearchBar not working if """"filterAttribute"""" is an arbitrary property",0,0,"Let's break down the issue title:

1. The title conveys that there is an issue with a SearchBar in a TableView on Android, specifically when using an arbitrary property as ""filterAttribute"".
2. The title does not suggest missing reproduction steps, expected behaviour, or context. It appears to provide enough information about the problem.
3. A developer can likely understand the full scope of the issue from the title alone, including the platform (Android), component (TableView and SearchBar), and specific condition (""filterAttribute"" being an arbitrary property).

However, upon closer inspection, I notice that the title does not explicitly mention expected vs actual behaviour or acceptance criteria. It also doesn't provide environment details.

But considering the context of a TableView and SearchBar on Android, it's likely that the issue is related to functionality, which implies there might be some implicit understanding of expected behavior (e.g., the SearchBar should work). Nevertheless, I must rely solely on the title for my assessment.

Given these considerations, I would conclude:

Final Answer: No",b5d037101fd4de00,llama3.1:8b,0,2026-06-17T10:03:34.947458,project_02,title_only,incompleteness,cot
ISSUE-38938,Docs: Ti.UI.View.add supports an array of views as well as single Ti.Ui.View,0,0,"Let's break it down:

1. The issue title conveys that there is some information about Titanium UI Views and their behavior when adding them to a view.
2. There is no indication of missing reproduction steps, expected behavior, or context in the title itself. It appears to be more of a statement or clarification on how Ti.UI.View.add works.
3. Based on this title alone, it's likely that a developer can understand the general scope and intent behind the issue.

However, upon closer inspection, I notice that the title is actually providing information about the behavior of a specific Titanium UI method (Ti.UI.View.add), rather than asking for clarification or reporting an issue. This suggests that the title might be more of a statement or documentation update, rather than an actual software issue.

Given this analysis, I would conclude that the issue is likely INCOMPLETE because it doesn't appear to be asking for help or reporting a problem, but rather providing information about how something works.

Final Answer: No",20afd2849504e70a,llama3.1:8b,0,2026-06-17T10:03:37.804643,project_02,title_only,incompleteness,cot
ISSUE-40941,APIDoc: remove period from platform list,0,1,"Let's analyze the issue title step by step:

1. The title ""APIDoc: remove period from platform list"" conveys a specific task related to API documentation. It mentions a specific action (""remove period"") and its target (""from platform list"").
2. The title does not suggest missing reproduction steps, expected behavior, or context. It appears to be a straightforward request for a change.
3. Based on the title alone, it is likely that a developer can understand the full scope of the issue. The title clearly states what needs to be done.

However, upon closer inspection, I notice that the title does not mention any acceptance criteria, affected components, or environment details. While these might not be essential for every issue, they are still important pieces of information that could help clarify the requirements.

Considering this analysis, I would say that the issue is likely INCOMPLETE because it lacks some essential information, such as acceptance criteria and potentially affected components.

Final Answer: Yes",890eb2fd23020a76,llama3.1:8b,0,2026-06-17T10:03:40.674019,project_02,title_only,incompleteness,cot
ISSUE-40635,APIDoc: Update docs for medium-priority iPad modules,0,0,"Let's break it down:

1. The issue title conveys that there is an update needed for API documentation related to iPad modules with medium priority.
2. There is no indication of missing reproduction steps, expected behavior, or context in this title. It appears to be a straightforward request for updating documentation.
3. From the title alone, it's likely that a developer can understand the general scope and what needs to be done (i.e., update API docs), but there might not be enough information to fully comprehend the impact or specific requirements of the task.

However, considering the essential information required for an issue to be considered INCOMPLETE, this title does not suggest missing steps to reproduce, expected vs actual behavior, acceptance criteria, affected components, or environment details. It's more about a documentation update rather than a functional issue that requires these details.

Final Answer: No",ef80135c71cd0c39,llama3.1:8b,0,2026-06-17T10:03:43.369804,project_02,title_only,incompleteness,cot
ISSUE-39299,Updates guides to show how to localise NSLocationAlwaysUsageDescription,0,0,"Let's break down the issue title:

1. The title conveys that there is an update to be made in guides related to localizing NSLocationAlwaysUsageDescription.
2. There is no indication of missing reproduction steps, expected behavior, or context. The title seems to focus on a specific task (updating guides) rather than describing a problem or issue.
3. A developer can likely understand the full scope from the title alone: it's about updating existing guides to include information on localizing NSLocationAlwaysUsageDescription.

Given these observations, I would conclude that this issue is not INCOMPLETE because it provides enough context and clarity for a developer to understand what needs to be done.

Final Answer: No",054dc6ca3832868f,llama3.1:8b,0,2026-06-17T10:03:45.727621,project_02,title_only,incompleteness,cot
ISSUE-40438,Poor grammar in Ti.UI.TabGroup,1,1,"Let's break it down:

1. The issue title ""Poor grammar in Ti.UI.TabGroup"" conveys that there is an issue with the grammar of a specific UI component in Titanium.
2. The title does not suggest missing reproduction steps, expected behaviour, or context. It simply states the problem without providing any additional information about how to reproduce it, what the expected outcome should be, or where this issue occurs.
3. While a developer might have some knowledge of Titanium and its components, they would likely need more information to fully understand the scope of the issue.

Based on these steps, I conclude that the issue title suggests the issue is INCOMPLETE because it lacks essential information such as steps to reproduce, expected vs actual behaviour, acceptance criteria, affected components, or environment details.

Final Answer: Yes",c38343bccc979a24,llama3.1:8b,0,2026-06-17T10:03:48.284995,project_02,title_only,incompleteness,cot
ISSUE-38738,There is an error in Positioning and dimensions of elements section of the documentation,0,0,"Let's break it down:

1. The issue title conveys that there is an error in the Positioning and dimensions of elements section of the documentation. This suggests that the problem is related to the accuracy or completeness of the documentation, but does not provide any context about how to reproduce the issue or what the expected behavior should be.
2. The title does not suggest missing reproduction steps, as it doesn't imply a specific action that needs to be taken to trigger the error. It also doesn't mention expected vs actual behaviour explicitly. However, it implies that there is an issue with the documentation, which might be related to incorrect or incomplete information.
3. Based on the title alone, a developer may not fully understand the scope of the issue. They would likely need more context and details about what specifically is wrong with the positioning and dimensions in the documentation.

Considering these points, I would say that the issue title suggests that the issue might be INCOMPLETE because it lacks essential information such as steps to reproduce or expected vs actual behavior. However, it's not a clear-cut case of incompleteness, as some context about the problem is provided.

Final Answer: No",64d71a63165fbf4f,llama3.1:8b,0,2026-06-17T10:03:51.568109,project_02,title_only,incompleteness,cot
ISSUE-39253,we will no longer show the listed information,1,0,"Let's break it down:

1. The issue title ""we will no longer show the listed information"" conveys that some change has been made to how certain data is displayed, but it doesn't provide any context about what this change affects or why it was made.
2. This title does not suggest missing reproduction steps (it's more of a statement than a problem), expected behaviour (it implies something has changed, but doesn't specify what the new behaviour is), or context (such as affected components or environment details).
3. Based on the title alone, a developer may have some idea that there's been a change to how data is displayed, but they would likely need more information to understand the full scope of the issue.

However, upon closer inspection, I notice that this title does imply a change in behaviour (not showing listed information), which could be considered as a form of ""expected vs actual behaviour"". But it's still quite vague and doesn't provide enough context for a developer to fully understand the issue without further investigation.

Given these points, I would say:

Final Answer: No",aec2cba552b67781,llama3.1:8b,0,2026-06-17T10:03:54.651848,project_02,title_only,incompleteness,cot
ISSUE-39534,Alloy: missing Style in the Style priorities description,0,0,"Let's break it down:

1. The issue title ""Alloy: missing Style in the Style priorities description"" conveys that there is an issue with the Alloy system related to a specific description of style priorities, and that something is missing.
2. The title does not suggest missing reproduction steps (it doesn't mention how to reproduce the issue), expected behaviour (it only mentions what's missing, not what should be), or context (such as affected components or environment details).
3. While the title provides some context about the Alloy system and the specific description of style priorities that is affected, it does not provide enough information for a developer to fully understand the scope of the issue without further investigation.

However, upon closer inspection, I notice that the title mentions ""missing Style"", which implies that there is an expectation or requirement for a certain style to be present. This could be interpreted as implying expected vs actual behaviour (i.e., what's missing is not supposed to be missing). But still, it's quite vague and doesn't provide enough context.

Considering these points, I would say:

Final Answer: No",cd3804246a84cbb8,llama3.1:8b,0,2026-06-17T10:03:57.777551,project_02,title_only,incompleteness,cot
ISSUE-39218,Move Cloud and CloudPush to Modules namespace,1,1,"Let's analyze the issue title step by step:

1. The title ""Move Cloud and CloudPush to Modules namespace"" conveys a specific action that needs to be taken on two components, Cloud and CloudPush.
2. There is no indication of missing reproduction steps, expected behavior, or context in this title. It appears to be a straightforward instruction.
3. A developer should be able to understand the full scope from the title alone: moving two components to a new namespace.

Based on these observations, I conclude that the issue title suggests the issue is INCOMPLETE because it lacks essential information such as steps to reproduce, expected vs actual behavior, acceptance criteria, affected components, or environment details. However, this conclusion might be too hasty. Upon further reflection, the title does provide a clear instruction, but it's still missing some context and details that would make it more actionable.

Upon reevaluation:

1. The title is specific about what needs to be done (moving two components).
2. It doesn't suggest missing reproduction steps or expected behavior.
3. However, it lacks acceptance criteria, affected components, environment details, and possibly other essential information.

Given the lack of context and details that would make this instruction actionable, I conclude:

Final Answer: Yes",6a43e278eb1f5730,llama3.1:8b,0,2026-06-17T10:04:01.234518,project_02,title_only,incompleteness,cot
ISSUE-39395,Provides detailed steps to import/run ti.cloud example,0,0,"Let's break it down:

1. The issue title conveys that there are detailed steps to import/run ti.cloud example, which implies that the problem is related to providing instructions for a specific task.
2. There is no indication of missing reproduction steps, expected behavior, or context in this title. It seems to be focused on providing information rather than describing a problem.
3. Based on the title alone, it's likely that a developer can understand the full scope of the issue, which is about providing detailed instructions for importing and running an example.

Given these points, I would conclude that the issue is not INCOMPLETE because it provides specific context and information in the title itself.

Final Answer: No",bae90e660645c6fd,llama3.1:8b,0,2026-06-17T10:04:03.558017,project_02,title_only,incompleteness,cot
ISSUE-39480,Guides: Document offline installation of Appcelerator Platform,0,1,"Let's break it down:

1. The issue title conveys that there is a need to document offline installation of Appcelerator Platform within guides.
2. There is no indication of missing reproduction steps, expected behaviour, or context in this title. It appears to be focused on documentation rather than functionality or behavior.
3. From the title alone, it's likely that a developer can understand the general scope and purpose of the issue, which is to document offline installation.

However, upon closer inspection, I notice that the title mentions ""Document"", which implies that there might not be any existing content or information available on this topic. This could suggest that the issue is related to creating new documentation rather than addressing an existing problem with the Appcelerator Platform.

Considering these points, while the title doesn't explicitly indicate missing essential information like steps to reproduce or expected behavior, it does imply a lack of existing documentation on the topic. Therefore:

Final Answer: Yes",9e5b02cc08ce61ed,llama3.1:8b,0,2026-06-17T10:04:06.352176,project_02,title_only,incompleteness,cot
ISSUE-39599,Node.ACS organization support,1,0,"To determine whether the issue is INCOMPLETE based on the given title ""Node.ACS organization support"", let's analyze it step-by-step:

1. **Information Conveyed**: The title mentions ""Node.ACS organization support"". This suggests that the issue might be related to a specific feature or functionality within an application, possibly concerning organizations or groups in the context of Node (which could refer to Node.js, a JavaScript runtime environment). However, it does not provide any details about what specifically is supported or not.

2. **Missing Information**: The title does not suggest missing reproduction steps because there's no indication that the issue requires specific actions to reproduce. It also doesn't hint at expected vs actual behavior since it doesn't describe any functionality or outcome. Similarly, it lacks context regarding affected components and environment details.

3. **Understanding Scope from Title Alone**: While a developer might infer some general context (e.g., Node.js is involved), the title alone does not provide enough information to understand the full scope of the issue. It seems to be more of an identifier or a label for a specific feature rather than a detailed description of a problem.

Given these considerations, while the title provides some context about what might be supported (ACS organization support in Node), it lacks essential details",6aee8b1ea1ded886,llama3.1:8b,0,2026-06-17T10:04:09.780630,project_02,title_only,incompleteness,cot
ISSUE-38337,Create Alloy Framework How-tos page,1,1,"Let's break it down:

1. The issue title ""Create Alloy Framework How-tos page"" conveys that the request is to create a new page within the Alloy Framework, likely for documentation or user guidance.
2. There is no indication of missing reproduction steps, expected behavior, or context in this title. It appears to be a high-level requirement without any specific details on how it should work or what it should accomplish.
3. While a developer might infer some general information from the title (e.g., that it's related to documentation), they would likely need additional context and details to fully understand the scope of the request.

Based on these observations, I conclude that the issue is INCOMPLETE because essential information such as steps to reproduce, expected vs actual behavior, acceptance criteria, affected components, or environment details are missing from the title. 

Final Answer: Yes",fc4edd724cbb014c,llama3.1:8b,0,2026-06-17T10:04:12.448645,project_02,title_only,incompleteness,cot
ISSUE-38517,Create and publish release note for SDK 6.0.2.RC,0,1,"Let's analyze the issue title step by step:

1. The title ""Create and publish release note for SDK 6.0.2.RC"" conveys that it is related to creating a release note, which is a documentation task. It mentions the specific version of the Software Development Kit (SDK) involved.
2. There is no indication in the title about steps to reproduce, expected vs actual behavior, or context such as affected components or environment details.
3. From the title alone, it's clear that this issue is related to creating a release note for a specific SDK version. A developer can understand the basic scope of the task from the title.

However, upon closer inspection, I notice that the title does not provide enough information about what should be included in the release note (e.g., bug fixes, new features), which might be considered essential for creating an accurate and complete release note.

Considering these points, while the issue title is clear about its purpose, it may still be missing some essential details. Therefore:

Final Answer: Yes",3f7bf2471f62812c,llama3.1:8b,0,2026-06-17T10:04:15.523662,project_02,title_only,incompleteness,cot
ISSUE-40653,APIDoc: Ti.UI.orientationModes property should mention Ti.Gesture.orientation,0,1,"Let's break down the issue title:

1. The title mentions ""APIDoc"", which suggests that it is related to documentation for an API.
2. It specifically refers to a property called `Ti.UI.orientationModes` and its relationship with another property `Ti.Gesture.orientation`.
3. There is no mention of steps to reproduce, expected vs actual behaviour, acceptance criteria, affected components, or environment details.

Based on this analysis, the issue title does not convey enough information for a developer to understand the full scope of the issue without additional context. Specifically, it lacks essential information such as steps to reproduce and expected vs actual behavior.

Final Answer: Yes",6fcd680d99b3ae5c,llama3.1:8b,0,2026-06-17T10:04:17.750997,project_02,title_only,incompleteness,cot
ISSUE-40413,Link takes you to the wiki creation page,1,1,"Let's analyze the issue title step by step:

1. The title ""Link takes you to the wiki creation page"" conveys that there is an unexpected behavior when clicking on a link, and it redirects to a specific page instead of its intended destination.
2. The title does not suggest missing reproduction steps (it implies what happens when a certain action is taken), expected behaviour (the actual outcome is described), or context (the environment or affected components are not mentioned).
3. However, the title alone may not provide enough information for a developer to understand the full scope of the issue, such as:
	* What link is being referred to?
	* Why is this behavior unexpected?
	* Are there any specific requirements or expectations around how links should behave?

Considering these points, I would say that the issue title suggests the issue might be INCOMPLETE because it lacks essential information for a developer to fully understand and address the problem.

Final Answer: Yes",a5d095757b2a1b55,llama3.1:8b,0,2026-06-17T10:04:20.599905,project_02,title_only,incompleteness,cot
ISSUE-40608,Guides: MW overview should reference MW limitations page,0,1,"Let's break it down:

1. The issue title conveys that there is an issue with the Guides section of the application, specifically that the MW overview should reference the MW limitations page.
2. There is no indication in the title about reproduction steps, expected behavior, or context (e.g., environment details).
3. While a developer might be able to infer some context from the title, it's not clear what ""MW"" stands for, and there is no explicit mention of acceptance criteria or affected components.

Based on these observations, I would conclude that the issue title suggests the issue is INCOMPLETE because it lacks essential information such as steps to reproduce, expected vs actual behavior, and possibly other details.

Final Answer: Yes",ad256f8ac21c0c6d,llama3.1:8b,0,2026-06-17T10:04:23.004561,project_02,title_only,incompleteness,cot
ISSUE-40894,APIDoc: Documentation missing for MaskedImage,0,1,"Let's break it down:

1. The issue title ""APIDoc: Documentation missing for MaskedImage"" conveys that there is a problem with documentation related to an API, specifically regarding a feature called ""MaskedImage"".
2. The title does not suggest missing reproduction steps, expected behaviour, or context. It only mentions the absence of documentation.
3. While the title provides some context about what is missing (documentation), it does not provide enough information for a developer to understand the full scope of the issue, such as how this affects the system's functionality.

However, upon closer inspection, I notice that the title does mention ""APIDoc"", which implies that there might be some context or requirements related to API documentation. But still, it doesn't explicitly state what is expected vs actual behaviour, acceptance criteria, affected components, or environment details.

Considering these points, I would say that the issue title suggests a lack of essential information, specifically regarding the missing documentation. Therefore:

Final Answer: Yes",e9d6b24a86742989,llama3.1:8b,0,2026-06-17T10:04:25.916711,project_02,title_only,incompleteness,cot
