issue_id,title,ground_truth,prediction,raw_response,prompt_hash,model_version,temperature,timestamp_utc,project,input_mode,task,strategy
ISSUE-251590,Test with latest versions of Boost,0,1,"Step 1: Identify the key information provided in the issue.
- The latest version of Boost is 1.63.
- Testing should be done against all recent versions of Boost.
- Testing needs to happen on both Linux and Windows environments.
- Compatibility issues need to be documented or fixed.

Step 2: Determine what essential information is missing from the issue.
- Steps to reproduce any potential issues are not provided.
- Expected behavior after testing is not specified.
- Acceptance criteria for completing this task are unclear.
- Specific details about which components of the software will be affected by these tests are lacking.
- Environment setup instructions or configurations needed for testing on Linux and Windows are missing.

Step 3: Evaluate if a developer can act on this issue without needing additional information.
Given the lack of detailed steps, expected outcomes, acceptance criteria, and environment specifics, it would be challenging for a developer to start working on this task effectively. They would likely need more details before they could begin testing and addressing compatibility issues.

Final Answer: Yes",c1d809397a66da98,qwen2.5:14b,0,2026-06-17T18:12:23.949247,project_04,title_desc,incompleteness,cot
ISSUE-252462,Determine C++ Driver version from examining the headers,0,1,"Step 1: Key Information Provided
- The issue relates to determining the version of the MongoDB C++ driver from its header files.
- It suggests that this would be useful in build systems to prevent issues during build or runtime due to mismatched versions.

Step 2: Missing Essential Information
- Steps to reproduce the problem (if there is one) are not provided.
- Expected behavior and actual behavior are not clearly defined. The issue does not specify what should happen when checking the driver version from headers.
- Acceptance criteria for resolving this issue are missing, such as how a developer would know if they have successfully implemented the feature.
- Environment details (e.g., operating system, compiler versions) are not provided.

Step 3: Developer Action
A developer cannot act on this issue without additional information. They need clear instructions and acceptance criteria to implement or fix the problem effectively.

Final Answer: Yes",2aed66061fee1206,qwen2.5:14b,0,2026-06-17T18:12:28.106979,project_04,title_desc,incompleteness,cot
ISSUE-250680,Use cmake,0,0,"Step 1: Identify the key information provided in the issue.
- The issue discusses using CMake as the build system instead of Make or MSBuild.
- It provides examples of current Unix and Windows build instructions that use both CMake and native build systems (make, msbuild).
- There is a suggestion to simplify these instructions by using `cmake --build` for both Unix and Windows builds.
- The issue mentions potential benefits such as preventing users from mixing release/debug runtimes in their application.

Step 2: Identify what essential information is missing.
- Steps to reproduce the problem or desired outcome are not clearly defined. While there's a suggestion, it’s more of an improvement proposal rather than reporting a specific bug or issue that needs fixing.
- Expected vs actual behavior isn't explicitly stated; the description focuses on how to improve build instructions rather than describing a failure mode.
- Acceptance criteria for what constitutes a successful resolution are not provided. There is no clear definition of success beyond simplifying and consolidating build scripts.
- Environment details (versions of CMake, operating systems, etc.) aren't specified.

Step 3: Determine if the developer can act on this issue without asking for more information.
Given that the description lacks specific steps to reproduce an issue or",79e6937754151063,qwen2.5:14b,0,2026-06-17T18:12:33.576878,project_04,title_desc,incompleteness,cot
ISSUE-252307,Include regex elements in BSONArrayBuilder,0,1,"Step 1: Key Information Provided
- The issue describes the functionality of BSONArrayBuilder in MongoDB C++ driver API.
- It mentions that BSONArrayBuilder allows building BSON arrays with strings but lacks support for regex elements.
- A comparison is made to the BSONObjBuilder class, which has an appendRegex() method.

Step 2: Missing Essential Information
- Steps to reproduce the issue or demonstrate the problem are not provided.
- Expected behavior when using a hypothetical appendRegex() method in BSONArrayBuilder is not clearly defined.
- Actual observed behavior (if any) is missing.
- Acceptance criteria for implementing this feature are not specified.
- Environment details such as MongoDB version, C++ driver version, and operating system are not mentioned.

Step 3: Developer Actionability
Given the lack of specific steps to reproduce, expected vs actual behavior, acceptance criteria, and environment details, a developer would likely need additional information before they can effectively address this issue. The description is more of an observation or suggestion rather than a concrete bug report or feature request with actionable details.

Final Answer: Yes",36b41dc7327fc2bc,qwen2.5:14b,0,2026-06-17T18:12:38.413330,project_04,title_desc,incompleteness,cot
ISSUE-250777,Defer checking if a deployment supports sessions until the session's first operation,0,1,"Step 1: Analyze the provided information.
- The title suggests that there's an intention to defer checking if a deployment supports sessions until the session's first operation.
- The description is incomplete and contains HTML code intended to auto-populate with data from another source, but it does not provide any meaningful content for understanding the issue.

Step 2: Identify missing essential information.
- Steps to reproduce the problem are completely absent.
- Expected behavior vs. actual behavior is not described.
- There's no mention of acceptance criteria or how success will be measured.
- No details about affected components or environment specifics (e.g., programming language, MongoDB version).

Step 3: Determine if a developer can act on this issue without additional information.
- Given the lack of clear instructions and necessary context, it would be challenging for a developer to understand what needs to be done or how to verify that the problem is resolved.

Final Answer: Yes",9ab0b108e5f2c5eb,qwen2.5:14b,0,2026-06-17T18:12:42.580228,project_04,title_desc,incompleteness,cot
ISSUE-252448,Static archive fails to force inclusion of global initializers,0,-1,"Step 1: Identify the key information provided in the issue.
- The issue describes a problem with static archive builds of a library where certain global initializers are not included unless --whole-archive is used or if it's on Windows, the static archive cannot be used at all.
- It mentions that these MONGO_INITIALIZERS need to run and they exist in cpp files which do not resolve any symbols for some output binaries.

Step 2: Identify what essential information is missing from the issue.
- Steps to reproduce the problem are not provided. How can someone else recreate this situation?
- Expected behavior is not clearly defined. What should happen if --whole-archive is used or on Windows, when using the static archive normally?
- Actual observed behavior is described but lacks detail about what exactly goes wrong (e.g., does it fail to compile? Does it crash at runtime?)
- Acceptance criteria are missing. How will we know this issue has been resolved?
- Environment details such as operating system version, compiler version, and build configuration are not provided.
- Affected components or specific files that need modification are not detailed.

Step 3: Determine if a developer can act on the issue without asking for more information.
Given the lack of clear reproduction steps, expected behavior, acceptance",24eaaeb6adc2ec59,qwen2.5:14b,0,2026-06-17T18:12:47.936425,project_04,title_desc,incompleteness,cot
ISSUE-251874,Add ordered option to insert_many,0,1,"Step 1: Identify the key information provided in the issue.
- The current state of ""insert_many"" does not support ordered operations.
- There is a suggestion to add an option to allow users to specify that they want their inserts to be ordered.

Step 2: Determine what essential information is missing from the issue description.
- Steps to reproduce the lack of functionality (though it's implied, there are no specific steps).
- Expected behavior after implementing the feature.
- Acceptance criteria for when this enhancement can be considered complete.
- Affected components or modules in the software.
- Environment details where this issue occurs.

Step 3: Evaluate if a developer can act on this issue without needing additional information.
Given the lack of detailed requirements, acceptance criteria, and specific use cases, it would be challenging for a developer to implement this feature confidently. They would need clarification on how exactly ""ordered"" should work in the context of ""insert_many"", what edge cases they should consider, and how to test their implementation.

Final Answer: Yes",344677d2a2261f6e,qwen2.5:14b,0,2026-06-17T18:12:52.520667,project_04,title_desc,incompleteness,cot
ISSUE-251692,Bug When Trying to 'Make',0,1,"Step-by-Step Analysis:

1. **Key Information Provided:**
   - The user downloaded the most recent version of the mongo-cxx-driver from GitHub.
   - They encountered an error when running `make`.
   - A log output is provided showing that there's a fatal error due to missing 'core/string.hpp' file.

2. **Essential Missing Information:**
   - Steps to reproduce the issue are not explicitly detailed beyond ""keep getting this error when trying to make"".
   - Expected behavior is not described; it’s unclear what should happen instead of encountering an error.
   - Acceptance criteria are missing, meaning there's no clear definition of success for resolving the issue.
   - Environment details such as operating system version, compiler version, and other relevant software versions are not provided.

3. **Developer Actionability:**
   - A developer would need to know more about the environment setup (e.g., what dependencies are missing or incorrectly installed) and how to reproduce the error consistently.
   - Without this information, it's challenging for a developer to diagnose and fix the issue effectively.

Final Answer: Yes",ea4eb31ee0ee8231,qwen2.5:14b,0,2026-06-17T18:12:57.410773,project_04,title_desc,incompleteness,cot
ISSUE-251622,Can't construct operation_exception without a server error,0,1,"Step 1: Identify the key information provided in the issue.
- The issue mentions that `operation_exception` cannot be constructed without a valid `bsoncxx::document::value`.
- It references another ticket, CXX-986.

Step 2: Determine what essential information is missing.
- Steps to reproduce the problem are not provided.
- Expected behavior and actual behavior are not clearly defined.
- There's no acceptance criteria or specific requirements for how this should be fixed.
- No environment details (e.g., operating system, version of software) are given.

Step 3: Evaluate if a developer can act on this issue without asking for more information.
- Given the lack of detailed steps to reproduce and clear expected behavior, it would be difficult for a developer to understand exactly what needs fixing or how to verify that the fix works correctly.

Final Answer: Yes",38ecb391a1414adb,qwen2.5:14b,0,2026-06-17T18:13:01.414847,project_04,title_desc,incompleteness,cot
ISSUE-252149,Polyfill stdx::string_view,0,1,"Step 1: Analyze the provided information.
- The title suggests that the task involves providing a polyfill for `stdx::string_view`.
- The description mentions finding a way to portably provide access to `http://en.cppreference.com/w/cpp/header/experimental/string_view`.

Step 2: Identify missing essential information.
- Steps to reproduce the issue are not provided. There is no clear problem statement or scenario where this polyfill needs to be implemented.
- Expected behavior is not specified. It's unclear what outcome should be achieved after implementing a polyfill for `stdx::string_view`.
- Acceptance criteria are absent, meaning there’s no way to determine if the issue has been successfully resolved.
- Affected components or environment details (such as operating system, compiler version) are missing.

Step 3: Determine if a developer can act on this issue without additional information.
Given the lack of specific requirements and context, it would be challenging for a developer to start working on this task effectively. They would need more detailed instructions about what needs to be done and how success will be measured.

Final Answer: Yes",182ba147ee5488c7,qwen2.5:14b,0,2026-06-17T18:13:06.253114,project_04,title_desc,incompleteness,cot
ISSUE-252321,Files dependent on make_shared should include make_shared.hpp,0,1,"Step 1: Identify the key information provided in the issue.
- The issue describes an assumption that including `smart_ptr.hpp` will provide access to `boost::make_shared`.
- It mentions that older Boost versions did not include `make_shared.hpp` within `smart_ptr.hpp`.
- It suggests explicitly including `make_shared.hpp` for files dependent on `make_shared`.

Step 2: Identify what essential information is missing.
- Steps to reproduce the issue are not provided.
- Expected vs actual behavior is not clearly defined.
- Acceptance criteria or specific requirements for resolving this issue are lacking.
- Environment details (such as which versions of Boost and other dependencies) are not specified.

Step 3: Determine if a developer can act on this issue without additional information.
Given the lack of clear reproduction steps, expected vs actual behavior, acceptance criteria, and environment details, it would be challenging for a developer to fully understand and resolve this issue without further clarification. The description provides context but lacks actionable specifics that are necessary for implementation.

Final Answer: Yes",dc1be1bc3a2004ab,qwen2.5:14b,0,2026-06-17T18:13:10.952773,project_04,title_desc,incompleteness,cot
ISSUE-252438,Update travis configuration to run the client examples,0,1,"Step 1: Identify the key information provided in the issue.
- The issue describes an update to Travis configuration.
- It mentions that client examples assume a mongod running on port 27999 with --httpinterface enabled.
- The task is to start such a mongod and invoke the smokeClient target.

Step 2: Identify what essential information is missing.
- Steps to reproduce the issue or how to verify the fix are not provided.
- Expected behavior after updating the Travis configuration is not specified.
- No acceptance criteria are given for when this update can be considered complete.
- Environment details such as specific versions of software, operating system requirements, etc., are not mentioned.

Step 3: Determine if a developer can act on this issue without asking for more information.
Given the lack of detailed steps to reproduce, expected behavior, and acceptance criteria, it would be challenging for a developer to fully understand what needs to be done or how to verify that the task is complete. Additional details are necessary.

Final Answer: Yes",c5966652abfcbb24,qwen2.5:14b,0,2026-06-17T18:13:15.663865,project_04,title_desc,incompleteness,cot
ISSUE-251649,Add support for MongoDB 3.4 to the legacy C++ driver.,0,1,"Step 1: Identify the key information provided.
- The issue title and description indicate that support needs to be added for MongoDB 3.4 in the legacy C++ driver.
- There is no detailed explanation of what specific features or issues need addressing.

Step 2: Determine missing essential information.
- Steps to reproduce any issues are not provided.
- Expected behavior after adding support is not clearly defined.
- Acceptance criteria (what needs to be done for this issue to be considered resolved) are absent.
- Affected components and environment details (such as the version of C++ driver, operating system requirements, etc.) are missing.

Step 3: Evaluate if a developer can act on this issue without additional information.
- Given the lack of specific details about what needs to be done or how it should behave after implementation, developers would likely need more information before they could start working on this task effectively.

Final Answer: Yes",e21dedc3af4febcd,qwen2.5:14b,0,2026-06-17T18:13:19.881222,project_04,title_desc,incompleteness,cot
ISSUE-251049,Resync SDAM tests,0,1,"Step 1: Identify the key information provided in the issue.
- The issue mentions adding mixed case hostnames into the SDAM test corpus.

Step 2: Determine what essential information is missing.
- Steps to reproduce the issue are not mentioned.
- Expected behavior and actual behavior are not described.
- Acceptance criteria for resolving this issue are not specified.
- Affected components or environment details (e.g., operating system, version of software) are not provided.

Step 3: Evaluate if a developer can act on this issue without additional information.
- Given the lack of specific details about what needs to be done and how it should behave after implementation, a developer would likely need more context before proceeding with any changes or fixes.

Final Answer: Yes",9885b51b46f5183e,qwen2.5:14b,0,2026-06-17T18:13:23.430278,project_04,title_desc,incompleteness,cot
ISSUE-252416,rotatable_file_writer_test does not compile in C++11 mode with libc++,0,0,"Step 1: Key Information Provided
- The issue title indicates that the `rotatable_file_writer_test` does not compile in C++11 mode with libc++.
- A detailed build command is provided, including specific flags and paths.
- Error messages are included from the compilation process, indicating where the failure occurs.

Step 2: Missing Essential Information
- Steps to reproduce: While a build line is given, there's no clear step-by-step guide on how to replicate this issue. The exact sequence of actions leading up to the error isn't detailed.
- Expected vs Actual Behaviour: There’s no description of what was expected versus what actually happened beyond the compilation failure itself.
- Acceptance Criteria: No acceptance criteria are provided for resolving or verifying the issue.
- Affected Components: While it's clear that `rotatable_file_writer_test` is affected, there isn't a comprehensive list of all components involved in this error.
- Environment Details: The environment details (OS X Mavericks with XCode 5.1) are somewhat vague and could be more specific.

Step 3: Developer Actionability
Given the current information, while developers can see where the issue occurs, they would likely need additional context to fully understand and resolve it without further inquiry. Specifically",da48322df2334b97,qwen2.5:14b,0,2026-06-17T18:13:28.928098,project_04,title_desc,incompleteness,cot
ISSUE-251115,Implement SASLPrep,0,1,"Step 1: Identify the key information provided in the issue.
- The issue mentions that RFC-4013 SASLPrep is necessary for implementing SCRAM-SHA-256.

Step 2: Determine what essential information is missing from the issue description.
- Steps to reproduce the problem or implement the feature are not given.
- Expected behavior after implementation is not specified.
- Acceptance criteria for completing this task are absent.
- Affected components and environment details (such as programming language, operating system) are not provided.

Step 3: Evaluate if a developer can act on this issue without needing additional information.
- Given the lack of specific steps, expected behavior, acceptance criteria, affected components, and environment details, it is unlikely that a developer could start working on this task effectively without further clarification or guidance.

Final Answer: Yes",fa7ec7b4b17a9414,qwen2.5:14b,0,2026-06-17T18:13:32.869304,project_04,title_desc,incompleteness,cot
ISSUE-250886,Investigate alternatives to Catch2,0,1,"Step 1: Key Information Provided
- The next major release of Catch2 will drop support for VS2015 and gcc 4.8.
- There is uncertainty about the future maintenance plans for Catch2 after the next major release.
- A decision needs to be made on whether to investigate alternatives like Google Test or continue using Catch2 despite its downsides.

Step 2: Essential Information Missing
- Steps to reproduce any issues related to the problem (not applicable in this case as it's a forward-looking issue).
- Expected vs actual behavior (the description is more about future considerations rather than current issues).
- Acceptance criteria for investigating alternatives or deciding on continuing with Catch2.
- Environment details where these changes would be relevant (specific versions of VS and gcc being used, etc.).
- Specific acceptance criteria to determine when the investigation is complete.

Step 3: Developer Actionability
A developer cannot fully act on this issue without additional information such as:
- Clear acceptance criteria for what constitutes a satisfactory alternative or decision.
- Environment details that specify which exact versions of VS and gcc are currently in use.
- A timeline or urgency level for completing the investigation.

Final Answer: Yes",230ae03cbe1a4b21,qwen2.5:14b,0,2026-06-17T18:13:38.024880,project_04,title_desc,incompleteness,cot
ISSUE-251990,missing bsoncxx::document::view::empty,0,1,"Step 1: Identify the key information provided in the issue.
- The user suggests adding a function to check if a document is empty.
- They mention that currently, the calling code has to compare the length() to 5, which they consider ugly.
- They state they have implemented this and will submit a PR soon.

Step 2: Identify what essential information is missing from the issue.
- Steps to reproduce the problem or need for the function are not provided.
- Expected behavior of the new function is not described in detail.
- There's no mention of acceptance criteria, affected components, or environment details (e.g., version numbers, operating system).

Step 3: Determine if a developer can act on this issue without asking for more information.
- A developer would likely need to know why comparing length() to 5 is considered ugly and what the exact expected behavior should be for the new function.
- Without these details, it's difficult to fully understand the context or validate the implementation.

Final Answer: Yes",1f8144932d97cf6f,qwen2.5:14b,0,2026-06-17T18:13:42.522415,project_04,title_desc,incompleteness,cot
ISSUE-252201,Create buildvariant for Ubuntu 12.04,0,1,"Step 1: Identify the key information provided in the issue.
- The issue mentions that Ubuntu 14.04 only supports MongoDB 2.6 enterprise.
- There is a need to test older enterprise versions of MongoDB.
- A buildvariant for Ubuntu 12.04 needs to be created.

Step 2: Determine what essential information is missing from the issue.
- Steps to reproduce the problem or create the build variant are not provided.
- Expected behavior after creating the build variant is not specified.
- Acceptance criteria for completing this task are not given.
- Environment details such as specific versions of software, hardware requirements, etc., are lacking.

Step 3: Evaluate if a developer can act on this issue without additional information.
Given that there are no clear steps to reproduce or create the build variant, no acceptance criteria, and insufficient environment details, it would be challenging for a developer to proceed with implementing this request effectively. The lack of these critical pieces of information means that the task is not clearly defined.

Final Answer: Yes",4253f60aee4291e5,qwen2.5:14b,0,2026-06-17T18:13:47.144831,project_04,title_desc,incompleteness,cot
ISSUE-251862,Backport server r3.0.7..r3.0.8 changes,0,1,"Step 1: Identify the key information provided in the issue.
- The issue title mentions ""Backport server r3.0.7..r3.0.8 changes.""
- The description lists some SHAs (commit identifiers) that are candidates for backporting.

Step 2: Determine what essential information is missing.
- Steps to reproduce the problem or desired outcome are not provided.
- Expected behavior after applying these changes is not described.
- Acceptance criteria for completing this task are absent.
- Affected components and environment details (such as operating system, server configuration) are not mentioned.

Step 3: Evaluate if a developer can act on this issue without additional information.
- Given the lack of detailed instructions or context, it would be challenging for a developer to understand what exactly needs to be done with these SHAs. They would likely need more details about why these specific changes should be backported and in which environment.

Final Answer: Yes",a2453f25e96cfa9f,qwen2.5:14b,0,2026-06-17T18:13:51.443538,project_04,title_desc,incompleteness,cot
ISSUE-251902,Make special commands (inprog,1,1,"Step 1: Analyze the provided information.
- The title mentions ""Make special commands (inprog killop, unlock) go through the standard command codepath"".
- The description is very brief and does not provide much detail beyond this.

Step 2: Identify missing essential information.
- Steps to reproduce the issue are completely absent.
- Expected behavior after implementing the change is unclear.
- Actual current behavior that needs fixing is not described.
- Acceptance criteria for what constitutes a solution are missing.
- Affected components or parts of the system are not specified.
- Environment details (e.g., operating system, software version) are not provided.

Step 3: Determine if a developer can act on this issue without additional information.
Given the lack of specific details about how to reproduce the problem and what needs to be achieved, it would be challenging for a developer to understand the full scope of the task or verify that they have successfully implemented the requested change. More context is needed.

Final Answer: Yes",392bbe6720025ffe,qwen2.5:14b,0,2026-06-17T18:13:55.865121,project_04,title_desc,incompleteness,cot
ISSUE-250935,Create C++17 variants,0,1,"Step 1: Identify the key information provided in the issue.
- The goal is to catch bugs similar to CXX-1689.
- Add builders for specific environments: Visual Studio 2017, latest clang, and latest gcc.

Step 2: Determine what essential information is missing.
- Steps to reproduce the issue or how to verify if the bug has been caught are not provided.
- Expected behavior after implementing the new builders is not specified.
- Environment details beyond mentioning specific compilers are lacking (e.g., operating system versions).
- Acceptance criteria for when this task can be considered complete are absent.

Step 3: Evaluate whether a developer can act on this issue without additional information.
Given the lack of detailed steps, expected outcomes, and acceptance criteria, it would be challenging for a developer to start working on this issue effectively. They would likely need clarification on these points before proceeding.

Final Answer: Yes",56a726e1c9db7eab,qwen2.5:14b,0,2026-06-17T18:13:59.983884,project_04,title_desc,incompleteness,cot
ISSUE-251484,collection::distinct return should allow iteration over results,0,1,"Step 1: Identify the key information provided in the issue.
- The current behavior of mongocxx::collection::distinct returns a single document instead of an iterator over distinct values.
- There are suggestions to return either a bsoncxx::array::value or a synthesized mongocxx::cursor with documents containing distinct keys.

Step 2: Identify what essential information is missing from the issue.
- Steps to reproduce the problem (not explicitly stated, but implied by the current behavior).
- Expected vs actual behavior (the expected behavior is not clearly defined beyond mentioning it should be in line with CRUD spec requirements for an iterator over distinct values).
- Acceptance criteria (no clear acceptance criteria are provided; what would constitute a successful implementation?).
- Affected components and environment details (not specified).

Step 3: Determine if the developer can act on this issue without asking for more information.
Given that there is no clear definition of expected behavior, specific steps to reproduce, or detailed acceptance criteria, it's challenging for a developer to start working on this issue effectively. The suggestions provided are ideas but lack concrete implementation details.

Final Answer: Yes",5fd1df2795d05f9f,qwen2.5:14b,0,2026-06-17T18:14:04.885428,project_04,title_desc,incompleteness,cot
ISSUE-251767,Fix TODO comments about linking to documentation when available,0,0,"Step 1: Identify the key information provided in the issue.
- The issue mentions that there are several TODO comments indicating where links to documentation should be added.
- It states that all of these documents have been published and should now be linked.

Step 2: Determine what essential information is missing from the issue.
- Steps to reproduce or verify the issue: Not provided. There's no clear guidance on how to locate or identify the specific TODO comments in the codebase.
- Expected vs actual behavior: Missing. The description does not specify what the expected outcome should be after adding these links, nor does it describe the current state of the code (actual behavior).
- Acceptance criteria: Not provided. There are no clear acceptance criteria to determine when this issue is resolved.
- Affected components or environment details: Missing. No specific files, modules, or parts of the system where these TODO comments exist are mentioned.

Step 3: Evaluate if a developer can act on this issue without needing additional information.
Given the lack of detailed steps and clear acceptance criteria, it would be challenging for a developer to start working on this task confidently. They would likely need more specific guidance about which parts of the codebase contain these TODO comments and what exactly needs to be done.

Final Answer",670cd0b33fb7e8e9,qwen2.5:14b,0,2026-06-17T18:14:10.326466,project_04,title_desc,incompleteness,cot
ISSUE-252082,Reparent OperationException below DBException,0,1,"Step 1: Analyze the provided information.
- The issue title suggests that there's an operation exception being thrown under DBException conditions.
- There are three examples of failures mentioned, each with links to logs where these exceptions occurred.

Step 2: Identify missing essential information.
- Steps to reproduce the issue are not clearly outlined. While there are links to logs, it is unclear how one would replicate the problem based on this description alone.
- Expected behavior is not described; we only know that an exception was thrown but do not understand what should have happened instead of the exception being thrown.
- Acceptance criteria for resolving the issue are missing. It's unclear what needs to be done to consider this issue resolved.
- Environment details (such as specific versions of software, operating system, etc.) are not provided explicitly.

Step 3: Determine if a developer can act on this information without additional context.
Given the lack of clear reproduction steps and expected behavior, it would be challenging for a developer to understand the full scope of the issue or how to resolve it effectively. The links to logs provide some context but do not replace detailed instructions and expectations.

Final Answer: Yes",fa9a0d55ca5af3d0,qwen2.5:14b,0,2026-06-17T18:14:15.482576,project_04,title_desc,incompleteness,cot
ISSUE-251826,Stream builder error for invalid context is unfriendly,0,-1,"Step 1: Identify the key information provided in the issue.
- The issue describes an error encountered when using a stream builder to create an incomplete document and then trying to use it as a view.
- An example code snippet is given, showing how the error occurs.

Step 2: Determine what essential information is missing from the issue report.
- Steps to reproduce the issue are not clearly defined. The provided code snippet does not fully illustrate all necessary steps for reproducing the problem.
- Expected behavior is not described; it's unclear what the user expected to happen when trying to build an incomplete document and use it as a view.
- Actual behavior is vaguely described as ""not viewable"" without further details on the exact error message or context.
- Acceptance criteria are missing, which would define how the issue should be resolved.
- Affected components (specific parts of the software) are not specified.
- Environment details such as operating system, programming language version, and any other relevant technical specifications are absent.

Step 3: Evaluate if a developer can act on this issue without needing additional information.
Given the lack of detailed reproduction steps, expected behavior, acceptance criteria, affected components, and environment details, it would be challenging for a developer to fully understand and resolve the issue",2c114cb235875297,qwen2.5:14b,0,2026-06-17T18:14:21.059957,project_04,title_desc,incompleteness,cot
ISSUE-252418,Remove dependency on boost program_options,0,1,"Step 1: Identify the key information provided in the issue.
- The driver links to the boost program_options library but does not use it.

Step 2: Determine what essential information is missing from the issue.
- Steps to reproduce the problem or confirm the dependency on the library.
- Expected behavior after removing the dependency (e.g., no impact, improved performance).
- Acceptance criteria for resolving this issue.
- Affected components and their current state.
- Environment details where this issue occurs.

Step 3: Evaluate if a developer can act on this issue without additional information.
Given the lack of specific steps to reproduce, expected behavior after removal, acceptance criteria, affected components, and environment details, it is challenging for a developer to proceed with resolving this issue effectively. The absence of these critical pieces of information means that developers cannot fully understand or validate the impact of removing the dependency.

Final Answer: Yes",27a4f5259676e732,qwen2.5:14b,0,2026-06-17T18:14:25.162866,project_04,title_desc,incompleteness,cot
ISSUE-250681,WINDOWS | Release build,0,0,"Step 1: Key Information Provided
- The user has written a program to connect to MongoDB Atlas.
- They have installed mongoc driver version 1.16.2 and mongocxx driver from the master branch.
- After installing these drivers, their program started catching a bad_alloc exception in release mode.
- Commands for building both mongoc and mongocxx drivers are provided.
- The user suspects that they might be using an incorrect VS version or did something wrong.

Step 2: Missing Essential Information
- Steps to reproduce the issue are not clearly defined. While commands for building the drivers are given, there is no clear step-by-step guide on how to trigger the bad_alloc exception.
- Expected behavior before and after the change is not explicitly stated. It's implied that it worked fine in debug mode but started failing in release mode, but this needs more clarity.
- Acceptance criteria or what success looks like are missing.
- Specific environment details such as OS version, exact VS 2019 version (e.g., 16.8), and any other relevant software versions are not provided.

Step 3: Developer Actionability
Given the lack of clear reproduction steps and detailed expected behavior, a developer would likely need to ask for more",3c38f2c3b76a1676,qwen2.5:14b,0,2026-06-17T18:14:30.746598,project_04,title_desc,incompleteness,cot
ISSUE-251940,auto_reconnect using ConnectionString API,0,1,"Step 1: Identify the key information provided.
- The user mentions using `ConnectionString` API to connect to MongoDB instead of `DBClientConnection`.
- They note that with `DBClientConnection`, they can specify `_autoReconnect` to true for automatic reconnection on failure.
- There is a mention of an incomplete code snippet where the connection attempt is made.

Step 2: Identify missing essential information.
- Steps to reproduce the issue are not provided.
- Expected behavior and actual behavior are not described.
- Acceptance criteria are absent.
- Affected components or specific environment details (e.g., MongoDB version, client library version) are not mentioned.
- The code snippet is incomplete.

Step 3: Determine if a developer can act on this issue without additional information.
Given the lack of reproduction steps, expected vs actual behavior, and other critical details, it would be challenging for a developer to understand the full scope of the problem or how to test and verify any potential fix. The missing environment details also make it difficult to reproduce the scenario accurately.

Final Answer: Yes",1f60b8947d211b87,qwen2.5:14b,0,2026-06-17T18:14:35.528194,project_04,title_desc,incompleteness,cot
ISSUE-252206,libmongoclient.so not generated when compling lateset c++ driver,0,1,"Step 1: Key Information Provided
- The user is trying to compile the latest stable C++ driver from the MongoDB repository.
- They have built Boost from source and are using SCons with specific flags to build the C++ driver.
- During compilation, `libmongoclient.a` is generated successfully but not `libmongclient.so`.
- Compilation fails due to undefined references to Boost system category functions.

Step 2: Missing Essential Information
- Steps to reproduce the issue (specific commands or scripts used).
- Expected behavior vs actual behavior (what was expected during compilation and what actually happened).
- Acceptance criteria for successful build.
- Affected components beyond the error messages provided.
- Environment details such as OS version, compiler version, SCons version, etc.

Step 3: Developer Actionability
While the issue provides some context about the problem encountered, it lacks specific steps to reproduce and detailed environment information. A developer would likely need more information to diagnose and resolve this issue effectively.

Final Answer: Yes",1dc17c0f0179c49b,qwen2.5:14b,0,2026-06-17T18:14:43.259099,project_04,title_desc,incompleteness,cot
ISSUE-252474,Enforce /MD with Windows C++ DLL driver,0,1,"Step 1: Identify the key information provided in the issue.
- The issue describes a requirement to enforce the definition of _MD when compiling C++ DLL drivers with /MD.
- It mentions that currently, this check is done in version.cpp but needs to be moved to a header file for it to affect consumers of the driver.
- There's also a note about using /MDd for debug mode instead of /MTd.

Step 2: Identify what essential information is missing from the issue.
- Steps to reproduce the problem or verify the solution are not provided.
- Expected behavior after implementing the suggested changes is not clearly stated.
- No acceptance criteria are given, such as how a developer would know if they've fixed this correctly.
- Environment details (e.g., specific versions of tools, operating systems) are missing.

Step 3: Determine whether a developer can act on this issue without asking for more information.
Given the lack of clear reproduction steps and expected behavior, it's difficult for a developer to implement the suggested changes confidently. They would likely need clarification on how to test their implementation and what constitutes an acceptable solution.

Final Answer: Yes",c0eaa32d9998bf45,qwen2.5:14b,0,2026-06-17T18:14:49.298440,project_04,title_desc,incompleteness,cot
ISSUE-251467,Mutator methods which return non-void should document their return value,0,1,"Step 1: Key Information Provided
- The issue describes a list of methods that should document their return values.
- It suggests adding a comment to each method indicating that the method returns a reference to itself, facilitating method chaining.

Step 2: Missing Essential Information
- Steps to reproduce the problem are not provided since this is more about documentation rather than a bug.
- Expected vs actual behavior is not described as it's a request for documentation changes.
- Acceptance criteria are missing. There’s no clear definition of what needs to be done or how success will be measured.
- Affected components and environment details are also absent.

Step 3: Developer Action
- While the issue provides some direction, developers would need more specific guidance on which methods require comments, what exact wording should be used for each method, and how to verify that documentation is correct and complete. Without these specifics, a developer might implement this in different ways or miss certain details.

Final Answer: Yes",fea530a6fc8be0c9,qwen2.5:14b,0,2026-06-17T18:14:55.089336,project_04,title_desc,incompleteness,cot
ISSUE-250928,Test with gcc 4.9?,0,1,"Step 1: Identify the key information provided in the issue.
- The title suggests that there's an intention to test something with gcc 4.9.
- The description mentions catching issues described in CXX-1595, but it doesn't provide details about what those issues are or how they should be addressed.
- There is uncertainty expressed regarding whether this testing is necessary.

Step 2: Identify the essential information that is missing.
- Steps to reproduce any specific issue or scenario.
- Expected behavior after performing the test with gcc 4.9.
- Acceptance criteria for completing the task.
- Affected components and their versions.
- Environment details (e.g., operating system, other software dependencies).

Step 3: Determine if a developer can act on this issue without asking for more information.
Given the lack of specific steps to reproduce issues, expected behavior after testing, acceptance criteria, affected components, or environment details, it is highly unlikely that a developer could effectively address this issue as described.

Final Answer: Yes",f0e523d83ec822d3,qwen2.5:14b,0,2026-06-17T18:15:00.100913,project_04,title_desc,incompleteness,cot
ISSUE-250906,Regenerate test certificates with SHA256 signatures,0,1,"Step 1: Analyze the provided information.
- The title of the issue suggests that it involves regenerating test certificates with SHA256 signatures.
- The description is incomplete and contains HTML code intended to auto-populate a ticket from another source. This does not provide any useful details about the actual issue.

Step 2: Identify missing essential information.
- Steps to reproduce the problem are completely absent.
- Expected behavior is not described; it's unclear what should happen when test certificates are regenerated with SHA256 signatures.
- Actual observed behavior is also not mentioned, making it impossible to understand if there’s an error or deviation from expectations.
- No acceptance criteria are provided for developers to know when the issue has been resolved satisfactorily.
- Affected components and environment details (such as operating system, programming language version, etc.) are missing.

Step 3: Determine if a developer can act on this issue without additional information.
Given the lack of specific details about what needs to be done, how it should work, and in which context, developers would need significant clarification before they could start working on this issue effectively. They would likely have to ask for more information regarding all the missing points mentioned above.

Final Answer: Yes",afc2406637eb4de0,qwen2.5:14b,0,2026-06-17T18:15:05.412675,project_04,title_desc,incompleteness,cot
ISSUE-251809,Allow configuration of SSL independently of the C driver,0,1,"Step 1: Identify the key information provided in the issue.
- The issue describes a need to allow C++11 driver users to configure SSL support independently of how the underlying C driver was compiled.
- It mentions three options for configuration: Yes, No, and Auto.
- A link is provided for further context on why this feature is needed.

Step 2: Identify what essential information is missing from the issue.
- Steps to reproduce the problem or demonstrate the need are not given.
- Expected behavior after implementing the requested change is not clearly defined.
- Acceptance criteria that would define when the issue is resolved are absent.
- No specific environment details (e.g., operating system, version of software) are provided.

Step 3: Determine if a developer can act on this issue without asking for more information.
- Given the lack of detailed steps to reproduce and clear acceptance criteria, it's unlikely that a developer could implement this feature confidently or verify its correctness without additional details.

Final Answer: Yes",b5ce231d00751dbb,qwen2.5:14b,0,2026-06-17T18:15:09.824648,project_04,title_desc,incompleteness,cot
ISSUE-251443,Update release documentation to discuss moving releases/stable branch,0,1,"Step 1: Identify the key information provided in the issue.
- The issue requires updating release documentation to discuss moving the ""releases/stable"" branch.
- It mentions that they should have moved it for r3.0.3 but didn't, and there's uncertainty about whether not moving it for 3.1.0 was a good choice.
- They are certain that it needs to be moved for 3.1.1.

Step 2: Identify what essential information is missing from the issue.
- Steps to reproduce or verify the need for this change are absent.
- Expected behavior after updating the documentation is not specified.
- There's no acceptance criteria defined (what should the updated document look like?).
- No environment details or affected components are provided.

Step 3: Determine if a developer can act on this issue without asking for more information.
Given the lack of specific steps, expected outcomes, and detailed requirements, it would be challenging for a developer to proceed with updating the documentation effectively. They would likely need clarification on what exactly needs to change in the document and why.

Final Answer: Yes",8afcaf045e3c000f,qwen2.5:14b,0,2026-06-17T18:15:14.730892,project_04,title_desc,incompleteness,cot
ISSUE-252069,Use of TARGET_OBJECTS in CMake build produces incorrect shared library,0,1,"Step 1: Key Information Provided
- The issue describes the use of TARGET_OBJECTS in CMake to build dynamic libraries.
- There is an unexpected behavior where target properties set at the top level are not propagated to individual object files.
- An example given is that setting `CMAKE_CXX_VISIBILITY_PRESET` does not apply `-fvisibility-inlines-hidden` to objects built into a TARGET_OBJECTS group.

Step 2: Missing Essential Information
- Steps to reproduce the issue are missing. Without these, it's difficult for other developers to verify or debug the problem.
- Expected behavior is not clearly defined. It’s unclear what the user expects should happen when setting `CMAKE_CXX_VISIBILITY_PRESET`.
- Acceptance criteria are absent. There is no clear definition of what would constitute a solution that satisfies the reporter.
- Environment details (e.g., CMake version, operating system) are missing.

Step 3: Developer Actionability
Given the lack of reproduction steps and environment details, it's challenging for developers to reproduce or debug this issue effectively. Additionally, without acceptance criteria, it’s unclear what would be considered a satisfactory resolution.

Final Answer: Yes",b2a824d4f7b29199,qwen2.5:14b,0,2026-06-17T18:15:19.854547,project_04,title_desc,incompleteness,cot
ISSUE-251960,clang-format the legacy driver,0,1,"Step 1: Identify the key information provided in the issue.
- The server 3.0 branch will likely be formatted using clang-format.
- If changes are to be backported, the legacy branch also needs to be clang-formatted.

Step 2: Determine what essential information is missing from the issue.
- Steps to reproduce the problem or action required (not clearly stated).
- Expected behavior after applying clang-format to both branches.
- Acceptance criteria for completing this task.
- Affected components and their current state before formatting.
- Environment details such as operating system, version of clang-format, etc.

Step 3: Evaluate if a developer can act on the issue without additional information.
Given the lack of specific steps, expected outcomes, acceptance criteria, affected components, and environment details, it is challenging for a developer to proceed with this task effectively. The description does not provide enough actionable guidance or clarity about what needs to be done.

Final Answer: Yes",3b981470a9b7d19f,qwen2.5:14b,0,2026-06-17T18:15:24.378574,project_04,title_desc,incompleteness,cot
ISSUE-252104,"improve handling of """"node is recovering"""" errors",0,1,"Step 1: Key Information Provided
- The issue describes the need to improve handling of ""node is recovering"" errors in software.
- It mentions that currently, the system handles ""isn't master"" properly but not ""node is recovering"".
- There's a requirement to store useful information from the server error message in the new ServerDescription's error field.
- The issue specifies different actions for multi-threaded and single-threaded clients.

Step 2: Missing Essential Information
- Steps to reproduce the issue are missing. Without these, it’s difficult to understand how to trigger the problem.
- Expected behavior is not clearly defined. It’s unclear what should happen when a ""node is recovering"" error occurs.
- Acceptance criteria are absent. There's no clear definition of what success looks like for this fix.
- Environment details (e.g., specific versions, configurations) are missing.

Step 3: Developer Actionability
Given the lack of reproduction steps and acceptance criteria, it would be challenging for a developer to start working on this issue without additional information. They wouldn't know how to test their changes or what constitutes a successful implementation.

Final Answer: Yes",85771115a31e4034,qwen2.5:14b,0,2026-06-17T18:15:29.398300,project_04,title_desc,incompleteness,cot
ISSUE-250562,BSON UDL for from_json,0,1,"Step 1: Identify the key information provided in the issue.
- The issue suggests providing a UDL (User Defined Literal) for BSON's from_json function instead of forcing users to call bson::from_json directly.

Step 2: Determine what essential information is missing.
- Steps to reproduce the problem or demonstrate the need for this feature are not given.
- Expected behavior after implementing the suggested change is not described.
- Acceptance criteria, which would define when the issue can be considered resolved, are absent.
- Affected components and environment details (such as programming language version, operating system) are missing.

Step 3: Evaluate if a developer can act on this issue without additional information.
- Given the lack of specific requirements and context, it is difficult for a developer to understand fully what needs to be done or how to verify that the task has been completed successfully. More details would be necessary before proceeding with implementation.

Final Answer: Yes",2b4e95c3b312b8d9,qwen2.5:14b,0,2026-06-17T18:15:33.676982,project_04,title_desc,incompleteness,cot
ISSUE-251355,Move mongocxx::libbson code somewhere where bsoncxx can access it,0,1,"Step 1: Identify the key information provided in the issue.
- The issue describes a desire to move functionality from mongocxx::libbson namespace to bsoncxx/.
- It mentions that currently, bsoncxx uses separate functionality to manage libbson structures.

Step 2: Determine what essential information is missing.
- Steps to reproduce the problem or desired outcome are not provided.
- Expected behavior after implementing the change is unclear.
- Acceptance criteria for resolving this issue are absent.
- Affected components and environment details (e.g., versions of mongocxx, bsoncxx) are not specified.

Step 3: Evaluate if a developer can act on this issue without additional information.
- Given the lack of specific steps to reproduce, expected behavior, acceptance criteria, and environmental context, it would be challenging for a developer to start working on this issue effectively. More details are needed to understand the scope and impact of the change.

Final Answer: Yes",5b6340252abc6e6f,qwen2.5:14b,0,2026-06-17T18:15:37.958568,project_04,title_desc,incompleteness,cot
ISSUE-251652,Compile error with clang/libc++ on Linux due to ambiguous call to 'append' member function,0,0,"Step 1: Key Information Provided
- The issue describes a compile error when using clang and libc++ on Linux.
- The error is due to an ambiguous call to the 'append' member function in the mongo-cxx-driver-r3.0.1 library.
- It provides specific file paths, line numbers, and code snippets where the problem occurs.
- It explains that the issue arises from differences between libc++ and stdlibc++ implementations of `std::chrono::duration`.
- A workaround is provided using a static cast to resolve the ambiguity.

Step 2: Missing Essential Information
- Steps to reproduce the error are not explicitly detailed. While file paths and line numbers are given, there's no clear step-by-step guide on how to trigger this issue.
- Expected vs actual behavior is somewhat described but could be clearer. The expected behavior would be a successful compilation without errors, while the actual behavior is an ambiguous call error.
- Acceptance criteria for resolving the issue are not clearly defined beyond mentioning that applying static casts resolves it.
- Environment details such as specific versions of clang and libc++ used are not provided.

Step 3: Developer Actionability
Given the lack of clear reproduction steps and environment details, a developer would likely need additional information to fully understand and",f94c52c8739b55ee,qwen2.5:14b,0,2026-06-17T18:15:43.586008,project_04,title_desc,incompleteness,cot
ISSUE-251739,Backport server r3.0.8..r3.0.12 changes,0,1,"Step 1: Analyze the provided information.
- The issue title mentions ""Backport server r3.0.8..r3.0.12 changes.""
- The description lists candidate SHAs to be backported from different version ranges.

Step 2: Identify missing essential information.
- There are no steps to reproduce any issues or problems.
- Expected behavior is not mentioned; it's unclear what the outcome should look like after these changes are backported.
- No acceptance criteria are provided for verifying if the task has been completed successfully.
- The environment details (such as operating system, server configuration) are missing.
- There is no mention of actual behavior or any issues that need fixing.

Step 3: Determine if a developer can act on this issue without additional information.
- A developer would likely require more context to understand the purpose and impact of backporting these specific SHAs. Without knowing why certain changes are being backported, it's difficult for a developer to proceed confidently.

Final Answer: Yes",4fa0f7ac9af32480,qwen2.5:14b,0,2026-06-17T18:15:48.259163,project_04,title_desc,incompleteness,cot
ISSUE-250612,"Windows tasks failing with """"insufficient disk space"""" on Evergreen",0,1,"Step 1: Identify the key information provided in the issue.
- The issue title mentions that Windows tasks are failing with an ""insufficient disk space"" error message.
- The description confirms that there are consistent failure messages indicating insufficient disk space.

Step 2: Determine what essential information is missing from the issue report.
- Steps to reproduce the problem are not given. Without these, it's unclear how to reliably recreate and test the issue.
- Expected behavior is not described. It’s important to know what should happen when there isn't an ""insufficient disk space"" error.
- Acceptance criteria for resolving this issue are missing. What needs to be true or demonstrated for the problem to be considered fixed?
- Affected components (which tasks, specific Windows services, etc.) are not detailed.
- Environment details such as operating system version, hardware specifications, and any relevant software configurations are absent.

Step 3: Evaluate if a developer can act on this issue without needing additional information.
Given the lack of reproduction steps, expected behavior, acceptance criteria, affected components, and environment details, it would be challenging for a developer to effectively diagnose or resolve the problem. More specific information is required to understand the context and scope of the issue.

Final Answer: Yes",522eb7e982955571,qwen2.5:14b,0,2026-06-17T18:15:53.658771,project_04,title_desc,incompleteness,cot
ISSUE-252465,libmongoclient should not link db/commands.cpp,0,0,"Step 1: Identify the key information provided in the issue.
- The issue describes that libmongoclient links db/commands.o into the client library to define two new commands (connPoolSync and connPoolStats).
- These commands are held by raw pointers in a static map, leading to memory leaks when using Purify or valgrind.
- It suggests moving these commands to db/commands.cpp and removing db/commands.o from the link list for libmongoclient.

Step 2: Identify what essential information is missing.
- Steps to reproduce the issue are not provided. Without knowing how to trigger the memory leak, it's hard to verify if a fix works or understand the context of the problem.
- Expected vs actual behavior is somewhat described but lacks clarity on specific scenarios where this happens and expected outcomes after fixing.
- No acceptance criteria are mentioned (e.g., no memory leaks should be detected by Purify/valgrind).
- Environment details such as operating system, version of libmongoclient, or any other relevant software versions are not provided.

Step 3: Determine if a developer can act on this issue without asking for more information.
Given the missing reproduction steps and environment details, it would be challenging for a developer to start working on",c1db3179528dbffb,qwen2.5:14b,0,2026-06-17T18:15:59.082042,project_04,title_desc,incompleteness,cot
ISSUE-251807,Add VS2015 builders for legacy C++ driver,0,1,"Step 1: Identify the key information provided in the issue.
- The issue mentions that there are no VS2015 builders for a legacy C++ driver.
- It notes that support for VS2015 was added recently to SCons, which might affect how this feature is implemented.
- A workaround using the \-\-use-msvc-script flag is suggested.

Step 2: Identify what essential information is missing from the issue.
- Steps to reproduce the problem or need for VS2015 builders are not clearly defined.
- Expected behavior after implementing VS2015 builders is not specified.
- Acceptance criteria for this feature are absent.
- Affected components and environment details (such as operating system, version of SCons) are missing.

Step 3: Determine if a developer can act on the issue without asking for more information.
- Given the lack of specific steps to reproduce, expected behavior, acceptance criteria, and environmental context, it would be challenging for a developer to start working on this issue effectively. They would likely need additional details before proceeding.

Final Answer: Yes",41965daf2d60507f,qwen2.5:14b,0,2026-06-17T18:16:03.980751,project_04,title_desc,incompleteness,cot
ISSUE-250752,Update FLE documentation for community version demonstrating explicit encryption/decryption,0,1,"Step 1: Identify the key information provided in the issue.
- The title mentions updating FLE documentation for the community version to demonstrate explicit encryption and decryption.
- The description includes HTML and script content that seems intended to auto-populate a ticket from another source but does not provide useful details about the actual task or requirements.

Step 2: Identify what essential information is missing.
- Steps to reproduce the issue (not applicable here as it's documentation, but steps for updating are needed).
- Expected vs. actual behavior (no clear description of what should be in the updated documentation versus what currently exists).
- Acceptance criteria (what needs to be included or changed in the documentation).
- Affected components (which parts of the FLE documentation need updates).
- Environment details (version of MongoDB, community version specifics).

Step 3: Determine if a developer can act on this issue without asking for more information.
Given the lack of specific instructions and criteria, it would be challenging for a developer to start working on updating the documentation effectively. They would likely need clarification on what exactly needs to change in the FLE documentation.

Final Answer: Yes",bc9dc2ba1c2e3987,qwen2.5:14b,0,2026-06-17T18:16:08.934479,project_04,title_desc,incompleteness,cot
ISSUE-251483,Create C++ driver benchmark suite,0,1,"Step 1: Identify the key information provided in the issue.
- The drivers team has a standard performance benchmarking suite.
- This needs to be implemented for mongocxx.

Step 2: Determine what essential information is missing.
- Steps to reproduce or how to implement the benchmark suite are not specified.
- Expected behavior of the benchmark suite is not described.
- Acceptance criteria for completing this task are not provided.
- Affected components and environment details (e.g., operating system, version of mongocxx) are not mentioned.

Step 3: Evaluate if a developer can act on this issue without additional information.
Given the lack of specific implementation details, expected outcomes, acceptance criteria, and environmental context, it would be challenging for a developer to start working on this task effectively. They would likely need more detailed instructions or requirements before proceeding.

Final Answer: Yes",bb272a2a398143d0,qwen2.5:14b,0,2026-06-17T18:16:12.895600,project_04,title_desc,incompleteness,cot
ISSUE-250688,Ubuntu 16.04's compressed debug symbols confuse Valgrind,0,1,"Step 1: Identify the key information provided in the issue.
- The user has upgraded to Ubuntu 16.04 and is experiencing issues with Valgrind 3.11.
- Valgrind encounters problems when parsing debug information from certain libraries, such as libgs2.so.2.0.25.
- Error messages indicate that Valgrind cannot parse the debug info correctly.

Step 2: Identify what essential information is missing.
- Steps to reproduce the issue are not provided.
- Expected behavior and actual observed behavior are not clearly defined.
- There's no acceptance criteria or clear goal for resolving this issue.
- No specific environment details (e.g., exact version of Valgrind, other software versions) are given.

Step 3: Determine if a developer can act on the issue without asking for more information.
Given that there is no detailed reproduction process and no clear expected behavior, it would be challenging for a developer to reproduce or fix this issue based solely on the provided description. Additional details such as specific steps to trigger the error, environment setup, and exact versions of software involved are necessary.

Final Answer: Yes",66f77c3aade068f7,qwen2.5:14b,0,2026-06-17T18:16:17.927876,project_04,title_desc,incompleteness,cot
ISSUE-250556,Remove unused and add missing includes,0,0,"Step 1: Identify the key information provided in the issue.
- The issue mentions unused includes and an unnecessarily complex include hierarchy causing slow compilation times and ""missing imports"" issues.
- It suggests using an IDE to highlight these issues locally but notes that manual refactoring is impractical.
- There's a suggestion to automate the cleanup process and use this automation tool during code reviews.

Step 2: Identify what essential information is missing from the issue.
- Steps to reproduce the problem are not provided. Without knowing how to trigger the ""missing imports"" issues or slow compilation times, it’s hard for developers to verify if their changes fix the problem.
- Expected behavior after implementing a solution isn't clearly defined. It's unclear what the outcome should be once unused includes are removed and the include hierarchy is simplified.
- Acceptance criteria aren’t specified. There’s no clear definition of when this issue can be considered resolved, such as specific performance metrics or code quality standards that need to be met.
- Affected components or environment details (e.g., which files or directories are affected) are not provided.

Step 3: Determine if a developer can act on the issue without asking for more information.
Given the lack of detailed steps to reproduce, expected behavior, and acceptance criteria,",caa1b37b35a57098,qwen2.5:14b,0,2026-06-17T18:16:23.348773,project_04,title_desc,incompleteness,cot
ISSUE-251543,Audit all libmongoc and libbson calls for error handling,0,1,"Step 1: Identify the key information provided in the issue.
- The issue highlights that there are cases where libmongoc or libbson calls aren't checked for errors.
- It suggests auditing every single call to ensure proper error handling.

Step 2: Determine what essential information is missing from the issue description.
- Steps to reproduce the problem are not provided. There's no specific scenario or example given on how one can encounter this issue.
- Expected vs actual behavior is not detailed. The issue does not specify what should happen if an error occurs versus what currently happens.
- Acceptance criteria are absent. It’s unclear what constitutes a complete resolution of this issue.
- Affected components and environment details are missing. There's no information about which parts of the codebase or specific environments might be affected.

Step 3: Evaluate whether a developer can act on this issue without needing additional information.
Given the lack of detailed steps, expected behavior, acceptance criteria, and environmental context, it would be challenging for a developer to start working on this issue effectively. They would likely need more specifics before they could begin addressing the problem comprehensively.

Final Answer: Yes",07d82658ac1eb1ab,qwen2.5:14b,0,2026-06-17T18:16:28.417016,project_04,title_desc,incompleteness,cot
ISSUE-250593,Update Travis tests from Ubuntu 14.04 and test against latest server,0,1,"Step 1: Identify the key information provided in the issue.
- The issue mentions transitioning from relying on Travis CI to using Evergreen as the primary source of compilation tests.
- It suggests updating the Travis hosts to run against the latest MongoDB server for user benefit.

Step 2: Determine what essential information is missing.
- Steps to reproduce the problem or implement the update are not provided.
- Expected behavior after implementing the change is not clearly defined.
- Acceptance criteria for completing this task are absent.
- Affected components and their specific roles in the process are unclear.
- Environment details such as operating system versions, software dependencies, etc., are missing.

Step 3: Evaluate if a developer can act on this issue without additional information.
Given the lack of detailed steps, expected outcomes, acceptance criteria, and environment specifics, it would be challenging for a developer to start working on this task effectively. More details are needed before proceeding with implementation or testing.

Final Answer: Yes",7927fe76cb91a461,qwen2.5:14b,0,2026-06-17T18:16:32.776551,project_04,title_desc,incompleteness,cot
ISSUE-250638,Resync SDAM error handling spec tests,0,1,"Step 1: Identify the key information provided in the issue.
- The task involves resyncing SDAM tests located in an ""errors"" directory.
- Reference to previous tickets DRIVERS-1187 and DRIVERS-1234 for context.

Step 2: Determine what essential information is missing.
- Steps to reproduce the issue are not provided.
- Expected behavior after implementing changes is not specified.
- Actual observed behavior or error details are not given.
- Acceptance criteria for completing this task are absent.
- Affected components and their specific roles in the process are unclear.
- Environment details (e.g., operating system, version of software) are missing.

Step 3: Evaluate if a developer can act on this issue without additional information.
Given the lack of detailed steps to reproduce, expected behavior, acceptance criteria, environment specifics, and other critical details, it would be challenging for a developer to proceed effectively with this task. The developer would likely need more context and specific instructions.

Final Answer: Yes",c832e848446a84ec,qwen2.5:14b,0,2026-06-17T18:16:37.356017,project_04,title_desc,incompleteness,cot
ISSUE-251626,Misunderstanding about bsoncxx::document::element,0,1,"Step 1: Key Information Provided
- The user is unsure about storing `bsoncxx::document::element` in containers.
- They want to store fields from multiple documents and transform them into specific types.
- Example code snippet provided where they are pushing back elements into a list.
- An error message related to the operation is mentioned.

Step 2: Missing Essential Information
- Steps to reproduce the issue (specific steps or conditions under which the SIGABRT occurs).
- Expected behavior vs. actual behavior (what should happen versus what happens when storing `bsoncxx::document::element` in containers).
- Acceptance criteria for resolving this issue.
- Environment details such as version of bsoncxx, operating system, and compiler used.

Step 3: Developer Actionability
Given the current description, a developer would likely need more information to reproduce or understand the context of the problem fully. The provided code snippet does not clearly illustrate how the error occurs in practice without additional steps or conditions that trigger it.

Final Answer: Yes",e2c99b6892174cec,qwen2.5:14b,0,2026-06-17T18:16:41.855578,project_04,title_desc,incompleteness,cot
ISSUE-252399,on linux systems it is customary to use sonames when creating shared libraries,0,1,"Step 1: Identify the key information provided in the issue.
- The user has created a patch that adds soname support when creating shared libraries on Linux.
- A link to the commit is provided.

Step 2: Determine what essential information is missing from the issue.
- Steps to reproduce the problem or demonstrate the solution are not given.
- Expected behavior after applying the patch is not described.
- Actual observed behavior before and after applying the patch is not mentioned.
- Acceptance criteria for the patch are not specified.
- Environment details (e.g., specific Linux distribution, version of tools used) are missing.

Step 3: Evaluate if a developer can act on this issue without needing additional information.
Given the lack of detailed steps to reproduce, expected behavior, acceptance criteria, and environment specifics, it would be challenging for a developer to fully understand and validate the patch based solely on the provided description. More details are necessary before proceeding with implementation or testing.

Final Answer: Yes",158e949f258e0658,qwen2.5:14b,0,2026-06-17T18:16:46.283701,project_04,title_desc,incompleteness,cot
ISSUE-252510,Default Windows builds of the C++ client driver to use /MD,0,1,"Step 1: Identify the key information provided in the issue.
- The issue discusses that the Windows driver will only be buildable as a DLL.
- It mentions that using the static runtime is not appropriate and suggests always using the dynamic runtime when building the driver on Windows.

Step 2: Determine what essential information is missing from the issue.
- Steps to reproduce the problem or scenario where this change is necessary are absent.
- Expected behavior after implementing the suggested change is not clearly defined.
- Acceptance criteria for verifying that the issue has been resolved are lacking.
- Affected components and their specific impacts are not detailed.
- Environment details such as operating system version, build tools versions, etc., are missing.

Step 3: Evaluate if a developer can act on this issue without needing additional information.
Given the lack of clear reproduction steps, expected behavior, acceptance criteria, affected components, and environment details, it would be challenging for a developer to fully understand and implement the suggested change effectively. More specific guidance is needed before proceeding with development work.

Final Answer: Yes",07f45cc10460869f,qwen2.5:14b,0,2026-06-17T18:16:51.220723,project_04,title_desc,incompleteness,cot
ISSUE-251377,Implement unit tests for GridFS options and result classes,0,1,"Step 1: Identify the key information provided in the issue.
- The title and description indicate that unit tests need to be implemented for GridFS options and result classes.

Step 2: Determine what essential information is missing.
- Steps to reproduce or a specific scenario where these unit tests are needed are not mentioned.
- Expected behavior after implementing the unit tests is not described.
- Acceptance criteria, such as pass/fail conditions or coverage requirements, are absent.
- Affected components and environment details (e.g., programming language, version of GridFS) are not provided.

Step 3: Evaluate if a developer can act on this issue without additional information.
- Given the lack of specific details about what needs to be tested, how it should behave, or in which context these tests will run, a developer would likely need more information before starting work on this task.

Final Answer: Yes",ea553d92570f51d8,qwen2.5:14b,0,2026-06-17T18:16:55.262474,project_04,title_desc,incompleteness,cot
ISSUE-252499,ScopedDbConnection not being returned to the pool,0,1,"Step 1: Identify the key information provided in the issue.
- The user reports warnings about connections not being returned to the pool when using `mongo::ScopedDbConnection`.
- A specific code snippet is given that causes these warnings.
- The warning occurs with a connection string containing ""myset/127.0.0.1:27017"".
- Adding another replica does not resolve the issue; it affects both replicas.
- Using a different connection string without ""myset"" does not produce any warnings.

Step 2: Identify missing essential information.
- Steps to reproduce the issue are implied but not explicitly detailed.
- Expected behavior is not clearly stated (e.g., connections should be returned to the pool).
- Acceptance criteria for resolving this issue are absent.
- Environment details such as MongoDB version, application framework, and operating system are lacking.

Step 3: Determine if a developer can act on this issue without additional information.
Given the lack of explicit steps to reproduce, clear expected behavior, acceptance criteria, and environment details, it would be challenging for a developer to fully understand and resolve the issue based solely on the provided description. Additional context is necessary to proceed effectively.

Final Answer: Yes",27241159bfdca847,qwen2.5:14b,0,2026-06-17T18:17:00.494970,project_04,title_desc,incompleteness,cot
ISSUE-252183,DBClientWithCommands::reIndex should not use getSystemIndexesCollection,0,1,"Step 1: Identify the key information provided in the issue.
- The issue describes an existing behavior of the `DBClientWithCommands::reIndex` method which involves accumulating, deleting, and reinserting indexes into the system index collection.
- It suggests that this method should not use the system index collection but instead use the `reIndex` command in the database.

Step 2: Identify what essential information is missing from the issue description.
- Steps to reproduce the problem or scenario where the current behavior causes issues are not provided.
- Expected behavior after implementing the suggested change is not clearly defined.
- Acceptance criteria for resolving this issue are absent, making it unclear how one would verify that the issue has been addressed.
- Affected components and environment details (such as database version, programming language used) are missing.

Step 3: Determine if a developer can act on this issue without needing additional information.
Given the lack of specific steps to reproduce, expected behavior, acceptance criteria, and environmental context, it would be challenging for a developer to implement or verify a solution based solely on the provided description. More details are necessary to proceed effectively.

Final Answer: Yes",84d377272463d542,qwen2.5:14b,0,2026-06-17T18:17:05.569018,project_04,title_desc,incompleteness,cot
ISSUE-251644,C++11 driver 3.0.1 so much slower than legacy C++ driver 2.6.11?,0,0,"Step 1: Identify the key information provided in the issue.
- The issue compares performance between C++11 driver version 3.0.1 and legacy C++ driver version 2.6.11.
- A specific test case is mentioned where writing 2 million simple documents to MongoDB takes significantly longer with the newer driver (189 seconds) compared to the older one (41 seconds).

Step 2: Identify what essential information is missing from the issue.
- Steps to reproduce the performance difference are not provided. It's unclear how exactly the test was set up and run.
- Expected behavior is not clearly defined beyond the observation that version 3.0.1 is slower than version 2.6.11.
- No acceptance criteria or specific performance benchmarks are mentioned for what would be considered acceptable performance in version 3.0.1.
- Environment details such as operating system, hardware specifications, MongoDB server version, and any other relevant software configurations are not provided.

Step 3: Determine if a developer can act on this issue without asking for more information.
Given the lack of detailed reproduction steps, environment specifics, and clear acceptance criteria, it would be challenging for a developer to reproduce or diagnose the performance discrepancy effectively. Additional details",e7edc4790419cbf7,qwen2.5:14b,0,2026-06-17T18:17:11.018227,project_04,title_desc,incompleteness,cot
ISSUE-251455,Provide more user-friendly constructor or factory function for builder::core,0,1,"Step 1: Identify the key information provided in the issue.
- The current constructor of builder::core takes a boolean parameter.
- There is a suggestion to deprecate the existing constructor and provide alternatives:
  - A new constructor with an enumerated type parameter.
  - Static factory methods ""builder::core::make_document()"" (note: there seems to be a typo, it mentions make_document() twice).

Step 2: Identify what essential information is missing from the issue.
- Steps to reproduce the problem or demonstrate why the current implementation is insufficient.
- Expected behavior after implementing the suggested changes.
- Acceptance criteria for the new feature or change.
- Affected components and their interactions.
- Environment details (e.g., programming language, version of builder::core).

Step 3: Determine if a developer can act on this issue without asking for more information.
Given that there are no specific steps to reproduce an issue, no clear acceptance criteria, and no environment or component details provided, it would be challenging for a developer to start working on this request effectively. The lack of these details means the task is not clearly defined.

Final Answer: Yes",af83580c49fac516,qwen2.5:14b,0,2026-06-17T18:17:16.089632,project_04,title_desc,incompleteness,cot
ISSUE-251387,Configurable connect timeout in C++ driver. Currently fixed at 5 secs.,0,1,"Step 1: Identify the key information provided in the issue.
- The current implementation of DBClientConnection and DBClientReplicaSet allows setting read/write timeout but not connect timeout.
- According to the constructor comment, the connect timeout is fixed at 5 seconds.

Step 2: Determine what essential information is missing from the issue description.
- Steps to reproduce the problem or scenario where this limitation causes issues are not provided.
- Expected behavior after implementing a configurable connect timeout is not specified.
- Acceptance criteria for resolving this issue (e.g., how it should work once implemented) are absent.
- Affected components and their interactions with other parts of the system are unclear.
- Environment details such as operating systems, versions of software dependencies, etc., are missing.

Step 3: Evaluate if a developer can act on this issue without needing additional information.
Given the lack of specific steps to reproduce, expected behavior, acceptance criteria, affected components, and environment details, it would be challenging for a developer to start working on this issue effectively. They would likely need more context and specifics before proceeding.

Final Answer: Yes",5f8a910258bdf47a,qwen2.5:14b,0,2026-06-17T18:17:20.987922,project_04,title_desc,incompleteness,cot
ISSUE-251857,string_view.data() is unsafe,0,1,"Step 1: Identify the key information provided in the issue.
- The issue describes that `string_view.data()` does not guarantee to return a null-terminated string.
- It mentions that C driver methods expect null-terminated strings.
- There is a need to review all places where data from `string_view` is passed to the C driver.

Step 2: Identify what essential information is missing.
- Steps to reproduce the issue are not provided.
- Expected vs actual behavior is not clearly defined.
- No acceptance criteria or specific requirements for resolving this issue are given.
- Environment details (e.g., operating system, version of libraries) are not mentioned.
- Specific examples or affected components where `string_view` data is passed to C driver methods are missing.

Step 3: Determine if a developer can act on the issue without asking for more information.
Given the lack of specific steps to reproduce, expected behavior, and detailed environment information, it would be challenging for a developer to fully understand and address this issue without additional context. The description provides some background but lacks concrete details necessary for implementation or testing.

Final Answer: Yes",9a7cd2ca627f5d77,qwen2.5:14b,0,2026-06-17T18:17:25.944514,project_04,title_desc,incompleteness,cot
ISSUE-251284,Add RHEL 7 Evergreen builder,0,1,"Step 1: Identify the key information provided in the issue.
- The removal of RHEL 5.5 builder has created a gap in coverage against RHEL.
- A new RHEL 7 builder needs to be added.

Step 2: Determine what essential information is missing from the issue description.
- Steps to reproduce the problem or need for the new builder are not provided.
- Expected behavior after adding the RHEL 7 builder is not specified.
- Acceptance criteria for completing this task are absent.
- Affected components and environment details (e.g., specific version of RHEL, other dependencies) are missing.

Step 3: Evaluate if a developer can act on this issue without additional information.
Given the lack of detailed requirements such as acceptance criteria, expected behavior, and reproduction steps, it would be challenging for a developer to proceed with implementing the new builder confidently. They would likely need more details before starting work.

Final Answer: Yes",797b143e910ecde6,qwen2.5:14b,0,2026-06-17T18:17:30.272006,project_04,title_desc,incompleteness,cot
ISSUE-250698,Properly deprecate create_collection methods,0,1,"Step 1: Analyze the given information.
- The create_collection methods are documented as deprecated but lack the deprecation attribute that would warn users.
- No specific steps to reproduce the problem or environment details are provided.

Step 2: Identify missing essential information.
- Steps to reproduce the issue are not specified. Without these, it's unclear how one can verify if the issue exists in their own setup.
- Expected behavior is not clearly defined. It’s not clear what should happen when a user tries to use these methods.
- Acceptance criteria or specific conditions under which this issue would be considered resolved are missing.
- Environment details (e.g., version of software, operating system) are absent.

Step 3: Determine if the developer can act on this issue without additional information.
Given the lack of reproduction steps and environment details, a developer cannot fully understand the scope or impact of the issue. They would need more context to proceed effectively with addressing it.

Final Answer: Yes",2ae4784c1ee9938f,qwen2.5:14b,0,2026-06-17T18:17:34.560132,project_04,title_desc,incompleteness,cot
ISSUE-250784,Allow authentication to all server types except arbiters,0,1,"Step 1: Analyze the provided information.
- The title suggests that the feature request is about allowing authentication to all server types except arbiters.
- The description includes HTML and script tags, which do not provide any useful technical details or requirements.

Step 2: Identify missing essential information.
- Steps to reproduce (not applicable for a feature request but still necessary for understanding).
- Expected behavior: How should the system behave when authenticating with different server types?
- Actual behavior: What is currently happening that needs fixing/improvement? Not clear from the description.
- Acceptance criteria: What conditions must be met for this issue to be considered resolved?
- Affected components: Which parts of the software will need changes or additions?
- Environment details: Under what circumstances should this feature work?

Step 3: Determine if a developer can act on this issue without additional information.
Given the lack of specific technical requirements, expected behavior, and acceptance criteria, it is unlikely that a developer could implement this feature effectively based solely on the current description.

Final Answer: Yes",7de17db310cd3e69,qwen2.5:14b,0,2026-06-17T18:17:39.162430,project_04,title_desc,incompleteness,cot
ISSUE-252291,MongoDB exception 17234,0,1,"Step 1: Identify the key information provided in the issue.
- The installer installs MongoDB version 2.6.1 and updates the database with initial values.
- An exception occurs: ""MongoDB Exception: 17234 backgroundJob already running: PeriodicTaskRunner"".
- This error prevents systems from connecting to MongoDB.
- The issue cannot be reproduced on development systems.

Step 2: Identify missing essential information.
- Steps to reproduce the issue are not provided. Without these, it's difficult for developers to replicate and debug the problem.
- Expected behavior is not clearly defined. It’s unclear what should happen after the installer runs without encountering an exception.
- Acceptance criteria are absent; there's no clear definition of when this issue would be considered resolved.
- Environment details (e.g., operating system, hardware specifications) are missing which could provide clues about why it happens on certain systems but not others.

Step 3: Determine if a developer can act on the issue without additional information.
Given the lack of reproduction steps and environment details, developers will likely need more information to effectively diagnose and resolve this issue. The absence of these critical pieces makes it challenging for them to proceed confidently with debugging or fixing the problem.

Final Answer: Yes",ec3f020b7e73326c,qwen2.5:14b,0,2026-06-17T18:17:44.517775,project_04,title_desc,incompleteness,cot
ISSUE-250878,bsoncxx:to_json causes double value to truncate,0,1,"Step 1: Identify the key information provided.
- The issue describes that double values are truncated to 5 digits precision when using bsoncxx::to_json function.
- A sample code snippet is included, but it seems incomplete and contains syntax errors.
- Sample output is given showing the truncation of double values.
- Library versions (libbsoncxx -> 3.0.1, libbson -> 1.9.2) are mentioned.

Step 2: Identify missing essential information.
- Steps to reproduce the issue are not clearly provided; the code snippet appears incomplete and contains syntax errors.
- Expected output from bsoncxx::to_json call is not explicitly stated.
- No acceptance criteria or specific requirements for how double values should be handled in JSON conversion are given.
- Environment details such as operating system, compiler version, etc., are missing.

Step 3: Determine if a developer can act on this issue without additional information.
Given the lack of clear reproduction steps and expected output, it would be challenging for a developer to understand exactly what needs to be fixed or how to reproduce the problem. The incomplete code snippet also hinders understanding and testing.

Final Answer: Yes",56c369e02084c31e,qwen2.5:14b,0,2026-06-17T18:17:49.711397,project_04,title_desc,incompleteness,cot
ISSUE-252519,Apply endian conversions where necessary in the C++ driver bson library,0,1,"Step 1: Identify the key information provided in the issue.
- The C++ driver bson library needs to be usable on big-endian systems.
- Currently, it assumes little-endian when encoding integers and doubles.

Step 2: Determine what essential information is missing.
- Steps to reproduce the problem are not given.
- Expected behavior after applying endian conversions is not specified.
- Acceptance criteria for resolving this issue are not provided.
- Affected components or specific files in the C++ driver that need changes are not mentioned.
- Environment details (e.g., operating systems, versions of MongoDB) where the issue occurs are missing.

Step 3: Evaluate if a developer can act on this issue without additional information.
Given the lack of detailed steps to reproduce, expected behavior, acceptance criteria, and environment specifics, it would be challenging for a developer to start working on this issue effectively. They would likely need more details before they could begin addressing the problem.

Final Answer: Yes",536e57b9a9a0d9d8,qwen2.5:14b,0,2026-06-17T18:17:54.122213,project_04,title_desc,incompleteness,cot
ISSUE-250634,Use sort when verifying contents of outcome collections,0,1,"Step 1: Identify the key information provided in the issue.
- The issue mentions that server documents returned by a certain call are not guaranteed to be in inserted order.
- It suggests updating spec test runners to either compare results with no ordering assumptions or use a sort when verifying collection contents.

Step 2: Determine what essential information is missing.
- Steps to reproduce the problem are not provided.
- Expected vs actual behavior is not clearly defined.
- Acceptance criteria for resolving this issue are not specified.
- Affected components and environment details (e.g., programming language, database version) are not mentioned.

Step 3: Evaluate if a developer can act on this issue without additional information.
Given the lack of specific steps to reproduce, expected behavior, acceptance criteria, and environmental context, it would be challenging for a developer to fully understand and address the issue effectively. More details are needed before proceeding with development work.

Final Answer: Yes",2d2eead1cd1d83ee,qwen2.5:14b,0,2026-06-17T18:17:58.362789,project_04,title_desc,incompleteness,cot
ISSUE-251786,coll.drop() throws if collection doesn't exist,0,1,"Step 1: Identify the key information provided in the issue.
- The issue describes that calling `coll.drop()` results in an error if the collection does not exist.
- It suggests that it should be possible to drop a non-existent collection without needing to check for its existence first.

Step 2: Determine what essential information is missing from the issue report.
- Steps to reproduce the problem are not provided. How can someone verify this issue?
- Expected behavior is not clearly defined. What would be the desired outcome when trying to drop a non-existing collection?
- Acceptance criteria are absent. What conditions must be met for this issue to be considered resolved?
- Affected components or environment details (e.g., programming language, database version) are missing.

Step 3: Evaluate whether a developer can act on this issue without additional information.
Given the lack of specific steps to reproduce and clear acceptance criteria, it would be challenging for a developer to implement a fix or even understand fully what needs to change. The absence of environment details also complicates testing and verification processes.

Final Answer: Yes",1575b1a48f352a5d,qwen2.5:14b,0,2026-06-17T18:18:03.156033,project_04,title_desc,incompleteness,cot
ISSUE-251038,Provide Transactions example for Docs,0,0,"Step 1: Key Information Provided
- The issue requests examples of driver usage for transactions and retryable writes in MongoDB.
- It specifies the sections where these examples should be added in the documentation.
- Code snippets are provided for both transaction introduction and retry examples.

Step 2: Missing Essential Information
- Steps to reproduce or a clear problem statement are missing. This is not an issue about reproducing a bug but rather a request for additional content.
- Expected vs actual behavior is irrelevant here as this is a documentation enhancement request, not a defect report.
- Acceptance criteria are implied by the request but not explicitly stated (i.e., examples should be added to specified sections).
- Environment details such as MongoDB version or driver versions are missing. This could affect which drivers and their versions would provide relevant examples.

Step 3: Developer Actionability
- A developer can start working on this issue based on the provided information, but they might need additional context about specific driver versions or exact requirements for the examples to be useful.
- The lack of environment details means that developers may have to make assumptions which could lead to less effective documentation.

Final Answer: No

The issue is not INCOMPLETE in a traditional sense as it provides clear instructions and code snippets. However, there are",c431584221ba0959,qwen2.5:14b,0,2026-06-17T18:18:08.771033,project_04,title_desc,incompleteness,cot
ISSUE-250701,spec tests that run count should not use estimated count helper,0,1,"Step 1: Identify the key information provided in the issue.
- The issue describes a problem with a method used to test the count command in the C++ driver's spec test runner.
- It mentions that the current method cannot take a filter or session, which is a limitation.

Step 2: Determine what essential information is missing.
- Steps to reproduce the issue are not provided. There’s no clear guidance on how one can encounter this problem.
- Expected vs actual behavior is not detailed. The description does not specify what should happen differently if the change is made.
- Acceptance criteria for resolving the issue are absent. It's unclear what needs to be done or verified once the fix is implemented.
- Environment details such as operating system, version of C++ driver, etc., are missing.

Step 3: Evaluate whether a developer can act on this issue without asking for more information.
Given the lack of specific steps to reproduce, expected behavior, acceptance criteria, and environment details, it would be challenging for a developer to start working on this issue effectively. They would likely need additional context before proceeding with any changes.

Final Answer: Yes",4b99e225dd3e945b,qwen2.5:14b,0,2026-06-17T18:18:13.964833,project_04,title_desc,incompleteness,cot
ISSUE-250622,Remove the compatibility matrixes from documentation,0,1,"Step 1: Identify the key information provided in the issue.
- The issue mentions two compatibility matrices that need to be removed from documentation.
- It provides links to these matrices and suggests linking directly to another URL instead.

Step 2: Determine what essential information is missing.
- There are no steps to reproduce the problem or any specific instructions on how to remove the matrices.
- No expected behavior after removal of the compatibility matrices is described.
- No acceptance criteria are provided for verifying if the issue has been resolved correctly.
- The environment details and affected components are not mentioned.

Step 3: Evaluate whether a developer can act on this issue without additional information.
- A developer would need more specific instructions to proceed with removing the compatibility matrices.
- Without clear acceptance criteria, it's unclear how to verify that the task is complete.
- Additional context about why these changes are necessary and what impact they will have might be beneficial.

Final Answer: Yes",23417607a4f954c5,qwen2.5:14b,0,2026-06-17T18:18:18.240367,project_04,title_desc,incompleteness,cot
ISSUE-251804,Add ability to use document::view with stream builder,0,0,"Step 1: Key Information Provided
- The issue describes the desire to use `document::view` with `stream builder`.
- It provides an example of how it would be nice if the following worked:
  ```cpp
  auto sub_doc = document{} << ""b"" << 1 << finalize;
  auto doc_builder = document{} << ""a"" << sub_doc.view();
  ```
- The current limitation is that there's no `append` overload in the core builder to take a `document::view`.
- Two workarounds are mentioned:
  - Building and appending a `b_document` type.
  - Using the 'concatenate' helper in a new subdoc.

Step 2: Essential Information Missing
- Steps to reproduce the issue (how can someone else encounter this problem?).
- Expected behavior (what should happen if the feature is implemented correctly?).
- Actual behavior (what happens currently when trying to use `document::view` with `stream builder`?).
- Acceptance criteria (specific conditions that must be met for the issue to be considered resolved).
- Environment details (which version of the software, operating system, etc.).

Step 3: Developer Actionability
Given the current description, a developer would likely need more",58146d3dbee6c6e5,qwen2.5:14b,0,2026-06-17T18:18:23.630384,project_04,title_desc,incompleteness,cot
ISSUE-252468,10gen repo for ubuntu does not provide mongodb-10gen-devel package,0,-1,"Step 1: Identify the key information provided in the issue.
- The user reports that the official MongoDB repository for Ubuntu does not provide the `mongodb-10gen-devel` package, which contains headers and libraries needed to compile C++ applications against MongoDB.
- They mention discomfort due to the lack of development files when installing the latest stable version of MongoDB on Ubuntu.
- There is a suggestion that building MongoDB from source every time a new stable version releases is not ideal for an average server.

Step 2: Identify what essential information is missing.
- Steps to reproduce the issue are not provided. It's unclear how one can verify if this problem exists in their environment.
- Expected behavior is not clearly defined. The user mentions discomfort but does not specify what they expect from the package or installation process.
- Acceptance criteria for resolving the issue are absent, making it difficult to know when a solution would be satisfactory.
- Environment details such as Ubuntu version and MongoDB version are missing, which could help in reproducing the problem.

Step 3: Determine if a developer can act on this issue without asking for more information.
Given the lack of specific reproduction steps, expected behavior, acceptance criteria, and environment details, it is challenging for a developer to understand the full scope of the",55eafca4b7071626,qwen2.5:14b,0,2026-06-17T18:18:29.103317,project_04,title_desc,incompleteness,cot
ISSUE-251978,Unable to compile new CXX driver,0,1,"Step 1: Identify the key information provided in the issue.
- The user encountered compilation errors while trying to compile the CXX driver of MongoDB.
- Specific error messages are included, indicating that a certain function ('mongoc_bulk_operation_get_write_concern') is not declared.

Step 2: Determine what essential information is missing.
- Steps to reproduce the issue are not provided. It's unclear if this happens consistently or under specific conditions.
- Expected behavior is not mentioned; it’s assumed that the compilation should succeed without errors, but this isn't explicitly stated.
- Environment details (OS version, compiler version, CMake version) are not given.
- Acceptance criteria for resolving the issue are missing.

Step 3: Evaluate if a developer can act on this issue without additional information.
Given the lack of reproduction steps and environment details, it would be challenging for a developer to reproduce or diagnose the problem effectively. The error message alone does not provide enough context about why the function is undefined or how to resolve it in different environments.

Final Answer: Yes",adfc578895df2636,qwen2.5:14b,0,2026-06-17T18:18:33.868550,project_04,title_desc,incompleteness,cot
ISSUE-252023,Backport server r3.0.0-rc6..r3.0.1 changes,0,1,"Step 1: Identify the key information provided in the issue.
- The issue mentions backporting server changes from r3.0.0-rc6 to r3.0.1.
- It refers to a legacy driver that is somewhat compatible with version 3.0.
- There's an implication that bug fixes affecting the driver codebase should be tracked.

Step 2: Identify what essential information is missing.
- Steps to reproduce the issue are not provided.
- Expected behavior and actual behavior are not described.
- Acceptance criteria for resolving this issue are absent.
- Affected components or specific parts of the system requiring changes are unclear.
- Environment details such as operating systems, versions, configurations, etc., are not mentioned.

Step 3: Determine if a developer can act on this issue without asking for more information.
Given the lack of detailed steps to reproduce, expected vs actual behavior, acceptance criteria, and environment specifics, it would be challenging for a developer to understand exactly what needs to be done or how to verify that the task is complete.

Final Answer: Yes",d44cd512d1ce8afc,qwen2.5:14b,0,2026-06-17T18:18:38.671215,project_04,title_desc,incompleteness,cot
ISSUE-252444,OID::init and mongo::jsTime unresolved in shared client (.so),0,1,"Step 1: Key Information Provided
- The issue involves unresolved symbols from OID.cpp and mongo::jsTime() when building an application with the shared client.
- The git tag used is legacy-0.0=26compat-2.6.0-rc1, but the same happens for the legacy branch.
- When linking with a static library, this issue does not occur.

Step 2: Missing Essential Information
- Steps to reproduce the issue are missing.
- Expected behavior and actual behavior are not clearly defined.
- No acceptance criteria or specific requirements are provided.
- Environment details such as operating system, compiler version, build tools, etc., are not mentioned.
- Affected components other than OID.cpp and mongo::jsTime() are not specified.

Step 3: Developer Actionability
Given the lack of detailed information about how to reproduce the issue, what the expected behavior should be, and the environment in which it occurs, a developer would likely need additional details before they can effectively diagnose or fix this problem. Without these specifics, the issue is difficult to act upon.

Final Answer: Yes",f626bc884dabf0e5,qwen2.5:14b,0,2026-06-17T18:18:43.500015,project_04,title_desc,incompleteness,cot
ISSUE-250789,mongocxx::uri call works with c char* parameter but not with c++ string parameter,0,1,"Step 1: Key Information Provided
- The issue describes a problem with the `mongocxx::uri` function in C++.
- It works when called with a `char*` parameter but crashes or throws an exception when called with a `std::string` parameter.
- A code snippet is provided, including the problematic line and some context.

Step 2: Missing Essential Information
- Steps to reproduce the issue are not clearly defined. The user mentions that it works with `c_str()` but fails without it, but there's no clear step-by-step guide on how to replicate this.
- Expected vs actual behavior is somewhat described but could be more detailed:
  - Actual Behavior: Crashes or throws an exception when using a `std::string` parameter.
  - Expected Behavior: Should work the same way as with `char*`.
- Acceptance criteria are not provided. What would make the issue resolved?
- Environment details (OS, compiler version, MongoDB driver version) are missing.

Step 3: Developer Actionability
Given the lack of clear reproduction steps and environment details, a developer might struggle to reproduce or understand the exact nature of the problem without additional information from the reporter.

Final Answer: Yes",03592854224fd62a,qwen2.5:14b,0,2026-06-17T18:18:48.900411,project_04,title_desc,incompleteness,cot
ISSUE-251675,legacy driver fails to build on FreeBSD,0,1,"Step 1: Identify the key information provided in the issue.
- The issue describes a problem with compiling mongo-cxx-driver on FreeBSD.
- An error message is mentioned: ""#error Must implement SecureRandom for platform"".
- A link to a build log is provided.

Step 2: Determine what essential information is missing.
- Steps to reproduce the issue are not clearly outlined.
- Expected behavior and actual behavior are not explicitly stated.
- There's no acceptance criteria or clear goal of how this should be resolved.
- No specific environment details (e.g., version of FreeBSD, compiler used) are provided.

Step 3: Evaluate if a developer can act on this issue without additional information.
Given the lack of detailed steps to reproduce and explicit expected vs. actual behavior, it would be challenging for a developer to understand the full scope of the problem or how to verify its resolution. The absence of environment details also complicates troubleshooting.

Final Answer: Yes",ce4094387fb6c6c3,qwen2.5:14b,0,2026-06-17T18:18:53.191427,project_04,title_desc,incompleteness,cot
ISSUE-252109,Expose the ability to explicitly refresh the state of a replica set member,0,1,"Step 1: Analyze the provided information.
- The title suggests that there should be an ability to explicitly refresh the state of a replica set member.
- The description mentions a quote from the SDAM spec about clients being able to request immediate server checks.

Step 2: Identify missing essential information.
- Steps to reproduce the issue or how to implement this feature are not provided.
- Expected behavior is not clearly defined. It's unclear what exactly happens when a client requests an explicit refresh of the state.
- No acceptance criteria are mentioned, making it difficult for developers to know when they have met the requirements.
- Affected components and environment details (such as specific versions or configurations) are missing.

Step 3: Determine if a developer can act on this issue without additional information.
Given the lack of detailed steps, expected behavior, acceptance criteria, affected components, and environment details, it would be challenging for a developer to start working on this feature effectively. They would need more specifics before they could begin implementation or testing.

Final Answer: Yes",77bddb0020de95d4,qwen2.5:14b,0,2026-06-17T18:18:57.758756,project_04,title_desc,incompleteness,cot
ISSUE-252006,Creating BSON from JSON,0,1,"Step 1: Identify the key information provided in the issue.
- The user wants to create a BSON object from an existing JSON string.
- They believe it would be convenient if such functionality existed.

Step 2: Determine what essential information is missing.
- Steps to reproduce the problem or demonstrate the desired feature are not provided.
- Expected behavior when trying to convert JSON to BSON is not clearly defined.
- Acceptance criteria for this new feature are absent.
- No environment details (e.g., programming language, database version) are given.

Step 3: Evaluate if a developer can act on this issue without additional information.
- Without clear steps and expected outcomes, it's challenging for developers to understand the exact requirement or how to test their implementation.
- The lack of acceptance criteria makes it difficult to know when the feature is complete from a user perspective.
- Missing environment details could lead to confusion about which platforms or versions this applies to.

Final Answer: Yes",e74f0c82a1875962,qwen2.5:14b,0,2026-06-17T18:19:02.106991,project_04,title_desc,incompleteness,cot
ISSUE-250966,cursor::begin() is invalid after using std::distance,0,1,"Step 1: Key Information Provided
- The user is trying to understand how iterators work in the mongo-cxx-driver.
- They create and insert a document into a MongoDB collection using `bsoncxx::builder::basic::make_document`.
- After inserting, they retrieve all documents with `collection.find({})` and use `std::distance` on the cursor's iterator range.

Step 2: Missing Essential Information
- Steps to reproduce are somewhat clear but not explicitly detailed.
- Expected vs actual behavior is unclear. The user mentions that the begin iterator changes after calling `std::distance`, but it’s not clear what they expected to happen instead.
- Acceptance criteria are missing; there's no clear definition of success or failure for this issue.
- Environment details (e.g., MongoDB version, mongo-cxx-driver version) are not provided.

Step 3: Developer Action
A developer would likely need more information about the exact behavior and expectations before they can diagnose whether it’s a bug or misuse. The lack of clear expected vs actual behavior makes it hard to determine if this is an issue with the driver or incorrect usage by the user.

Final Answer: Yes",61e703a2e6307670,qwen2.5:14b,0,2026-06-17T18:19:07.239604,project_04,title_desc,incompleteness,cot
ISSUE-250973,bsoncxx::to_json() do not support GBK,0,-1,"Step 1: Identify the key information provided in the issue.
- The user has installed mongocxx-driver-3.2.0 successfully.
- An error occurs when running their code, resulting in an invalid bson output.
- The specific function causing issues is `bsoncxx::to_json()`.
- The user mentions that GBK encoding might be related to the problem.

Step 2: Identify what essential information is missing from the issue report.
- Steps to reproduce the issue are not provided. Without these, it's difficult for others to replicate and understand the problem.
- Expected behavior is not described. It’s unclear what the user expects `bsoncxx::to_json()` to do with GBK encoding.
- Actual behavior is vaguely described as ""invalid bson"" without further details or error messages.
- Acceptance criteria are missing, meaning it's unclear how one would know if a solution works.
- Environment details such as operating system, version of MongoDB and mongocxx-driver, and any other relevant software configurations are not provided.

Step 3: Determine whether the issue can be acted upon without additional information.
Given the lack of detailed steps to reproduce, expected behavior, acceptance criteria, and environment specifics, a developer would likely need more information before they could effectively address",a115615b0d02340e,qwen2.5:14b,0,2026-06-17T18:19:12.749678,project_04,title_desc,incompleteness,cot
ISSUE-251233,Investigate issues with load path for macos-1012 variant,0,1,"Step 1: Identify the key information provided in the issue.
- The issue describes a problem with finding the dylib file on MacOS 10.12.
- It mentions that manually adding the path to the library to the DYLD_LIBRARY_PATH variable is currently necessary for example projects to work correctly.

Step 2: Determine what essential information is missing.
- Steps to reproduce the issue are not provided.
- Expected behavior and actual behavior are not clearly defined.
- There's no acceptance criteria or clear goal of what needs to be achieved.
- No specific environment details beyond MacOS 10.12 are given (e.g., version of the software, other system configurations).

Step 3: Evaluate if a developer can act on this issue without asking for more information.
- Given the lack of detailed steps and expected behavior, it would be challenging for a developer to understand exactly what needs to be fixed or how to verify that the fix works as intended.

Final Answer: Yes",3632d27b2a669166,qwen2.5:14b,0,2026-06-17T18:19:17.147616,project_04,title_desc,incompleteness,cot
ISSUE-252108,ReplicaSetMonitor should monitor arbiters,0,1,"Step 1: Analyze the provided information.
- The issue title indicates that ReplicaSetMonitor should monitor arbiters according to SDAM (Server Discovery and Monitoring).
- The description provides context from SDAM guidelines, mentioning that Mongos 2.6 does not currently monitor arbiters but suggests it is beneficial to do so in certain scenarios.

Step 2: Identify missing essential information.
- Steps to reproduce the issue are absent.
- Expected behavior is not clearly defined; there's no explicit statement of what should happen when monitoring arbiters.
- Acceptance criteria for resolving this issue are not provided.
- No specific environment details or affected components are mentioned (e.g., version numbers, operating systems).

Step 3: Determine if a developer can act on the issue without additional information.
Given the lack of clear reproduction steps and acceptance criteria, it would be challenging for a developer to implement a solution based solely on this description. The absence of these details means that developers cannot fully understand what needs to change or how to verify that the changes are correct.

Final Answer: Yes",3c43190a56e277db,qwen2.5:14b,0,2026-06-17T18:19:21.843263,project_04,title_desc,incompleteness,cot
ISSUE-250839,Add mongodb+srv URIs to Atlas Connectivity tests,0,1,"Step 1: Analyze the provided information.
- The title suggests that the task involves adding MongoDB+srv URIs to Atlas Connectivity tests.
- The description is incomplete and contains HTML and script tags which do not provide clear instructions or details.

Step 2: Identify missing essential information.
- Steps to reproduce the issue are completely absent.
- Expected behavior is not described; it's unclear what should happen after adding the MongoDB+srv URIs.
- Acceptance criteria are missing, so there’s no way to know when this task is complete.
- Affected components and environment details (such as which drivers or versions) are not specified.

Step 3: Determine if a developer can act on this issue without additional information.
- Given the lack of clear instructions, expected outcomes, and environmental specifics, it would be challenging for a developer to proceed with implementing this task effectively.

Final Answer: Yes",f3359a152b1c2112,qwen2.5:14b,0,2026-06-17T18:19:25.907679,project_04,title_desc,incompleteness,cot
ISSUE-252397,Add sparse option to ensureIndex,0,1,"Step 1: Identify the key information provided in the issue.
- The issue title and description indicate that there's no option to create a sparse index when using DBClientWithCommands::ensureIndex().
  
Step 2: Determine what essential information is missing.
- Steps to reproduce the problem are not given. It’s unclear how one would encounter or test this issue.
- Expected behavior isn't specified. What should happen if the sparse option were available?
- Actual behavior isn’t detailed beyond stating that it doesn’t exist currently.
- No acceptance criteria are provided, so there's no clear definition of what success looks like for resolving this issue.
- Environment details (such as database version or specific configurations) aren't mentioned.

Step 3: Evaluate if a developer can act on the issue without additional information.
- Given the lack of detailed steps to reproduce and expected behavior, it would be challenging for a developer to understand fully what needs to be done. They might need clarification about how sparse indexes should behave in this context and under which conditions they are necessary.

Final Answer: Yes",fad28d2c31f958a2,qwen2.5:14b,0,2026-06-17T18:19:30.534362,project_04,title_desc,incompleteness,cot
ISSUE-251366,Document that Windows users should build libbson without extra alignment,0,-1,"Step 1: Identify the key information provided in the issue.
- The issue describes a warning that occurs when compiling the mongo-cxx-driver-r3.1.1 under Windows with Visual Studio 2015.
- The warning is related to object allocation and alignment issues within the `bsoncxx::v_noabi::builder::core::impl` class.

Step 2: Identify what essential information is missing from the issue.
- Steps to reproduce the problem are not provided. Without these, it's unclear how other developers can replicate the issue.
- Expected behavior is not described. It’s important to know what should happen without this warning.
- Acceptance criteria for resolving the issue are absent. What needs to be done to consider the issue resolved?
- Environment details beyond ""Windows with Visual Studio 2015"" could help in understanding if it's specific to certain configurations or versions of Windows/Visual Studio.

Step 3: Determine whether a developer can act on this issue without asking for more information.
Given the lack of reproduction steps, expected behavior, and acceptance criteria, developers would likely need additional details before they can effectively address the warning. The absence of these critical pieces of information makes it difficult to proceed with resolving or even understanding the full scope of",6b113a0f3cef73da,qwen2.5:14b,0,2026-06-17T18:19:35.939192,project_04,title_desc,incompleteness,cot
ISSUE-252042,Quickstart Wiki Page,0,1,"Step 1: Identify the key information provided in the issue.
- The issue suggests creating a getting started guide.
- It mentions commands for installing dependencies like libbson and libmongoc, as well as the driver itself.
- A short hello world example is also suggested.

Step 2: Determine what essential information is missing from the issue.
- Steps to reproduce or verify the requirement are not provided.
- Expected behavior after following the guide is not clearly defined.
- Acceptance criteria for completing this task are absent.
- No specific environment details (e.g., operating system, version numbers) are mentioned.

Step 3: Evaluate if a developer can act on this issue without additional information.
Given the lack of detailed steps and acceptance criteria, it would be challenging for a developer to create an effective getting started guide. The absence of clear instructions means that there is room for interpretation, which could lead to inconsistencies or incomplete documentation.

Final Answer: Yes",42b6027c8ad553cf,qwen2.5:14b,0,2026-06-17T18:19:40.200048,project_04,title_desc,incompleteness,cot
