issue_id,title,ground_truth,prediction,raw_response,prompt_hash,model_version,temperature,timestamp_utc,project,input_mode,task,strategy
ISSUE-207056,Build badges in several github repos have stopped working,0,1,"Let's break it down:

1. The issue title conveys that there is a problem with build badges in several GitHub repositories.
2. The title does not suggest missing reproduction steps, expected behavior, or context. It simply states what has stopped working without providing any details on how to reproduce the issue or what the expected outcome should be.
3. While a developer might have some general knowledge about build badges and GitHub repositories, they would likely need more information to fully understand the scope of the problem.

Based on these observations, I conclude that the issue title suggests the issue is INCOMPLETE because it lacks essential details such as steps to reproduce, expected vs actual behavior, acceptance criteria, affected components, or environment details.

Final Answer: Yes",1e303a0d48ece291,llama3.1:8b,0,2026-06-17T10:44:45.092671,project_03,title_only,incompleteness,cot
ISSUE-206571,Indy-sdk integration,1,1,"Let's break it down:

1. The issue title ""Indy-sdk integration"" conveys that there is an integration problem related to Indy-sdk.
2. There is no indication of missing reproduction steps, expected behaviour, or context in this title. It does not mention anything about what should happen, how to reproduce the issue, or any specific details about the environment or components involved.
3. Based on the title alone, it's unlikely that a developer can fully understand the scope and nature of the problem without additional information.

Final Answer: Yes",4d6c64a06dcf2538,llama3.1:8b,0,2026-06-17T10:44:47.006166,project_03,title_only,incompleteness,cot
ISSUE-205754,Assist EV QA,1,1,"To determine if the issue is INCOMPLETE based on the given title ""Assist EV QA"", let's analyze it step by step:

1. **What information does this title convey?**
   - The title suggests a request for assistance related to Electric Vehicle (EV) Quality Assurance (QA). It implies that there might be some problem or need for support in this area but doesn't specify what the issue is.

2. **Does the title suggest missing reproduction steps, expected behaviour, or context?**
   - There's no mention of specific steps to reproduce an issue, expected behavior, actual behavior, acceptance criteria, affected components, or environment details. The title lacks specificity regarding these critical aspects of a software issue report.

3. **Can a developer understand the full scope from the title alone?**
   - Without additional context or description, it's challenging for a developer to fully comprehend what assistance is needed and how it relates to EV QA. This lack of clarity suggests that essential information might be missing.

Given these considerations, the issue seems INCOMPLETE because it lacks specific details about the problem, expected behavior, or affected components, making it difficult for developers to understand the full scope without additional context.

Final Answer: Yes",6f77edaf6a2befdb,llama3.1:8b,0,2026-06-17T10:44:50.307366,project_03,title_only,incompleteness,cot
ISSUE-206786,I should be able to load a .sovrin file from a URL directly into the CLI,0,0,"Let's break it down:

1. The issue title conveys that there is an expectation for a specific functionality in the CLI, but it does not provide any details on how to achieve this or what exactly happens when trying to load a .sovrin file from a URL.
2. The title does not suggest missing reproduction steps (it's not clear what steps would be needed), expected behaviour (what should happen when loading the file?), or context (environment, affected components).
3. While a developer might infer some context based on their knowledge of the system and CLI functionality, they cannot fully understand the scope from the title alone without additional information.

However, upon closer inspection, I notice that the issue title does mention ""expected behaviour"" implicitly - it states what should be possible (""I should be able to...""). This is a subtle hint at expected behavior. 

Given this analysis, I would say:

Final Answer: No",db3c414b9b59647f,llama3.1:8b,0,2026-06-17T10:44:53.029857,project_03,title_only,incompleteness,cot
ISSUE-206184,Configurations should contain certain version of pip,1,1,"Let's break it down:

1. The issue title conveys that there is a requirement for configurations to contain a specific version of pip. It mentions a specific condition (version of pip) but does not provide context on why this is necessary or what the expected outcome should be.
2. The title does not suggest missing reproduction steps, as it's more of a declarative statement rather than an action-oriented one. However, it lacks information about expected vs actual behaviour and acceptance criteria, which are crucial for understanding the issue's scope.
3. While a developer might infer that this is related to configuration management or dependency resolution, they would likely need additional context (e.g., from the description) to fully understand why this specific version of pip is required.

Considering these points, I conclude that the title suggests the issue is INCOMPLETE because it lacks essential information such as expected vs actual behaviour and acceptance criteria.

Final Answer: Yes",a049174b57d989cc,llama3.1:8b,0,2026-06-17T10:44:55.728261,project_03,title_only,incompleteness,cot
ISSUE-205916,read_ledger tool is not able to read the sovrin plugin ledger,0,1,"Let's break down the issue title:

1. The title conveys that there is an issue with a specific tool called ""read_ledger"" and its interaction with another component, the ""sovrin plugin ledger"". It implies that something is not working as expected.
2. Upon closer inspection, I notice that the title does mention a specific context (the sovrin plugin ledger), but it doesn't explicitly state steps to reproduce, expected vs actual behavior, acceptance criteria, affected components, or environment details. However, it's worth noting that the title implies a problem with a specific tool and its interaction with another component, which might suggest some understanding of the context.
3. While the title provides some context, it is still quite vague and doesn't provide enough information for a developer to fully understand the scope of the issue without further investigation.

Considering these points, I would say that this issue title suggests missing essential information such as steps to reproduce, expected vs actual behavior, acceptance criteria, affected components, or environment details. Therefore:

Final Answer: Yes",b064310dcfcff784,llama3.1:8b,0,2026-06-17T10:44:58.830466,project_03,title_only,incompleteness,cot
ISSUE-206000,AttributeError: 'NoneType' object has no attribute 'request' during load,0,1,"Let's break it down:

1. The issue title conveys that there is an AttributeError with a specific message during the load process.
2. The title does not suggest missing reproduction steps, expected behaviour, or context. It appears to be a concise description of an error message.
3. While the title provides some context about the error, it lacks essential information such as:
	* Steps to reproduce the issue
	* Expected vs actual behavior
	* Acceptance criteria
	* Affected components
	* Environment details

Based on this analysis, I would conclude that the issue is likely INCOMPLETE because it does not provide enough context for a developer to fully understand and address the problem.

Final Answer: Yes",0d0cbae2d5ed551a,llama3.1:8b,0,2026-06-17T10:45:01.203458,project_03,title_only,incompleteness,cot
ISSUE-207179,Make sure Nodes upgrade eagerly,1,0,"Let's break it down:

1. The issue title ""Make sure Nodes upgrade eagerly"" conveys a specific requirement related to node upgrades.
2. There is no indication of missing reproduction steps, expected behavior, or context in this title. It appears to be a clear statement of what the system should do.
3. A developer can likely understand the full scope from the title alone, as it specifies a specific action (upgrading nodes eagerly) that seems self-explanatory.

Final Answer: No",35f2707475a8f795,llama3.1:8b,0,2026-06-17T10:45:03.018198,project_03,title_only,incompleteness,cot
ISSUE-207175,Testing: do a lot of concurrent writes and reads to same values,0,1,"Let's break it down:

1. The issue title conveys that there is some kind of testing scenario involving concurrent writes and reads to the same values.
2. The title does not explicitly suggest missing reproduction steps, expected behaviour, or context. However, it implies a specific testing scenario, which might be related to performance or concurrency issues.
3. While the title gives an idea of what's being tested, it doesn't provide enough information for a developer to fully understand the scope and requirements of the issue.

Considering these points, I would say that the issue is likely INCOMPLETE because it lacks essential details such as expected vs actual behaviour, acceptance criteria, affected components, or environment details.

Final Answer: Yes",3f8661d94acac5ec,llama3.1:8b,0,2026-06-17T10:45:05.195354,project_03,title_only,incompleteness,cot
ISSUE-205301,Responses to client validator info requests very slow on a StagingNet node,0,1,"Let's break it down:

1. The issue title conveys that there is a performance problem with responses to client validator info requests on a specific environment (StagingNet node).
2. The title does not suggest missing reproduction steps, expected behaviour, or context. It implies that the issue is related to slow response times, but it doesn't provide any details about how to reproduce the issue or what the expected vs actual behavior should be.
3. While a developer might have some idea of what's going on based on the title alone, they would likely need more information to fully understand the scope and context of the issue.

Based on these observations, I conclude that the issue is INCOMPLETE because it lacks essential information such as steps to reproduce, expected vs actual behavior, acceptance criteria, affected components, or environment details.

Final Answer: Yes",2cf94069a39f19de,llama3.1:8b,0,2026-06-17T10:45:07.876701,project_03,title_only,incompleteness,cot
ISSUE-206412,Create Entity Relationship Diagram of current ledger objects including primary and secondary keys used to link each object together.,0,0,"Let's analyze the issue title step by step:

1. The title conveys that it is about creating an Entity Relationship Diagram (ERD) for current ledger objects, including primary and secondary keys used to link each object together. This suggests a specific task or requirement.
2. There is no indication of missing reproduction steps, expected behavior, or context in the title itself. It does not mention anything about how to reproduce the issue, what should happen versus what actually happens, or any relevant environment details.
3. While the title provides some context and clarity on what needs to be done (creating an ERD), it is still somewhat vague and lacks essential information that would allow a developer to fully understand the scope of the task without further investigation.

However, upon closer inspection, I notice that the title does mention specific requirements such as ""primary and secondary keys used to link each object together"", which implies some understanding of the system's architecture. This might be enough for a developer to infer the necessary steps or context, but it still falls short in providing explicit details about affected components, environment details, or acceptance criteria.

Considering these points, I would conclude that the issue title suggests the issue is INCOMPLETE because it lacks essential information such as affected components and possibly other details that are not",c46298738294881a,llama3.1:8b,0,2026-06-17T10:45:11.453323,project_03,title_only,incompleteness,cot
ISSUE-206580,Explore: Can doing a ping in the Getting Started Tutorial delete the active wallet,0,0,"Let's break down the issue title:

1. The title conveys that it is related to an ""Explore"" feature and asks about the behavior of doing a ping in the Getting Started Tutorial on deleting the active wallet.
2. The title does not explicitly mention steps to reproduce, expected vs actual behaviour, acceptance criteria, affected components, or environment details.
3. However, the title provides sufficient context for a developer to understand that it is related to a specific tutorial and feature, which might be enough to infer some of the missing information.

Considering these points, I would say:

Final Answer: No",782e43830cda8396,llama3.1:8b,0,2026-06-17T10:45:13.537281,project_03,title_only,incompleteness,cot
ISSUE-206497,Unclear messages appear during reading transactions,0,1,"Let's analyze the issue title step by step:

1. The title ""Unclear messages appear during reading transactions"" conveys that there is an issue with unclear messages being displayed, but it doesn't provide any context or details about what these messages are, why they're unclear, or how to reproduce them.
2. The title does not explicitly suggest missing reproduction steps, expected behavior, or context. However, it implies a problem without providing enough information for a developer to understand the issue thoroughly.
3. Based on the title alone, a developer cannot fully understand the scope of the issue. They would need more information about what these unclear messages are, how they're related to reading transactions, and possibly other details.

Considering these points, I conclude that the issue title suggests the issue is INCOMPLETE because it lacks essential information for a developer to fully comprehend the problem.

Final Answer: Yes",3401995fa7abaa45,llama3.1:8b,0,2026-06-17T10:45:16.268532,project_03,title_only,incompleteness,cot
ISSUE-205266,1.10.0 Release,1,1,"Let's analyze the issue title step by step:

1. The title ""1.10.0 Release"" conveys that it is related to a specific version of the software, but it does not provide any details about what specifically went wrong or needs attention.
2. The title does not suggest missing reproduction steps, expected behaviour, or context. It appears to be more of an identifier for a release rather than a description of a problem.
3. Based on this title alone, a developer may not have enough information to understand the full scope of what is being requested or reported.

Given these observations, I would conclude that the issue title suggests the issue is INCOMPLETE because it lacks essential details about the problem or requirement.

Final Answer: Yes",8bd8d9b3b4715139,llama3.1:8b,0,2026-06-17T10:45:18.677074,project_03,title_only,incompleteness,cot
ISSUE-206591,Incubation: Remove all non-Indy branding from indy-anoncreds repo,0,1,"Let's analyze the issue title step by step:

1. The title ""Incubation: Remove all non-Indy branding from indy-anoncreds repo"" conveys that it is related to removing non-Indy branding from a specific repository, but it does not provide any context about why this needs to be done or what the expected outcome should be.
2. The title does not suggest missing reproduction steps, as it appears to be a one-time task rather than a reproducible issue. It also doesn't mention expected behavior or actual behavior, which are common in INCOMPLETE issues.
3. While a developer might understand that this is a task related to removing branding from a repository, they may still need additional context about the scope of work, such as what specific branding needs to be removed and why.

However, upon closer inspection, I notice that the title does mention ""Remove all non-Indy branding"", which implies some understanding of what needs to be done. But it's still missing essential information like acceptance criteria or environment details.

Considering these points, I would say that this issue is likely INCOMPLETE because it lacks specific details about the scope and requirements of the task.

Final Answer: Yes",5447e21b45426cff,llama3.1:8b,0,2026-06-17T10:45:22.107117,project_03,title_only,incompleteness,cot
ISSUE-207055,Make the tests working using pure pytest,1,1,"Let's break it down:

1. The issue title ""Make the tests working using pure pytest"" conveys that the user wants to use Pytest for testing and is having issues making it work.
2. There is no indication of missing reproduction steps, expected behavior, or context in this title. It does not mention what specifically is not working about the tests or what the desired outcome should be.
3. A developer may have some idea of what the user wants to achieve (i.e., use Pytest for testing), but they would likely need more information to fully understand the scope and requirements of the issue.

Based on these observations, I conclude that this title suggests the issue is INCOMPLETE because it lacks essential details such as steps to reproduce, expected vs actual behavior, acceptance criteria, affected components, or environment details.

Final Answer: Yes",7d36267fdd8c0d61,llama3.1:8b,0,2026-06-17T10:45:24.585502,project_03,title_only,incompleteness,cot
ISSUE-206198,The node blacklisted the remaining nodes during network problems,0,0,"Let's analyze the issue title step by step:

1. The title ""The node blacklisted the remaining nodes during network problems"" conveys that there is an issue with node behavior in a specific context (network problems). It mentions a specific action taken by the node (blacklisting) and its impact on other nodes.
2. Upon closer inspection, I don't see any obvious missing information regarding reproduction steps, expected vs actual behaviour, acceptance criteria, affected components, or environment details. The title seems to provide enough context about what happened.
3. While a developer might need more information to fully understand the issue and its implications, the title alone provides sufficient context for them to grasp the problem's essence.

Considering these points, I would conclude that the issue title is not missing essential information, so...

Final Answer: No",f4e069d7f95253d0,llama3.1:8b,0,2026-06-17T10:45:27.142641,project_03,title_only,incompleteness,cot
ISSUE-205670,Tests using the sdk fail on the master branch,0,1,"Let's break it down:

1. The issue title conveys that there is a problem with tests using the SDK on the master branch.
2. The title does not suggest missing reproduction steps, expected behaviour, or context. It simply states the problem without providing any details on how to reproduce it, what the expected outcome should be, or where the issue occurs.
3. A developer may have some idea of the scope from the title alone, but they would likely need more information to fully understand and address the issue.

Based on these observations, I conclude that the issue is INCOMPLETE because essential information such as steps to reproduce, expected vs actual behaviour, acceptance criteria, affected components, or environment details are missing.

Final Answer: Yes",f6363c0854d08074,llama3.1:8b,0,2026-06-17T10:45:29.474781,project_03,title_only,incompleteness,cot
ISSUE-205185,Write a script to upgrade audit ledger for the new state recovered from ledger,0,1,"Let's break down the issue title:

1. The title mentions ""Write a script"", which implies that it is asking for a specific piece of code to be written. This suggests that the issue is related to development, but does not provide enough context about what the script should do.
2. There is no mention of steps to reproduce, expected vs actual behaviour, or acceptance criteria in the title. However, the title does imply that there is some kind of problem with the audit ledger and a new state has been recovered from it.
3. While the title gives an idea of what needs to be done (writing a script), it does not provide enough context about why this script is needed or how it will solve the problem.

Based on these observations, I would say that the issue title suggests that the issue is INCOMPLETE because it lacks essential information such as expected vs actual behaviour and acceptance criteria. A developer may need to dig into the description (if available) or ask for clarification before fully understanding the scope of the issue.

Final Answer: Yes",5e991db5d82b517b,llama3.1:8b,0,2026-06-17T10:45:32.472527,project_03,title_only,incompleteness,cot
ISSUE-205803,Find out maximal pool performance numbers for mixed mode (read and write),0,1,"Let's break it down:

1. The issue title conveys that the user wants to know the maximum performance numbers for a specific scenario involving mixed mode operations (read and write). It provides some context about what is being asked, but it doesn't provide any details on how to reproduce the scenario or what exactly ""maximal pool performance numbers"" means in this context.
2. The title does not explicitly suggest missing reproduction steps, expected behaviour, or context. However, it implies that there might be more information needed to fully understand the request, such as specific metrics being referred to or the environment in which these operations occur.
3. While a developer can get an idea of what is being asked from the title alone, they may still need additional information to fully comprehend the scope and requirements of this issue.

Considering these points, I would say that the issue title suggests missing essential information, specifically context about what ""maximal pool performance numbers"" means in this scenario. Therefore:

Final Answer: Yes",d3bec684ec4275c3,llama3.1:8b,0,2026-06-17T10:45:35.386617,project_03,title_only,incompleteness,cot
ISSUE-206213,Read-ledger without storage copy in case of RocksDB (RocksDB read-only mode support),0,0,"Let's analyze the issue title step by step:

1. The title conveys that there is an issue related to reading a ledger without a storage copy in a specific scenario involving RocksDB, which is in read-only mode.
2. The title does not suggest missing reproduction steps, expected behavior, or context. It appears to be a clear statement of the problem.
3. While the title provides some context about the specific scenario (RocksDB read-only mode support), it does not provide enough information for a developer to fully understand the scope of the issue without additional details.

However, upon closer inspection, I notice that the title mentions ""Read-ledger"" which implies there is an expected behavior or outcome. Additionally, the mention of ""RocksDB read-only mode support"" provides some context about the environment and affected components.

Considering these points, while the title does not explicitly state steps to reproduce or acceptance criteria, it does provide enough information for a developer to understand the general problem area and potentially identify related components or environments.

Final Answer: No",312d703bd9aa3cbf,llama3.1:8b,0,2026-06-17T10:45:38.427930,project_03,title_only,incompleteness,cot
ISSUE-205553,Node that does not upgrade spams the config ledger,1,1,"Let's break down the issue title:

1. The title conveys that there is an issue with a ""Node"" that does not upgrade and it spams the config ledger. This suggests that something unexpected is happening, but we don't have enough information to understand what exactly is going on.
2. The title doesn't explicitly mention steps to reproduce, expected vs actual behavior, or context such as environment details. However, it implies a specific situation (a node not upgrading) and an undesirable outcome (spamming the config ledger).
3. While the title gives some context about the issue, it's unlikely that a developer can fully understand the scope of the problem from this title alone. The title raises more questions than answers: What is the expected behavior? Why isn't the node upgrading? What are the consequences of spamming the config ledger?

Based on these observations, I would say that the issue title suggests the issue is INCOMPLETE because it lacks essential information to fully understand the problem.

Final Answer: Yes",273927f7c071af1f,llama3.1:8b,0,2026-06-17T10:45:41.392171,project_03,title_only,incompleteness,cot
ISSUE-206193,[QA] Script for filling the ledger doesn't work,0,1,"Let's break it down:

1. The issue title conveys that there is a problem with a script used by QA for filling the ledger.
2. The title does not suggest missing reproduction steps, expected behaviour, or context. It simply states the problem without providing any details on how to reproduce it, what the expected outcome should be, or where the issue occurs.
3. A developer may have some idea of the general area where the issue lies (QA script for ledger), but they would likely need more information to fully understand the scope and context of the issue.

Based on these observations, I conclude that the issue title suggests the issue is INCOMPLETE because it lacks essential details such as steps to reproduce, expected vs actual behaviour, acceptance criteria, affected components, or environment details.

Final Answer: Yes",b713719f15df6855,llama3.1:8b,0,2026-06-17T10:45:43.907038,project_03,title_only,incompleteness,cot
ISSUE-207334,Send NYM command is not executed on Shakedown Pool 1,0,1,"Let's analyze the issue title step by step:

1. The title ""Send NYM command is not executed on Shakedown Pool 1"" conveys that there is an issue with a specific command being sent to a particular pool.
2. The title does not suggest missing reproduction steps, expected behavior, or context. It simply states what the problem is, but doesn't provide any information about how to reproduce it, what should happen instead, or where this issue occurs.
3. While a developer might be able to infer some context from the title (e.g., that NYM stands for something related to network management), they would likely need additional information to fully understand the scope of the issue.

Based on these observations, I conclude that the issue is INCOMPLETE because it lacks essential information such as steps to reproduce, expected vs actual behavior, acceptance criteria, affected components, or environment details.

Final Answer: Yes",66e0eeb009c9d6fb,llama3.1:8b,0,2026-06-17T10:45:46.724829,project_03,title_only,incompleteness,cot
ISSUE-206998,roll back default where zmq high water mark = 0,1,0,"Let's analyze the issue title step by step:

1. The title ""roll back default where zmq high water mark = 0"" conveys specific information about a condition related to ZeroMQ (zmq) and its high water mark setting.
2. The title does not suggest missing reproduction steps, expected behavior, or context. It appears to be a clear statement of a specific scenario.
3. A developer should be able to understand the full scope from the title alone, as it specifies a condition that triggers a particular action (rolling back default).

Based on this analysis, I conclude that the issue is likely not INCOMPLETE.

Final Answer: No",1d24a1a04ec86f66,llama3.1:8b,0,2026-06-17T10:45:48.935932,project_03,title_only,incompleteness,cot
ISSUE-206222,Errors with configs during installation,1,1,"Let's break it down:

1. The issue title ""Errors with configs during installation"" conveys that there is an error related to configuration settings during the software installation process.
2. The title does not suggest missing reproduction steps, expected behaviour, or context. It implies a problem occurred but doesn't specify how to reproduce it, what was supposed to happen, or any specific details about the environment or components involved.
3. A developer might have some idea of what could be causing the issue based on the title alone, but they would likely need more information to fully understand the scope and requirements for fixing the problem.

Given these points, I conclude that the issue is INCOMPLETE because it lacks essential information such as steps to reproduce, expected vs actual behaviour, acceptance criteria, affected components, or environment details.

Final Answer: Yes",5dcc4152c2f9d006,llama3.1:8b,0,2026-06-17T10:45:51.442037,project_03,title_only,incompleteness,cot
ISSUE-207211,Node crashes if out of disk space,0,1,"Let's break it down:

1. The issue title ""Node crashes if out of disk space"" conveys that there is a problem with the node crashing due to low disk space, but it doesn't provide any details on how to reproduce the issue or what exactly happens when it crashes.
2. The title does not explicitly suggest missing reproduction steps, expected behaviour, or context. However, it implies that some additional information might be necessary for a developer to fully understand and address the issue.
3. While a developer can infer that there is an issue with disk space causing node crashes, they may still need more information to fully comprehend the scope of the problem, such as steps to reproduce, expected vs actual behavior, or affected components.

Considering these points, I would say that the title suggests the issue might be INCOMPLETE because it lacks essential details for a developer to fully understand and address the problem.

Final Answer: Yes",24cc4fe68778c191,llama3.1:8b,0,2026-06-17T10:45:54.157909,project_03,title_only,incompleteness,cot
ISSUE-205565,Unable to choose volume type using pool automation scripts,0,0,"Let's break it down:

1. The issue title conveys that there is an issue with choosing volume type using pool automation scripts.
2. The title does not suggest missing reproduction steps, expected behaviour, or context. It appears to be a clear statement of the problem.
3. A developer may still need additional information to fully understand the scope and requirements of the issue.

However, considering that the task is to determine if the issue is INCOMPLETE based on the title alone, I would say:

Final Answer: No",9fd0e9b197da1c3a,llama3.1:8b,0,2026-06-17T10:45:56.084375,project_03,title_only,incompleteness,cot
ISSUE-205746,1.6.74 Release,1,0,"Let's break it down:

1. The issue title ""1.6.74 Release"" conveys that this is likely related to a specific software version or release.
2. There is no indication of missing reproduction steps, expected behaviour, or context in the title itself.
3. Based on the title alone, it's unlikely that a developer can understand the full scope of the issue without additional information.

Final Answer: No",bf153c7602af0108,llama3.1:8b,0,2026-06-17T10:45:57.862647,project_03,title_only,incompleteness,cot
ISSUE-207177,"Ledgers """"stall"""" gracefully",1,1,"Let's analyze the issue title step by step:

1. The title ""Ledgers """"stall"""" gracefully"" conveys that there is an issue with ledgers stalling, but it doesn't provide any context or details about what ""gracefully"" means in this context.
2. The title does not explicitly suggest missing reproduction steps, expected behavior, or context. However, the lack of specific information about what ""stall"" and ""gracefully"" mean implies that there might be missing essential details.
3. A developer may have some idea of what is meant by ""stall"", but without more context, it's difficult to understand the full scope of the issue.

Based on these observations, I would conclude that the title suggests the issue is INCOMPLETE because it lacks essential information about the expected behavior and context.

Final Answer: Yes",b5ccd95e9f68ffff,llama3.1:8b,0,2026-06-17T10:46:00.495343,project_03,title_only,incompleteness,cot
ISSUE-207246,Sovrin-Client: Show command cannot show files with space in the name,0,1,"Let's break down the issue title:

1. The title conveys that there is an issue with the ""Show command"" in the Sovrin-Client related to files with spaces in their names.
2. The title does not suggest missing reproduction steps, expected behavior, or context. It appears to be a clear statement of the problem.
3. While the title provides some context about the specific feature affected (Sovrin-Client) and the nature of the issue (files with spaces), it is still possible for a developer to understand the full scope from this title alone.

However, upon closer inspection, I notice that the title does not explicitly mention expected vs actual behavior or acceptance criteria. It also doesn't provide environment details or affected components beyond mentioning Sovrin-Client.

Given these observations, I would say that the issue is likely INCOMPLETE because it lacks essential information such as steps to reproduce and expected vs actual behavior.

Final Answer: Yes",98973c5c51dc2c56,llama3.1:8b,0,2026-06-17T10:46:03.300691,project_03,title_only,incompleteness,cot
ISSUE-207346,Unexpected behavior of the testSendNodeSucceedsIfServicesIsMissed test,0,1,"Let's break it down:

1. The issue title conveys that there is an unexpected behavior related to a specific test case.
2. The title does not suggest missing reproduction steps, expected behavior, or context. It implies that something unexpected happened during the execution of this test case.
3. However, the title lacks essential information such as:
	* Steps to reproduce the issue
	* Expected vs actual behavior (it only mentions ""unexpected behavior"", but it's unclear what was expected)
	* Acceptance criteria for this specific test case
	* Affected components or environment details

Given that the title is missing some of these crucial pieces of information, I would conclude:

Final Answer: Yes",0803c616547ffafd,llama3.1:8b,0,2026-06-17T10:46:05.642558,project_03,title_only,incompleteness,cot
ISSUE-207079,Node with malformed ldb files has inconsistent behavior,0,1,"Let's break it down:

1. The issue title conveys that there is an inconsistency in behavior related to nodes with malformed ldb files.
2. The title does not suggest missing reproduction steps, expected behavior, or context. It implies a specific condition (malformed ldb files) and its effect (inconsistent behavior), but it doesn't provide any information on how to reproduce the issue or what the expected behavior should be.
3. While a developer might have some idea of what ""ldb files"" are and what kind of system this is related to, they would likely need more context and information to fully understand the scope of the issue.

Based on these observations, I conclude that the issue title suggests the issue is INCOMPLETE because it lacks essential information such as steps to reproduce, expected vs actual behavior, acceptance criteria, affected components, or environment details.

Final Answer: Yes",779d51663fe10a63,llama3.1:8b,0,2026-06-17T10:46:08.293178,project_03,title_only,incompleteness,cot
ISSUE-205870,Node can't catch up large ledger,1,1,"Let's break it down:

1. The issue title ""Node can't catch up large ledger"" conveys that there is an issue with a node in a system not being able to keep up with a large ledger, but it doesn't provide any context or details about what this means.
2. The title does not suggest missing reproduction steps (it's unlikely someone would know how to reproduce the issue just from the title), expected behaviour (what is the expected behaviour of a node in this situation?), or context (what system is being referred to, and what are the implications of a node not catching up with a ledger?).
3. A developer may have some idea about the general problem domain, but they would likely need more information to fully understand the scope of the issue.

Based on these observations, I conclude that the issue title suggests the issue is INCOMPLETE because it lacks essential information such as steps to reproduce, expected vs actual behaviour, acceptance criteria, affected components, or environment details.

Final Answer: Yes",dbcfb26e4a59ee1f,llama3.1:8b,0,2026-06-17T10:46:11.233544,project_03,title_only,incompleteness,cot
ISSUE-207163,F-value tests: How many nodes can I lose before the network stops? Is it 2f+1? Is it n-f?,0,1,"Let's analyze the issue title step by step:

1. The title conveys that it is related to F-value tests and asks about the number of nodes that can be lost before the network stops, as well as a specific formula (2f+1) and another value (n-f). This suggests that there are multiple questions being asked.
2. The title does not explicitly mention steps to reproduce, expected behavior, or context such as affected components or environment details.
3. While the title provides some context about F-value tests, it is unclear what specific network is being referred to and how the loss of nodes would affect its operation. Additionally, the questions about formulas suggest that there may be underlying assumptions or requirements that are not explicitly stated.

Based on this analysis, I conclude that the issue title suggests missing essential information such as context, affected components, and possibly expected behavior.

Final Answer: Yes",85c570e39277ac7d,llama3.1:8b,0,2026-06-17T10:46:13.949969,project_03,title_only,incompleteness,cot
ISSUE-205602,Write and Read request flow,1,0,"Let's break it down:

1. The issue title ""Write and Read request flow"" conveys that there is some kind of problem related to how data is written and read in a system, but it doesn't provide any specific details about what the problem is or where it occurs.
2. The title does not suggest missing reproduction steps (it's too vague), expected behaviour (we don't know what the desired outcome is), or context (what kind of system, component, etc.).
3. A developer might be able to make some educated guesses about the issue based on the title alone, but they would likely need more information to fully understand the scope and requirements.

However, considering that the title does mention a specific aspect of the system (""Write and Read request flow""), it's possible that the issue is not entirely missing essential information. The title might be considered sufficient for some developers to start working on the issue, especially if they are familiar with the system in question.

But, since we're looking for a definitive answer based solely on the title, I would say:

Final Answer: No",900758d0fd612e16,llama3.1:8b,0,2026-06-17T10:46:17.059580,project_03,title_only,incompleteness,cot
ISSUE-207255,Sovrin-Client: Show file command of not much use,0,1,"Let's analyze the issue title step by step:

1. The title ""Sovrin-Client: Show file command of not much use"" conveys that there is an issue with the Sovrin-Client, specifically with a command related to showing files. However, it doesn't provide any context about what exactly is wrong with this command.
2. The title does not suggest missing reproduction steps (e.g., ""Steps to reproduce: ...""), expected behavior (e.g., ""Expected result: ...""), or context (e.g., environment details).
3. Based on the title alone, a developer may have some idea of what the issue is related to, but they would likely need more information to fully understand the scope and requirements for fixing this issue.

Given that the title does not provide essential information such as steps to reproduce, expected behavior, or context, I conclude:

Final Answer: Yes",9953b75f2e24ba54,llama3.1:8b,0,2026-06-17T10:46:19.811809,project_03,title_only,incompleteness,cot
ISSUE-205400,Update docs for Transaction Author agreement,0,1,"Let's break it down:

1. The issue title ""Update docs for Transaction Author agreement"" conveys that there is an update needed to documentation related to a specific agreement.
2. There is no indication of missing reproduction steps, expected behavior, or context in the title itself.
3. While a developer might be able to infer some context from the title (e.g., it's related to a business process), they would likely need additional information to fully understand the scope and requirements of the update.

Based on these observations, I conclude that the issue is INCOMPLETE because essential details such as steps to reproduce, expected vs actual behavior, acceptance criteria, affected components, or environment details are not provided in the title.

Final Answer: Yes",e20f8dcc30d990fe,llama3.1:8b,0,2026-06-17T10:46:22.158372,project_03,title_only,incompleteness,cot
ISSUE-205519,Incorrect pool upgrade txn validation,1,-1,"To determine whether the issue is INCOMPLETE based on the given title ""Incorrect pool upgrade txn validation"", let's analyze it step by step:

1. **Information Conveyed**: The title mentions two specific aspects of a system or application: 
   - It talks about an ""upgrade"" which implies some form of change or modification to the current state.
   - It specifically mentions ""txn validation,"" indicating that there is an issue with how transactions are validated during this upgrade process.

2. **Missing Information**: The title does not explicitly mention steps to reproduce, expected vs actual behavior, acceptance criteria, affected components, or environment details. However, it's worth noting that the term ""validation"" implies a comparison between what should happen and what actually happens, which could be interpreted as hinting at an issue with expected vs actual behavior.

3. **Understanding Scope from Title Alone**: While the title gives a clear indication of where the problem lies (in the validation process of pool upgrades), it does not provide enough context for a developer to fully understand the scope without additional information. For instance, what constitutes ""incorrect"" in this context? What are the specific conditions under which this issue occurs?

Given these considerations, while the title provides some insight into where the problem lies, it lacks",cff56c60ec345aa1,llama3.1:8b,0,2026-06-17T10:46:25.620178,project_03,title_only,incompleteness,cot
ISSUE-205808,Performance of monitor should be improved,0,1,"Let's break it down:

1. The issue title conveys that there is a performance problem with the monitor, but it doesn't specify what exactly needs to be improved.
2. There is no indication of missing reproduction steps, expected behavior, or context in this title. It seems like a high-level statement rather than a specific problem description.
3. A developer might have some idea about the scope from the title alone, but they would likely need more information to fully understand and address the issue.

Considering these points, I think the issue is INCOMPLETE because it lacks essential details such as steps to reproduce, expected vs actual behavior, acceptance criteria, affected components, or environment details.

Final Answer: Yes",3e77bf5637beee9e,llama3.1:8b,0,2026-06-17T10:46:27.888517,project_03,title_only,incompleteness,cot
ISSUE-205232,PBFT View Change Debug: Part 2,1,-1,"To determine whether the issue is INCOMPLETE based on the given title ""PBFT View Change Debug: Part 2"", let's analyze it step by step:

1. **Information Conveyed**: The title suggests that there is a debugging effort related to PBFT (a consensus algorithm used in distributed systems) and specifically mentions ""View Change"" which indicates a particular aspect of the system being debugged. It also labels this as part 2, implying it's a continuation or follow-up from another issue.

2. **Missing Information**: The title does not explicitly mention steps to reproduce the issue, expected vs actual behavior, acceptance criteria, affected components, or environment details. However, given that it's labeled ""Debug: Part 2"", one might infer that some context is assumed due to its continuation nature and the specific technical terms used.

3. **Understanding Scope from Title Alone**: While a developer familiar with PBFT and distributed systems might have a good idea of what ""View Change Debug"" entails, the title alone does not provide enough information for someone unfamiliar with these specifics to fully understand the scope or context of the issue without additional details.

Given this analysis, while the title provides some context, it is missing essential information that would allow anyone (not just those familiar with",39bd28b1a8107296,llama3.1:8b,0,2026-06-17T10:46:31.342243,project_03,title_only,incompleteness,cot
ISSUE-206367,Knowledge transfer on Indy build processes,1,1,"Let's break it down:

1. The issue title ""Knowledge transfer on Indy build processes"" conveys that there is an issue related to sharing knowledge about building processes for a specific project or component called ""Indy"".
2. The title does not suggest missing reproduction steps, expected behaviour, or context. It appears to be more of a high-level description of the problem.
3. While it's possible to infer some context from the title (e.g., that it's related to building processes), it's unlikely that a developer can fully understand the scope and requirements from this title alone.

Based on these observations, I would conclude that the issue is likely INCOMPLETE because essential information such as steps to reproduce, expected vs actual behaviour, acceptance criteria, affected components, or environment details are not provided in the title.

Final Answer: Yes",4ff29d27912411a6,llama3.1:8b,0,2026-06-17T10:46:33.793676,project_03,title_only,incompleteness,cot
ISSUE-205283,Support ubuntu 20.04 in system tests,0,-1,"Let's break it down:

1. The issue title conveys that there is a request to add support for Ubuntu 20.04 in system tests.
2. The title does not suggest missing reproduction steps, expected behaviour, or context. It appears to be a high-level requirement rather than a specific bug report.
3. While the title gives some context about what needs to be done (adding support), it is likely that additional information would be needed for a developer to fully understand the scope of work required.

However, considering the task at hand, I must determine if the issue is INCOMPLETE based on the provided information. Since the title does not explicitly mention missing essential information such as steps to reproduce, expected vs actual behaviour, acceptance criteria, affected components, or environment details, it's possible that these details are assumed to be known or will be provided in a description.

But, given the task's strict interpretation, I must err on the side of caution and consider if the title alone is sufficient for a developer to understand the issue. In this case, while the title provides some context, it may not be enough for a developer to fully comprehend the requirements without additional information.

Therefore, considering the possibility that essential details might be missing or assumed, I would lean towards:

Final",b851d42135a5bf12,llama3.1:8b,0,2026-06-17T10:46:37.330328,project_03,title_only,incompleteness,cot
ISSUE-206407,generate_indy_pool_transactions can be run only by indy user,0,1,"Let's break it down:

1. The issue title conveys that there is some functionality related to generating Indy pool transactions, but only accessible by an ""indy user"". This suggests a specific requirement or constraint.
2. There is no indication of missing reproduction steps, expected behavior, or context in the title itself. It appears to be a straightforward statement about access control for a specific feature.
3. While it's possible that a developer might infer some context from the title (e.g., ""indy"" could refer to an identity or a user type), they would likely need additional information to fully understand the scope of the issue.

Given these observations, I conclude that the issue title is missing essential information for a complete understanding. Therefore:

Final Answer: Yes",4f4ad8f62c62b270,llama3.1:8b,0,2026-06-17T10:46:39.759523,project_03,title_only,incompleteness,cot
ISSUE-206381,ATTRIB transaction with ENC and HASH doesn't work,0,1,"Let's break it down:

1. The issue title conveys that there is a problem with an ATTRIB transaction when using ENC and HASH.
2. The title does not suggest missing reproduction steps, expected behaviour, or context. It appears to be a clear statement of the problem.
3. A developer can understand the full scope from the title alone: they know what's failing (ATTRIB transaction), under what conditions (with ENC and HASH), but not why it's failing.

However, upon closer inspection, I notice that the issue title does mention specific components (ENC and HASH) which are likely related to the affected components. But it still lacks essential information such as expected vs actual behaviour or acceptance criteria.

But wait... The title also mentions a specific transaction type (ATTRIB), which might imply some understanding of the expected behavior, but it's not explicitly stated.

Considering all this, I would say that while the issue title is quite informative, it still falls short in providing essential information. It doesn't explicitly state what the expected vs actual behaviour should be or provide acceptance criteria.

Final Answer: Yes",0c07f88b1b67ea47,llama3.1:8b,0,2026-06-17T10:46:42.884120,project_03,title_only,incompleteness,cot
ISSUE-205817,Research performance of static validation against message schema,1,1,"Let's break it down:

1. The issue title ""Research performance of static validation against message schema"" conveys that the issue is related to performance testing and validation of a specific feature or component.
2. There is no indication in the title about steps to reproduce, expected vs actual behavior, acceptance criteria, affected components, or environment details. It seems to be focused on a high-level research task rather than a specific problem or defect.
3. While a developer might have some idea what this issue is about, they would likely need more context and information to fully understand the scope of the work required.

Based on these observations, I conclude that the issue title suggests the issue is INCOMPLETE because it lacks essential details such as steps to reproduce, expected behavior, or acceptance criteria.

Final Answer: Yes",5fc132a813d02afa,llama3.1:8b,0,2026-06-17T10:46:45.384867,project_03,title_only,incompleteness,cot
ISSUE-207214,The CLI initialization becomes too slow,0,1,"Let's break it down:

1. The issue title ""The CLI initialization becomes too slow"" conveys that there is a performance problem with the Command-Line Interface (CLI) initialization process.
2. The title does not suggest missing reproduction steps, expected behavior, or context. It simply states a symptom of a potential issue without providing any details on how to reproduce it, what the expected behavior should be, or any relevant context such as affected components or environment details.
3. Based on this title alone, a developer may have some idea about the general area where the problem lies (CLI initialization), but they would likely need more information to fully understand the scope of the issue and how to address it.

Given that the title lacks essential information such as steps to reproduce, expected vs actual behavior, acceptance criteria, affected components, or environment details, I conclude:

Final Answer: Yes",46f9d27a819e902a,llama3.1:8b,0,2026-06-17T10:46:48.041993,project_03,title_only,incompleteness,cot
ISSUE-205760,POA: Delegate issuance to a processor,1,1,"Let's analyze the issue title step by step:

1. The title ""POA: Delegate issuance to a processor"" conveys some information about the functionality or feature being discussed, but it doesn't provide any context about what is happening in the system.
2. The title does not suggest missing reproduction steps, expected behavior, or context. It appears to be a high-level description of a requirement or feature.
3. While a developer may have some understanding of the general concept from the title alone, they would likely need more information to fully understand the scope and requirements of this issue.

However, upon closer inspection, I notice that the title mentions ""Delegate issuance"", which implies there is an expected behavior or outcome associated with this action. But it does not explicitly state what that expected behavior is.

Given these observations, I conclude that the issue title suggests some essential information might be missing, specifically details about the expected behavior or acceptance criteria.

Final Answer: Yes",abbb9402cf0da9c2,llama3.1:8b,0,2026-06-17T10:46:50.857369,project_03,title_only,incompleteness,cot
ISSUE-205269,Implement helper script for AWS pool operations with snapshots,0,1,"Let's break it down:

1. The issue title conveys that there is a need to implement a helper script for AWS pool operations with snapshots. It mentions a specific task, but doesn't provide any context or details about what this script should do.
2. The title does not suggest missing reproduction steps, expected behaviour, or context. In fact, it's quite vague and doesn't give any indication of how the script will be used or what its purpose is.
3. Based on the title alone, a developer may have some idea that there is a need for a helper script, but they would likely require more information to understand the full scope of the task.

Given these points, I would conclude that the issue title suggests the issue is INCOMPLETE because it lacks essential details about what this script should do and how it will be used. 

Final Answer: Yes",d1a21652f6bf3d03,llama3.1:8b,0,2026-06-17T10:46:53.455355,project_03,title_only,incompleteness,cot
ISSUE-207178,An upgrade should be idempotent,1,1,"Let's analyze the issue title step by step:

1. The title ""An upgrade should be idempotent"" conveys that the issue is related to the behavior of an upgrade process, specifically that it should have a certain property called ""idempotence"". However, it does not provide any context about what happens when this property is not met.
2. The title does not suggest missing reproduction steps, expected behaviour, or context. It simply states a requirement without providing any details on how to reproduce the issue, what the expected behavior should be, or in which environment the issue occurs.
3. While a developer with knowledge of software development principles and terminology might understand that idempotence means an operation can be repeated without changing the result, they would still need additional information to fully comprehend the scope of the issue.

Based on these steps, I conclude that the title suggests the issue is INCOMPLETE because it lacks essential information such as expected vs actual behavior, acceptance criteria, affected components, or environment details.

Final Answer: Yes",2da37081532a4e63,llama3.1:8b,0,2026-06-17T10:46:56.424315,project_03,title_only,incompleteness,cot
ISSUE-205965,Ledger upgrade transaction should specify a package name,0,0,"Let's break it down:

1. The issue title conveys that there is an expectation for a specific behavior when upgrading a ledger transaction, specifically that a package name should be specified.
2. There is no indication of missing reproduction steps, expected behavior, or context in the title itself. It appears to be stating a requirement rather than asking a question about how something works.
3. While it's possible to infer some context from the title (e.g., it's related to ledger transactions and upgrades), it doesn't provide enough information for a developer to fully understand the scope of the issue without additional details.

However, upon closer inspection, I notice that the title mentions ""should specify"", which implies there is an expectation or requirement. This suggests that the issue might be missing essential information such as expected vs actual behavior, acceptance criteria, affected components, or environment details.

But wait... The title does mention a specific requirement (""should specify a package name""), which could imply that it's related to how something should work (expected behavior). However, without more context, it's hard to say for sure whether this is sufficient information for a developer to understand the full scope of the issue.

Given these considerations, I would conclude that the issue title suggests the issue might be INCOMPLETE because",15a439d6b7fea95f,llama3.1:8b,0,2026-06-17T10:46:59.927583,project_03,title_only,incompleteness,cot
ISSUE-207326,Prove the pool upgrade mechanism by performing a noticeable upgrade test,0,1,"Let's break down the issue title:

1. The title ""Prove the pool upgrade mechanism by performing a noticeable upgrade test"" conveys that the goal is to verify the functionality of the pool upgrade mechanism through testing.
2. Upon closer inspection, I notice that the title does not explicitly mention steps to reproduce, expected vs actual behaviour, acceptance criteria, affected components, or environment details. However, it does imply that some form of testing will be performed to ""prove"" the mechanism works.
3. While a developer might infer that the goal is to test the pool upgrade mechanism, they may still require additional context (e.g., what constitutes a ""noticeable"" upgrade) to fully understand the scope.

However, considering the task at hand, I must determine if the title suggests the issue is INCOMPLETE based on the provided criteria. Upon reviewing the title again, I notice that it does not explicitly mention essential information such as steps to reproduce, expected vs actual behaviour, acceptance criteria, affected components, or environment details.

Therefore, my conclusion is:

Final Answer: Yes",2d7c6893ca4d0653,llama3.1:8b,0,2026-06-17T10:47:03.019185,project_03,title_only,incompleteness,cot
ISSUE-206117,Simple Timeout fixes of the current View Change protocol,0,1,"Let's break it down:

1. The issue title ""Simple Timeout fixes of the current View Change protocol"" conveys that there is an existing problem with timeouts in the view change protocol, and a simple fix is proposed.
2. There is no indication of missing reproduction steps, expected behavior, or context in this title. It appears to be a high-level description of a solution rather than a problem statement.
3. While a developer might have some understanding of the issue from the title alone (e.g., it's related to timeouts and view changes), they would likely need more information to fully understand the scope of the issue, such as how the timeout is currently implemented, what specific problems are being caused by it, or what the expected behavior should be.

Given that this title does not provide essential information like steps to reproduce, expected vs actual behaviour, acceptance criteria, affected components, or environment details, I would conclude:

Final Answer: Yes",57d6a5d1a9fb23bd,llama3.1:8b,0,2026-06-17T10:47:05.793599,project_03,title_only,incompleteness,cot
ISSUE-206655,As I Validator or Observer Node,1,1,"To determine whether the issue is INCOMPLETE based on the given title ""As I Validator or Observer Node"", let's analyze it step-by-step:

1. **Information Conveyed**: The title mentions specific roles within a system (""Validator"" and ""Observer Node"") but does not provide context about what happens when acting in these roles, how they interact with each other or the rest of the system, or any specific issues encountered.

2. **Missing Information**: There's no indication of steps to reproduce the issue, expected vs actual behavior, acceptance criteria, affected components, or environment details within the title itself. The mention of roles suggests a problem related to functionality or interaction but does not specify how it manifests or what is expected to happen differently.

3. **Understanding Scope from Title Alone**: Without additional context or description, it's challenging for a developer to fully understand the scope and nature of the issue based solely on the title ""As I Validator or Observer Node"". The title hints at a problem but does not provide enough detail to initiate troubleshooting or development work without further investigation.

Given these considerations, the issue title suggests that essential information is missing. Therefore:

Final Answer: Yes",408cdd151cb22473,llama3.1:8b,0,2026-06-17T10:47:09.080220,project_03,title_only,incompleteness,cot
ISSUE-207231,eliminate runtime warnings that show during tests,0,1,"Let's break it down:

1. The issue title ""eliminate runtime warnings that show during tests"" conveys a specific goal or requirement for the software.
2. The title does not suggest missing reproduction steps, expected behaviour, or context. It implies that the issue is about eliminating certain warnings that occur during testing, but it doesn't provide any details on how to reproduce the issue, what the expected vs actual behavior should be, or any other essential information.
3. While a developer might have some idea of what the title means, they would likely need more context and information to fully understand the scope of the issue.

Based on these observations, I conclude that the issue is INCOMPLETE because it lacks essential details such as steps to reproduce, expected vs actual behavior, acceptance criteria, affected components, or environment details.

Final Answer: Yes",bce12cfc739c7b97,llama3.1:8b,0,2026-06-17T10:47:11.707762,project_03,title_only,incompleteness,cot
ISSUE-206217,Clarify current permissible actions with DID's roles,0,1,"Let's break it down:

1. The issue title ""Clarify current permissible actions with DID's roles"" conveys that there is some confusion or uncertainty about what actions are allowed for users with specific roles in a system, likely related to Digital Identity and Access Management (DID).
2. The title does not suggest missing reproduction steps, expected behaviour, or context. It appears to be more of a request for clarification or information gathering.
3. While the title provides some context about the issue being related to DID's roles, it is unlikely that a developer can fully understand the scope and requirements from this title alone.

Based on these observations, I would conclude that the issue title suggests the issue is INCOMPLETE because it lacks essential information such as steps to reproduce, expected vs actual behaviour, acceptance criteria, affected components, or environment details.

Final Answer: Yes",47303e3cd3087f74,llama3.1:8b,0,2026-06-17T10:47:14.350887,project_03,title_only,incompleteness,cot
ISSUE-205635,Enable PreViewChange Strategy,1,-1,"Let's analyze the issue title step by step:

1. The title ""Enable PreViewChange Strategy"" conveys that it is related to enabling a specific strategy for preview changes, but it doesn't provide any context or details about what this strategy does or how it works.
2. The title doesn't suggest missing reproduction steps, expected behavior, or context. It's more of a high-level description of the feature or functionality being requested.
3. While a developer might be able to make an educated guess about what this feature is intended to do, they would likely need additional information to fully understand the scope and requirements.

However, upon closer inspection, I notice that the title does mention ""PreViewChange"", which implies some kind of change or update mechanism. This could potentially suggest that there are specific steps or behavior related to this mechanism that are not explicitly stated in the title.

But still, without more information, it's difficult to say for certain whether the issue is INCOMPLETE.

However, considering the task at hand and the fact that we're only given the title, I would lean towards saying that the issue might be missing some essential details. The title seems to be a high-level description of a feature or functionality, but it doesn't provide enough context to fully understand the",9b09d1a31d28ffed,llama3.1:8b,0,2026-06-17T10:47:17.761555,project_03,title_only,incompleteness,cot
ISSUE-205719,Validator info tool should show windowed throughput statistics,0,0,"Let's break it down:

1. The issue title conveys that there is a requirement for the Validator info tool to display windowed throughput statistics.
2. There is no indication of missing reproduction steps, expected behaviour, or context in this title. It appears to be a clear statement of what the tool should do.
3. From the title alone, it's likely that a developer can understand the full scope of the requirement.

However, upon closer inspection, I notice that the title mentions ""windowed throughput statistics"", which implies some understanding of how data is being processed and displayed. But without more context or information about what this means in practice, it's possible that there are underlying assumptions or requirements that aren't explicitly stated.

But considering the task at hand, which is to determine if the issue is INCOMPLETE based solely on the title, I would say:

Final Answer: No",5bfba158f3f04267,llama3.1:8b,0,2026-06-17T10:47:20.413954,project_03,title_only,incompleteness,cot
ISSUE-205358,indy-node upgrade problem - No such directory,1,0,"Let's break it down:

1. The issue title ""indy-node upgrade problem - No such directory"" conveys that there is an error during an indy-node upgrade process, specifically mentioning a ""No such directory"" message.
2. The title does not suggest missing reproduction steps (it implies the problem occurs during an upgrade), expected behaviour (the actual outcome is mentioned as an error), or context (the affected component and environment are not explicitly stated).
3. While the title provides some context about the issue, it's unlikely that a developer can fully understand the scope of the problem from this title alone without additional information.

However, upon closer inspection, I notice that the title does mention ""indy-node upgrade"", which implies that the affected component is likely related to the indy-node. Additionally, the error message ""No such directory"" suggests some context about the environment or setup.

Considering these points, while the issue title may not be comprehensive, it does provide some essential information about the problem. Therefore:

Final Answer: No",bb6afbe6e617fcbf,llama3.1:8b,0,2026-06-17T10:47:23.347871,project_03,title_only,incompleteness,cot
ISSUE-206471,Validator-info tool is not working with build 1.2.49,0,1,"Let's break it down:

1. The issue title conveys that there is a problem with the ""Validator-info tool"" and specifically mentions a version of the build (""build 1.2.49"") that is affected.
2. The title does not suggest missing reproduction steps, expected behaviour, or context. It simply states the problem without providing any additional information about how to reproduce it or what the expected outcome should be.
3. While a developer might be able to make an educated guess about the issue based on their knowledge of the system and the tool in question, they would likely still need more information to fully understand the scope of the problem.

Based on these observations, I conclude that the issue title suggests the issue is INCOMPLETE because it lacks essential information such as steps to reproduce, expected vs actual behaviour, acceptance criteria, affected components, or environment details.

Final Answer: Yes",fb535a80152fe916,llama3.1:8b,0,2026-06-17T10:47:26.062550,project_03,title_only,incompleteness,cot
ISSUE-207259,[send NYM] Add verkey and update verkey commands don't work,0,1,"Let's analyze the issue title step by step:

1. The title conveys that there are two specific commands ([send NYM] Add verkey and update verkey) that don't work as expected.
2. The title does not suggest missing reproduction steps, expected behavior, or context. It implies a problem with these two specific commands but doesn't provide any details on how to reproduce the issue or what is expected vs actual behavior.
3. While a developer might be able to infer some context from the title (e.g., it's related to verkey and NYM), they would likely need more information to fully understand the scope of the issue.

Based on this analysis, I conclude that the issue title suggests the issue is INCOMPLETE because it lacks essential information such as steps to reproduce, expected vs actual behavior, acceptance criteria, affected components, or environment details.

Final Answer: Yes",bf0b8f98679338e2,llama3.1:8b,0,2026-06-17T10:47:28.775466,project_03,title_only,incompleteness,cot
ISSUE-206618,Allow a steward to update his node entry in the ledger - including the verkey,0,1,"Let's break down the issue title:

1. The title conveys that there is a requirement for a steward to update their node entry in the ledger, including the verkey. This suggests that it's a functional requirement rather than an error or defect.
2. There is no indication of missing reproduction steps, expected behavior, or context. The title does not suggest any specific scenarios or outcomes.
3. While the title provides some context about what needs to be updated (the steward's node entry in the ledger), it doesn't provide enough information for a developer to fully understand the scope of the requirement without additional details.

However, upon closer inspection, I notice that the title does mention ""steps"" - specifically, ""including the verkey"". This implies that there might be some steps involved in updating the node entry. But overall, the title is still quite high-level and doesn't provide enough detail for a developer to implement the requirement without additional context.

Given these observations, I would conclude that the issue title suggests the issue is INCOMPLETE because it lacks essential information such as specific steps to reproduce or more detailed acceptance criteria.

Final Answer: Yes",c312fd2962b84dfb,llama3.1:8b,0,2026-06-17T10:47:31.979049,project_03,title_only,incompleteness,cot
ISSUE-205847,Fail to update pool ledger if no connection to a node in the genesis file in old cli,0,0,"Let's break down the issue title:

1. The title conveys that there is an issue with updating a pool ledger when there is no connection to a node in the genesis file, specifically in an old CLI.
2. The title does not suggest missing reproduction steps, expected behavior, or context. It appears to be a clear statement of a problem.
3. While the title provides some context (genesis file, old CLI), it may not convey the full scope of the issue without additional information.

However, considering that the title mentions specific details such as ""no connection to a node"" and ""old cli"", it seems to provide enough context for a developer to understand the general problem area. But still, some essential information like steps to reproduce or expected behavior is missing.

Final Answer: No",711a2d858f565dcf,llama3.1:8b,0,2026-06-17T10:47:34.473223,project_03,title_only,incompleteness,cot
ISSUE-205621,Expected object or value error during batch handling,0,1,"Let's analyze the issue title step by step:

1. The title ""Expected object or value error during batch handling"" conveys that there is an unexpected error occurring when dealing with batches, and it mentions the specific type of error (""object or value""). This provides some context about the problem.
2. However, upon closer inspection, I notice that the title doesn't explicitly mention steps to reproduce, expected vs actual behavior, acceptance criteria, affected components, or environment details. It only hints at the issue being related to batch handling and an unexpected error.
3. While a developer might be able to make some educated guesses about what's happening based on the title, it's unlikely they would fully understand the scope of the issue without additional context.

Considering these points, I conclude that the issue title is missing essential information, making it likely that the issue is INCOMPLETE.

Final Answer: Yes",b7b38b3af65549a5,llama3.1:8b,0,2026-06-17T10:47:37.144224,project_03,title_only,incompleteness,cot
ISSUE-206100,Support Payment API txns in load script,1,1,"Let's break it down:

1. The issue title ""Support Payment API txns in load script"" conveys that there is an issue related to supporting payment transactions within a load script, likely for an API.
2. The title does not suggest missing reproduction steps, expected behavior, or context. It appears to be a clear statement of the problem area.
3. While a developer may need additional information to fully understand and resolve the issue, the title alone provides enough context to identify the scope of the problem.

However, upon closer inspection, I notice that the title is missing some essential information such as:

* Expected vs actual behavior
* Acceptance criteria
* Affected components
* Environment details

Given this analysis, I would conclude that the issue title suggests the issue is INCOMPLETE because it lacks crucial information for a developer to fully understand and resolve the problem.

Final Answer: Yes",9bf23420d136abce,llama3.1:8b,0,2026-06-17T10:47:39.848695,project_03,title_only,incompleteness,cot
ISSUE-206303,Ordering of 3PC-batches on a backup replica may stop after a catch-up,0,0,"Let's break down the issue title:

1. The title conveys that there is an issue with the ordering of 3PC-batches on a backup replica, and it may stop after a catch-up.
2. The title does not suggest missing reproduction steps, expected behaviour, or context. It appears to be a clear statement of a problem.
3. While the title provides some context about what's happening (ordering stopping), it doesn't provide enough information for a developer to fully understand the scope of the issue without additional details.

However, upon closer inspection, I notice that the title mentions ""catch-up"", which implies that there is some kind of synchronization or replication process involved. This might be sufficient context for a developer to understand the general area where the problem lies.

But still, the title doesn't provide enough information about what's expected vs actual behaviour, acceptance criteria, affected components, or environment details.

Final Answer: No",48e9ed7d44c2c1d2,llama3.1:8b,0,2026-06-17T10:47:42.668258,project_03,title_only,incompleteness,cot
ISSUE-206249,Add Docker getting started configuration,1,1,"Let's break it down:

1. The issue title ""Add Docker getting started configuration"" conveys that the user wants to add some kind of configuration related to Docker for getting started.
2. There is no indication in the title about steps to reproduce, expected vs actual behavior, or context such as affected components or environment details.
3. While a developer might be able to make an educated guess about what this issue is trying to accomplish, they would likely need more information to fully understand the scope and requirements of the task.

Based on these observations, I conclude that the issue title suggests the issue is INCOMPLETE because it lacks essential information such as steps to reproduce, expected vs actual behavior, acceptance criteria, affected components, or environment details.

Final Answer: Yes",6ce885ab56e36e3c,llama3.1:8b,0,2026-06-17T10:47:45.074896,project_03,title_only,incompleteness,cot
ISSUE-207080,Valid write transactions may be rejected as having invalid signatures (case 2),0,1,"Let's analyze the issue title step by step:

1. The title ""Valid write transactions may be rejected as having invalid signatures (case 2)"" conveys some information about the problem, specifically that it involves a specific scenario where valid transactions are being rejected due to invalid signatures.
2. Upon closer inspection, I notice that the title mentions ""(case 2)"", which implies that there might be other cases or scenarios not mentioned in the title. However, it does not explicitly mention steps to reproduce, expected vs actual behavior, acceptance criteria, affected components, or environment details.
3. While a developer may have some context about what ""case 2"" refers to, they would likely need additional information to fully understand the scope of the issue and how to address it.

Based on this analysis, I conclude that the title suggests missing essential information, specifically reproduction steps, expected behavior, or context.

Final Answer: Yes",bf788baaa2d403cd,llama3.1:8b,0,2026-06-17T10:47:47.922020,project_03,title_only,incompleteness,cot
ISSUE-206714,Primary fails to send pre-prepare,1,1,"Let's break it down:

1. The issue title ""Primary fails to send pre-prepare"" conveys that there is an error in the primary system related to sending some kind of data or information, but it doesn't specify what exactly is failing.
2. The title does not suggest missing reproduction steps, expected behaviour, or context. It appears to be a concise statement of a problem.
3. While the title gives us a general idea that something is not working as expected in the primary system, it lacks essential details such as what ""pre-prepare"" refers to, how it's supposed to work, and what are the expected outcomes.

Based on these observations, I would conclude that this issue title suggests the issue is INCOMPLETE because it lacks specific information about the problem, making it difficult for a developer to understand the full scope of the issue from just the title alone.

Final Answer: Yes",48ebbea9669f5cb3,llama3.1:8b,0,2026-06-17T10:47:50.613340,project_03,title_only,incompleteness,cot
ISSUE-207130,Node with multiple NICs:,1,1,"Let's break it down step by step:

1. The issue title ""Node with multiple NICs"" conveys that there is an issue related to a node in a network having multiple Network Interface Cards (NICs). It provides some context about the system or component involved.
2. The title does not suggest missing reproduction steps, expected behaviour, or context. However, it may imply that the issue is related to how the node with multiple NICs behaves or functions, but this is still quite vague without further information.
3. While a developer might be able to make some educated guesses about what could be wrong based on the title alone (e.g., issues with network configuration, performance, etc.), they would likely need more context and details to fully understand the scope of the issue.

Considering these points, I would say that the issue is INCOMPLETE because it lacks essential information such as steps to reproduce, expected vs actual behaviour, acceptance criteria, affected components, or environment details. 

Final Answer: Yes",64163b5ae8cd9a67,llama3.1:8b,0,2026-06-17T10:47:53.541120,project_03,title_only,incompleteness,cot
ISSUE-206872,As a Steward,1,1,"Let's break it down:

1. The issue title ""As a Steward"" conveys that this is likely an example of a user story in the User Role-User Story format, which is commonly used in Agile development methodologies.
2. This title does not suggest missing reproduction steps, expected behaviour, or context. It appears to be a high-level description of a user role, rather than a specific issue or problem statement.
3. Without additional information, it's unlikely that a developer can understand the full scope from this title alone.

Based on these observations, I would conclude that the issue is likely INCOMPLETE because it lacks essential details such as steps to reproduce, expected vs actual behaviour, acceptance criteria, affected components, or environment details.

Final Answer: Yes",9d5a2f00b6394e7b,llama3.1:8b,0,2026-06-17T10:47:55.973068,project_03,title_only,incompleteness,cot
ISSUE-206649,DOC: Request for release notes on Indy-node 1.1.31,0,1,"Let's break it down:

1. The issue title conveys that there is a request for release notes related to Indy-node 1.1.31.
2. There is no indication of missing reproduction steps, expected behavior, or context in the title. It appears to be a straightforward request.
3. A developer can likely understand the full scope from the title alone: it's a request for release notes on a specific version of Indy-node.

However, upon closer inspection, I notice that the issue title does not mention any details about what is expected or actual behavior, acceptance criteria, affected components, or environment details. It only mentions a request for release notes.

Given this analysis, I would conclude that the issue title suggests the issue is INCOMPLETE because it lacks essential information such as steps to reproduce, expected vs actual behaviour, and possibly other context.

Final Answer: Yes",c0002512e1d002a3,llama3.1:8b,0,2026-06-17T10:47:58.655030,project_03,title_only,incompleteness,cot
ISSUE-207129,Some nodes are slow to process network data,0,1,"Let's break it down:

1. The issue title ""Some nodes are slow to process network data"" conveys that there is a performance issue with certain nodes in the system, but it doesn't provide any specific details about what's causing the slowness or how to reproduce it.
2. The title does not explicitly suggest missing reproduction steps, expected behaviour, or context. However, it implies that some level of investigation and analysis would be required to understand the root cause of the issue.
3. Based on this title alone, a developer may have some idea about what's happening (i.e., nodes are slow), but they wouldn't know how to reproduce the issue, what the expected behavior should be, or which components are affected.

Given these points, I would conclude that the issue is likely INCOMPLETE because it lacks essential information such as steps to reproduce and expected vs actual behaviour.

Final Answer: Yes",d83d0d0fea4d4c9b,llama3.1:8b,0,2026-06-17T10:48:01.256972,project_03,title_only,incompleteness,cot
ISSUE-206996,improve timestamp mechanism to use fuzzy,0,0,"Let's break it down:

1. The issue title ""improve timestamp mechanism to use fuzzy"" conveys that there is an existing timestamp mechanism and it needs improvement. However, it doesn't provide any specific details about what the current issues are or how the mechanism should be improved.
2. The title does not suggest missing reproduction steps, expected behaviour, or context. It's more of a high-level requirement statement.
3. While a developer might have some idea of what is being asked for, they would likely need additional information to fully understand the scope and requirements of this improvement.

However, upon closer inspection, I notice that the title does not explicitly mention any missing essential information such as steps to reproduce, expected vs actual behaviour, acceptance criteria, affected components, or environment details. It's more of a vague requirement statement.

Final Answer: No",e77588ca42416d35,llama3.1:8b,0,2026-06-17T10:48:03.759878,project_03,title_only,incompleteness,cot
ISSUE-205942,"How-to """"Add new node to existing pool",1,0,"Let's break it down:

1. The issue title ""How-to """"Add new node to existing pool"" conveys a specific task or functionality that needs to be performed.
2. The title does not suggest missing reproduction steps, expected behaviour, or context. It appears to be a straightforward question about how to accomplish a particular action.
3. While the title provides some context, it is likely insufficient for a developer to fully understand the scope of the issue without additional information.

However, upon closer inspection, I notice that the title includes ""How-to"", which implies that it's asking for instructions or guidance on performing a specific task. This suggests that the title might be missing essential information about the expected outcome or acceptance criteria.

But wait... The title is actually asking for a ""how-to"" guide, which means it's seeking instructions on how to perform an action, rather than describing a problem or issue. In this case, the title itself implies that there's no specific problem or issue being described, just a request for guidance.

So, considering these points, I would conclude:

Final Answer: No",b8170fd9b8faaa07,llama3.1:8b,0,2026-06-17T10:48:06.846964,project_03,title_only,incompleteness,cot
ISSUE-207319,REF validator,1,0,"To determine whether the issue is INCOMPLETE based on the given title ""REF validator"", let's analyze it step by step:

1. **Information Conveyed**: The title mentions ""REF validator"". This suggests that there might be an issue with a component or function related to validation, possibly referencing a specific reference (hence ""REF"") but doesn't provide context about what kind of validation is being referred to.

2. **Missing Information**: There's no indication in the title itself regarding steps to reproduce the issue, expected vs actual behavior, acceptance criteria, affected components, or environment details. The title does not explicitly mention any of these critical pieces of information that are typically required for a complete software issue report.

3. **Understanding Scope from Title Alone**: Without additional context or description, it's challenging for a developer to fully understand the scope and nature of the issue based solely on the title ""REF validator"". This lack of clarity could lead to confusion about what specifically is being referred to (e.g., which component, functionality, or process) and how to address the problem.

Given these considerations, since the title does not provide essential information such as steps to reproduce, expected vs actual behavior, acceptance criteria, affected components, or environment details, it suggests that the issue might",59aa913bd10095f9,llama3.1:8b,0,2026-06-17T10:48:10.337748,project_03,title_only,incompleteness,cot
ISSUE-205527,Implementation: Improve catch-up to use audit ledger for consistency,0,1,"Let's break it down:

1. The issue title conveys that there is an implementation-related improvement needed for catch-up functionality to use audit ledger for consistency.
2. There is no indication of missing reproduction steps, expected behavior, or context in the title itself.
3. While a developer might be able to infer some context from the title (e.g., it's related to auditing), they would likely need additional information to fully understand the scope and requirements.

However, upon closer inspection, I notice that the issue title mentions ""Implementation"", which implies that there is already an existing implementation or process in place. This might suggest that the issue is more about refining or improving an existing feature rather than introducing a new one.

Given this analysis, while the title doesn't explicitly convey all necessary information for a complete understanding of the issue, it does provide some context and direction. However, I would still classify this as INCOMPLETE because:

* There's no clear indication of what ""consistency"" means in this context.
* The affected components or environment details are not specified.
* Acceptance criteria might be implied but aren't explicitly stated.

Therefore, the issue title suggests that essential information is missing for a complete understanding of the requirements.

Final Answer: Yes",903319bc001edbe9,llama3.1:8b,0,2026-06-17T10:48:13.724538,project_03,title_only,incompleteness,cot
ISSUE-206160,Analyse the current View Change protocol issues,0,0,"Let's break it down:

1. The issue title ""Analyse the current View Change protocol issues"" conveys that there is an existing problem with the View Change protocol and that analysis is required to identify or resolve these issues.
2. The title does not suggest missing reproduction steps, expected behaviour, or context. It simply states a requirement for analysis without providing any specific details about what needs to be done or what is expected as a result of the analysis.
3. A developer may have some understanding of the scope from the title alone, but it would likely require additional information (such as description or comments) to fully understand the requirements and context.

However, considering that an INCOMPLETE issue typically lacks essential information such as steps to reproduce, expected vs actual behaviour, acceptance criteria, affected components, or environment details, this title does not explicitly suggest any of these missing. It is more focused on a high-level requirement for analysis rather than a specific defect or problem report.

Final Answer: No",8e84740975742790,llama3.1:8b,0,2026-06-17T10:48:16.605187,project_03,title_only,incompleteness,cot
ISSUE-206183,Date in log name doesn't accord to the day when the log was rotated,0,0,"Let's break it down:

1. The issue title conveys that there is an inconsistency between the date in the log name and the actual day when the log was rotated.
2. The title does not suggest missing reproduction steps, expected behaviour, or context. It appears to be a clear statement of a problem.
3. A developer can understand the full scope from the title alone: it's about a specific issue with log rotation dates.

However, upon closer inspection, I notice that the title doesn't mention anything about ""affected components"" or ""environment details"", which are essential information for a complete issue description.

But, considering the context of the issue (log rotation), it's likely that the affected component is related to logging or file management. And while environment details might be useful, they're not necessarily crucial in this case.

Given these considerations, I would say:

Final Answer: No",cc5af04029c514b6,llama3.1:8b,0,2026-06-17T10:48:19.346256,project_03,title_only,incompleteness,cot
ISSUE-206911,list keyrings showing results twice,1,1,"Let's break it down:

1. The issue title ""list keyrings showing results twice"" conveys that there is an issue with the display of keyrings, but it doesn't provide any context or details about what's happening.
2. The title does not suggest missing reproduction steps (it implies a specific scenario), expected behaviour (it mentions ""showing results twice"", which implies something unexpected is happening), or context (such as affected components or environment details).
3. While the title gives some idea of what might be wrong, it doesn't provide enough information for a developer to fully understand the scope of the issue without further investigation.

However, upon closer inspection, I notice that the title does imply a specific scenario (""showing results twice""), which suggests that there is an expected behaviour (results being shown once) and actual behaviour (results being shown twice). This implies that the title might be missing some essential information, such as steps to reproduce or acceptance criteria.

But, considering the task at hand, I would say that this issue title is still a bit too vague and doesn't provide enough context for a developer to fully understand the scope of the issue. Therefore:

Final Answer: Yes",7d8bc5d01830d566,llama3.1:8b,0,2026-06-17T10:48:22.603184,project_03,title_only,incompleteness,cot
ISSUE-205543,As a user of Valdiator Info script,1,0,"Let's break it down:

1. The issue title ""As a user of Valdiator Info script"" conveys that there is some kind of user perspective involved and possibly an interaction with a specific system or tool called ""Valdiator Info script"".
2. There is no indication of missing reproduction steps, expected behaviour, or context in the title itself.
3. The title alone does not provide enough information for a developer to understand the full scope of the issue.

However, upon closer inspection, I notice that the title starts with ""As a user"", which suggests a user story format. This is often used in Agile development methodologies and typically includes acceptance criteria. But without further context or description, it's difficult to determine if these are explicitly mentioned.

Given this analysis, I would say that the issue title alone does not provide enough information for me to confidently classify it as INCOMPLETE. However, I'm inclined to err on the side of caution and consider it potentially incomplete due to the lack of explicit details about steps to reproduce, expected vs actual behaviour, acceptance criteria, affected components, or environment details.

Final Answer: No",91e11a78ec0e87b0,llama3.1:8b,0,2026-06-17T10:48:25.720379,project_03,title_only,incompleteness,cot
ISSUE-206727,Accidental tests of indy-node intermittently fail on Jenkins,0,1,"Let's break it down:

1. The issue title conveys that there are intermittent failures of tests on Jenkins related to an ""indy-node"".
2. The title does not suggest missing reproduction steps, expected behaviour, or context. It implies a specific scenario where tests fail intermittently.
3. While the title provides some context about the failure and its location (Jenkins), it is unclear what the expected vs actual behavior should be, what acceptance criteria are relevant, which components are affected, or what environment details might be necessary to reproduce the issue.

However, considering that the title does provide a specific scenario and implies a problem with Jenkins tests, I would say that this issue title suggests the issue is INCOMPLETE because it lacks essential information such as expected vs actual behavior, acceptance criteria, affected components, or environment details.

Final Answer: Yes",5c27816421fdb80b,llama3.1:8b,0,2026-06-17T10:48:28.251869,project_03,title_only,incompleteness,cot
ISSUE-205664,Is there any replacement for leveldb?,1,0,"Let's break it down:

1. The issue title ""Is there any replacement for leveldb?"" conveys a question about whether there is an alternative to a specific database component, but it doesn't provide any context or details.
2. The title does not suggest missing reproduction steps, expected behaviour, or context. It appears to be a straightforward question without any ambiguity.
3. A developer can understand the full scope from the title alone: they know what is being asked (a replacement for leveldb), but they would likely need additional information to provide an accurate answer.

However, considering that the issue is asking for alternatives and not describing a specific problem or behavior, it's possible that the issue might be missing essential information such as expected vs actual behaviour or acceptance criteria. But based on the title alone, I wouldn't say it's INCOMPLETE in the classical sense of lacking reproduction steps or context.

Final Answer: No",1e54f76d6ae42bf2,llama3.1:8b,0,2026-06-17T10:48:30.973454,project_03,title_only,incompleteness,cot
ISSUE-205912,As a Sovrin Foundation,1,1,"To determine whether the issue is INCOMPLETE based on the given title ""As a Sovrin Foundation"", let's analyze it step by step:

1. **Information Conveyed**: The title mentions ""As a Sovrin Foundation"". This suggests that the context of the issue might be related to the role or perspective of the Sovrin Foundation, possibly indicating a user story or requirement from their viewpoint. However, this does not directly convey steps to reproduce, expected vs actual behavior, acceptance criteria, affected components, or environment details.

2. **Missing Information**: The title lacks any mention of specific actions (steps to reproduce), outcomes (expected vs actual behavior), or the context in which the issue occurs (environment details). It also doesn't specify what is expected from the system or how it should behave differently than its current state.

3. **Understanding Scope**: Without additional information, a developer cannot fully understand the scope of the issue based solely on this title. The title does not provide enough detail to determine if there's an actual problem with the software, what that problem is, or how it affects the system's functionality.

Given these considerations, the issue title ""As a Sovrin Foundation"" suggests missing essential information necessary for understanding and addressing the issue comprehensively.

Final Answer: Yes",95a51511103367ee,llama3.1:8b,0,2026-06-17T10:48:34.481017,project_03,title_only,incompleteness,cot
ISSUE-206478,The pool state should be updated after any node BLS key changing,0,1,"Let's break it down:

1. The issue title conveys that there is an expectation for the pool state to be updated after a specific event (node BLS key changing). However, it doesn't provide any context about what happens if this update doesn't occur or how the current behavior deviates from the expected one.
2. The title does not explicitly mention steps to reproduce, expected vs actual behaviour, acceptance criteria, affected components, or environment details.
3. While a developer might be able to infer some context based on their knowledge of the system and its requirements, they would likely need additional information (such as the description) to fully understand the scope of the issue.

Given these observations, I conclude that the title alone does not provide enough information for a developer to fully comprehend the issue. Therefore:

Final Answer: Yes",b350b8ab6fe9362c,llama3.1:8b,0,2026-06-17T10:48:36.987504,project_03,title_only,incompleteness,cot
ISSUE-207005,"Nodes not receiving new transaction if its """"View"""" list is different from other nodes in the pool",0,1,"Let's break down the issue title:

1. The title conveys that there is an issue with nodes not receiving new transactions under certain conditions related to their ""View"" list.
2. The title does not explicitly mention steps to reproduce, expected vs actual behavior, acceptance criteria, affected components, or environment details. However, it implies a specific condition (""if its """"View"""" list is different from other nodes in the pool"") that might be relevant for reproduction and understanding the issue.
3. While the title provides some context about the problem, it does not provide enough information to fully understand the scope of the issue without additional description or details.

Considering these points, I would say that the issue title suggests missing essential information such as steps to reproduce, expected vs actual behavior, acceptance criteria, affected components, or environment details. Therefore:

Final Answer: Yes",8c7a47e3fc7a1734,llama3.1:8b,0,2026-06-17T10:48:39.503149,project_03,title_only,incompleteness,cot
ISSUE-205432,Auto trigger CD pipeline for release-* branches,1,1,"Let's break it down:

1. The issue title conveys that there is a requirement to automatically trigger a CD pipeline for release-* branches. It mentions a specific action and its triggering condition.
2. There is no mention of steps to reproduce, expected vs actual behaviour, or context such as environment details. This suggests that the title might be missing essential information.
3. While a developer can understand the general requirement from the title alone, they may not fully comprehend the scope without additional context.

Considering these points, I would say that the issue is likely INCOMPLETE because it lacks specific details about steps to reproduce, expected behaviour, and possibly other essential information.

Final Answer: Yes",e525e4bebab9ab91,llama3.1:8b,0,2026-06-17T10:48:41.756555,project_03,title_only,incompleteness,cot
ISSUE-207212,Node memory leak,1,1,"Let's break it down:

1. The issue title ""Node memory leak"" conveys that there is an issue related to memory usage in Node.js, but it doesn't provide any specific details about what's causing the problem or how to reproduce it.
2. The title does not suggest missing reproduction steps, expected behaviour, or context. It simply states a symptom (memory leak) without providing any additional information.
3. A developer may be able to understand that there is an issue with memory usage in Node.js, but they would likely need more information to fully comprehend the scope of the problem and how to address it.

However, upon further consideration, I realize that this title does not provide enough context for a developer to understand the full scope of the issue. It's missing essential information such as steps to reproduce, expected vs actual behaviour, acceptance criteria, affected components, or environment details.

Final Answer: Yes",1be0fefdc955f04d,llama3.1:8b,0,2026-06-17T10:48:44.383289,project_03,title_only,incompleteness,cot
ISSUE-206218,Node is restarted because of Out of memory error,0,1,"Let's break it down:

1. The issue title conveys that there is an ""Out of memory error"" causing a node to restart. This suggests a specific problem, but it doesn't provide any context or details about how to reproduce the issue.
2. The title does not explicitly mention steps to reproduce, expected vs actual behaviour, acceptance criteria, affected components, or environment details. It only mentions the symptom (node restarting) and the cause (out of memory error).
3. While a developer might be able to infer some context from the title, such as the fact that it's related to a node in a distributed system, they would likely need more information to fully understand the scope of the issue.

Based on these observations, I conclude that the issue title is missing essential information, making it INCOMPLETE.

Final Answer: Yes",a75ea039759c85fb,llama3.1:8b,0,2026-06-17T10:48:46.998885,project_03,title_only,incompleteness,cot
ISSUE-206980,A primary may not be able to send checkpoints after re-start,1,1,"Let's analyze the issue title step by step:

1. The title ""A primary may not be able to send checkpoints after re-start"" conveys a specific scenario where a primary user is unable to perform an action (sending checkpoints) after restarting something.
2. The title does not explicitly mention steps to reproduce, expected vs actual behavior, acceptance criteria, affected components, or environment details. It only describes the situation and the problem that occurs.
3. While the title provides some context, it may be unclear without additional information what ""re-start"" refers to (e.g., a system, an application, etc.) and what specific action is expected when sending checkpoints.

Based on this analysis, I would conclude that the issue title suggests the issue is INCOMPLETE because it lacks essential details such as steps to reproduce or context about what ""re-start"" means in this scenario.

Final Answer: Yes",5ce19d5fc50433c8,llama3.1:8b,0,2026-06-17T10:48:49.751749,project_03,title_only,incompleteness,cot
ISSUE-206016,Upgrade failed on pool from 1.3.62 to 1.4.66,0,1,"Let's break it down:

1. The issue title conveys that an upgrade failed during a process involving a pool with specific version numbers.
2. The title does not suggest missing reproduction steps, expected behavior, or context. It implies that the failure occurred during an upgrade from one version to another, but it doesn't provide details on how to reproduce the issue or what was expected versus actual behavior.
3. While a developer might be able to infer some context (e.g., the pool and versions involved), they would likely need additional information to fully understand the scope of the issue.

Given these points, I conclude that the issue title suggests the issue is INCOMPLETE because it lacks essential details such as steps to reproduce, expected vs actual behavior, acceptance criteria, affected components, or environment details.

Final Answer: Yes",4358fa62f376dfcb,llama3.1:8b,0,2026-06-17T10:48:52.275238,project_03,title_only,incompleteness,cot
ISSUE-205350,Use more trusted docker image for system tests client docker container,0,1,"Let's break it down:

1. The issue title conveys that there is a concern about using a docker image for system tests client docker container, and it suggests replacing it with a more trusted one.
2. There is no indication of missing reproduction steps, expected behaviour, or context in the title itself. It appears to be a high-level statement about an existing issue rather than a description of a specific problem.
3. While a developer might infer some context from the title (e.g., that system tests are involved), they would likely need additional information to fully understand the scope and requirements of the change.

Given these observations, I conclude that the issue is INCOMPLETE because it lacks essential details such as steps to reproduce, expected vs actual behaviour, acceptance criteria, affected components, or environment details.

Final Answer: Yes",49f0f15015d786c4,llama3.1:8b,0,2026-06-17T10:48:54.858696,project_03,title_only,incompleteness,cot
