issue_id,title,ground_truth,prediction,raw_response,prompt_hash,model_version,temperature,timestamp_utc,project,input_mode,task,strategy
ISSUE-2087,CLI error when not specifying module type in module commands is cryptic an not helpful,0,0,"Step 1: Identify the key information provided in the issue.
- The issue describes an error that occurs when using CLI commands related to modules.
- Specifically, it mentions that omitting the module type before a module name causes a cryptic exception.
- An example of the command causing issues is 'module display mqtt'.
- The exception thrown is `java.lang.StringIndexOutOfBoundsException: Failed to convert 'mqtt' to type QualifiedModuleName for option 'name,' String index out of range: -1`.

Step 2: Identify what essential information is missing from the issue report.
- Steps to reproduce the error are not provided in detail. While an example command is given, there's no clear step-by-step guide on how to trigger this exception consistently.
- Expected behavior is not clearly defined. It’s implied that users expect a more user-friendly message when they forget to specify the module type, but it isn’t explicitly stated what form such a message should take.
- Acceptance criteria are missing. There's no clear definition of what would constitute an acceptable fix or improvement for this issue.
- Environment details (such as operating system, CLI version, etc.) are not provided.

Step 3: Determine if the information is sufficient for a developer to act on it without needing further clarification",457330ee65a6a031,qwen2.5:14b,0,2026-06-17T15:16:18.995739,project_01,title_desc,incompleteness,cot
ISSUE-2338,Error in correlation strategy in aggregator.xml,0,1,"Step 1: Identify the key information provided in the issue.
- The issue mentions an error in the correlation strategy within the aggregator.xml file.
- It specifies that the expression should be corrected from `""$}""` to `""$'}""`.

Step 2: Determine what essential information is missing.
- Steps to reproduce the issue are not provided.
- Expected behavior and actual behavior are not described.
- No acceptance criteria or test cases are mentioned beyond a vague suggestion of adding a test.
- Affected components and environment details (such as software version, operating system) are absent.

Step 3: Evaluate if a developer can act on this issue without additional information.
- Without knowing how to reproduce the error, developers cannot verify whether their changes fix the problem or understand the context in which it occurs.
- The lack of expected vs actual behavior makes it difficult for developers to confirm that they have addressed the correct issue and not introduced new problems.

Final Answer: Yes",008ec865ab9f4410,qwen2.5:14b,0,2026-06-17T15:16:23.291679,project_01,title_desc,incompleteness,cot
ISSUE-0972,deploy-working-dir is set to to root directory when container is started as service,0,0,"Step 1: Key Information Provided
- The issue occurs when Spring XD is started as a service.
- When the GemFire module is used, the `deploy-working-dir` resolves to the root directory (`""/""`).
- This causes issues because the spring-xd user does not have write permissions in the root directory.
- An exception is thrown during deployment of JAR files due to this issue.

Step 2: Missing Essential Information
- Steps to reproduce the issue are missing. It's unclear how exactly one can replicate the problem scenario.
- Expected behavior is not clearly defined. The description implies that `deploy-working-dir` should be set to a writable directory, but it doesn't specify what the correct path or configuration should look like.
- Acceptance criteria for resolving this issue are absent. There’s no clear definition of when the issue would be considered resolved.
- Environment details such as OS version, Spring XD and GemFire versions, and any specific configurations used are not provided.

Step 3: Developer Actionability
Given the lack of detailed steps to reproduce, expected behavior, acceptance criteria, and environment specifics, a developer would likely need additional information before they could effectively address this issue. The current description does not provide enough context for a developer to understand how to",815a851466d131e3,qwen2.5:14b,0,2026-06-17T15:16:29.320776,project_01,title_desc,incompleteness,cot
ISSUE-2665,Spike to model the cluster nodes.,0,1,"Step 1: Identify the key information provided in the issue.
- The issue describes a system where nodes advertise themselves and an admin node creates groups based on these advertisements.
- Deployment of jobs and stream processing can be targeted to specific groups or nodes within those groups.
- A GitHub project (https://github.com/spring-projects/spring-data-grid) is mentioned as a starting point for this model.

Step 2: Identify what essential information is missing from the issue.
- Steps to reproduce the problem or desired functionality are not provided.
- Expected behavior and acceptance criteria are not clearly defined.
- There's no mention of actual observed behavior, making it difficult to understand if there’s an issue or how success will be measured.
- No environment details (e.g., operating system, software versions) are specified.

Step 3: Determine whether a developer can act on this issue without asking for more information.
Given the lack of specific steps to reproduce, expected behavior, acceptance criteria, and environmental context, it would be challenging for a developer to understand exactly what needs to be done or how success will be measured. This makes the task ambiguous and potentially unactionable.

Final Answer: Yes",8b31ad3b4f65da3a,qwen2.5:14b,0,2026-06-17T15:16:34.613450,project_01,title_desc,incompleteness,cot
ISSUE-1414,Rename metrics repositories setValue(x,1,1,"Step 1: Analyze the provided information.
- The title suggests renaming certain repositories related to metrics and methods named `setValue(x, y, z)`.
- The description is very brief and unclear, mentioning a preference for a name that is less ""javabean"".

Step 2: Identify missing essential information.
- Steps to reproduce or understand the issue are not provided.
- Expected behavior after renaming is not specified.
- Affected components or environment details are absent.

Step 3: Determine if additional information is necessary.
- A developer would need more specific instructions and criteria to proceed with this task effectively. The current description does not provide enough context for a clear understanding of the issue or how to resolve it.

Final Answer: Yes",39d16ff3a2d9cd6a,qwen2.5:14b,0,2026-06-17T15:16:38.069854,project_01,title_desc,incompleteness,cot
ISSUE-0394,Tasks Launcher should be able to record status to a central repository,0,1,"Step 1: Identify the key information provided in the issue.
- The task launcher needs to capture and record the state of tasks running in both lattice and local environments.
- There is a need to map the reported cloud environment states to an enumerated set of states as specified in a document link.
- The recorded state information should be stored in a specific table (task_execution).

Step 2: Identify what essential information is missing from the issue.
- Steps to reproduce the problem or how to test the feature are not provided.
- Expected behavior and acceptance criteria are not clearly defined.
- No details about the environment setup, including software versions, operating systems, etc., are given.

Step 3: Determine if a developer can act on this issue without asking for more information.
Given the lack of specific steps to reproduce, expected vs actual behavior, and detailed environment specifications, it would be challenging for a developer to implement or test this feature effectively. Additional details are necessary before proceeding with development work.

Final Answer: Yes",267b36ab33cd39fe,qwen2.5:14b,0,2026-06-17T15:16:42.518488,project_01,title_desc,incompleteness,cot
ISSUE-2850,Richer module options metadata,0,1,"Step 1: Identify the key information provided in the issue.
- The current implementation of module options uses PropertySourcesPlaceholderConfigurer with simple text replacements.
- Proposes introducing a richer model for module options using XML representation.
- Provides examples of how this new model can be used to provide help metadata, list available option names, specify defaults/computations, and support better type checking/optionality.

Step 2: Identify what essential information is missing from the issue.
- Steps to reproduce the problem or demonstrate the need for a richer module options model are not provided.
- Expected behavior after implementing the proposed changes is not clearly defined.
- Acceptance criteria for this feature enhancement are not specified.
- Environment details (e.g., operating system, software versions) and affected components are missing.

Step 3: Determine if a developer can act on this issue without asking for more information.
Given that there are no clear steps to reproduce the problem or demonstrate the need for change, no acceptance criteria, and no environment details provided, it would be challenging for a developer to start working on this enhancement without additional clarification. The description is more of an idea or proposal rather than a concrete issue with reproduction steps and expected outcomes.

Final Answer: Yes",a4b2537764077766,qwen2.5:14b,0,2026-06-17T15:16:47.939025,project_01,title_desc,incompleteness,cot
ISSUE-0549,Port FTP as s-c-s source module,0,1,"Step 1: Identify the key information provided in the issue.
- The user wants to port FTP modules from Spring XD to s-c-s repository.
- They want to use these modules as part of building streaming pipelines.

Step 2: Determine what essential information is missing.
- Steps to reproduce or how to start working on this task are not clear.
- Expected behavior after the module has been successfully ported is not specified.
- Acceptance criteria for completing this task are absent.
- Affected components and their current state in Spring XD are unclear.
- Environment details (e.g., operating system, version of software) are missing.

Step 3: Evaluate if a developer can act on this issue without additional information.
Given the lack of specific steps, expected outcomes, acceptance criteria, environment details, and affected components, it would be challenging for a developer to start working on this task effectively. They would likely need more detailed instructions or clarification before proceeding.

Final Answer: Yes",e3c5b707c78bb11e,qwen2.5:14b,0,2026-06-17T15:16:52.406211,project_01,title_desc,incompleteness,cot
ISSUE-2979,Change url to access UI from browser,0,1,"Step 1: Identify the key information provided in the issue.
- The current URL format includes ""}"" which is described as messy and dated.
- A suggested improvement would be to access the UI via http://localhost:8080/admin-ui without explicitly including index.html.

Step 2: Determine what essential information is missing from the issue.
- Steps to reproduce the problem or how to achieve the desired URL format are not provided.
- Expected behavior after implementing the change is not clearly defined (e.g., should it work in all browsers, under specific conditions?).
- Acceptance criteria for when this task can be considered complete are absent.
- Affected components and environment details (such as browser versions or operating systems) are missing.

Step 3: Evaluate if a developer could act on the issue without needing additional information.
Given the lack of detailed steps to reproduce, expected behavior, acceptance criteria, affected components, and environment details, it would be challenging for a developer to implement this change effectively. The absence of these critical pieces of information means that developers might have to make assumptions or seek clarification before proceeding.

Final Answer: Yes",1d9a771ebedd863a,qwen2.5:14b,0,2026-06-17T15:16:57.297180,project_01,title_desc,incompleteness,cot
ISSUE-0714,Add Logging to ZooKeeperContainerRepository,0,1,"Step 1: Identify the key information provided in the issue.
- The issue describes occasional CI test build failures related to ZooKeeperContainerRepository.
- It mentions an error message ""java.lang.IllegalStateException: Container cache not initialized"".
- A specific line of code is mentioned where this exception occurs (ZooKeeperContainerRepository.java:184).
- There's a suggestion to add logging in certain places to track when the cache was closed.

Step 2: Identify what essential information is missing.
- Steps to reproduce the issue are not provided. Without these, it’s difficult for developers to replicate and verify the problem.
- Expected behavior is not clearly defined. It’s unclear what should happen instead of the exception being thrown.
- Acceptance criteria are not specified. There's no clear indication of what needs to be done to resolve or mitigate this issue.
- Environment details (such as specific versions of software, configurations, etc.) are missing.

Step 3: Determine if a developer can act on this issue without asking for more information.
Given the lack of reproduction steps and acceptance criteria, it would be challenging for a developer to start working on this issue effectively. They would likely need additional details before proceeding with any changes or fixes.

Final Answer: Yes",fe59437176736a12,qwen2.5:14b,0,2026-06-17T15:17:02.690023,project_01,title_desc,incompleteness,cot
ISSUE-1907,DefaultContainerMatcher - Improve Logging and mention affected Module,0,1,"Step 1: Identify the key information provided in the issue.
- The logging message is ambiguous when no container matches the specified criteria during deployment.
- The affected module is mentioned as ""cluster.DefaultContainerMatcher"".
- A specific time and log level are given (""11:58:24,089 WARN"").

Step 2: Identify what essential information is missing from the issue report.
- Steps to reproduce the issue are not provided.
- Expected behavior is not described (what should be logged instead of the current message).
- Acceptance criteria for resolving this issue are absent.
- No environment details or specific conditions under which this occurs are mentioned.

Step 3: Determine if a developer can act on this issue without additional information.
Given that there are no clear steps to reproduce, expected behavior, acceptance criteria, or environmental context provided, it would be challenging for a developer to fully understand and resolve the issue based solely on the given description. The developer would likely need more details before proceeding.

Final Answer: Yes",b16afb5931a6caa3,qwen2.5:14b,0,2026-06-17T15:17:07.253268,project_01,title_desc,incompleteness,cot
ISSUE-1146,http-client Improvement (userDefinedHeaderPrefix),0,1,"Step 1: Identify the key information provided.
- The current limitation of not being able to suppress or change the } prefix on user-defined headers in http-client.
- A reference to Stack Overflow indicating that passing HTTP request headers from SpringXD using an HTTP client processor is a concern.

Step 2: Determine what essential information is missing.
- Steps to reproduce the issue are not provided.
- Expected behavior and actual behavior are not clearly defined.
- Acceptance criteria for resolving this issue are absent.
- Affected components or environment details (e.g., version of http-client, programming language, operating system) are not specified.

Step 3: Evaluate if a developer can act on the issue without additional information.
Given the lack of specific steps to reproduce, expected vs actual behavior, acceptance criteria, and environmental context, it would be challenging for a developer to understand the full scope of the problem or how to resolve it effectively. More details are needed before proceeding with development work.

Final Answer: Yes",8937b8d97e8e0876,qwen2.5:14b,0,2026-06-17T15:17:11.702846,project_01,title_desc,incompleteness,cot
ISSUE-3079,Deploy a new job module *after* XD-singlenode container has started.,0,1,"Step 1: Identify the key information provided in the issue.
- The issue describes deploying a new job module after an XD-singlenode container has started.
- It suggests developing in the test tree and using specific GitHub resources.
- Verification involves creating JUnit tests to check if the new job runs successfully.

Step 2: Determine what essential information is missing.
- Steps to reproduce the scenario are not clearly defined. The description lacks a detailed sequence of actions that developers can follow to replicate the issue or implement the feature.
- Expected behavior after deploying the new job module is vague and unclear. It's not specified what success looks like beyond ""the job ran and was successful.""
- No acceptance criteria are provided, making it difficult for developers to know when they have completed the task satisfactorily.
- Environment details such as operating system requirements, version of XD-singlenode, or any other dependencies needed to set up the environment are not mentioned.

Step 3: Evaluate if a developer can act on this issue without asking for more information.
Given the lack of clear reproduction steps and acceptance criteria, along with missing environment details, it would be challenging for developers to start working on this task effectively. They would likely need additional clarification before proceeding.

Final Answer: Yes",5afc5c2efe91b072,qwen2.5:14b,0,2026-06-17T15:17:17.131477,project_01,title_desc,incompleteness,cot
ISSUE-0367,Spike: Study scope to add support for hdfs commands in shell,0,1,"Step 1: Identify the key information provided in the issue.
- The title mentions studying the scope to add support for HDFS commands in shell.
- The description states that as an s-c-d developer, the goal is to add support for hadoop commands in shell to query the hadoop file system.

Step 2: Determine what essential information is missing from the issue.
- Steps to reproduce or understand how to implement this feature are not provided.
- Expected behavior after implementing the feature is not described.
- Acceptance criteria that define when the task is complete are absent.
- Affected components and their interactions with other parts of the system are unclear.
- Environment details such as operating systems, shell versions, Hadoop version, etc., are missing.

Step 3: Evaluate if a developer can act on this issue without needing additional information.
Given the lack of specific details about implementation steps, expected outcomes, acceptance criteria, and environment specifics, it would be challenging for a developer to start working on this task effectively. They would likely need more detailed instructions or clarification before proceeding.

Final Answer: Yes",d3eb57ffe4a8880d,qwen2.5:14b,0,2026-06-17T15:17:21.949451,project_01,title_desc,incompleteness,cot
ISSUE-3374,Documentation for AggregateCounter,0,1,"Step 1: Identify the key information provided in the issue.
- The issue title and description indicate that there's a need to add documentation for the use of AggregateCounter within the Analytics chapter.
- It specifies that an example should be included showing how to create a tap using the shell command.

Step 2: Determine what essential information is missing.
- Steps to reproduce or demonstrate the issue are not provided since this isn't really an issue but rather a request for documentation.
- Expected vs actual behavior is irrelevant here as it's about adding documentation, not fixing a bug.
- Acceptance criteria are not clearly defined. It’s unclear what specific details should be included in the example or how thorough the explanation needs to be.
- Affected components and environment details are also missing since this request doesn't pertain to any particular component or environment.

Step 3: Evaluate if a developer can act on this issue without needing more information.
- While the task is clear (add documentation), the lack of specific acceptance criteria, such as what exactly should be included in the example and how detailed it needs to be, means that developers would likely need additional guidance before proceeding with the work.

Final Answer: Yes",701d07ce4327ed54,qwen2.5:14b,0,2026-06-17T15:17:27.124682,project_01,title_desc,incompleteness,cot
ISSUE-0460,First deploy/launch of Pig job that includes yarn-site.xml file fails,0,0,"Step 1: Identify the key information provided in the issue.
- The issue occurs during the first deploy of a Pig job that includes a yarn-site.xml file after XD starts up.
- The error message indicates that the main class org.apache.hadoop.mapreduce.v2.app.MRAppMaster cannot be found or loaded, suggesting that the yarn-site.xml file is not on the classpath.
- Un-deploying and re-deploying the job resolves the issue.

Step 2: Identify what essential information is missing from the issue report.
- Steps to reproduce the problem are not provided. Without these steps, it's difficult for a developer to replicate the issue in their environment.
- Expected behavior is not clearly defined. It’s unclear whether the Pig job should run successfully on the first deploy or if there are specific conditions under which this error occurs.
- Acceptance criteria are missing. There is no clear definition of what success looks like after resolving the issue.
- Environment details such as operating system, version numbers for relevant software (Pig, Hadoop, YARN), and any other configurations that might be necessary to reproduce the problem are not provided.

Step 3: Determine if a developer can act on this issue without asking for more information.
Given the lack of detailed",49b7231136b46b2d,qwen2.5:14b,0,2026-06-17T15:17:32.551496,project_01,title_desc,incompleteness,cot
ISSUE-0456,Refactor Task parsing,0,1,"Step 1: Identify the key information provided in the issue.
- The current DSL parsing for tasks is duplicated from streams' parsing code.
- There are explicit references to either streams or tasks in common code, which should be removed.

Step 2: Determine what essential information is missing.
- Steps to reproduce the problem (not applicable here as it's a request for refactoring).
- Expected behavior after the refactor (vague and not clearly defined).
- Acceptance criteria (no specific acceptance criteria are mentioned).
- Affected components (only mentions DSL parsing, but no other details about affected parts of the system).
- Environment details (none provided).

Step 3: Evaluate if a developer can act on this issue without asking for more information.
Given that there is no clear definition of what the final state should look like after refactoring and no specific acceptance criteria or environment details, it would be challenging for a developer to start working on this task confidently.

Final Answer: Yes",5a7273a280c70ddf,qwen2.5:14b,0,2026-06-17T15:17:36.953657,project_01,title_desc,incompleteness,cot
ISSUE-3038,Add Spring XD Build Plan for Java 8 to Bamboo,0,1,"Step 1: Identify the key information provided in the issue.
- The issue title suggests that it involves adding a build plan for Spring XD with Java 8 to Bamboo.
- It mentions a dependency on another issue, XD-761.

Step 2: Determine what essential information is missing.
- Steps to reproduce or how to add the build plan are not provided.
- Expected behavior after implementing the change is not described.
- No acceptance criteria are mentioned.
- Affected components and environment details (such as specific versions of Spring XD, Bamboo, Java) are not specified.

Step 3: Evaluate if a developer can act on this issue without additional information.
- Given the lack of detailed steps, expected outcomes, and environmental specifics, it would be challenging for a developer to proceed with implementing or testing this change effectively.

Final Answer: Yes",4268dd4c0d3bfd85,qwen2.5:14b,0,2026-06-17T15:17:40.879812,project_01,title_desc,incompleteness,cot
ISSUE-0976,Create a gpload batch job,0,1,"Step 1: Identify the key information provided in the issue.
- The user wants to create a _gpload_ tasklet.
- The purpose is to ingest data from various sources into GPDB efficiently.

Step 2: Determine what essential information is missing.
- Steps to reproduce or how to create the _gpload_ tasklet are not specified.
- Expected behavior after creating the _gpload_ tasklet is unclear (e.g., what should happen when ingesting data).
- No acceptance criteria are provided for determining if the tasklet works as intended.
- Affected components and environment details (such as GPDB version, operating system) are missing.

Step 3: Evaluate whether a developer can act on this issue without asking for more information.
Given the lack of specific steps, expected behavior, acceptance criteria, and environmental context, it would be challenging for a developer to proceed with implementing or testing this feature effectively. The developer would likely need additional details before starting work.

Final Answer: Yes",13e2a1a21b1cf1f3,qwen2.5:14b,0,2026-06-17T15:17:45.343556,project_01,title_desc,incompleteness,cot
ISSUE-1548,Document the configuration of the JobRepository,0,1,"Step 1: Identify the key information provided in the issue.
- The issue mentions adding a custom BatchConfigurer to allow configuration of properties like isolationLevel and tablePrefix when creating the JobRepository.
- It suggests documenting these configurations either in the Application Configuration section or the Batch Job section.

Step 2: Determine what essential information is missing.
- There are no steps provided on how to reproduce the need for this documentation.
- The expected behavior after implementing the suggested documentation is not clear.
- No acceptance criteria are specified (what should be included, format of documentation, etc.).
- Environment details or specific conditions under which this configuration applies are not mentioned.

Step 3: Evaluate if a developer can act on this issue without additional information.
Given the lack of detailed steps to reproduce, expected behavior, and clear acceptance criteria, it would be challenging for a developer to start working on this task effectively. They would likely need more details before proceeding.

Final Answer: Yes",76695ad824a07e01,qwen2.5:14b,0,2026-06-17T15:17:49.611428,project_01,title_desc,incompleteness,cot
ISSUE-1672,Add Basic Auth support,0,1,"Step 1: Identify the key information provided in the issue.
- The user wants to have Basic Authentication support.
- Technical implementation involves adding Spring Boot Security Starter dependency and configuring it via application.yml.

Step 2: Determine what essential information is missing.
- Steps to reproduce the lack of functionality (not clear how to test or verify).
- Expected behavior when Basic Auth is enabled (what should happen when a user makes a request with/without credentials?).
- Actual behavior (is there any current behavior that needs to be overridden or extended?).
- Acceptance criteria (how will we know this feature works correctly?).
- Affected components and environment details (which parts of the system are impacted, what versions of software are involved).

Step 3: Evaluate if a developer can act on this issue without asking for more information.
Given the missing essential information such as steps to reproduce, expected vs actual behavior, acceptance criteria, affected components, or environment details, it would be challenging for a developer to implement and verify this feature effectively.

Final Answer: Yes",90b924da88156b68,qwen2.5:14b,0,2026-06-17T15:17:54.301814,project_01,title_desc,incompleteness,cot
ISSUE-1002,Remove Reactor Stream processor from ref docs to spring-xd-modules,0,1,"Step 1: Identify the key information provided in the issue.
- The title and description indicate that Reactor Stream processor should be removed from ref docs to spring-xd-modules because it is not going to integrate with Reactor for stream processing.

Step 2: Determine what essential information is missing.
- Steps to reproduce the problem or action needed are absent. There's no clear guidance on how this change should be implemented.
- Expected behavior after implementing the change is not specified.
- No acceptance criteria are provided, which would help verify if the issue has been resolved correctly.
- Affected components and environment details (such as versions of Reactor, Spring XD, etc.) are missing.

Step 3: Evaluate whether a developer can act on this issue without additional information.
- Given the lack of specific instructions or acceptance criteria, it's unlikely that a developer could implement this change confidently. They would need clarification on what exactly needs to be removed and from where, as well as confirmation that no other parts of the system are affected.

Final Answer: Yes",db9ba3d8b195acff,qwen2.5:14b,0,2026-06-17T15:17:58.875103,project_01,title_desc,incompleteness,cot
ISSUE-0927,Add support to deploy stream in a single container,0,1,"Step 1: Identify the key information provided in the issue.
- The user wants to deploy a stream within a single container.
- They suggest considering leader election and automatic failover.

Step 2: Determine what essential information is missing.
- Steps to reproduce the problem or desired feature are not given.
- Expected behavior after implementing this feature is unclear.
- Acceptance criteria for when the issue can be considered resolved are absent.
- Affected components and environment details (e.g., operating system, container runtime) are not specified.

Step 3: Evaluate if a developer can act on this issue without additional information.
Given the lack of specific steps to reproduce, expected behavior, acceptance criteria, and environmental context, it would be challenging for a developer to implement or test this feature effectively. More details are needed before proceeding with development work.

Final Answer: Yes",ba2ebf717e53bdcd,qwen2.5:14b,0,2026-06-17T15:18:02.850907,project_01,title_desc,incompleteness,cot
ISSUE-0336,[Int Tests] Enhance test coverage for Lattice SPI,0,1,"Step 1: Identify the key information provided in the issue.
- The user wants to enhance integration test coverage for Lattice SPI.
- This is intended to help continuously evaluate functionalities via CI pipeline.

Step 2: Determine what essential information is missing from the issue.
- Steps to reproduce or understand how to implement/enhance the tests are not given.
- Expected behavior after enhancement of test coverage is not specified.
- Acceptance criteria for when this task can be considered complete are absent.
- Affected components and their specific requirements are unclear.
- Environment details (e.g., operating system, version numbers) are missing.

Step 3: Evaluate if a developer can act on the issue without additional information.
Given the lack of detailed steps, expected outcomes, acceptance criteria, affected components, and environment specifics, it would be challenging for a developer to start working on this task effectively. More details are needed before proceeding with implementation or enhancement.

Final Answer: Yes",d2ee3ad36a3614d4,qwen2.5:14b,0,2026-06-17T15:18:07.169195,project_01,title_desc,incompleteness,cot
ISSUE-2604,JobPlugin - Use containsKey when checking for Parameters,0,1,"Step 1: Identify the key information provided in the issue.
- The title suggests that there should be a change to use `containsKey` when checking for parameters in some code related to JobPlugin.
- The description mentions adding tests.

Step 2: Determine what essential information is missing.
- Steps to reproduce the problem or scenario where this needs fixing are not provided.
- Expected behavior after implementing the suggested changes is not described.
- Acceptance criteria that define how one knows when the issue is resolved are absent.
- Affected components and environment details (such as programming language, version of JobPlugin) are missing.

Step 3: Evaluate if a developer can act on this issue without asking for more information.
- Given the lack of specific steps to reproduce, expected behavior, acceptance criteria, affected components, and environment details, it would be challenging for a developer to understand fully what needs to be done or how to verify that the change is correct.

Final Answer: Yes",2eb117f1327eff09,qwen2.5:14b,0,2026-06-17T15:18:11.550327,project_01,title_desc,incompleteness,cot
ISSUE-1900,Enable FtpHdfsTest,0,1,"Step 1: Identify the key information provided in the issue.
- The issue mentions that FtpHdfsTest was added but excluded from running due to required changes for EC2 environment.
- It suggests setting up an FTP server on EC2 with appropriate security measures.

Step 2: Determine what essential information is missing.
- Steps to reproduce the problem or setup are not provided.
- Expected behavior and acceptance criteria are not specified.
- No details about the current state of FtpHdfsTest (e.g., whether it works in other environments).
- Environment details such as OS, version numbers, dependencies, etc., are absent.

Step 3: Evaluate if a developer can act on this issue without additional information.
- Given the lack of specific steps to reproduce and acceptance criteria, developers would need more context to understand what needs to be done and how success will be measured.
- Without environment details, it's unclear which configurations or setups are necessary for testing.

Final Answer: Yes",e3a1dc10c74e3036,qwen2.5:14b,0,2026-06-17T15:18:15.916582,project_01,title_desc,incompleteness,cot
ISSUE-0514,Add PHD HDFS as s-c-s module,0,1,"Step 1: Identify the key information provided in the issue.
- The user wants to investigate how to port PHD HDFS as an s-c-s module from XD.
- They want to handle HDFS dependencies that need to be loaded and available at runtime.

Step 2: Determine what essential information is missing.
- Steps to reproduce or a clear problem statement are not provided. It's unclear if there is an actual issue or just a request for investigation.
- Expected behavior is not clearly defined; it’s vague about the desired outcome of adding PHD HDFS as an s-c-s module.
- No acceptance criteria are mentioned, making it hard to know when this task is complete.
- Affected components and environment details (such as specific versions or configurations) are missing.

Step 3: Evaluate if a developer can act on this issue without asking for more information.
Given the lack of clear objectives, reproduction steps, expected behavior, acceptance criteria, affected components, and environment details, it would be challenging for a developer to proceed with this task effectively. They would likely need additional clarification before they could start working on it.

Final Answer: Yes",fa6b94ca0d194c66,qwen2.5:14b,0,2026-06-17T15:18:20.856422,project_01,title_desc,incompleteness,cot
ISSUE-1536,CompositeModuleDefinition should contain more than List<ModuleDefinition>,0,1,"Step 1: Identify the key information provided in the issue.
- The issue suggests that CMD (CompositeModuleDefinition) should contain additional details beyond just the name and type of child modules.
- It mentions the need to capture options used during composition.
- An intermediate class between ModuleDefinition and ModuleDescriptor is proposed.

Step 2: Determine what essential information is missing from the issue.
- Steps to reproduce the problem are not provided.
- Expected behavior after implementing the suggested changes is not clearly defined.
- Acceptance criteria for when this enhancement is considered complete are absent.
- No specific environment details or affected components are mentioned.

Step 3: Evaluate if a developer can act on this issue without needing further information.
Given the lack of clear reproduction steps, expected outcomes, and acceptance criteria, it would be challenging for a developer to implement this change effectively. Additional clarification is necessary before proceeding with development work.

Final Answer: Yes",75ba5cd2b8725ea3,qwen2.5:14b,0,2026-06-17T15:18:25.073687,project_01,title_desc,incompleteness,cot
ISSUE-2545,Provide a clean way to get a reference to the MessageBus running in SingleNodeApplication,0,1,"Step 1: Identify the key information provided in the issue.
- The current method to obtain the MessageBus involves using Module.getComponent(MessageBus.class).
- Stream testing scenarios require sending and receiving payloads via named channels, which currently necessitates obtaining a deployed module instance.
- Obtaining a deployed module instance is expensive due to asynchronous deployment delays.
- An improvement would be to directly ask the container for its MessageBus.

Step 2: Identify what essential information is missing from the issue.
- Steps to reproduce the problem or scenario are not provided.
- Expected behavior and acceptance criteria are not clearly defined.
- No specific environment details (e.g., programming language, framework version) are mentioned.
- There's no clear description of actual observed behavior compared to expected behavior.

Step 3: Determine if a developer can act on this issue without additional information.
Given the lack of detailed steps to reproduce, acceptance criteria, and environment specifics, it would be challenging for a developer to fully understand and address the issue effectively. The current description provides context but lacks actionable details that are necessary for implementation or testing.

Final Answer: Yes",307c71436f55986a,qwen2.5:14b,0,2026-06-17T15:18:29.896471,project_01,title_desc,incompleteness,cot
ISSUE-3424,Final review of REST API structure document for streams,0,1,"Step 1: Identify the key information provided in the issue.
- The issue title mentions ""Final review of REST API structure document for streams"".
- The description states that there is a need to get closure on open discussion points related to REST API, specifically concerning streams, taps, and jobs.

Step 2: Determine what essential information is missing from the issue.
- Steps to reproduce the problem or scenario are not provided.
- Expected behavior or acceptance criteria are not specified.
- There is no mention of actual observed behavior.
- No details about affected components or environment are given.

Step 3: Evaluate if a developer can act on this issue without needing additional information.
- Given that there are no clear instructions, expected outcomes, or specific issues to address, it would be challenging for a developer to understand the exact requirements and proceed with the task effectively. The lack of detailed steps and criteria makes it difficult to determine what needs to be done.

Final Answer: Yes",b247cf3c83241b01,qwen2.5:14b,0,2026-06-17T15:18:34.216670,project_01,title_desc,incompleteness,cot
ISSUE-2913,Change default admin port from 8080,0,1,"Step 1: Identify the key information provided in the issue.
- The default admin port needs to be changed from 8080 due to conflict with Hadoop's 'map reduce shuffle port'.
- A suggestion is made to change it to 8088.

Step 2: Determine what essential information is missing.
- Steps to reproduce the problem are not provided.
- Expected behavior after changing the default admin port is not specified.
- Acceptance criteria for resolving this issue are absent.
- Affected components and their interactions with other systems (like Hadoop) are not detailed.
- Environment details such as operating system, software version, etc., are missing.

Step 3: Evaluate if a developer can act on the issue without additional information.
Given the lack of specific steps to reproduce, expected behavior, acceptance criteria, environment details, and affected components, it is challenging for a developer to understand the full scope of the problem or how to verify that the solution works as intended. Therefore, more information would be necessary before proceeding with development.

Final Answer: Yes",6b86763a500309c1,qwen2.5:14b,0,2026-06-17T15:18:38.917569,project_01,title_desc,incompleteness,cot
ISSUE-2866,Find runtime modules by type and/or name,0,1,"Step 1: Identify the key information provided in the issue.
- The issue describes a need to find runtime module info by type and/or name.
- Module types mentioned are ""source"", ""sink"", ""processor"", ""job"".

Step 2: Determine what essential information is missing from the issue.
- Steps to reproduce the problem or feature request are not given.
- Expected behavior (what should happen when finding modules) is not described.
- Acceptance criteria for how this functionality will be tested and verified are absent.
- No details about affected components or environment specifics are provided.

Step 3: Evaluate if a developer can act on this issue without additional information.
- Given the lack of detailed requirements, acceptance criteria, and steps to reproduce, it would be challenging for a developer to implement this feature effectively. They would need clarification on how exactly the module search should work, what data is expected in return, and under which conditions.

Final Answer: Yes",ed9ba36d4b3be38b,qwen2.5:14b,0,2026-06-17T15:18:43.175548,project_01,title_desc,incompleteness,cot
ISSUE-1470,User wants to package and deploy an XD application,0,1,"Step 1: Identify the key information provided in the issue.
- The user wants to package and deploy an XD application.
- This involves installing a boot uberjar with custom modules, stream, and job definitions.
- There is potentially an ability to export and import all deployable resources defined in an XD environment.

Step 2: Determine what essential information is missing from the issue description.
- Steps to reproduce the desired functionality are not provided.
- Expected behavior after packaging and deploying the application is unclear.
- Acceptance criteria for completing this task are absent.
- Affected components or specific modules that need to be included in the package are not detailed.
- Environment details such as operating system, version of XD, dependencies, etc., are missing.

Step 3: Evaluate if a developer can act on this issue without needing additional information.
Given the lack of clear steps, expected outcomes, and environment specifics, it would be challenging for a developer to start working on this task effectively. They would likely need more details before proceeding.

Final Answer: Yes",3bb8343f0ee80148,qwen2.5:14b,0,2026-06-17T15:18:47.809736,project_01,title_desc,incompleteness,cot
ISSUE-0697,Create a spark standalone cluster on CI to run spark streaming tests,0,1,"Step 1: Identify the key information provided in the issue.
- The goal is to set up a Spark standalone cluster on CI.
- This setup will allow running Spark streaming tests both in standalone mode and local mode.

Step 2: Determine what essential information is missing from the issue description.
- Steps to reproduce or setup instructions are not provided.
- Expected behavior after setting up the cluster is not specified.
- Acceptance criteria for completing this task are absent.
- No details about the environment (e.g., CI tools, Spark version) are given.

Step 3: Evaluate if a developer can act on this issue without additional information.
Given the lack of specific setup instructions, expected outcomes, and environmental context, it would be challenging for a developer to proceed with implementing this task effectively. The absence of these details means that there is room for ambiguity in how the cluster should be set up or what constitutes successful completion.

Final Answer: Yes",ab7766266b6b7d8f,qwen2.5:14b,0,2026-06-17T15:18:52.052516,project_01,title_desc,incompleteness,cot
ISSUE-0518,Port Redis counter as s-c-s sink,0,1,"Step 1: Identify the key information provided in the issue.
- The user wants to adapt Redis from XD to s-c-s.
- The goal is to build streaming pipes using s-c-s modules with simple counters.

Step 2: Determine what essential information is missing.
- Steps to reproduce the problem or how to implement the adaptation are not clear.
- Expected behavior after implementing the adaptation is not specified.
- Acceptance criteria for when this task is considered complete are absent.
- Affected components and environment details (e.g., version numbers, operating system) are not provided.

Step 3: Evaluate if a developer can act on this issue without additional information.
Given the lack of specific steps to reproduce, expected behavior, acceptance criteria, affected components, and environment details, it would be challenging for a developer to start working on this task effectively. More detailed requirements are necessary before proceeding with implementation.

Final Answer: Yes",a80edf6e6462299c,qwen2.5:14b,0,2026-06-17T15:18:56.643778,project_01,title_desc,incompleteness,cot
ISSUE-1072,Large number of required options in jdbc sink definition,0,-1,"Step 1: Identify the key information provided in the issue.
- The user wants to define a stream using JDBC sink in Spring XD for PivotalCF test environment.
- They are encountering exceptions and failed deployments due to missing options.
- Several required options include validationQuery, validatorClassName, connectionProperties, initSQL, jdbcInterceptors, initializerScript.

Step 2: Identify what essential information is missing from the issue report.
- Steps to reproduce the problem are not clearly defined. The user mentions they get exceptions but does not specify which ones or under what conditions.
- Expected behavior is not explicitly stated; it's implied that the stream should be created without needing these options, but this isn't clear.
- Acceptance criteria for resolving the issue are missing (e.g., ""The stream creation process should succeed with minimal required JDBC sink configuration"").
- Environment details such as Spring XD version and PivotalCF test environment specifics are not provided.

Step 3: Determine if a developer can act on this issue without asking for more information.
Given the lack of clear reproduction steps, expected behavior, acceptance criteria, and detailed environment information, it would be challenging for a developer to reproduce or resolve the issue effectively. They would likely need additional details before proceeding with any investigation.",1a27bb633c51e437,qwen2.5:14b,0,2026-06-17T15:19:02.556398,project_01,title_desc,incompleteness,cot
ISSUE-1097,Temp files for stream create not being cleaned,0,0,"Step 1: Key Information Provided
- The issue describes that temporary directories are not being cleaned up after streams are undeployed and destroyed in Spring XD.
- This leads to hitting the inode limit of 32768 files for a volume, causing ""No space left on device"" errors.
- These issues occur specifically during testing for PivotalCF.

Step 2: Missing Essential Information
- Steps to reproduce the issue are not provided. It's unclear how exactly one can recreate this scenario.
- Expected behavior is not clearly defined. The description mentions that directories should be cleaned up, but it doesn't specify what the exact state of the system should look like after cleanup.
- Acceptance criteria for resolving the issue are missing. There’s no clear definition of when the problem would be considered fixed (e.g., all temporary files must be deleted upon stream destruction).
- Environment details such as specific versions of Spring XD, PivotalCF, and other relevant software components are not provided.
- Specific steps or commands used to create and destroy streams during testing are missing.

Step 3: Developer Actionability
Given the lack of detailed reproduction steps, expected behavior, acceptance criteria, and environment specifics, a developer would likely need additional information before they could",4f6f5a716a712d47,qwen2.5:14b,0,2026-06-17T15:19:08.081336,project_01,title_desc,incompleteness,cot
ISSUE-2832,The HDFS Sink should support compressing files as they are copied,0,1,"Step 1: Identify the key information provided in the issue.
- The issue describes a feature request to support file compression when copying files into HDFS using the HDFS Sink.
- It mentions that the files could be text or binary and should initially support bzip2 and LZO compression formats.

Step 2: Determine what essential information is missing from the issue description.
- Steps to reproduce the problem (if it's a bug) or how to implement the feature are not provided.
- Expected behavior after implementing the requested feature is not clearly defined.
- Acceptance criteria for when this enhancement can be considered complete are lacking.
- Affected components and environment details such as Hadoop version, Java version, etc., are missing.

Step 3: Evaluate if a developer can act on this issue without needing additional information.
Given the lack of detailed steps to reproduce, expected behavior, acceptance criteria, affected components, and environment details, it would be challenging for a developer to start working on this feature request effectively. More specific requirements and test cases are needed.

Final Answer: Yes",484117ac4f5984b7,qwen2.5:14b,0,2026-06-17T15:19:12.873764,project_01,title_desc,incompleteness,cot
ISSUE-1088,HDFS StoreMessageHandlers are not very resilient,0,0,"Step 1: Identify the key information provided in the issue.
- The issue describes an instability or lack of resilience in HDFS StoreMessageHandlers when dealing with RemoteExceptions from Hadoop.
- It mentions that a broken datawriter's stream is not properly closed, leading to subsequent write failures.

Step 2: Determine what essential information is missing.
- Steps to reproduce the issue are not provided. Without these steps, it’s difficult for developers to replicate and verify the problem.
- Expected behavior is not clearly defined. It’s unclear what should happen when a RemoteException occurs (e.g., whether the stream should be closed and reopened or if another strategy should be triggered).
- Acceptance criteria are missing. There's no clear definition of what would constitute an acceptable fix for this issue.
- Environment details such as Hadoop version, Spring XD version, and any specific configurations that might affect the behavior are not provided.

Step 3: Evaluate whether a developer can act on this issue without additional information.
Given the lack of detailed steps to reproduce, expected behavior, acceptance criteria, and environment specifics, it would be challenging for developers to effectively address or even understand the full scope of the problem described in this issue. They would likely need more details before they could begin work.

Final Answer",227f278c9e2f4e37,qwen2.5:14b,0,2026-06-17T15:19:18.287868,project_01,title_desc,incompleteness,cot
ISSUE-0993,XD on Lattice POC,0,1,"Step 1: Identify the key information provided in the issue.
- The user wants to continue working on XD-on-Lattice/Diego PoC.
- They are focused on designing a pluggable SPI that is generally applicable beyond Lattice.
- Receptor API is mentioned as one of the implementation options.

Step 2: Determine what essential information is missing from the issue description.
- Steps to reproduce the problem or scenario (if it's an issue rather than a feature request).
- Expected behavior and actual behavior if this is related to a bug report.
- Acceptance criteria for the task or feature being described.
- Affected components or parts of the system that need attention.
- Environment details such as operating systems, versions of software involved, etc.

Step 3: Evaluate whether a developer can act on this issue without needing additional information.
Given the current description, it is not clear what specific action needs to be taken. The description lacks concrete steps for implementation or testing and does not provide acceptance criteria that would allow a developer to know when they have completed the task successfully.

Final Answer: Yes",e3ca7e67741e66d7,qwen2.5:14b,0,2026-06-17T15:19:23.050720,project_01,title_desc,incompleteness,cot
ISSUE-3212,Parsing stream definition with parameter containing single quotes not working,0,1,"Step 1: Identify the key information provided in the issue.
- The issue describes a problem with parsing a stream definition that contains single quotes in its query parameter.
- It mentions a specific example from documentation and provides command-line output indicating failure.

Step 2: Determine what essential information is missing.
- Steps to reproduce the issue are not clearly outlined. While an example is provided, it's unclear if this is the exact sequence of steps needed to replicate the problem.
- Expected behavior is not explicitly stated; only the actual error message and warning are given.
- Acceptance criteria for resolving the issue are absent.
- Environment details such as operating system, version numbers of software involved (Spring XD, Spring Shell), or any other relevant configurations are missing.

Step 3: Evaluate if a developer can act on this issue without additional information.
Given the lack of clear reproduction steps and environment details, it would be challenging for a developer to reproduce the issue accurately. Additionally, without acceptance criteria, it's unclear what constitutes an acceptable resolution.

Final Answer: Yes",343e0530ce5a9c94,qwen2.5:14b,0,2026-06-17T15:19:27.727630,project_01,title_desc,incompleteness,cot
ISSUE-0131,Support partitioning for Kafka even if count == 1,0,1,"Step 1: Identify the key information provided in the issue.
- The user wants to set a partitioning key for Kafka even when there is only one downstream module.
- This would allow taking advantage of native Kafka partitioning and message ordering support.

Step 2: Determine what essential information is missing from the issue.
- Steps to reproduce the problem or desired feature are not provided.
- Expected behavior is not clearly defined (what should happen if a partitioning key is set when there's only one downstream module?).
- Acceptance criteria for this requirement are not specified.
- Affected components and environment details are not mentioned.

Step 3: Evaluate whether a developer can act on the issue without additional information.
Given the lack of specific steps, expected behavior, acceptance criteria, affected components, and environment details, it would be challenging for a developer to implement or test this feature effectively. More detailed requirements are needed before proceeding with development.

Final Answer: Yes",bd2d86e8a9de04e6,qwen2.5:14b,0,2026-06-17T15:19:32.022844,project_01,title_desc,incompleteness,cot
ISSUE-2806,User should be able to view the list of all the job definitions,0,0,"Step 1: Identify the key information provided in the issue.
- The issue describes creating a tab view with specific tabs (""Job Definitions"", ""Runtime Jobs"", ""Job Instances"", and ""Job Executions"").
- It mentions that clicking on the ""Job Definitions"" tab should display a table of job definitions.
- It specifies using bootstrap.js for responsive layout.
- It references a REST endpoint ""/jobs"" to fetch the list of job definitions.
- It suggests expanding QueryOptions in JobsController to include criteria like status (Deployed/Undeployed).
- The issue mentions implementing UI for the shell command ""job list"".

Step 2: Identify what essential information is missing from the issue.
- Steps to reproduce the expected functionality are not provided.
- Expected behavior when clicking on the ""Job Definitions"" tab and other tabs is vague.
- No acceptance criteria or specific requirements are outlined (e.g., how many job definitions should be displayed, sorting options, pagination).
- Environment details such as browser compatibility, operating system, or any specific version of software dependencies are not mentioned.
- There's no mention of actual behavior that developers can test against to ensure the issue is resolved.

Step 3: Determine if a developer can act on this issue without asking for more information.",0b7e9ba4b84c61f2,qwen2.5:14b,0,2026-06-17T15:19:37.619697,project_01,title_desc,incompleteness,cot
ISSUE-3281,Create proper test coverage for Controllers,1,1,"Step 1: Identify the key information provided in the issue.
- The title and description both state ""Create proper test coverage for Controllers.""

Step 2: Determine what essential information is missing.
- Steps to reproduce or a specific scenario where this needs to be addressed are not mentioned.
- Expected behavior (what constitutes 'proper' test coverage) is not defined.
- Acceptance criteria that would indicate when the issue is resolved are absent.
- Affected components and environment details are not provided.

Step 3: Evaluate if a developer can act on this issue without additional information.
- Without knowing what ""proper"" test coverage entails, developers cannot determine how to proceed with creating tests for controllers. They need clarity on which aspects of the controller code should be tested, what kind of scenarios or edge cases are important, and what level of coverage is expected (e.g., 80%, 100%).
- Developers would likely have to ask for more details before they can start working on this issue effectively.

Final Answer: Yes",10a7c3fd7e8cee22,qwen2.5:14b,0,2026-06-17T15:19:42.193333,project_01,title_desc,incompleteness,cot
ISSUE-0114,Spring flo issue with unexpected char,0,1,"Step 1: Identify the key information provided in the issue.
- The issue occurs when creating a stream in Flo.
- Using an asterisk (*) causes an error.

Step 2: Determine what essential information is missing.
- Steps to reproduce the issue are not detailed. It's unclear if there are specific conditions or steps required to trigger the error.
- Expected behavior is not described. What should happen when using an asterisk in a stream creation process?
- Actual behavior is only briefly mentioned as ""an error,"" without details on what kind of error it is (e.g., error message, type of failure).
- Acceptance criteria are missing. It's unclear how one would know if the issue has been resolved.
- Environment details such as operating system, browser version, or specific Flo version are not provided.

Step 3: Evaluate whether a developer can act on this issue without additional information.
Given the lack of detailed steps to reproduce, expected behavior, and environment specifics, it is unlikely that a developer could effectively diagnose and resolve the issue based solely on the current description. More details would be necessary for proper troubleshooting and testing.

Final Answer: Yes",d72663df97f81522,qwen2.5:14b,0,2026-06-17T15:19:47.137981,project_01,title_desc,incompleteness,cot
ISSUE-2819,Create OOTB batch job for export and processing multiple files from HDFS to MongoDB,0,0,"Step 1: Identify the key information provided in the issue.
- The task involves creating an out-of-the-box batch job to export and process multiple files from HDFS to MongoDB.
- An ItemReader will read data from HDFS, convert it into a tuple structure.
- An ItemProcessor is described as a no-op groovy script (meaning it does not perform any operations).
- An ItemWriter will write the data to a MongoDB collection.
- A TupleToDBObject converter needs to be developed.
- The sample job should be documented.

Step 2: Identify what essential information is missing from the issue description.
- Steps to reproduce or setup instructions are missing. It's unclear how one would set up and run this batch job.
- Expected behavior is not clearly defined. What exactly should happen when running the batch job?
- Acceptance criteria are absent, making it difficult for a developer to know what constitutes successful completion of the task.
- Environment details (e.g., versions of Hadoop, MongoDB, Spring Batch) are missing.
- No information on how to verify that the TupleToDBObject converter works as expected.

Step 3: Determine if a developer can act on this issue without asking for more information.
Given the lack of detailed steps, clear acceptance criteria,",5111f243c809cf98,qwen2.5:14b,0,2026-06-17T15:19:52.546895,project_01,title_desc,incompleteness,cot
ISSUE-3583,Creating a tap throws an exception,0,1,"Step 1: Identify the key information provided in the issue.
- The issue title indicates that creating a tap throws an exception.
- In local mode, there is a specific error message related to 'redisConnectionFactory'.
- It also mentions that it fails when using redis.

Step 2: Determine what essential information is missing.
- Steps to reproduce the issue are not provided.
- Expected behavior before the issue occurs is not described.
- Actual behavior after the exception is thrown is not detailed.
- Acceptance criteria for resolving this issue are absent.
- Affected components and their versions are not specified.
- Environment details (e.g., operating system, Java version, Redis version) are missing.

Step 3: Evaluate if a developer can act on this issue without additional information.
Given the lack of reproduction steps, expected vs actual behavior, acceptance criteria, affected components, and environment details, it is challenging for a developer to understand the full scope of the problem or how to effectively reproduce and resolve it. More detailed information would be necessary.

Final Answer: Yes",0aeb421968f5e780,qwen2.5:14b,0,2026-06-17T15:19:57.268924,project_01,title_desc,incompleteness,cot
ISSUE-1320,Upgrade CI Acceptance AMI to HVM,0,1,"Step 1: Identify the key information provided in the issue.
- The current paravirtual AMI used for CI tests needs to be replaced with an HVM-based AMI.
- Paravirtual is being phased out by Amazon.
- Future benefits include utilizing VPC and placement groups.

Step 2: Determine what essential information is missing from the issue description.
- Steps to reproduce the problem or action needed (not clear if there's a current problem or just a future improvement request).
- Expected behavior after upgrading to HVM-based AMI.
- Acceptance criteria for completing this task.
- Affected components and their specific impacts.
- Environment details such as OS version, CI tool versions, etc.

Step 3: Evaluate whether the developer can act on this issue without additional information.
Given the lack of detailed steps, expected outcomes, acceptance criteria, affected components, and environment specifics, a developer would likely need more information to proceed effectively with implementing or testing this change.

Final Answer: Yes",ec14a1613fd4db78,qwen2.5:14b,0,2026-06-17T15:20:01.678401,project_01,title_desc,incompleteness,cot
ISSUE-3683,Sonar build is failing,0,-1,"Step 1: Analyze the provided information.
- The issue title indicates that a Sonar build is failing.
- The description provides a stack trace indicating a `java.lang.ClassNotFoundException` for the class `org.sonar.api.Plugin`.

Step 2: Identify missing essential information.
- Steps to reproduce the issue are not provided.
- Expected behavior before the failure is not mentioned.
- Actual observed behavior (what happens when the build fails) is only partially described by the stack trace and does not provide a clear understanding of what went wrong beyond the exception message.
- Acceptance criteria for resolving this issue are missing.
- Affected components or specific parts of the system that are failing are not detailed.
- Environment details such as operating system, Java version, SonarQube version, build tools used (e.g., Maven, Gradle), and any other relevant configurations are absent.

Step 3: Determine if a developer can act on this issue without additional information.
Given the lack of reproduction steps, expected behavior, acceptance criteria, affected components, and environment details, it would be challenging for a developer to effectively diagnose and resolve the issue based solely on the provided stack trace. Additional context is necessary to understand why the class `org.sonar.api.Plugin` cannot be found",6c7c3bffcadc66fc,qwen2.5:14b,0,2026-06-17T15:20:07.135735,project_01,title_desc,incompleteness,cot
ISSUE-0297,Port Mail as s-c-s sink,0,1,"Step 1: Identify the key information provided in the issue.
- The user wants to move a module from Spring XD to s-c-s repository.
- The purpose is to use it as a sink to build streaming pipelines.

Step 2: Determine what essential information is missing.
- Steps to reproduce the problem or action needed are not clear.
- Expected behavior after moving the module and using it in s-c-s is not specified.
- Acceptance criteria for completing this task are absent.
- Affected components and environment details (e.g., versions of Spring XD, s-c-s) are missing.

Step 3: Evaluate if a developer can act on this issue without additional information.
Given the lack of specific steps, expected outcomes, acceptance criteria, and environmental context, it would be challenging for a developer to proceed with implementing or addressing this request effectively. More details are needed to understand exactly what needs to be done and how success will be measured.

Final Answer: Yes",84ad6e979538f0bb,qwen2.5:14b,0,2026-06-17T15:20:11.491081,project_01,title_desc,incompleteness,cot
ISSUE-2837,User requires wiki page on how to use the XD EC2 Installer,0,1,"Step 1: Identify the key information provided in the issue.
- The user requires instructions to be added to the GitHub wiki about how to use the XD EC2 Installer.
- This implies that there is currently no documentation or guidance available on using this installer.

Step 2: Determine what essential information is missing from the issue.
- Steps to reproduce the need for these instructions are not provided. It's unclear why existing documentation might be insufficient.
- Expected behavior after adding the instructions is not specified. What should users be able to do once they follow the new wiki page?
- Acceptance criteria are absent, making it difficult to know when the issue has been resolved satisfactorily.
- Affected components or environment details (e.g., operating system requirements) are missing.

Step 3: Evaluate if a developer can act on this issue without needing additional information.
Given the lack of specific details about what needs to be included in the instructions, expected outcomes, and acceptance criteria, it would likely require further clarification before proceeding effectively. A developer might need more context or specifics from the user to create comprehensive documentation.

Final Answer: Yes",a0f4aacae2cc6026,qwen2.5:14b,0,2026-06-17T15:20:16.502081,project_01,title_desc,incompleteness,cot
ISSUE-0692,Document the new analytics tab features,0,1,"Step 1: Identify the key information provided in the issue.
- The user wants documentation for the analytics tab features.
- The purpose is to understand how to use various widgets from streaming pipeline.

Step 2: Determine what essential information is missing.
- Steps to reproduce or interact with the feature are not mentioned.
- Expected behavior of the widgets and the overall functionality is unclear.
- Acceptance criteria, such as specific details on what should be included in the documentation, are absent.
- Affected components (which parts of the system this affects) are not specified.
- Environment details (such as browser requirements or operating systems) are missing.

Step 3: Evaluate if a developer can act on this issue without additional information.
Given the lack of specific details about what needs to be documented, how it should function, and in which environment, a developer would likely need more information before starting work. Without these specifics, there's a risk that the documentation might not meet user expectations or cover all necessary aspects.

Final Answer: Yes",6fc05530e2da38b9,qwen2.5:14b,0,2026-06-17T15:20:21.404840,project_01,title_desc,incompleteness,cot
ISSUE-1393,Workaround latest boot snapshot issue,0,1,"Step 1: Identify the key information provided in the issue.
- The issue mentions a workaround that updates spring-core to the latest version required by the boot snapshot.
- It also describes merging all application.yml documents under the spring key, which is necessary for the current boot requirements.

Step 2: Determine what essential information is missing from the issue.
- Steps to reproduce the problem are not provided.
- Expected behavior and actual behavior are not clearly defined.
- Acceptance criteria are not specified.
- Affected components or environment details (such as version numbers, operating system, etc.) are not mentioned.

Step 3: Evaluate if a developer can act on this issue without additional information.
Given the lack of specific steps to reproduce, expected vs actual behavior, acceptance criteria, and environmental context, it would be challenging for a developer to understand the full scope of the problem or how to verify its resolution. This means that more details are needed before the issue can be acted upon effectively.

Final Answer: Yes",5ab73746d2851030,qwen2.5:14b,0,2026-06-17T15:20:25.852381,project_01,title_desc,incompleteness,cot
ISSUE-1213,Add test coverage for 'complex objects' as payload,0,1,"Step 1: Identify the key information provided in the issue.
- The user wants to add test coverage for complex objects such as protocol buffers and nested or tree-like structures.
- The goal is to evaluate and document performance characteristics.

Step 2: Determine what essential information is missing from the issue.
- Steps to reproduce the scenario where testing needs to be done are not provided.
- Expected behavior after adding test coverage is not specified.
- Acceptance criteria for when the task can be considered complete are absent.
- Affected components or specific parts of the system that need this test coverage are unclear.
- Environment details such as operating systems, versions of software tools (like protocol buffer compilers), and any other relevant configurations are missing.

Step 3: Evaluate if a developer can act on this issue without needing additional information.
Given the lack of detailed steps to reproduce, expected behavior, acceptance criteria, affected components, and environment details, it would be challenging for a developer to start working on this task effectively. The absence of these critical pieces of information means that there is no clear direction or scope defined for the work.

Final Answer: Yes",adee6430aff84200,qwen2.5:14b,0,2026-06-17T15:20:30.727525,project_01,title_desc,incompleteness,cot
ISSUE-2096,Create documentation section for the shell,0,1,"Step 1: Identify the key information provided in the issue.
- The task is to create a new section in the documentation regarding shell usage.
- It should cover how to represent single and double quotes.
- Basic commands to manipulate streams, jobs, and list modules are to be included.
- Information on passing files that can be executed when the shell starts up.
- Pointing to spring-shell reference documents for extensibility.

Step 2: Identify what essential information is missing from the issue.
- There are no specific steps provided to reproduce or test the documentation creation process.
- No acceptance criteria are defined (what should the final document look like?).
- The environment details and affected components are not specified.
- Expected behavior after completing this task is not clearly stated.

Step 3: Determine if a developer can act on this issue without asking for more information.
Given the lack of detailed instructions, specific requirements, and clear acceptance criteria, it would be challenging for a developer to proceed confidently with creating the documentation. The absence of these details means that there's room for interpretation and potential misalignment with expectations.

Final Answer: Yes",5f245c5b30363462,qwen2.5:14b,0,2026-06-17T15:20:35.693507,project_01,title_desc,incompleteness,cot
ISSUE-0695,Example hashtag-count MR job fails when running XD on YARN with PHD 3.0,0,1,"Step 1: Key Information Provided
- The issue occurs when running XD on YARN with PHD 3.0.
- A custom job fails to run properly.
- There is an error message indicating a class not found exception (`ClassNotFoundException`).
- The specific missing class is `org.springframework.xd.examples.hadoop.HashtagCount$TokenizerMapper`.
- The same example jar works fine when submitted from XD cluster.

Step 2: Missing Essential Information
- Steps to reproduce the issue are not provided.
- Expected behavior and actual behavior are not clearly defined.
- Acceptance criteria for the job are missing.
- Environment details such as Java version, Hadoop version, and other relevant configurations are not specified.
- No information about how the jar file is uploaded or submitted.

Step 3: Developer Actionability
Given the lack of detailed steps to reproduce, environment specifics, and clear acceptance criteria, a developer would likely need additional information before they can effectively diagnose and resolve this issue. The provided description does not give enough context for a developer to understand what conditions lead to the failure or how to verify that a fix works.

Final Answer: Yes",7c066e9e4df945e7,qwen2.5:14b,0,2026-06-17T15:20:40.783091,project_01,title_desc,incompleteness,cot
ISSUE-1859,Investigate deployed module context close upon container shutdown,0,1,"Step 1: Identify the key information provided in the issue.
- The issue describes that upon container shutdown, deployed modules' contexts are closed prematurely before `Stream/JobModuleWatcher` can undeploy stream/job modules.

Step 2: Determine what essential information is missing from the issue description.
- Steps to reproduce the problem are not provided. Without these steps, it's difficult for a developer to replicate and understand the exact scenario causing this issue.
- Expected behavior is not clearly defined. It’s unclear whether there should be no premature context closure or if there are specific conditions under which this should occur.
- Acceptance criteria are missing. There is no clear indication of what needs to happen for the issue to be considered resolved.
- Environment details (e.g., operating system, version numbers) and affected components are not specified.

Step 3: Evaluate whether a developer can act on this issue without additional information.
Given the lack of detailed steps to reproduce, expected behavior, acceptance criteria, environment details, and affected components, it would be challenging for a developer to effectively address or investigate this issue. More specific guidance is needed to proceed with troubleshooting and resolution.

Final Answer: Yes",60402f92ea5b1a48,qwen2.5:14b,0,2026-06-17T15:20:45.874934,project_01,title_desc,incompleteness,cot
ISSUE-2486,Add XD deployment for YARN,0,1,"Step 1: Identify the key information provided in the issue.
- The task involves adding YARN-specific code based on Janne's prototyping.
- It includes implementing YARN Client and AppMaster, along with startup configuration files.
- Shell scripts are needed to deploy XD (Spring XD) to YARN.
- Testing should be done on Apache 2.2 distribution.
- Configuration files can be modified and overridden via command-line arguments or environment variables.

Step 2: Identify what essential information is missing from the issue description.
- Steps to reproduce the problem or implement the feature are not provided.
- Expected behavior after implementing the changes is not clearly defined.
- Acceptance criteria for testing the implementation are absent.
- Specific details about affected components and their interactions are lacking.
- Environment setup instructions, including necessary dependencies and configurations, are missing.

Step 3: Determine if a developer can act on this issue without asking for more information.
Given the lack of detailed steps to reproduce, expected behavior, acceptance criteria, environment setup, and other critical details, it would be challenging for a developer to proceed with implementing or testing this feature effectively. Additional clarification is necessary before work can begin.

Final Answer: Yes",bccdcf285f963efe,qwen2.5:14b,0,2026-06-17T15:20:51.100505,project_01,title_desc,incompleteness,cot
ISSUE-1473,Document Kafka message bus,0,1,"Step 1: Identify the key information provided in the issue.
- The user wants to refer to documentation in the wiki.
- The goal is to set up and configure Kafka as a message bus.

Step 2: Determine what essential information is missing from the issue.
- Steps to reproduce or setup instructions are not provided.
- Expected behavior after setting up Kafka is not specified.
- Acceptance criteria for completing this task are absent.
- No details about the environment where Kafka will be set up (e.g., operating system, version of Kafka).
- There's no mention of affected components or dependencies.

Step 3: Evaluate if a developer can act on this issue without additional information.
Given the lack of specific steps, expected outcomes, and environmental context, it would be challenging for a developer to proceed with implementing or addressing this request effectively. The absence of these details means that there's no clear direction on what needs to be done beyond creating some documentation.

Final Answer: Yes",9e748a1a25b78779,qwen2.5:14b,0,2026-06-17T15:20:55.484108,project_01,title_desc,incompleteness,cot
ISSUE-1928,Module option validation not happening anymore,0,1,"Step 1: Analyze the given information.
- The title indicates that option validation is not happening anymore during stream creation time.
- The description mentions that no validation (Spring or jsr 303) occurs when creating a stream with an invalid definition, such as ""http --port=bar | log"".

Step 2: Identify missing essential information.
- Steps to reproduce the issue are not provided. It's unclear how exactly one can replicate this problem.
- Expected behavior is not clearly stated. What should happen during stream creation if there is a validation error?
- Actual behavior is somewhat described but lacks detail about what happens when an invalid definition is used (e.g., does it fail silently, throw an exception, etc.?).
- Acceptance criteria are missing. It's unclear how one would know the issue has been resolved.
- Environment details such as OS version, software versions, and configurations are not provided.

Step 3: Determine if a developer can act on this issue without additional information.
Given the lack of detailed steps to reproduce, expected behavior, acceptance criteria, and environment specifics, it is unlikely that a developer could effectively address or debug this issue without requesting more details from the reporter.

Final Answer: Yes",1e05be79113c55d3,qwen2.5:14b,0,2026-06-17T15:21:00.728740,project_01,title_desc,incompleteness,cot
ISSUE-2209,Validate existence of batch job at the admin side,0,1,"Step 1: Identify the key information provided in the issue.
- The batch job repository should not be deleted.
- A new validation is needed to check if a batch job definition already exists in the batch job repo before creating a new one with the same name.
- Currently, failures are only observed during deployment when the batch job repository is updated.

Step 2: Identify what essential information is missing from the issue description.
- Steps to reproduce the problem or scenario where this validation would be necessary.
- Expected behavior after implementing the validation (what should happen if a duplicate job definition name is detected?).
- Acceptance criteria for the new feature.
- Affected components and their interactions.
- Environment details such as operating system, version of software involved, etc.

Step 3: Determine whether a developer can act on this issue without asking for more information.
Given that there are significant gaps in the description regarding how to reproduce the problem, what should happen after validation fails, acceptance criteria, affected components, and environment specifics, it is unlikely that a developer could implement this feature effectively based solely on the provided details.

Final Answer: Yes",e5a50b50c8036644,qwen2.5:14b,0,2026-06-17T15:21:05.663029,project_01,title_desc,incompleteness,cot
ISSUE-2118,Stream-lib - analytics operators,0,1,"Step 1: Identify the key information provided in the issue.
- The user wants to experiment with ""stream-lib"", which is described as a stream summarizer and cardinality estimator.
- A GitHub link is provided for further details.

Step 2: Determine what essential information is missing from the issue.
- Steps to reproduce or test the feature are not mentioned.
- Expected behavior after implementing or testing ""stream-lib"" is not specified.
- Acceptance criteria for completing this task are absent.
- Affected components and their interactions with other parts of Spring XD are unclear.
- Environment details (e.g., operating system, programming language version) are missing.

Step 3: Evaluate if a developer can act on the issue without additional information.
Given the lack of specific steps to reproduce, expected behavior, acceptance criteria, affected components, and environment details, it would be challenging for a developer to proceed with this task effectively. The provided description is more like an idea or request rather than a concrete issue that can be acted upon.

Final Answer: Yes",f4502ece57a18374,qwen2.5:14b,0,2026-06-17T15:21:10.214652,project_01,title_desc,incompleteness,cot
ISSUE-1678,Preserve partition state on container restarts,0,1,"Step 1: Identify the key information provided in the issue.
- The user wants to retain data partitioning state when restarting containers.
- Currently, the partitioning strategy is lost upon restarts due to reliance on _hashCode()_.
- A design consideration suggests deriving ""partition index"" from container info instead of relying on _hashCode()_.

Step 2: Identify what essential information is missing.
- Steps to reproduce the issue are not provided.
- Expected behavior after implementing the solution is not clearly defined.
- Acceptance criteria for resolving this issue are absent.
- Environment details (e.g., operating system, container runtime) and version numbers of relevant software components are not specified.

Step 3: Determine if a developer can act on this issue without asking for more information.
Given the missing essential information such as reproduction steps, expected behavior, acceptance criteria, and environment details, it would be challenging for a developer to fully understand and address the issue effectively. The lack of these details means that developers cannot confidently implement or test a solution.

Final Answer: Yes",565a858468a9de5f,qwen2.5:14b,0,2026-06-17T15:21:14.874694,project_01,title_desc,incompleteness,cot
ISSUE-2005,Paging support for ModuleMetadata/Container repositories,0,1,"Step 1: Identify the key information provided in the issue.
- The issue title and description indicate that there's a need to add paging support for accessor methods in ModuleMetadata/Container repositories.

Step 2: Determine what essential information is missing from the issue.
- Steps to reproduce the problem or how to test the feature are not mentioned.
- Expected behavior after implementing paging support is not described.
- Acceptance criteria (how one knows when this task is complete) are absent.
- Affected components and their interactions with other parts of the system are unclear.
- Environment details such as programming language, database type, or specific version numbers are missing.

Step 3: Evaluate if a developer can act on this issue without additional information.
- Given the lack of detailed requirements (like expected behavior, acceptance criteria), it would be challenging for a developer to implement paging support effectively and verify its correctness without further clarification.

Final Answer: Yes",243cf59d69da8c63,qwen2.5:14b,0,2026-06-17T15:21:19.086870,project_01,title_desc,incompleteness,cot
ISSUE-0138,Upgrade to SHDP 2.2.1.GA,0,1,"Step 1: Identify the key information provided in the issue.
- The user wants to upgrade to SHDP version 2.2.1.GA.
- They want to avoid breaking changes and leverage improvements without losing backward compatibility.
- SHDP 2.3.0 uses Boot 1.3, which drops support for older Hive versions.

Step 2: Identify what essential information is missing from the issue.
- Steps to reproduce the problem or scenario that necessitates this upgrade are not provided.
- Expected behavior after upgrading to SHDP 2.2.1.GA is not clearly defined.
- Acceptance criteria for completing this task are absent.
- No specific details about the current environment (e.g., existing version of SHDP, Boot, Hadoop) or the target environment are given.

Step 3: Determine if a developer can act on this issue without asking for more information.
Given the lack of detailed steps to reproduce, expected behavior, acceptance criteria, and environmental context, it would be challenging for a developer to proceed with implementing this upgrade confidently. They would likely need additional details before they could start working on this task.

Final Answer: Yes",e6ba74a506619b96,qwen2.5:14b,0,2026-06-17T15:21:24.245839,project_01,title_desc,incompleteness,cot
ISSUE-1267,Add in-memory based Aggregate Field Value Counters,0,1,"Step 1: Identify the key information provided in the issue.
- The user wants to implement Redis-based aggregation over field-value counters.
- The goal is to continuously update the aggregation as data is ingested.
- There are port specs from a previous implementation that need to be referenced.
- Gaps between the old and new implementations should be identified.
- Reference documentation needs to be updated.

Step 2: Identify what essential information is missing.
- Steps to reproduce the issue or how to implement the feature are not provided.
- Expected behavior after implementing this feature is not clearly defined.
- Acceptance criteria for when the task is considered complete are absent.
- Affected components and their interactions with Redis are unclear.
- Environment details such as operating system, software versions, etc., are missing.

Step 3: Determine if a developer can act on this issue without asking for more information.
Given the lack of specific implementation steps, expected behavior, acceptance criteria, environment details, and affected components, it would be challenging for a developer to start working on this task effectively. They would likely need additional clarification before proceeding.

Final Answer: Yes",d9a3ad18ddd3e1a3,qwen2.5:14b,0,2026-06-17T15:21:29.192685,project_01,title_desc,incompleteness,cot
ISSUE-2220,Support Groovy bean definitions as XD extensions,0,1,"Step 1: Identify the key information provided in the issue.
- The title suggests that the software should support Groovy bean definitions as XD extensions.
- The description mentions modifying the PluginContextExtensionsInitializer to consume .groovy bean definitions along with XML.

Step 2: Determine what essential information is missing.
- Steps to reproduce the problem or how to test the feature are not provided.
- Expected behavior after implementing this change is not specified.
- Acceptance criteria for when the issue can be considered resolved are absent.
- Affected components and their interactions are not detailed.
- Environment details (such as specific versions of software, operating systems) are missing.

Step 3: Evaluate if a developer can act on this issue without additional information.
Given the lack of reproduction steps, expected behavior, acceptance criteria, environment details, and affected component specifics, it would be challenging for a developer to fully understand what needs to be done or how to verify that the task is complete. This makes the issue incomplete.

Final Answer: Yes",9943068736979600,qwen2.5:14b,0,2026-06-17T15:21:33.689989,project_01,title_desc,incompleteness,cot
ISSUE-0982,Harmonize poller configuration,0,0,"Step 1: Analyze the provided information.
- The issue describes a need to harmonize poller configuration across several source modules in a Spring XD project.
- It mentions that there is a PeriodicTriggerMixin available which should be applied to all modules for consistency.
- There are grep commands showing where `<poller>` tags exist in different XML files.

Step 2: Identify missing essential information.
- Steps to reproduce the issue or problem are not provided. The description does not explain what specific problem needs solving or how it can be reproduced.
- Expected vs actual behavior is not described. It's unclear what the current state of poller configuration looks like and what should ideally look like after harmonization.
- Acceptance criteria for resolving this issue are missing. There’s no clear definition of when this task would be considered complete.
- Environment details such as which version of Spring XD or specific configurations that need to be in place aren't mentioned.

Step 3: Determine if a developer can act on the issue without additional information.
Given the lack of detailed steps, expected outcomes, and acceptance criteria, it's challenging for a developer to start working on this task effectively. They would likely need more context about what needs to change and how success will be measured.

Final Answer:",a42698e153d3ef20,qwen2.5:14b,0,2026-06-17T15:21:39.152764,project_01,title_desc,incompleteness,cot
ISSUE-3457,Retrieve information for an aggregate counter,0,1,"Step 1: Identify the key information provided in the issue.
- The issue mentions getting rid of the Service layer in an analytics project and having REST controllers depend on XRepository.
- It references another ticket (XD-537) which presumably contains more context or details.

Step 2: Determine what essential information is missing.
- There are no specific steps to reproduce any issues or problems.
- The expected behavior after implementing the changes is not described.
- No acceptance criteria are provided for verifying if the issue has been resolved.
- No environment details (e.g., operating system, software versions) are mentioned.
- No affected components or modules are specified beyond a vague reference to REST controllers and XRepository.

Step 3: Evaluate whether a developer can act on this issue without additional information.
- Given the lack of specific steps, expected behavior, acceptance criteria, environment details, and clear scope, it would be challenging for a developer to start working on this task effectively. They would likely need more detailed instructions or context before proceeding.

Final Answer: Yes",90a81557bea833c9,qwen2.5:14b,0,2026-06-17T15:21:44.027513,project_01,title_desc,incompleteness,cot
ISSUE-0753,Spring XD admin fails to redeploy modules after Spring XD container successfully reconnectes to Zookeeper,0,1,"Step 1: Key Information Provided
- The issue describes a problem where Spring XD modules fail to be redeployed after a Zookeeper connection is lost and then re-established.
- Specific versions of software are mentioned: Spring XD 1.1.1, Zookeeper 3.4.5 and 3.4.6.
- Detailed steps to reproduce the issue in a test environment are provided.
- Logs from both the failed container and admin node are referenced.

Step 2: Missing Essential Information
- Expected vs Actual Behaviour: While it's clear that modules fail to redeploy, there is no explicit statement of what should happen instead (expected behavior).
- Acceptance Criteria: There is no acceptance criteria defined for when this issue can be considered resolved.
- Environment Details: The description provides some environment details but lacks specifics about the exact configuration and setup beyond what was mentioned.

Step 3: Developer Actionability
Despite the detailed steps to reproduce, a developer would likely need clarification on expected behavior and acceptance criteria to fully understand how to resolve the issue. Additionally, while there is information provided about logs and events observed, it might be beneficial to have more context around why these are significant or what they imply.

Final Answer: Yes",3c4ffabfb7166b35,qwen2.5:14b,0,2026-06-17T15:21:49.717994,project_01,title_desc,incompleteness,cot
ISSUE-1005,"Composite Modules should inherit """"xd.*"""" properties",0,1,"Step 1: Analyze the provided information.
- The title suggests that composite modules should inherit properties with the prefix ""xd.*"".
- The description mentions that currently when modules are composed into an application context, these properties are not inherited.
- A link to documentation is provided for reference.

Step 2: Identify missing essential information.
- Steps to reproduce the issue are missing. It's unclear how one would observe this problem in practice.
- Expected behavior is not clearly defined. What should happen when modules inherit ""xd.*"" properties?
- Actual observed behavior is also not specified, making it difficult to understand what exactly needs fixing.
- Acceptance criteria for resolving the issue are absent.
- Affected components and environment details (e.g., version of Spring XD) are missing.

Step 3: Determine if a developer can act on this information without additional context.
Given the lack of specific steps to reproduce, expected behavior, acceptance criteria, and environmental details, it would be challenging for a developer to start working on resolving this issue effectively. More detailed information is required before actionable work can begin.

Final Answer: Yes",6936015e7386670f,qwen2.5:14b,0,2026-06-17T15:21:54.687814,project_01,title_desc,incompleteness,cot
ISSUE-0247,Move Kafka @Rule to a separate repo,0,1,"Step 1: Identify the key information provided in the issue.
- The user wants to move Kafka @Rule to a separate repository.
- This action is intended to allow consuming test fixtures across different projects.

Step 2: Determine what essential information is missing from the issue.
- Steps to reproduce or understand the current setup are not provided.
- Expected behavior after moving the Kafka @Rule to a separate repo is unclear.
- Acceptance criteria for when this task can be considered complete are absent.
- Affected components and their interactions with other parts of the system are not detailed.
- Environment details (e.g., version numbers, operating systems) are missing.

Step 3: Evaluate if a developer can act on this issue without additional information.
Given the lack of specific steps to reproduce, expected behavior, acceptance criteria, affected components, and environment details, it would be challenging for a developer to start working on this task effectively. More detailed requirements are necessary before proceeding with implementation or testing.

Final Answer: Yes",9857539b344abfd5,qwen2.5:14b,0,2026-06-17T15:21:59.157091,project_01,title_desc,incompleteness,cot
ISSUE-2390,Create RPM for distribution,0,-1,"Step 1: Identify the key information provided in the issue.
- The task is to create an RPM package for SpringXD.
- Installation path should be /opt/pivotal/spring-xd-1.0.0.M5 with a symlink /opt/pivotal/spring-xd pointing to the current version.
- Init.d scripts are needed for starting, stopping, and checking the status of services (springxd-admin and springxd-container).
- The RPM should be hosted in the Pivotal repository.
- Support is required for RHEL/CentOS versions 5 and 6, both 32-bit and 64-bit systems.
- Java versions 1.6 and 1.7 are supported.

Step 2: Identify missing essential information.
- Steps to reproduce the issue or how to verify if the RPM works as expected are not provided.
- Expected behavior after installation is not clearly defined (e.g., what should happen when running init.d scripts).
- Environment details such as specific versions of RHEL/CentOS, Java, and other dependencies are vague (""latest updates"").
- Acceptance criteria for testing the RPM package are missing.

Step 3: Determine if a developer can act on this issue without asking for more information.",705c1c8b228976d2,qwen2.5:14b,0,2026-06-17T15:22:04.595189,project_01,title_desc,incompleteness,cot
ISSUE-3476,Add Spring/Integration MBean Exporters to Module ApplicationContexts,1,1,"Step 1: Analyze the provided information.
- The title suggests that the task involves adding Spring/Integration MBean Exporters to Module Application Contexts.
- The description is vague and incomplete, mentioning ""Global option?"" and ""Override for individual modules? module types?""

Step 2: Identify missing essential information.
- Steps to reproduce or a clear problem statement are not provided.
- Expected behavior after implementing the feature is unclear.
- No acceptance criteria are specified.
- Affected components and environment details are not mentioned.

Step 3: Determine if a developer can act on this issue without additional information.
- Given the lack of specific requirements, detailed steps, expected outcomes, and environmental context, it would be challenging for a developer to proceed with implementing or addressing this issue effectively.

Final Answer: Yes",8e9469af67d8133c,qwen2.5:14b,0,2026-06-17T15:22:08.294639,project_01,title_desc,incompleteness,cot
ISSUE-2808,Add documentation for gemfire cache-listener source,0,1,"Step 1: Identify the key information provided in the issue.
- The issue requests documentation and sample usage for the gemfire cache-listener source located at https://github.com/spring-projects/spring-xd/tree/master/modules/source/gemfire.

Step 2: Determine what essential information is missing from the issue.
- Steps to reproduce or a specific problem are not provided.
- Expected behavior is not described; it's unclear what exactly needs to be documented or how the sample usage should look like.
- No acceptance criteria are specified, such as what features of the gemfire cache-listener source need documentation or examples.
- Environment details (e.g., operating system, software versions) are missing.

Step 3: Evaluate if a developer can act on this issue without needing additional information.
- Given the lack of specific requirements and expected outcomes, it would be challenging for a developer to know exactly what needs to be done. The request is too vague for actionable development work.

Final Answer: Yes",c0badc941dd6bdaf,qwen2.5:14b,0,2026-06-17T15:22:12.668604,project_01,title_desc,incompleteness,cot
ISSUE-2171,Add a 'rank' expression to be used by the container matcher,0,1,"Step 1: Identify the key information provided in the issue.
- The issue describes the need to add a 'rank' expression similar to HTCondor's model for resource assignment.
- It explains how the rank expression works and provides examples of different ranking criteria.

Step 2: Determine what essential information is missing from the issue.
- Steps to reproduce the problem or demonstrate the feature are not provided.
- Expected behavior after implementing the 'rank' expression is not clearly defined.
- Acceptance criteria for when this enhancement can be considered complete are absent.
- No details about affected components or environment specifics (e.g., programming language, operating system requirements) are given.

Step 3: Evaluate if a developer can act on this issue without needing additional information.
Given the lack of specific steps to reproduce, expected behavior, acceptance criteria, and environmental context, it would be challenging for a developer to start working on this enhancement effectively. They would likely need more details before proceeding.

Final Answer: Yes",72e3afb934d3c9c4,qwen2.5:14b,0,2026-06-17T15:22:17.155634,project_01,title_desc,incompleteness,cot
ISSUE-0332,[Unit Tests] Enhance test coverage for YARN SPI,0,1,"Step 1: Identify the key information provided in the issue.
- The user wants to enhance unit test coverage for YARN SPI.
- This is intended to help evaluate functionalities via CI pipeline.

Step 2: Determine what essential information is missing from the issue.
- Steps to reproduce or understand how to start working on this enhancement are not given.
- Expected behavior after enhancing the test coverage is not specified.
- Acceptance criteria that define when the task is complete are absent.
- Affected components and their specific functionalities are unclear.
- Environment details such as which version of YARN SPI, operating system requirements, or any other relevant technical specifications are missing.

Step 3: Evaluate if a developer can act on this issue without asking for more information.
Given the lack of detailed steps, expected outcomes, acceptance criteria, affected components, and environment specifics, it would be challenging for a developer to start working on this task effectively. They would likely need additional details before proceeding.

Final Answer: Yes",845aa924a89acf06,qwen2.5:14b,0,2026-06-17T15:22:21.567598,project_01,title_desc,incompleteness,cot
ISSUE-0424,Prevent external libraries from overriding uber-jar dependencies,0,1,"Step 1: Identify the key information provided in the issue.
- The user wants to prevent external libraries from overriding existing libraries within an uber-jar.
- This is requested by someone who identifies as an ""s-c-d developer.""

Step 2: Determine what essential information is missing.
- Steps to reproduce the problem are not given. How can one verify if this issue exists in their environment?
- Expected behavior is not clearly defined. What should happen when external libraries try to override existing ones within the uber-jar?
- Acceptance criteria are absent, making it unclear how success will be measured for resolving this issue.
- Affected components and specific environment details (e.g., Java version, build tools used) are missing.

Step 3: Evaluate if a developer can act on this issue without additional information.
Given the lack of detailed steps to reproduce, expected behavior, acceptance criteria, and environmental specifics, it would be challenging for a developer to start working on this issue effectively. They would likely need more details before they could begin addressing the problem.

Final Answer: Yes",7ab4810a80d235b3,qwen2.5:14b,0,2026-06-17T15:22:26.270065,project_01,title_desc,incompleteness,cot
ISSUE-0373,Remove hardcoded yarn app version jars,0,1,"Step 1: Identify the key information provided in the issue.
- The current system uses hardcoded paths to specific JAR files.
- There is a need to define and override the version of these JAR files during build time.

Step 2: Determine what essential information is missing from the issue.
- Steps to reproduce the problem or desired outcome are not specified.
- Expected behavior after implementing the change is unclear (e.g., how should the system behave when using dynamic versions?).
- No acceptance criteria are provided for testing and validating the solution.
- Affected components and their interactions with other parts of the system are not detailed.
- Environment details such as operating systems, build tools, or specific configurations are missing.

Step 3: Evaluate if a developer can act on this issue without needing additional information.
Given the lack of clear reproduction steps, expected behavior, acceptance criteria, environment details, and affected components, it would be challenging for a developer to implement the requested change effectively. The absence of these critical pieces of information means that developers might have to make assumptions or seek clarification before proceeding.

Final Answer: Yes",61fbbb3a865888ec,qwen2.5:14b,0,2026-06-17T15:22:31.297065,project_01,title_desc,incompleteness,cot
ISSUE-0586,Replace spring-xd-messagebus-* dependencies with SCS,0,-1,"Step 1: Identify the key information provided in the issue.
- The issue discusses replacing spring-xd-messagebus-* dependencies with SCS (Service Coordination Service).
- XD 2.0 will not have a direct dependency on the s-c-s Binder, as MB has been renamed.
- Some message bus code is obsolete/orphaned but still required for current integration tests in XD 2.0.
- Complete removal of the message bus code might depend on integrating the s-c-s enabled Admin SPI.

Step 2: Identify what essential information is missing from the issue.
- Steps to reproduce the problem or scenario where this change needs to be made are not provided.
- Expected behavior after replacing dependencies with SCS is not clearly defined.
- Acceptance criteria for completing this task are not specified.
- Affected components and their roles in the system are not detailed.
- Environment details (e.g., operating systems, versions of software involved) are missing.

Step 3: Determine if a developer can act on this issue without asking for more information.
Given the lack of specific steps to reproduce, expected behavior, acceptance criteria, affected components, and environment details, it is unlikely that a developer could effectively implement or test the proposed changes based solely on the provided description.",9f80f1d968b3af64,qwen2.5:14b,0,2026-06-17T15:22:36.685423,project_01,title_desc,incompleteness,cot
ISSUE-1621,Create CompositeModuleRegistry,0,1,"Step 1: Identify the key information provided in the issue.
- There is no ModuleRegistry contract for composite modules currently.
- The composed module definition is maintained in ZooKeeperModuleDefinitionRepository.
- This repository should be converted to a ModuleRegistry.

Step 2: Determine what essential information is missing from the issue.
- Steps to reproduce the problem or desired outcome are not provided.
- Expected behavior after implementing the change is unclear.
- Acceptance criteria for completing this task are absent.
- Affected components and their interactions are not detailed.
- Environment details (e.g., programming language, version numbers) are lacking.

Step 3: Evaluate if a developer can act on this issue without additional information.
Given the lack of specific steps to reproduce, expected behavior, acceptance criteria, environment details, and affected components, it is challenging for a developer to understand fully what needs to be done or how to verify that the task has been completed successfully.

Final Answer: Yes",f2cc16f6ca59f5cd,qwen2.5:14b,0,2026-06-17T15:22:41.054814,project_01,title_desc,incompleteness,cot
ISSUE-0407,"Add """"module list"""" command",0,1,"Step 1: Identify the key information provided in the issue.
- The user wants to add a ""module list"" command.
- This command would allow querying and listing all supported modules within the system.

Step 2: Determine what essential information is missing.
- Steps to reproduce or how to trigger this feature are not mentioned.
- Expected behavior of the ""module list"" command is not detailed (e.g., output format, sorting options).
- Acceptance criteria for when the issue can be considered resolved are absent.
- Affected components and environment details (such as operating system, version numbers) are missing.

Step 3: Evaluate if a developer can act on this issue without additional information.
Given the lack of specific requirements such as expected behavior, acceptance criteria, and detailed steps to reproduce or test the feature, it would be challenging for a developer to implement this request effectively. The absence of these details means that there is no clear understanding of what success looks like or how to verify if the implementation meets user needs.

Final Answer: Yes",9b2275358bf1b27a,qwen2.5:14b,0,2026-06-17T15:22:45.681972,project_01,title_desc,incompleteness,cot
ISSUE-0597,Remove XML REST Endpoints,0,1,"Step 1: Identify the key information provided in the issue.
- The XML REST endpoints are not working correctly.
- They interfere with security.
- They are not used.

Step 2: Determine what essential information is missing.
- Steps to reproduce the problem are missing. There's no clear description of how one can encounter or verify the issues mentioned.
- Expected behavior is not specified. It’s unclear what should happen instead when these endpoints do not work correctly and interfere with security.
- Acceptance criteria are absent, meaning there's no clear definition of success for resolving this issue.
- Affected components are not detailed enough to understand which parts of the system might be impacted by removing or fixing these endpoints.
- Environment details such as version numbers, operating systems, etc., are missing.

Step 3: Evaluate if a developer can act on this issue without asking for more information.
Given the lack of specific details about how to reproduce the issues and what success looks like after addressing them, it would be challenging for a developer to start working on this issue effectively. They would likely need additional context before proceeding.

Final Answer: Yes",efb269ed5826c22c,qwen2.5:14b,0,2026-06-17T15:22:50.546601,project_01,title_desc,incompleteness,cot
ISSUE-0814,RemoteFileToHadoopTests fails on 1.1.x,0,0,"Step 1: Analyzing the provided information:
- The issue describes a failure of RemoteFileToHadoopTests in version 1.1.x.
- It mentions that the test was disabled due to a bug fix and has been reactivated, leading to this error.
- A stack trace is included which points to an IllegalStateException related to ThreadPoolTaskExecutor not being initialized.

Step 2: Identifying missing essential information:
- Steps to reproduce the issue are not provided. Without these steps, it's difficult for developers to replicate the problem on their end.
- Expected behavior vs actual behavior is only partially described in the stack trace but lacks a clear summary or comparison outside of the assertion error at the end.
- Acceptance criteria are missing; there’s no clear definition of what success looks like for this test case.
- Environment details such as operating system, Java version, and any specific configurations that might be relevant to reproducing the issue are not provided.

Step 3: Determining if a developer can act on this issue:
Given the lack of reproduction steps, detailed expected vs actual behavior, acceptance criteria, and environment specifics, it would be challenging for developers to effectively diagnose or fix this issue without additional information. They might need to ask clarifying questions before proceeding with debugging",3ff3755c1e4eee5f,qwen2.5:14b,0,2026-06-17T15:22:57.203002,project_01,title_desc,incompleteness,cot
ISSUE-1955,Can't use webhdfs with hdfs sink,0,1,"Step 1: Identify the key information provided in the issue.
- The user is trying to use webhdfs with an HDFS sink.
- They set `spring.hadoop.fsUri` to `webhdfs://localhost/`.
- An error occurs: `java.lang.NoClassDefFoundError: javax/ws/rs/core/MediaType`.
- Adding specific JAR files (`jersey-core-1.9.jar`, `jersey-server-1.9.jar`) resolves the issue.

Step 2: Identify what essential information is missing.
- Steps to reproduce the error are not provided.
- Expected behavior when using webhdfs with HDFS sink is not described.
- There's no mention of the environment details (e.g., operating system, Java version, Spring XD version).
- No acceptance criteria or success conditions are outlined.

Step 3: Determine if a developer can act on this issue without asking for more information.
Given the lack of reproduction steps and environment details, it would be challenging for a developer to reproduce the problem accurately. Additionally, without knowing what constitutes successful resolution beyond adding JAR files, further clarification is needed.

Final Answer: Yes",ab367eb920a2ac7b,qwen2.5:14b,0,2026-06-17T15:23:02.605844,project_01,title_desc,incompleteness,cot
ISSUE-2908,Create an easier short-cut for launching adhoc Batch Jobs,0,1,"Step 1: Identify the key information provided in the issue.
- The current method to launch adhoc Batch jobs involves using commands like `stream create` and redeploying after each trigger.
- An alternative approach is mentioned involving HTTP source, but it's not fully explained or detailed.

Step 2: Determine what essential information is missing.
- Steps to reproduce the problem are not provided. There’s no clear sequence of actions that a developer can follow to understand the issue.
- Expected behavior is vague and not clearly defined. The description mentions ""a slightly simpler way"" but does not specify what this would look like or how it should function.
- Acceptance criteria are missing, meaning there's no clear definition of when the problem will be considered solved.
- Environment details (e.g., operating system, software versions) are absent.

Step 3: Evaluate if a developer can act on this issue without asking for more information.
Given the lack of specific steps to reproduce and acceptance criteria, it would be challenging for a developer to understand exactly what needs to be done or how success will be measured. The description is too vague for actionable development work.

Final Answer: Yes",2161ac3b21488f8f,qwen2.5:14b,0,2026-06-17T15:23:07.636987,project_01,title_desc,incompleteness,cot
ISSUE-2746,Add support for Hortonworks Data Platform 2.0,0,1,"Step 1: Identify the key information provided in the issue.
- The user wants to add support for Hortonworks Data Platform 2.0 in Spring XD.
- They mention that they have spun up an HDP 2.0 sandbox but see it isn't supported by Spring XD yet.
- They are trying to follow a tutorial using HDP 2.0 instead of the older version.

Step 2: Identify what essential information is missing from the issue.
- Steps to reproduce the problem or how to add support for HDP 2.0 in Spring XD.
- Expected behavior when adding support for HDP 2.0.
- Acceptance criteria that define success.
- Affected components and their current state.
- Environment details such as operating system, version of Spring XD being used, etc.

Step 3: Determine if a developer can act on this issue without asking for more information.
Given the lack of specific steps to reproduce, expected behavior, acceptance criteria, affected components, and environment details, it would be challenging for a developer to start working on this issue effectively. The user is seeking guidance rather than reporting an issue with clear reproduction steps.

Final Answer: Yes",edf0cb4e9c020c98,qwen2.5:14b,0,2026-06-17T15:23:12.852336,project_01,title_desc,incompleteness,cot
ISSUE-0945,Provide an option for hdfs sink to not use tmp extension,0,1,"Step 1: Identify the key information provided in the issue.
- The user wants an option to disable the use of temporary file extensions like .tmp when writing files to HDFS using the hdfs sink.
- This is particularly useful if ""Syncable"" writes are used and the sink fails while the file is open.

Step 2: Identify what essential information is missing from the issue.
- Steps to reproduce the problem or scenario where this feature would be necessary.
- Expected behavior when the option is enabled (how exactly should files be written without a temporary extension?).
- Acceptance criteria for the new feature.
- Affected components and their current limitations.
- Environment details such as Hadoop version, file system type, etc.

Step 3: Determine if a developer can act on this issue without asking for more information.
Given the lack of specific steps to reproduce, expected behavior, acceptance criteria, affected components, and environment details, it would be challenging for a developer to implement or even fully understand the requirements of this feature. More detailed specifications are needed.

Final Answer: Yes",0523b1574c387e0c,qwen2.5:14b,0,2026-06-17T15:23:17.574720,project_01,title_desc,incompleteness,cot
ISSUE-3110,"Simplify """"instance"""" deployment code",0,1,"Step 1: Identify the key information provided in the issue.
- The issue mentions that AbstractDeployer has 4 subclasses.
- Three of these subclasses override methods like deploy().
- There is boilerplate code duplication which needs to be addressed.
- An intermediate class should be introduced for those deployers supporting an instance concept (Stream, Tap, Job).

Step 2: Identify what essential information is missing from the issue.
- Steps to reproduce the problem or inefficiency are not provided.
- Expected behavior after implementing the suggested changes is unclear.
- Acceptance criteria for resolving this issue are absent.
- No specific environment details or affected components are mentioned.

Step 3: Determine if a developer can act on this issue without asking for more information.
Given the lack of detailed steps to reproduce, expected outcomes, and acceptance criteria, it would be challenging for a developer to fully understand and address the issue effectively. Additional clarification is needed before proceeding with development work.

Final Answer: Yes",f9ffb3bb260720c7,qwen2.5:14b,0,2026-06-17T15:23:21.952004,project_01,title_desc,incompleteness,cot
ISSUE-0623,Change in file source breaks backward compatibility,0,1,"Step 1: Identify the key information provided in the issue.
- The issue describes a change in version 1.2.0 where an option ref of the file source was removed and replaced with a new option mode.
- This change requires users to destroy all streams using the ref option before upgrading, which breaks backward compatibility.
- A reference to XD-2850 and PR https://github.com/spring-projects/spring-xd/pull/1624 is provided.

Step 2: Identify what essential information is missing from the issue.
- Steps to reproduce the problem are not given.
- Expected behavior before the change is not clearly stated.
- Actual behavior after the change is not described in detail.
- Acceptance criteria for resolving this issue are not specified.
- Environment details (e.g., operating system, version of software) are missing.

Step 3: Determine if a developer can act on this issue without asking for more information.
Given that there's no clear description of how to reproduce the problem or what specific behavior is expected versus actual, it would be difficult for a developer to understand and resolve the issue effectively. The lack of detailed steps and environment details makes it challenging to test and verify any potential fixes.

Final Answer: Yes",4f07289466fb8376,qwen2.5:14b,0,2026-06-17T15:23:27.410073,project_01,title_desc,incompleteness,cot
ISSUE-2217,Make transport configuration extensible.,0,1,"Step 1: Identify the key information provided in the issue.
- The issue title suggests that the goal is to make transport configuration extensible.
- The description mentions changing `message-bus.xml` to include an import statement that reads configurations from external jars.

Step 2: Determine what essential information is missing.
- Steps to reproduce the problem or desired outcome are not provided.
- Expected behavior after implementing the change is unclear.
- Acceptance criteria for when this issue can be considered resolved are absent.
- Affected components and their interactions with other parts of the system are not detailed.
- Environment details such as operating systems, versions of software dependencies, etc., are missing.

Step 3: Evaluate if a developer can act on this issue without additional information.
Given the lack of specific steps to reproduce, expected behavior, acceptance criteria, environment details, and affected components, it would be challenging for a developer to implement or test this change effectively. More detailed requirements are necessary before proceeding with development work.

Final Answer: Yes",8170c229d8af9f5d,qwen2.5:14b,0,2026-06-17T15:23:31.862211,project_01,title_desc,incompleteness,cot
ISSUE-2661,With Partitioned Jobs,1,1,"Step 1: Analyze the provided information.
- The title of the issue mentions ""With Partitioned Jobs"".
- The description states ""Wire Partitioner and StepExecutionHandlers with the MessageBus"".

Step 2: Identify missing essential information.
- Steps to reproduce the problem are not given.
- Expected behavior is not described.
- Actual observed behavior is not mentioned.
- Acceptance criteria for resolving this issue are unclear.
- Affected components or specific parts of the system are not detailed.
- Environment details (e.g., operating system, software versions) are missing.

Step 3: Determine if a developer can act on this information without additional context.
Given the lack of detail in both the title and description, it is challenging for a developer to understand what needs to be done or how to verify that the issue has been resolved. The task seems vague and does not provide enough specifics to proceed effectively.

Final Answer: Yes",14ffd830177b6a82,qwen2.5:14b,0,2026-06-17T15:23:36.098321,project_01,title_desc,incompleteness,cot
ISSUE-3656,Create TCP source module,0,1,"Step 1: Identify the key information provided in the issue.
- The issue title and description suggest that the task involves creating a TCP source module based on an existing SI tcp inbound adapter.
- It mentions allowing event forwarding with options to select among existing SI serialized/deserializer choices.

Step 2: Determine what essential information is missing from the issue.
- Steps to reproduce or create the module are not provided.
- Expected behavior of the new TCP source module is not clearly defined.
- Acceptance criteria for completing this task are absent.
- No details about the environment in which this module will operate are given.

Step 3: Evaluate if a developer can act on this issue without needing additional information.
- Given the lack of specific steps, expected behavior, acceptance criteria, and environmental context, it would be challenging for a developer to start working on this task effectively. They would likely need more details before proceeding.

Final Answer: Yes",0dda72ccf7eb87a1,qwen2.5:14b,0,2026-06-17T15:23:40.268345,project_01,title_desc,incompleteness,cot
ISSUE-1872,No main manifest attribute in xd-yarn-client jar,0,1,"Step 1: Identify the key information provided in the issue.
- The issue title mentions ""No main manifest attribute"" in the xd-yarn-client jar file.
- An error occurs when deploying to YARN using a specific command.
- A version of Spring XD is mentioned (spring-xd-1.0.0.BUILD-SNAPSHOT).
- The error message indicates that there's no main manifest attribute in the specified JAR file.

Step 2: Identify what essential information is missing from the issue report.
- Steps to reproduce the problem are not provided.
- Expected behavior and actual observed behavior are not clearly defined.
- There’s no acceptance criteria or conditions under which the issue would be considered resolved.
- No environment details (e.g., operating system, Java version) are given.
- Affected components other than the mentioned JAR file are not specified.

Step 3: Determine if a developer can act on this issue without asking for more information.
Given the lack of detailed steps to reproduce and clear definitions of expected vs. actual behavior, it would be challenging for a developer to understand the full scope of the problem or test potential fixes effectively.

Final Answer: Yes",85b53df6cba7e722,qwen2.5:14b,0,2026-06-17T15:23:45.378589,project_01,title_desc,incompleteness,cot
