issue_id,title,ground_truth,prediction,raw_response,prompt_hash,model_version,temperature,timestamp_utc,project,input_mode,task,strategy
ISSUE-251590,Test with latest versions of Boost,1,0,"Let's break it down:

1. The issue title ""Test with latest versions of Boost"" conveys that there is an intention to test something using the latest versions of the Boost library, but it doesn't provide any specific details about what needs to be tested or how.
2. The title does not suggest missing reproduction steps, expected behaviour, or context. It's more focused on the scope of testing rather than a specific issue or problem.
3. While a developer might infer that this is related to testing and possibly some kind of integration or compatibility issue with Boost, they would likely need additional information (such as description or comments) to fully understand the scope and requirements.

However, considering the task at hand, I must determine if the title suggests the issue is INCOMPLETE. Given that it doesn't explicitly mention steps to reproduce, expected vs actual behaviour, acceptance criteria, affected components, or environment details, but still seems to be a high-level instruction rather than a specific problem report...

Final Answer: No",a3a1a60077517fcd,llama3.1:8b,0,2026-06-17T11:30:15.956926,project_04,title_only,incompleteness,cot
ISSUE-252462,Determine C++ Driver version from examining the headers,0,0,"Let's analyze the issue title step by step:

1. The title ""Determine C++ Driver version from examining the headers"" conveys a specific task or requirement related to determining the version of a C++ driver based on its headers.
2. The title does not suggest missing reproduction steps, expected behavior, or context. It appears to be a clear and concise statement of what needs to be done.
3. Based on the title alone, it is possible for a developer to understand the full scope of the task, which is to determine the driver version from examining its headers.

However, upon closer inspection, I notice that the title does not explicitly mention any specific details such as affected components or environment details. But, considering the nature of the task, it's likely that these details are implicit and can be inferred by a developer familiar with the system.

Given this analysis, I would conclude that the issue is not INCOMPLETE based on the provided title alone.

Final Answer: No",478d86bd3cc8875e,llama3.1:8b,0,2026-06-17T11:30:18.818350,project_04,title_only,incompleteness,cot
ISSUE-250680,Use cmake,1,0,"To determine if the issue is INCOMPLETE based on the given title ""Use cmake"", let's analyze it step by step:

1. **Information Conveyed**: The title suggests that the user wants to use CMake, which is a build system generator. It implies a request for assistance or guidance on how to utilize CMake.

2. **Missing Information**: 
   - **Steps to Reproduce**: There's no indication of what steps are required to reproduce the issue or even if there's an issue at all.
   - **Expected vs Actual Behaviour**: The title does not mention any expected behavior, nor does it imply that actual behavior is different from expected.
   - **Acceptance Criteria**: There's no hint about what constitutes a successful use of CMake in this context.
   - **Affected Components**: It doesn't specify which components or parts of the system are affected by using CMake.
   - **Environment Details**: The title does not provide any information about the environment in which CMake is to be used.

3. **Understanding Scope from Title Alone**: Without additional context, it's difficult for a developer to understand the full scope of what the user wants to achieve with CMake. Is it for building a project? Configuring dependencies? Something else?",869695a8c7ad3536,llama3.1:8b,0,2026-06-17T11:30:22.288226,project_04,title_only,incompleteness,cot
ISSUE-252307,Include regex elements in BSONArrayBuilder,0,0,"Let's break it down:

1. The issue title ""Include regex elements in BSONArrayBuilder"" conveys that there is a request to add support for regular expression elements to a specific component of a MongoDB data structure, BSONArrayBuilder.
2. The title does not suggest missing reproduction steps, expected behaviour, or context. It appears to be a straightforward feature request.
3. A developer should be able to understand the full scope from the title alone: it's about adding regex support to a specific part of MongoDB.

Final Answer: No",6995117f3d7f01ea,llama3.1:8b,0,2026-06-17T11:30:24.273668,project_04,title_only,incompleteness,cot
ISSUE-250777,Defer checking if a deployment supports sessions until the session's first operation,0,0,"Let's analyze the issue title step by step:

1. The title conveys a specific requirement related to deployment and session management.
2. There is no indication of missing reproduction steps, expected behavior, or context in the title itself.
3. While the title provides some context about the scope (deployment and sessions), it does not convey enough information for a developer to fully understand the requirements without further investigation.

However, upon closer inspection, I notice that the title mentions ""checking if a deployment supports sessions until the session's first operation"". This implies that there is an expected behavior or condition being described. The title also suggests that there might be some specific logic or rule related to when this check should occur.

Considering these points, while the title does not explicitly mention steps to reproduce, acceptance criteria, affected components, or environment details, it still provides enough context for a developer to understand the general scope and intent of the requirement. Therefore:

Final Answer: No",7492be4d990fcec3,llama3.1:8b,0,2026-06-17T11:30:27.071065,project_04,title_only,incompleteness,cot
ISSUE-252448,Static archive fails to force inclusion of global initializers,0,1,"Let's break down the issue title:

1. The title conveys that there is an issue with static archives and global initializers not being included.
2. There is no indication of missing reproduction steps, expected behavior, or context in the title itself. It appears to be a concise statement of the problem.
3. While a developer may be able to infer some context from the title (e.g., it's related to static archives and global initializers), they would likely need additional information to fully understand the scope of the issue.

Based on these observations, I conclude that the issue title suggests the issue is INCOMPLETE because it lacks essential details such as steps to reproduce, expected vs actual behavior, acceptance criteria, affected components, or environment details.

Final Answer: Yes",29910d3d928926f8,llama3.1:8b,0,2026-06-17T11:30:29.510970,project_04,title_only,incompleteness,cot
ISSUE-251874,Add ordered option to insert_many,1,1,"Let's break it down:

1. The issue title ""Add ordered option to insert_many"" conveys a specific request for adding an optional feature to an existing functionality (""insert_many""). It mentions what needs to be added, but not how or why.
2. There is no indication of missing reproduction steps, expected behaviour, or context in the title itself. It's focused on the functional requirement rather than the scenario or outcome.
3. While a developer might infer some context from the title (e.g., it's related to database operations), they would likely need additional information to fully understand the scope and implications of this change.

Based on these observations, I conclude that the issue is INCOMPLETE because essential details like steps to reproduce, expected vs actual behaviour, acceptance criteria, affected components, or environment details are not provided in the title. 

Final Answer: Yes",050d8971e7aaa47d,llama3.1:8b,0,2026-06-17T11:30:32.083099,project_04,title_only,incompleteness,cot
ISSUE-251692,Bug When Trying to 'Make',1,1,"Let's break it down:

1. The issue title ""Bug When Trying to 'Make'"" conveys that there is an error occurring when attempting to perform some action related to creating or manufacturing something, but it doesn't provide any specific details about the steps involved in reproducing the issue.
2. The title does not explicitly suggest missing reproduction steps, expected behavior, or context. However, it implies a problem without providing enough information for a developer to understand what is happening or why.
3. Based on this title alone, a developer would likely need additional information to fully comprehend the scope of the issue and how to address it.

Given these considerations, I conclude that the issue title suggests the issue is INCOMPLETE because it lacks essential details necessary for a developer to understand and resolve the problem.

Final Answer: Yes",167d9c79216e2217,llama3.1:8b,0,2026-06-17T11:30:34.564002,project_04,title_only,incompleteness,cot
ISSUE-251622,Can't construct operation_exception without a server error,0,1,"Let's break down the issue title:

1. The title ""Can't construct operation_exception without a server error"" conveys that there is an issue with constructing an exception when a server error occurs.
2. The title does not suggest missing reproduction steps, expected behaviour, or context. It implies that the issue is related to a specific scenario (server error) and an exception type (operation_exception), but it doesn't provide any details on how to reproduce the issue or what the expected behavior should be.
3. While the title provides some context about the issue, it's unlikely that a developer can fully understand the scope of the problem from this title alone. The title is more of a symptom description rather than a clear problem statement.

Considering these points, I would say that the issue title suggests the issue is INCOMPLETE because it lacks essential information such as steps to reproduce and expected behavior.

Final Answer: Yes",23f676ba746b9dc9,llama3.1:8b,0,2026-06-17T11:30:37.321363,project_04,title_only,incompleteness,cot
ISSUE-252149,Polyfill stdx::string_view,1,-1,"To determine whether the issue is INCOMPLETE based on its title, let's analyze it step by step:

1. **What information does this title convey?**
   - The title mentions ""Polyfill std::string_view."" This suggests that the issue is related to implementing a polyfill for `std::string_view`, which is a part of the C++ Standard Library. Polyfills are used in environments where certain features or libraries are not natively supported, so this indicates the issue might be about compatibility.

2. **Does the title suggest missing reproduction steps, expected behaviour, or context?**
   - The title does not explicitly mention any specific steps to reproduce the issue, nor does it describe the expected behavior versus actual behavior. It also doesn't provide details on affected components or environment specifics.

3. **Can a developer understand the full scope from the title alone?**
   - While the title gives an idea that there's an issue with implementing `std::string_view` as a polyfill, it lacks critical information for a developer to fully understand and address the problem without further context. The lack of specific details about what is not working as expected or how this affects the system makes it difficult to proceed without additional information.

Given these considerations, the title suggests that the",4fb1e7c5ed539f6f,llama3.1:8b,0,2026-06-17T11:30:40.962267,project_04,title_only,incompleteness,cot
ISSUE-252321,Files dependent on make_shared should include make_shared.hpp,0,0,"Let's break it down:

1. The issue title conveys that there is an issue with files dependent on `make_shared` not including the necessary header file `make_shared.hpp`.
2. The title does not suggest missing reproduction steps, expected behaviour, or context. It appears to be a straightforward statement about a specific technical requirement.
3. A developer should be able to understand the full scope of the issue from the title alone, as it clearly states what is missing and why.

However, upon closer inspection, I notice that the title does not mention any specific expected vs actual behaviour or acceptance criteria. It's more of a ""what"" rather than a ""how"" or ""why"".

But considering the task at hand, which is to determine if the issue is INCOMPLETE based solely on the title, and given that the title provides some context about what's missing (the header file), I would say:

Final Answer: No",7eafda0fc8a28f6f,llama3.1:8b,0,2026-06-17T11:30:43.722160,project_04,title_only,incompleteness,cot
ISSUE-252438,Update travis configuration to run the client examples,0,1,"Let's break it down:

1. The issue title conveys that there is an intention to update the Travis configuration, which is likely related to continuous integration and deployment.
2. There is no indication of missing reproduction steps, expected behavior, or context in the title itself. It appears to be a straightforward instruction.
3. While a developer might infer some context from the title (e.g., that it's related to CI/CD), they would still need additional information to fully understand the scope and requirements of the update.

Given these observations, I conclude that the issue is likely INCOMPLETE because essential details such as steps to reproduce, expected vs actual behavior, acceptance criteria, affected components, or environment details are not provided in the title. 

Final Answer: Yes",a00e6608b521acbe,llama3.1:8b,0,2026-06-17T11:30:46.125979,project_04,title_only,incompleteness,cot
ISSUE-251649,Add support for MongoDB 3.4 to the legacy C++ driver.,0,1,"Let's break down the issue title:

1. The title conveys that there is a requirement to add support for MongoDB 3.4 to an existing C++ driver. It mentions a specific version of MongoDB and a programming language, which suggests it's related to database connectivity.
2. There is no indication of missing reproduction steps, expected behavior, or context in the title itself. The focus is on adding a new feature rather than describing a problem.
3. While a developer might infer some context from the title (e.g., that the driver needs to be updated for compatibility), they would likely need additional information to fully understand the scope of work involved.

Given these observations, I conclude that the issue title suggests the issue is INCOMPLETE because it lacks essential details such as steps to reproduce, expected vs actual behavior, acceptance criteria, affected components, or environment details.

Final Answer: Yes",358496a9a6ef84cc,llama3.1:8b,0,2026-06-17T11:30:48.801845,project_04,title_only,incompleteness,cot
ISSUE-251049,Resync SDAM tests,1,1,"Let's break it down:

1. The issue title ""Resync SDAM tests"" conveys that there is an issue related to synchronizing tests for something called SDAM, but it doesn't provide any context or details about what SDAM is or why the resync is needed.
2. The title does not suggest missing reproduction steps (it's unlikely a developer would know how to reproduce this without more information), expected behaviour, or context (e.g., which tests are affected).
3. A developer cannot understand the full scope from the title alone; it lacks essential details such as what SDAM is, why resyncing is necessary, and potentially other relevant information.

Given these points, I would conclude that the issue title suggests the issue is INCOMPLETE because it lacks essential information for a developer to fully comprehend and address the problem. 

Final Answer: Yes",e824fa5d460ade76,llama3.1:8b,0,2026-06-17T11:30:51.440911,project_04,title_only,incompleteness,cot
ISSUE-252416,rotatable_file_writer_test does not compile in C++11 mode with libc++,0,0,"To determine whether the issue is INCOMPLETE based on the given title, let's analyze it step by step:

1. **Information Conveyed**: The title mentions that there's an issue with a specific test (`rotatable_file_writer_test`) in a particular context (`C++11 mode with libc++`). It specifies the programming language and compiler settings involved.

2. **Missing Information**: 
   - **Steps to Reproduce**: There is no mention of how to reproduce the issue, which could be crucial for debugging.
   - **Expected vs Actual Behaviour**: The title does not specify what behavior is expected versus what actually happens when trying to compile in C++11 mode with libc++.
   - **Acceptance Criteria**: These are not mentioned at all. Acceptance criteria would define under what conditions the test should pass or fail, which is essential for understanding the issue's scope.
   - **Affected Components**: While it mentions a specific test, it does not specify if this is an isolated issue or part of a larger component that might be affected.
   - **Environment Details**: The title specifies the programming language and compiler settings but lacks broader environment details (e.g., operating system, other dependencies) that could influence the compilation process.

3. **Understanding the Scope from",3fd35e5cb7b9e7f6,llama3.1:8b,0,2026-06-17T11:30:54.955257,project_04,title_only,incompleteness,cot
ISSUE-251115,Implement SASLPrep,1,0,"To determine if the issue is INCOMPLETE based on the given title ""Implement SASLPrep"", let's analyze it step by step:

1. **What information does this title convey?**
   - The title mentions a specific task or feature to be implemented, which is ""SASLPrep"". This suggests that the title conveys a clear requirement for implementing a particular component or functionality.

2. **Does the title suggest missing reproduction steps, expected behaviour, or context?**
   - There's no mention of how to reproduce the issue (steps to reproduce), what the expected behavior should be compared to actual behavior, or any context that would indicate why this implementation is necessary.
   
3. **Can a developer understand the full scope from the title alone?**
   - While the title clearly states what needs to be done (""Implement SASLPrep""), it lacks essential details such as how this will affect other parts of the system (affected components), in which environment or context this should work, and possibly acceptance criteria for when it's considered complete.

Given these points, while the title is clear about what action is required, it does not provide enough information to consider the issue fully understood without further details. Therefore, based on the given criteria for an INCOMPLETE issue",dbe2e933e5dd292a,llama3.1:8b,0,2026-06-17T11:30:58.387043,project_04,title_only,incompleteness,cot
ISSUE-250886,Investigate alternatives to Catch2,1,1,"Let's break it down:

1. The issue title ""Investigate alternatives to Catch2"" conveys that the issue is related to exploring alternative testing frameworks, but it doesn't provide any specific context or requirements.
2. The title does not suggest missing reproduction steps, expected behaviour, or context. It appears to be a high-level investigation request rather than a specific problem report.
3. A developer can understand the general scope of the task from the title alone, which is to investigate alternatives to Catch2.

However, upon closer inspection, I notice that the issue title lacks essential information such as:

* Expected vs actual behaviour: What are we trying to achieve by investigating alternatives?
* Acceptance criteria: What makes an alternative acceptable or not?
* Affected components: Which parts of the system will be impacted by this change?
* Environment details: Are there any specific environments or configurations that need to be considered?

Given these omissions, I would conclude that the issue is likely INCOMPLETE.

Final Answer: Yes",5296245132aa3709,llama3.1:8b,0,2026-06-17T11:31:01.355741,project_04,title_only,incompleteness,cot
ISSUE-251990,missing bsoncxx::document::view::empty,1,-1,"To determine whether the issue is INCOMPLETE based on the given title ""missing bsoncxx::document::view::empty"", I'll follow the step-by-step approach:

1. **What information does this title convey?**
   - The title suggests that there's a missing or undefined value related to `bsoncxx::document::view::empty`, which is likely a specific object or function in a C++ context, possibly within the MongoDB CXX Driver.

2. **Does the title suggest missing reproduction steps, expected behaviour, or context?**
   - The title does not explicitly mention any steps to reproduce an issue, expected behavior, acceptance criteria, affected components, or environment details. It directly points to a specific object being missing, which is more of a symptom than a description of a problem.

3. **Can a developer understand the full scope from the title alone?**
   - While a developer familiar with MongoDB CXX Driver and its API might quickly grasp what's meant by ""missing bsoncxx::document::view::empty"", they would likely need additional context to fully understand why this is an issue, how it affects their application, or what behavior is expected versus actual.

Given these considerations, the title does not explicitly convey essential information like steps to reproduce, expected vs",a61573e464166c97,llama3.1:8b,0,2026-06-17T11:31:04.775034,project_04,title_only,incompleteness,cot
ISSUE-252201,Create buildvariant for Ubuntu 12.04,0,1,"Let's analyze the issue title step by step:

1. The title ""Create buildvariant for Ubuntu 12.04"" conveys that it is related to creating a specific build variant for a particular operating system version.
2. The title does not suggest missing reproduction steps, expected behavior, or context. It appears to be a straightforward request for a specific task.
3. While the title provides some context (Ubuntu 12.04), it does not provide enough information for a developer to fully understand the scope of the issue without additional details.

However, upon closer inspection, I notice that the title is missing essential information such as:

* Expected vs actual behavior
* Acceptance criteria
* Affected components
* Environment details (beyond just the operating system version)

Given this analysis, I would conclude that the issue is likely INCOMPLETE because it lacks crucial details for a developer to fully understand and address the issue.

Final Answer: Yes",fbfb73046c7ff7a1,llama3.1:8b,0,2026-06-17T11:31:07.642143,project_04,title_only,incompleteness,cot
ISSUE-251862,Backport server r3.0.7..r3.0.8 changes,0,0,"Let's analyze the issue title step by step:

1. The title ""Backport server r3.0.7..r3.0.8 changes"" conveys that it is related to updating or applying changes from one version of a software (r3.0.7) to another version (r3.0.8). It mentions the specific versions involved, which implies some context about the affected components and environment.
2. The title does not suggest missing reproduction steps, expected behavior, or context. In fact, it provides enough information to understand what is being asked: backporting changes from one version to another.
3. A developer can likely understand the full scope of this issue from the title alone. They would know that they need to apply some specific changes from an older version (r3.0.7) to a newer version (r3.0.8).

Based on these observations, I conclude that the issue is not INCOMPLETE.

Final Answer: No",44ee1e6f1a7eb1ee,llama3.1:8b,0,2026-06-17T11:31:10.551684,project_04,title_only,incompleteness,cot
ISSUE-251902,Make special commands (inprog,1,1,"To determine if the issue is INCOMPLETE based on the given title ""Make special commands (inprog"", let's analyze it step-by-step:

1. **Information Conveyed**: The title mentions making special commands, but it doesn't specify what these commands are for or how they should be made. It also includes ""(inprog"" which seems to be a part of the command name but is not clear in its context.

2. **Missing Information**: There's no indication of steps to reproduce the issue, expected vs actual behavior, acceptance criteria, affected components, or environment details. The title itself does not provide enough context for a developer to understand what needs to be done or how it should work.

3. **Understanding Scope from Title Alone**: Without additional information, such as descriptions or specifications, it's difficult for a developer to fully comprehend the requirements of making special commands based solely on this title.

Given these considerations, the issue seems to lack essential details that would allow a developer to understand and address the problem without further clarification.

Final Answer: Yes",b619252ac935d1b7,llama3.1:8b,0,2026-06-17T11:31:13.504412,project_04,title_only,incompleteness,cot
ISSUE-250935,Create C++17 variants,1,0,"To determine whether the issue is INCOMPLETE based on its title, let's analyze it step by step:

1. **What information does this title convey?**
   - The title mentions ""Create C++17 variants."" This suggests a specific task related to creating or implementing something related to C++17 variants.

2. **Does the title suggest missing reproduction steps, expected behaviour, or context?**
   - There's no mention of how to reproduce the issue (steps to reproduce), what is expected vs actual behavior, acceptance criteria, affected components, or environment details in the title itself.
   
3. **Can a developer understand the full scope from the title alone?**
   - While the title clearly indicates that it's about creating something related to C++17 variants, without additional context or description, it's hard for a developer to fully understand what is expected of them (e.g., whether this is a new feature, fixing an existing one, etc.), how they should implement it, and what criteria will be used to accept the implementation.

Given these considerations, while the title provides some clarity on what the task is about, it lacks essential information that would allow a developer to fully understand the scope of work without needing additional details. Therefore, based on the given criteria for",4a8ca5129013760e,llama3.1:8b,0,2026-06-17T11:31:16.988563,project_04,title_only,incompleteness,cot
ISSUE-251484,collection::distinct return should allow iteration over results,0,0,"Let's analyze the issue title step by step:

1. The title conveys that there is an expectation about how the `distinct` method of the `collection` class should behave, specifically regarding iteration over results.
2. The title does not suggest missing reproduction steps, expected behavior, or context. It appears to be a statement about desired functionality rather than a description of a problem.
3. While a developer may infer some context from the title (e.g., it's related to a collection class), they would likely need additional information to fully understand the scope and requirements.

However, upon closer inspection, I notice that the title does mention ""should allow iteration over results"", which implies an expectation about behavior. This could be interpreted as implying expected vs actual behavior, but only in a very general sense.

Given this analysis, while the issue title is somewhat vague, it does suggest some level of expectation about behavior, even if it's not entirely clear what that behavior should be or how to reproduce the issue.

Final Answer: No",1fbec73ab144c4fb,llama3.1:8b,0,2026-06-17T11:31:19.987626,project_04,title_only,incompleteness,cot
ISSUE-251767,Fix TODO comments about linking to documentation when available,0,1,"Let's break it down:

1. The issue title conveys that there are TODO comments in the code related to linking to documentation when available.
2. There is no mention of steps to reproduce, expected vs actual behaviour, acceptance criteria, affected components, or environment details.
3. From the title alone, a developer can understand that there are some issues with the code comments and what they relate to (linking to documentation), but not the full scope of the issue.

Based on these observations, I would conclude that the issue is likely INCOMPLETE because it lacks essential information such as steps to reproduce or expected vs actual behaviour. The title only hints at a problem without providing enough context for a developer to fully understand and address the issue.

Final Answer: Yes",35cdf916d9414f0a,llama3.1:8b,0,2026-06-17T11:31:22.434148,project_04,title_only,incompleteness,cot
ISSUE-252082,Reparent OperationException below DBException,0,0,"Let's break it down:

1. The issue title ""Reparent OperationException below DBException"" conveys that there is an exception being thrown during a reparent operation, and this exception is related to a database-related exception.
2. The title does not suggest missing reproduction steps, expected behaviour, or context. It appears to be providing specific information about the error, including its type and relationship to another exception.
3. While the title provides some context, it may not be enough for a developer to fully understand the scope of the issue without additional information.

However, upon closer inspection, I notice that the title does provide some essential details such as:

* The specific operation causing the error (Reparent Operation)
* The type of exception being thrown (OperationException)
* The context in which this exception is occurring (below DBException)

Given these details, it's likely that a developer could understand the general scope and nature of the issue from just the title alone.

Final Answer: No",2e815a93b64ceb9a,llama3.1:8b,0,2026-06-17T11:31:25.313244,project_04,title_only,incompleteness,cot
ISSUE-251826,Stream builder error for invalid context is unfriendly,0,1,"Let's break it down:

1. The issue title conveys that there is an error in the stream builder when the context is invalid, and this error is unfriendly.
2. The title does not explicitly mention steps to reproduce, expected vs actual behaviour, or affected components. However, it implies a specific scenario (invalid context) which might be related to reproduction steps. It also hints at the issue being with the user experience (unfriendly), but it's unclear what the expected behaviour is.
3. While the title provides some context, it does not convey enough information for a developer to fully understand the scope of the issue without further investigation.

Considering these points, I would say that the issue title suggests the issue might be INCOMPLETE because it lacks essential details such as steps to reproduce and expected vs actual behaviour.

Final Answer: Yes",51877774e3114bca,llama3.1:8b,0,2026-06-17T11:31:27.991814,project_04,title_only,incompleteness,cot
ISSUE-252418,Remove dependency on boost program_options,0,0,"Let's break it down:

1. The issue title ""Remove dependency on boost program_options"" conveys that there is an existing dependency on a specific library (boost program_options) and the request is to remove it.
2. There is no indication of missing reproduction steps, expected behaviour, or context in this title. It appears to be a straightforward statement about removing a dependency.
3. A developer can likely understand the full scope from the title alone, as it clearly states what needs to be done.

Given that there's no mention of essential information like steps to reproduce, expected vs actual behavior, acceptance criteria, affected components, or environment details, I would conclude:

Final Answer: No",623645c2fc4df927,llama3.1:8b,0,2026-06-17T11:31:30.309791,project_04,title_only,incompleteness,cot
ISSUE-250681,WINDOWS | Release build,1,1,"Let's break it down:

1. The issue title ""WINDOWS | Release build"" conveys that the issue is related to Windows and release builds, but it doesn't provide any specific details about what the problem is.
2. There is no indication of missing reproduction steps, expected behavior, or context in this title. It seems to be more of a categorization or classification rather than a description of an issue.
3. While a developer might infer that there's something wrong with the release build on Windows, they would likely need additional information to understand the full scope of the problem.

Based on these observations, I conclude that the issue title is missing essential information about the specific problem, its expected behavior, and possibly other details. Therefore:

Final Answer: Yes",96aad36ebaf441d7,llama3.1:8b,0,2026-06-17T11:31:32.787010,project_04,title_only,incompleteness,cot
ISSUE-251940,auto_reconnect using ConnectionString API,1,0,"Let's break it down:

1. The issue title ""auto_reconnect using ConnectionString API"" conveys that there is an issue related to auto-reconnecting when using a specific API for connection strings.
2. The title does not suggest missing reproduction steps, expected behaviour, or context. It appears to be a clear and concise statement of the problem.
3. A developer should be able to understand the full scope from the title alone: it's about an issue with auto-reconnecting when using a specific API.

However, upon closer inspection, I notice that the title doesn't mention anything about expected vs actual behaviour, acceptance criteria, affected components, or environment details. But, considering the title is quite specific and seems to be pointing towards a particular functionality, it might imply that there's an issue with how auto-reconnect works when using this API.

But still, without more information, it's hard to say for sure if all necessary context is provided. However, given the specificity of the title, I would lean towards saying that it doesn't seem INCOMPLETE in terms of providing a clear problem statement.

Final Answer: No",9b5329a93a674afc,llama3.1:8b,0,2026-06-17T11:31:35.969643,project_04,title_only,incompleteness,cot
ISSUE-252206,libmongoclient.so not generated when compling lateset c++ driver,0,1,"Let's break down the issue title:

1. The title conveys that there is an issue with generating a library file (`libmongoclient.so`) when compiling the latest C++ driver.
2. There is no indication of missing reproduction steps, expected behavior, or context in the title itself. It appears to be a straightforward statement of a problem.
3. While a developer may be able to infer some context (e.g., that it's related to MongoDB and C++), they would likely need additional information to fully understand the scope of the issue.

Based on these observations, I conclude that the issue title suggests the issue is INCOMPLETE because it lacks essential details such as steps to reproduce, expected vs actual behavior, acceptance criteria, affected components, or environment details.

Final Answer: Yes",e130c539c6736d4a,llama3.1:8b,0,2026-06-17T11:31:38.408633,project_04,title_only,incompleteness,cot
ISSUE-252474,Enforce /MD with Windows C++ DLL driver,0,0,"Let's analyze the issue title step by step:

1. The title ""Enforce /MD with Windows C++ DLL driver"" conveys some information about the software component involved (Windows C++ DLL driver) and a specific requirement or constraint (/MD enforcement). However, it doesn't provide any context about what this enforcement entails or why it's necessary.
2. The title does not suggest missing reproduction steps, expected behavior, or context. It appears to be a straightforward statement of a requirement or goal.
3. While the title provides some information, it is unlikely that a developer can fully understand the scope and implications from just the title alone. There may be underlying assumptions or dependencies that are not explicitly stated.

However, upon closer inspection, I notice that the issue title does mention a specific technical detail (/MD enforcement) related to Windows C++ DLL driver. This suggests that the title is likely providing essential information about the affected component and its behavior.

Considering these points, I would conclude that the issue title is sufficient to convey essential information, and therefore:

Final Answer: No",16080645d7bd9235,llama3.1:8b,0,2026-06-17T11:31:41.515389,project_04,title_only,incompleteness,cot
ISSUE-251467,Mutator methods which return non-void should document their return value,0,1,"To determine whether the issue is INCOMPLETE, let's analyze it step-by-step:

1. The information conveyed by this title is about mutator methods in software development. Specifically, it mentions that these methods should document their return value if they are not void. This implies a discussion around coding standards and documentation practices.

2. There is no mention of steps to reproduce the issue, expected vs actual behavior, acceptance criteria, affected components, or environment details. The title does not suggest any specific context or scenario where this issue arises beyond the general principle of documenting return values for non-void mutator methods.

3. While a developer might infer some context from the term ""mutator methods,"" which are typically used in object-oriented programming to modify an object's state, the title alone does not provide enough information to fully understand the scope of the issue without additional context or description.

Given these points, it seems that the issue title is missing essential details such as steps to reproduce, expected behavior, and possibly acceptance criteria. Therefore, based on the given analysis:

Final Answer: Yes",a127da5a6e90b288,llama3.1:8b,0,2026-06-17T11:31:44.569818,project_04,title_only,incompleteness,cot
ISSUE-250928,Test with gcc 4.9?,1,1,"Let's analyze the issue title step by step:

1. The title ""Test with gcc 4.9?"" conveys that there is some kind of testing or verification activity related to using a specific version of the GCC compiler.
2. The title does not suggest missing reproduction steps, expected behavior, or context. It appears to be asking for confirmation or guidance on whether something should be tested with a particular compiler version.
3. From the title alone, it is unclear what the full scope of the issue is. Is this related to a specific feature, bug, or requirement? What are the implications of testing with GCC 4.9?

Based on these observations, I would conclude that the issue title suggests the issue is INCOMPLETE because it lacks essential information about the context and purpose of the test.

Final Answer: Yes",8deb7d4345fa79a1,llama3.1:8b,0,2026-06-17T11:31:47.222771,project_04,title_only,incompleteness,cot
ISSUE-250906,Regenerate test certificates with SHA256 signatures,0,0,"Let's break it down:

1. The issue title conveys that there is an issue with test certificates and their signatures.
2. The title does not suggest missing reproduction steps, expected behaviour, or context. It appears to be a clear statement of the problem.
3. A developer can understand the full scope from the title alone: they know what needs to be done (regenerate test certificates) and why (with SHA256 signatures).

However, upon closer inspection, I notice that the issue title does not mention any specific context or environment details. It also doesn't explicitly state the expected vs actual behaviour.

But considering the task at hand, which is to determine if the issue is INCOMPLETE based solely on the title, I would say that the title provides enough information for a developer to understand what needs to be done. The lack of explicit reproduction steps, expected behaviour, or context might make it difficult to implement, but it's not necessarily incomplete.

Final Answer: No",e3f67aab0e55ae8b,llama3.1:8b,0,2026-06-17T11:31:49.986413,project_04,title_only,incompleteness,cot
ISSUE-251809,Allow configuration of SSL independently of the C driver,0,0,"Let's break it down:

1. The issue title conveys that there is a request to configure SSL independently of the C driver. It mentions two specific components and their relationship, but does not provide any context or details about what this configuration entails.
2. The title does not suggest missing reproduction steps, expected behaviour, or context. In fact, it implies that the issue is related to a specific feature or functionality, which suggests that there might be more information available elsewhere (e.g., in the description).
3. While a developer can understand the general idea from the title alone, they would likely need additional information to fully comprehend the scope of the request and how it affects other parts of the system.

However, upon closer inspection, I notice that the issue title does not explicitly mention any missing essential information such as steps to reproduce, expected vs actual behaviour, acceptance criteria, affected components, or environment details. It appears to be a clear and concise statement of a feature request.

Therefore, based on the given information (just the title), I would conclude:

Final Answer: No",a36ef746ea48d99d,llama3.1:8b,0,2026-06-17T11:31:53.084631,project_04,title_only,incompleteness,cot
ISSUE-251443,Update release documentation to discuss moving releases/stable branch,0,1,"Let's break it down:

1. The issue title conveys that there is a need to update release documentation to discuss moving releases/stable branch. It mentions a specific task, but doesn't provide any context or details about what this change entails.
2. The title does not suggest missing reproduction steps (this is an issue for bugs), expected behaviour (this is more relevant to functional requirements), or context (the environment or affected components are not mentioned).
3. However, the title alone may not be enough for a developer to understand the full scope of the change. It doesn't provide any information about what specific changes need to be made to the documentation, why this change is necessary, or how it will impact other parts of the system.

Given that the issue title does not explicitly mention missing essential information like steps to reproduce, expected behaviour, acceptance criteria, affected components, or environment details, but still lacks sufficient context for a developer to understand the full scope, I would say:

Final Answer: Yes",eb4331f3f2655f27,llama3.1:8b,0,2026-06-17T11:31:56.048936,project_04,title_only,incompleteness,cot
ISSUE-252069,Use of TARGET_OBJECTS in CMake build produces incorrect shared library,0,1,"Let's analyze the issue title step by step:

1. The title conveys that there is an issue with the use of TARGET_OBJECTS in CMake build, which produces incorrect shared libraries.
2. The title does not suggest missing reproduction steps, expected behavior, or context. It appears to be a clear statement of a problem.
3. While the title provides some context about the specific aspect of the software that is causing issues (CMake build), it does not provide enough information for a developer to fully understand the scope of the issue without further investigation.

However, upon closer inspection, I notice that the title mentions ""incorrect shared library"", which implies there might be an expected behavior or outcome. But still, it's missing essential details such as steps to reproduce, affected components, and environment details.

Considering these points, I would say:

Final Answer: Yes",0b4874b41893f496,llama3.1:8b,0,2026-06-17T11:31:58.714318,project_04,title_only,incompleteness,cot
ISSUE-251960,clang-format the legacy driver,1,0,"Let's break it down:

1. The issue title ""clang-format the legacy driver"" conveys that there is a request to apply clang-format formatting to an existing legacy driver code.
2. There is no indication of missing reproduction steps, expected behavior, or context in this title. It appears to be a straightforward request for a specific task.
3. A developer can likely understand the full scope from the title alone: it's about applying clang-format to a specific piece of code (the legacy driver).

Given that there's no suggestion of missing essential information like steps to reproduce, expected behavior, or context, I would conclude:

Final Answer: No",067f0ed71f4e4d04,llama3.1:8b,0,2026-06-17T11:32:00.961592,project_04,title_only,incompleteness,cot
ISSUE-252104,"improve handling of """"node is recovering"""" errors",0,1,"Let's break it down:

1. The issue title conveys that there is an error handling issue related to node recovery.
2. The title does not suggest missing reproduction steps, expected behaviour, or context. It appears to be a high-level description of the problem rather than a specific scenario.
3. While a developer may have some idea of what ""node is recovering"" errors are, they would likely need more information (such as steps to reproduce, expected vs actual behavior) to fully understand the scope and requirements of the issue.

Final Answer: Yes",322c05d7e9bc12c9,llama3.1:8b,0,2026-06-17T11:32:02.972558,project_04,title_only,incompleteness,cot
ISSUE-250562,BSON UDL for from_json,1,1,"Let's break it down:

1. The issue title ""BSON UDL for from_json"" conveys that there is an issue related to creating a BSON (Binary JSON) User Defined Loader (UDL) for the `from_json` function.
2. The title does not suggest missing reproduction steps, expected behaviour, or context. It appears to be a specific technical request rather than a description of a problem.
3. While a developer may need additional information to fully understand the issue and implement a solution, the title alone provides enough context to identify the scope of the issue.

However, upon closer inspection, I notice that the title is asking for something (a BSON UDL) but does not provide any details on what happens if it's missing or how it should behave. It seems like the title might be missing essential information about expected vs actual behaviour, which could indicate that the issue is INCOMPLETE.

Final Answer: Yes",07165003a59656c9,llama3.1:8b,0,2026-06-17T11:32:05.741483,project_04,title_only,incompleteness,cot
ISSUE-251355,Move mongocxx::libbson code somewhere where bsoncxx can access it,0,1,"To determine whether the issue is INCOMPLETE, let's analyze it step-by-step:

1. The information conveyed by this title suggests that there might be an organizational or structural issue within the codebase regarding how certain functionalities are accessed or utilized between different components (mongocxx::libbson and bsoncxx). It implies a need for reorganization or refactoring but does not specify why such a move is necessary.

2. The title does not suggest missing reproduction steps, expected behavior, or context in terms of what happens when the code is moved versus what should happen. It lacks specific details about how this change would affect the functionality or performance of the system.

3. While a developer might infer that there's an issue with accessibility or organization within the codebase, they cannot fully understand the scope from just the title alone without additional context. The title does not provide enough information to determine whether this is a critical bug, a performance issue, or simply a matter of improving code structure.

Given these considerations, it seems likely that the issue is INCOMPLETE because it lacks essential details such as expected vs actual behavior, acceptance criteria, affected components, and environment details.

Final Answer: Yes",110b372d5fcd4425,llama3.1:8b,0,2026-06-17T11:32:09.010453,project_04,title_only,incompleteness,cot
ISSUE-251652,Compile error with clang/libc++ on Linux due to ambiguous call to 'append' member function,0,1,"Let's break down the issue title:

1. The title conveys that there is a compile error on Linux when using clang and libc++ compilers. It mentions an ambiguous call to a specific member function, 'append'.
2. The title does not suggest missing reproduction steps, expected behaviour, or context. It provides enough information about the environment (Linux) and the tools involved (clang/libc++), but it doesn't mention how to reproduce the issue or what is expected vs actual behaviour.
3. A developer can understand that there's a compile error on Linux with specific compilers, which might help them identify similar issues or narrow down the search for solutions. However, without more context, they may not be able to fully grasp the scope of the problem.

Considering these points, I would say that the issue title is missing essential information such as steps to reproduce and expected vs actual behaviour.

Final Answer: Yes",d0bdce5d52c307e7,llama3.1:8b,0,2026-06-17T11:32:12.137815,project_04,title_only,incompleteness,cot
ISSUE-251739,Backport server r3.0.8..r3.0.12 changes,1,0,"Let's analyze the issue title step by step:

1. The title ""Backport server r3.0.8..r3.0.12 changes"" conveys that it is related to updating or applying changes from a specific version range of the server software.
2. There is no indication of missing reproduction steps, expected behavior, or context in this title. It appears to be focused on a specific task or operation rather than describing a problem or issue.
3. While a developer familiar with the project and its versioning scheme might understand the scope from the title alone, it's unlikely that an external party or someone not familiar with the project would fully comprehend what is being asked without additional context.

However, considering the strict criteria for determining if an issue is INCOMPLETE (missing essential information such as steps to reproduce, expected vs actual behavior, acceptance criteria, affected components, or environment details), this title does not explicitly suggest that any of these pieces of information are missing. It's more about the clarity and specificity of the task rather than the completeness of the description.

Therefore, based on the given criteria for an issue being INCOMPLETE:

Final Answer: No",3abf002931fc3b24,llama3.1:8b,0,2026-06-17T11:32:15.442351,project_04,title_only,incompleteness,cot
ISSUE-250612,"Windows tasks failing with """"insufficient disk space"""" on Evergreen",0,1,"Let's break it down:

1. The issue title conveys that there is an error with Windows tasks on a specific environment called ""Evergreen"", and the error message is related to insufficient disk space.
2. The title does not explicitly mention steps to reproduce, expected vs actual behaviour, acceptance criteria, affected components, or environment details. However, it does provide some context about the issue being related to an error message and a specific environment.
3. While the title provides some context, it is unlikely that a developer can fully understand the scope of the issue from this title alone without additional information.

However, considering the task at hand, I would say that the issue title is missing essential information such as steps to reproduce, expected vs actual behaviour, and acceptance criteria. Therefore:

Final Answer: Yes",7adb547c32d4d276,llama3.1:8b,0,2026-06-17T11:32:17.928098,project_04,title_only,incompleteness,cot
ISSUE-252465,libmongoclient should not link db/commands.cpp,0,1,"Let's break down the issue title:

1. The title conveys that there is an issue with how libmongoclient links to db/commands.cpp.
2. There is no indication of missing reproduction steps, expected behavior, or context in the title itself. It appears to be a statement about a specific code link.
3. While a developer might understand some aspects of the issue from the title alone (e.g., it's related to libmongoclient and a specific file), they would likely need more information to fully comprehend the scope and implications of the issue.

Given that the title does not explicitly mention essential information such as steps to reproduce, expected vs actual behavior, acceptance criteria, affected components, or environment details, I conclude:

Final Answer: Yes",965f3a9fe9549cc1,llama3.1:8b,0,2026-06-17T11:32:20.364984,project_04,title_only,incompleteness,cot
ISSUE-251807,Add VS2015 builders for legacy C++ driver,0,1,"Let's analyze the issue title step by step:

1. The title ""Add VS2015 builders for legacy C++ driver"" conveys that it is related to adding support for Visual Studio 2015 in an existing project, specifically for a legacy C++ driver.
2. There is no indication of missing reproduction steps, expected behavior, or context in the title itself. It appears to be a straightforward request to add a feature.
3. While a developer may need additional information to fully understand the scope and requirements, the title alone provides enough context to infer that it's about adding support for VS2015.

However, upon closer inspection, I notice that the issue title is missing some essential information such as:

* Expected vs actual behavior
* Acceptance criteria
* Affected components
* Environment details

Given this analysis, I would conclude that the issue is likely INCOMPLETE because it lacks crucial information to fully understand and address the problem.

Final Answer: Yes",04336edde1454ef4,llama3.1:8b,0,2026-06-17T11:32:23.211343,project_04,title_only,incompleteness,cot
ISSUE-250752,Update FLE documentation for community version demonstrating explicit encryption/decryption,0,0,"Let's break it down:

1. The issue title conveys that there is an update needed for FLE documentation to demonstrate explicit encryption and decryption in the community version.
2. There is no indication of missing reproduction steps, expected behavior, or context in this title. It appears to be a straightforward request for updating documentation.
3. From the title alone, it's possible for a developer to understand that there is an update needed for FLE documentation, but they may not have enough information to start working on the issue without further details.

However, upon closer inspection, I notice that this issue title does mention ""demonstrating explicit encryption/decryption"", which implies some level of technical context. But it still doesn't provide any reproduction steps, expected behavior, or acceptance criteria.

Given these observations, I would say:

Final Answer: No",5bae574d42198cfe,llama3.1:8b,0,2026-06-17T11:32:25.809472,project_04,title_only,incompleteness,cot
ISSUE-251483,Create C++ driver benchmark suite,0,0,"To determine if the issue is INCOMPLETE based on the given title ""Create C++ driver benchmark suite"", let's analyze it step by step:

1. **Information Conveyed**: The title suggests that there is a need to create a benchmark suite for drivers written in C++. It implies an action or task related to software development, specifically focusing on performance measurement.

2. **Missing Information**: 
   - **Steps to Reproduce**: There's no indication of how this benchmark suite should be created or what steps are involved.
   - **Expected vs Actual Behaviour**: The title does not mention any expected outcomes or behaviors that the benchmark suite is supposed to measure.
   - **Acceptance Criteria**: It doesn't specify what constitutes a successful creation of the benchmark suite.
   - **Affected Components**: While it mentions C++ drivers, it's unclear which components (e.g., libraries, frameworks) are involved beyond just the programming language and driver type.
   - **Environment Details**: There is no mention of the environment in which this benchmark suite will operate.

3. **Understanding Scope from Title Alone**: Without additional context or description, a developer cannot fully understand the scope of work required to complete this task based solely on the title ""Create C++ driver benchmark suite"". The title",4fa9d2666f332d22,llama3.1:8b,0,2026-06-17T11:32:29.270861,project_04,title_only,incompleteness,cot
ISSUE-250688,Ubuntu 16.04's compressed debug symbols confuse Valgrind,0,1,"Let's analyze the issue title step by step:

1. The title conveys that there is an issue with Ubuntu 16.04's compressed debug symbols and Valgrind, but it doesn't provide any specific details about what happens or how to reproduce the problem.
2. The title does not suggest missing reproduction steps, expected behaviour, or context. It seems to be a clear statement of the problem, but without additional information, it's hard to understand the scope of the issue.
3. A developer might have some idea of what Valgrind is and how debug symbols work, but they would likely need more information to fully understand the issue and its implications.

Based on this analysis, I would say that the title suggests the issue is INCOMPLETE because it lacks essential details such as steps to reproduce, expected vs actual behaviour, acceptance criteria, affected components, or environment details.

Final Answer: Yes",c96631f4677d2c2c,llama3.1:8b,0,2026-06-17T11:32:32.031515,project_04,title_only,incompleteness,cot
ISSUE-250556,Remove unused and add missing includes,1,1,"Let's break it down:

1. The issue title ""Remove unused and add missing includes"" conveys two specific actions related to code maintenance.
2. There is no indication of missing reproduction steps, expected behavior, or context in this title. It appears to be a straightforward request for refactoring code.
3. While the title provides some context about what needs to be done, it does not convey enough information for a developer to fully understand the scope and implications of the changes.

However, upon closer inspection, I notice that the issue title mentions specific actions related to code maintenance (removing unused items and adding missing includes). This suggests that the issue is likely focused on a particular aspect of the codebase, but it still lacks essential information such as affected components or environment details.

Given this analysis, I would conclude that the issue title ""Remove unused and add missing includes"" does suggest that the issue is INCOMPLETE because it lacks essential information about affected components or environment details.

Final Answer: Yes",77528de7e962408c,llama3.1:8b,0,2026-06-17T11:32:34.927673,project_04,title_only,incompleteness,cot
ISSUE-251543,Audit all libmongoc and libbson calls for error handling,0,1,"Let's break it down:

1. The issue title conveys that there is a need to audit certain library calls for error handling. It mentions specific libraries (libmongoc and libbson) which suggests some context, but it doesn't provide any details about what the audit should entail or how it should be done.
2. The title does not suggest missing reproduction steps, expected behaviour, or context in terms of environment or affected components. However, it lacks essential information such as steps to reproduce, expected vs actual behavior, acceptance criteria, and environment details.
3. While a developer might have some idea about the scope from the title alone (e.g., they know which libraries are involved), they would likely need more context to fully understand what is required.

Considering these points, I conclude that the issue title suggests the issue is INCOMPLETE because it lacks essential information such as steps to reproduce, expected vs actual behavior, acceptance criteria, and environment details.

Final Answer: Yes",f15845feeac0a7e5,llama3.1:8b,0,2026-06-17T11:32:37.792338,project_04,title_only,incompleteness,cot
ISSUE-250593,Update Travis tests from Ubuntu 14.04 and test against latest server,0,0,"Let's break it down:

1. The title conveys that there is an update to be made to Travis tests, specifically regarding Ubuntu 14.04 and testing against the latest server.
2. There is no indication of missing reproduction steps, expected behavior, or context in this title. It appears to be a straightforward statement about updating tests.
3. A developer can likely understand the full scope from the title alone: update existing Travis tests to use a newer Ubuntu version (14.04) and test against the latest server.

Final Answer: No",c053aee61e001622,llama3.1:8b,0,2026-06-17T11:32:39.837280,project_04,title_only,incompleteness,cot
ISSUE-250638,Resync SDAM error handling spec tests,0,1,"Let's break it down:

1. The issue title ""Resync SDAM error handling spec tests"" conveys that there is an issue with resynchronizing SDAM (Software Development and Maintenance?) error handling, specifically related to specification tests.
2. The title does not suggest missing reproduction steps, expected behaviour, or context. It appears to be a high-level description of the problem, but it lacks specific details about what's happening, why it's an issue, and how it should behave.
3. A developer may have some idea of what SDAM is and what error handling means, but they would likely need more information to fully understand the scope of the issue.

Based on these observations, I conclude that the issue title suggests the issue is INCOMPLETE because it lacks essential details such as steps to reproduce, expected vs actual behaviour, acceptance criteria, affected components, or environment details.

Final Answer: Yes",ada7d3eea8b6acab,llama3.1:8b,0,2026-06-17T11:32:42.570891,project_04,title_only,incompleteness,cot
ISSUE-251626,Misunderstanding about bsoncxx::document::element,1,0,"To determine whether the issue is INCOMPLETE based on the given title ""Misunderstanding about bsoncxx::document::element"", I will follow the step-by-step approach:

1. **What information does this title convey?**
   - The title indicates there's a misunderstanding related to `bsoncxx::document::element`, which suggests it's about understanding or interpreting something specific within the context of C++ and MongoDB (given the namespace `bsoncxx`).

2. **Does the title suggest missing reproduction steps, expected behaviour, or context?**
   - There is no mention of steps to reproduce, expected vs actual behavior, acceptance criteria, affected components, or environment details in the title.
   - The focus is on a misunderstanding rather than an action or outcome that needs to be verified.

3. **Can a developer understand the full scope from the title alone?**
   - While the title gives some context about what's misunderstood (a specific element within MongoDB's C++ API), it doesn't provide enough information for a developer to fully understand the issue without further details.
   - The term ""misunderstanding"" implies there might be confusion or an incorrect assumption, but it does not specify how this misunderstanding affects functionality or what is expected to happen.

Given these considerations, while",69277f89b95bae5d,llama3.1:8b,0,2026-06-17T11:32:46.035802,project_04,title_only,incompleteness,cot
ISSUE-252399,on linux systems it is customary to use sonames when creating shared libraries,0,0,"To determine if the issue is INCOMPLETE, let's analyze the given title step-by-step:

1. **What information does this title convey?**
   - The title mentions ""linux systems"" and ""shared libraries,"" which indicates it might be related to a specific technical or operational aspect of software development on Linux platforms.
   - It also references ""sonames,"" which is a term associated with how shared libraries are named in certain environments, particularly those following the GNU standards.

2. **Does the title suggest missing reproduction steps, expected behaviour, or context?**
   - The title does not explicitly mention any specific steps to reproduce an issue.
   - It doesn't directly state what the ""customary"" practice is for (e.g., fixing a bug, improving performance), nor does it specify what happens when this custom isn't followed.
   - There's no clear indication of expected vs. actual behavior or acceptance criteria.

3. **Can a developer understand the full scope from the title alone?**
   - While the title provides some context about Linux systems and shared libraries, it doesn't give enough information for a developer to fully understand what issue is being described without additional details.
   - The mention of ""customary"" practice suggests there might be an expectation or requirement",e3034099684c99fe,llama3.1:8b,0,2026-06-17T11:32:49.520713,project_04,title_only,incompleteness,cot
ISSUE-252510,Default Windows builds of the C++ client driver to use /MD,0,0,"Let's analyze the issue title step by step:

1. The title conveys that there is a request to change the default settings of the C++ client driver for Windows builds, specifically to use the /MD compiler flag.
2. The title does not suggest missing reproduction steps, expected behavior, or context. It appears to be a straightforward statement about a desired configuration change.
3. A developer should be able to understand the full scope from the title alone: it's a request to modify the default build settings for Windows builds of the C++ client driver.

Based on this analysis, I would conclude that the issue is not INCOMPLETE because it provides sufficient information in the title itself.

Final Answer: No",a795eb8e147fa5dd,llama3.1:8b,0,2026-06-17T11:32:51.787073,project_04,title_only,incompleteness,cot
ISSUE-251377,Implement unit tests for GridFS options and result classes,0,0,"Let's break it down:

1. The issue title conveys that there is a requirement to implement unit tests for specific classes related to GridFS options and result classes.
2. There is no indication of missing reproduction steps, expected behaviour, or context in the title. It appears to be a straightforward request for implementing unit tests.
3. From the title alone, it's clear what needs to be done: writing unit tests for those specific classes.

However, upon closer inspection, I notice that the issue title doesn't mention any acceptance criteria, affected components, or environment details. But, in this case, the missing information is not about reproduction steps, expected behaviour, or context, but rather about the scope and requirements of the task itself.

Given the nature of the request (implementing unit tests), it's likely that the issue title conveys all the necessary information for a developer to understand what needs to be done. The absence of specific details like acceptance criteria, affected components, or environment details might not necessarily make the issue INCOMPLETE in this case.

Final Answer: No",57a71ad47b612c0f,llama3.1:8b,0,2026-06-17T11:32:54.833911,project_04,title_only,incompleteness,cot
ISSUE-252499,ScopedDbConnection not being returned to the pool,0,0,"Let's break it down:

1. The issue title ""ScopedDbConnection not being returned to the pool"" conveys that there is an issue with database connections not being properly closed or released back into a pool.
2. The title does not suggest missing reproduction steps, expected behavior, or context. It appears to be a concise statement of a problem.
3. While a developer might have some idea what ""ScopedDbConnection"" refers to (e.g., a connection pooling mechanism), the title alone does not provide enough information for them to fully understand the scope and implications of the issue.

However, upon closer inspection, I notice that the title mentions a specific component (""ScopedDbConnection"") and implies an understanding of how database connections are supposed to be managed. This suggests that the title is likely providing sufficient context for a developer to grasp the essence of the problem.

Considering these points, I would conclude that the issue title does not appear to be missing essential information, but rather it's concise and focused on the specific problem at hand.

Final Answer: No",ed686c8161c2f588,llama3.1:8b,0,2026-06-17T11:32:57.862716,project_04,title_only,incompleteness,cot
ISSUE-252183,DBClientWithCommands::reIndex should not use getSystemIndexesCollection,0,1,"Let's analyze the issue title step by step:

1. The title conveys that there is an issue with the `DBClientWithCommands::reIndex` method, specifically regarding its use of `getSystemIndexesCollection`.
2. The title does not suggest missing reproduction steps, expected behavior, or context. It appears to be a concise statement about a specific implementation detail.
3. Based on the title alone, it is likely that a developer can understand the general scope of the issue, which involves a method name and a specific concern with its usage.

However, upon closer inspection, I notice that the title does not provide any information about:

* Expected vs actual behavior
* Acceptance criteria
* Affected components (although it mentions a specific class/method)
* Environment details

Given this analysis, while the title is clear and concise regarding the issue at hand, it still lacks essential information to fully understand the context and requirements of the issue.

Final Answer: Yes",09ef883b090dc13c,llama3.1:8b,0,2026-06-17T11:33:00.725655,project_04,title_only,incompleteness,cot
ISSUE-251644,C++11 driver 3.0.1 so much slower than legacy C++ driver 2.6.11?,0,1,"Let's analyze the issue title step by step:

1. The title conveys that there is a performance comparison between two versions of a C++ driver: 3.0.1 and 2.6.11.
2. The title does not suggest missing reproduction steps, expected behavior, or context. It implies that the issue has been observed in some way, but it doesn't provide details on how to reproduce it or what is expected vs actual behavior.
3. While a developer might be able to infer some context from the title (e.g., that there's a performance comparison), they would likely need more information to fully understand the scope of the issue.

Based on this analysis, I conclude that the issue title suggests the issue is INCOMPLETE because it lacks essential details such as steps to reproduce and expected vs actual behavior.

Final Answer: Yes",06734c535ff2e6a8,llama3.1:8b,0,2026-06-17T11:33:03.378737,project_04,title_only,incompleteness,cot
ISSUE-251455,Provide more user-friendly constructor or factory function for builder::core,0,1,"Let's break down the issue title:

1. The title conveys that there is a request to improve the constructor or factory function for a specific component called ""builder::core"". It mentions making it more user-friendly.
2. There is no indication of missing reproduction steps, expected behaviour, or context in this title. It does not mention anything about what happens when the current constructor or factory function is used, or how the new one should behave differently.
3. While a developer might be able to infer some context from the title (e.g., that it's related to a builder class), they would likely need more information to fully understand the scope of the issue.

Based on these observations, I conclude that this issue title suggests the issue is INCOMPLETE because it lacks essential details such as expected vs actual behaviour and acceptance criteria.

Final Answer: Yes",ade7196775e21499,llama3.1:8b,0,2026-06-17T11:33:06.004833,project_04,title_only,incompleteness,cot
ISSUE-251387,Configurable connect timeout in C++ driver. Currently fixed at 5 secs.,0,0,"Let's break it down:

1. The issue title conveys that there is an existing configuration for a connect timeout in the C++ driver, but it is currently fixed at 5 seconds and may need to be changed.
2. There is no indication of missing reproduction steps, expected behavior, or context in the title itself. It appears to be a statement about the current implementation rather than a request for change.
3. While the title provides some context, it does not convey enough information for a developer to fully understand the scope of the issue without additional details.

However, upon closer inspection, I notice that the title mentions ""Currently fixed at 5 secs"", which implies that there is an existing implementation or configuration that needs to be modified. This could suggest that the issue is related to changing or updating an existing behavior, rather than introducing a new one.

Considering these points, I would say:

Final Answer: No",008026c141b7b701,llama3.1:8b,0,2026-06-17T11:33:08.740534,project_04,title_only,incompleteness,cot
ISSUE-251857,string_view.data() is unsafe,1,0,"To determine whether the issue is INCOMPLETE, let's analyze the given title step-by-step:

1. **What information does this title convey?**
   - The title mentions `string_view.data()`, which suggests it's related to a specific function or method within C++'s string view class.
   - It uses the word ""unsafe,"" implying there might be a security concern or an issue with how data is handled.

2. **Does the title suggest missing reproduction steps, expected behaviour, or context?**
   - The title does not explicitly mention any steps to reproduce the issue, which are crucial for understanding and fixing the problem.
   - It also doesn't provide information about what the expected behavior should be versus what's actually happening.
   - There is no context given regarding affected components, environment details, or acceptance criteria.

3. **Can a developer understand the full scope from the title alone?**
   - While the title gives some insight into the nature of the issue (it being unsafe), it lacks critical information that would allow a developer to fully grasp and address the problem.
   - Without additional context or description, a developer might struggle to determine how to reproduce the issue, what exactly is causing it, and whether it's a bug or an intended behavior",dfdfcf1a47838378,llama3.1:8b,0,2026-06-17T11:33:12.222124,project_04,title_only,incompleteness,cot
ISSUE-251284,Add RHEL 7 Evergreen builder,1,0,"Let's break it down:

1. The issue title ""Add RHEL 7 Evergreen builder"" conveys that there is a request to add a new feature or component, specifically related to Red Hat Enterprise Linux (RHEL) version 7 and an ""Evergreen"" builder.
2. There is no indication of missing reproduction steps, expected behavior, or context in the title itself. It appears to be a straightforward request for adding a new capability.
3. While it's possible that some context might be assumed by someone familiar with the project, the title alone does not provide enough information for a developer to fully understand the scope and requirements of the task.

However, upon closer inspection, I notice that the issue title is actually quite specific about what needs to be added (""RHEL 7 Evergreen builder""), which implies that it's likely a well-defined requirement. The lack of additional context or details in the title might not necessarily indicate incompleteness, as the request seems clear and concise.

Considering these points, I would say:

Final Answer: No",fe9c133d5a8c5b87,llama3.1:8b,0,2026-06-17T11:33:15.264404,project_04,title_only,incompleteness,cot
ISSUE-250698,Properly deprecate create_collection methods,0,1,"Let's break it down:

1. The issue title ""Properly deprecate create_collection methods"" conveys that there is an issue with how collection creation methods are being deprecated, but it doesn't provide any context or details about what specifically needs to be done.
2. The title does not suggest missing reproduction steps (it's unlikely you'd reproduce a deprecation), expected behaviour (the title implies something is wrong with the current behaviour), or context (such as affected components or environment details).
3. While a developer might understand that there's an issue with how collection creation methods are being deprecated, they would likely need more information to fully grasp the scope of the problem and what needs to be done.

However, upon closer inspection, I notice that the title does imply a specific action is needed (""Properly deprecate""), which suggests some understanding of the desired outcome. But it still lacks essential details such as steps to reproduce, expected vs actual behaviour, acceptance criteria, affected components, or environment details.

Given this analysis, I would conclude:

Final Answer: Yes",4294ec8c8ec54fc1,llama3.1:8b,0,2026-06-17T11:33:18.278183,project_04,title_only,incompleteness,cot
ISSUE-250784,Allow authentication to all server types except arbiters,0,0,"Let's break it down:

1. The issue title conveys that there is a specific requirement for authentication to be allowed on certain server types, but not arbiters.
2. There is no indication of missing reproduction steps, expected behaviour, or context in the title itself. It appears to be a clear statement of a requirement.
3. A developer should be able to understand the full scope from the title alone: it specifies what is being allowed (authentication) and what exceptions there are (arbiters).

However, upon closer inspection, I notice that the issue title does not explicitly mention any acceptance criteria, affected components, or environment details.

But considering the context of the requirement itself, a developer might infer some of this information. For example, they might assume that the affected component is the authentication system, and the environment is likely a distributed system with different types of servers.

Given these considerations, I would say:

Final Answer: No",3aaa9ccdcedb0248,llama3.1:8b,0,2026-06-17T11:33:21.070399,project_04,title_only,incompleteness,cot
ISSUE-252291,MongoDB exception 17234,1,1,"Let's break it down:

1. The issue title ""MongoDB exception 17234"" conveys that there is an error occurring in MongoDB with a specific error code.
2. The title does not suggest missing reproduction steps, expected behavior, or context. It simply states the problem without providing any additional information about how to reproduce it, what the expected outcome should be, or where this issue might occur.
3. A developer may have some idea of what the error code 17234 means in MongoDB, but they would likely need more information to fully understand the scope and context of the issue.

Based on these steps, I conclude that the issue title suggests the issue is INCOMPLETE because it lacks essential information such as steps to reproduce, expected vs actual behavior, acceptance criteria, affected components, or environment details.

Final Answer: Yes",c7af9bbb5b58c98a,llama3.1:8b,0,2026-06-17T11:33:23.604952,project_04,title_only,incompleteness,cot
ISSUE-250878,bsoncxx:to_json causes double value to truncate,0,-1,"To determine whether the issue is INCOMPLETE based on its title, let's analyze it step by step:

1. **What information does this title convey?**
   - The title mentions a specific function (`bsoncxx:to_json`) and an observed behavior (""causes double value to truncate""). This suggests that there might be an issue with how the `to_json` function handles double values, but it doesn't provide any context about what ""truncate"" means in this context or why it's problematic.

2. **Does the title suggest missing reproduction steps, expected behaviour, or context?**
   - The title does not explicitly mention steps to reproduce the issue, nor does it describe the expected behavior versus the actual observed behavior. It simply states a problem without providing any context about what ""truncate"" means in this specific scenario.

3. **Can a developer understand the full scope from the title alone?**
   - Without additional information or context, it's difficult for a developer to fully grasp the issue. The term ""truncate"" could imply several things depending on how `bsoncxx:to_json` is supposed to handle double values. A developer might need more details about what happens when this truncation occurs and why it's considered an error.

Given these considerations, while the",a723721884fd3bdb,llama3.1:8b,0,2026-06-17T11:33:27.059015,project_04,title_only,incompleteness,cot
ISSUE-252519,Apply endian conversions where necessary in the C++ driver bson library,0,1,"Let's break it down:

1. The issue title conveys that there is a need to apply endian conversions in the C++ driver bson library, but it doesn't provide any specific details about what these conversions are for or how they should be implemented.
2. The title does not suggest missing reproduction steps (it's unlikely you'd reproduce an issue just by reading a title), expected behaviour, or context (such as environment details).
3. While the title gives some context about the library and the task at hand, it doesn't provide enough information for a developer to fully understand the scope of the work required.

However, upon closer inspection, I notice that the title does mention ""steps"" - specifically, ""where necessary"". This implies that there is an expectation that the reader will know what steps are involved in applying endian conversions. Therefore, while the title doesn't explicitly state reproduction steps or expected behaviour, it does imply a level of prior knowledge on the part of the reader.

Given this analysis, I would conclude that the issue title suggests the issue is INCOMPLETE because it assumes prior knowledge and doesn't provide enough context for a developer to fully understand the task at hand.

Final Answer: Yes",2f714c8eb3ec1076,llama3.1:8b,0,2026-06-17T11:33:30.365770,project_04,title_only,incompleteness,cot
ISSUE-250634,Use sort when verifying contents of outcome collections,0,-1,"Let's analyze the issue title step by step:

1. The title ""Use sort when verifying contents of outcome collections"" conveys a specific suggestion for improvement in the code. It mentions a particular action to take (""use sort"") and its application to a specific scenario (""verifying contents of outcome collections"").
2. Upon closer inspection, I don't see any indication that this title is missing reproduction steps, expected behavior, or context. The title seems to be providing a clear suggestion for improvement.
3. While the title provides some context (outcome collections), it's not enough information for a developer to fully understand the scope of the issue without additional details.

However, considering the task at hand, I must determine if the title suggests the issue is INCOMPLETE based on the provided criteria. Upon reevaluation, I realize that the title does provide some essential information about the context (outcome collections) and even implies a specific behavior or action to take (""use sort""). While it might not be enough for a developer to fully understand the issue without additional details, it's still providing more than just a vague description.

Therefore, based on the given criteria, I would say that this title does not suggest the issue is INCOMPLETE. It provides some essential information and context, even if it's",26877063f27c119e,llama3.1:8b,0,2026-06-17T11:33:33.927008,project_04,title_only,incompleteness,cot
ISSUE-251786,coll.drop() throws if collection doesn't exist,0,1,"Let's break it down:

1. The issue title conveys that there is an error thrown when using `coll.drop()` if the collection doesn't exist.
2. The title does not suggest missing reproduction steps, expected behaviour, or context. It appears to be a clear statement of a specific problem.
3. A developer can understand the full scope from the title alone: they know what action is being taken (`coll.drop()`), under what condition an error occurs (if the collection doesn't exist), and what type of issue it is (an error).

However, upon closer inspection, I notice that the title does not mention any specific expected vs actual behaviour or acceptance criteria. It only describes a symptom.

Given this analysis, I would say:

Final Answer: Yes",11c4e0fc63bd02c8,llama3.1:8b,0,2026-06-17T11:33:36.362491,project_04,title_only,incompleteness,cot
ISSUE-251038,Provide Transactions example for Docs,1,1,"Let's break it down:

1. The issue title ""Provide Transactions example for Docs"" conveys that the user is asking for an example of transactions related to documentation.
2. There is no indication in the title about steps to reproduce, expected vs actual behaviour, acceptance criteria, affected components, or environment details.
3. From the title alone, a developer can understand that the user wants an example of transactions, but they cannot determine the context, requirements, or any specific conditions related to documentation.

Based on these observations, I would conclude that the issue is likely INCOMPLETE because it lacks essential information such as steps to reproduce, expected behaviour, and acceptance criteria.

Final Answer: Yes",951e36ddbcba95a5,llama3.1:8b,0,2026-06-17T11:33:38.645640,project_04,title_only,incompleteness,cot
ISSUE-250701,spec tests that run count should not use estimated count helper,0,0,"Let's break it down:

1. The issue title conveys that there is an issue with spec tests that run count and how they use an estimated count helper.
2. The title does not suggest missing reproduction steps, expected behaviour, or context. It appears to be a clear statement of the problem.
3. A developer can understand the full scope from the title alone, as it clearly states what is wrong with the spec tests.

However, upon closer inspection, I notice that the issue title mentions ""spec tests"" and an ""estimated count helper"", but it does not explicitly state what the expected behaviour should be or how the current behaviour deviates from it. It also doesn't mention any specific components or environment details.

But, considering the task is to determine if the issue is INCOMPLETE based solely on the title, I would say that the title provides enough information for a developer to understand the context and scope of the problem. The missing piece might be in the description, but not necessarily in the title itself.

Final Answer: No",a5eac0d01dc69967,llama3.1:8b,0,2026-06-17T11:33:41.746562,project_04,title_only,incompleteness,cot
ISSUE-250622,Remove the compatibility matrixes from documentation,0,1,"Let's analyze the issue title step by step:

1. The title ""Remove the compatibility matrixes from documentation"" conveys a specific action that needs to be taken, which is removing certain content from documentation.
2. There is no mention of steps to reproduce, expected vs actual behavior, or context in the title. It appears to be a straightforward request without any ambiguity.
3. From the title alone, it's clear what needs to be done: remove compatibility matrixes from documentation. A developer should be able to understand the full scope of the issue based on this title.

Considering these points, I would conclude that the issue is likely INCOMPLETE because it lacks essential information such as steps to reproduce, expected vs actual behavior, acceptance criteria, affected components, or environment details.

Final Answer: Yes",0a6429b483ae902b,llama3.1:8b,0,2026-06-17T11:33:44.268337,project_04,title_only,incompleteness,cot
ISSUE-251804,Add ability to use document::view with stream builder,0,0,"Let's break it down:

1. The issue title conveys that there is a request to add functionality to use document::view with stream builder.
2. There is no indication of missing reproduction steps, expected behaviour, or context in this title. It appears to be a straightforward feature request.
3. While the title provides some context about what needs to be added, it does not provide enough information for a developer to fully understand the scope and requirements of the task.

However, upon closer inspection, I notice that the issue title mentions ""Add ability"", which implies that there is already some existing functionality or infrastructure in place related to document::view. This might suggest that the issue is missing essential context about how this new feature should integrate with the existing system.

But still, without more information, it's difficult to say for certain whether the issue is INCOMPLETE.

Final Answer: No",3769cc2695ea784a,llama3.1:8b,0,2026-06-17T11:33:46.972794,project_04,title_only,incompleteness,cot
ISSUE-252468,10gen repo for ubuntu does not provide mongodb-10gen-devel package,0,0,"Let's analyze the issue title step by step:

1. The title conveys that there is an issue with the 10gen repository for Ubuntu, specifically regarding the availability of the mongodb-10gen-devel package.
2. The title does not suggest missing reproduction steps, expected behavior, or context. It appears to be a straightforward statement about a problem.
3. While a developer may be able to infer some context from the title (e.g., that it's related to MongoDB and Ubuntu), they would likely need additional information to fully understand the scope of the issue.

However, upon closer inspection, I notice that the title does mention ""does not provide"", which implies a specific behavior or expectation. Additionally, the title mentions a specific package and repository, which could be considered as providing some context about the affected components.

Considering these points, while the title is concise and to the point, it still conveys enough information for a developer to understand the basic issue at hand. Therefore:

Final Answer: No",97196f311c80182b,llama3.1:8b,0,2026-06-17T11:33:50.014119,project_04,title_only,incompleteness,cot
ISSUE-251978,Unable to compile new CXX driver,0,1,"Let's analyze the issue title step by step:

1. The title ""Unable to compile new CXX driver"" conveys that there is an issue with compiling a specific type of driver, but it doesn't provide any context about what specifically went wrong or why.
2. The title does not suggest missing reproduction steps, expected behaviour, or context. It simply states the problem without providing any additional information.
3. Based on this title alone, a developer may have some idea that there is an issue with compiling a CXX driver, but they would likely need more information to understand the full scope of the problem and how to resolve it.

Given these observations, I conclude that the issue title suggests the issue is INCOMPLETE because it lacks essential information such as steps to reproduce, expected vs actual behaviour, acceptance criteria, affected components, or environment details.

Final Answer: Yes",98bf685e8fc9b938,llama3.1:8b,0,2026-06-17T11:33:52.663095,project_04,title_only,incompleteness,cot
ISSUE-252023,Backport server r3.0.0-rc6..r3.0.1 changes,0,0,"Let's analyze the issue title step by step:

1. The title ""Backport server r3.0.0-rc6..r3.0.1 changes"" conveys that it is related to updating or merging changes from one version of a software (r3.0.0-rc6) to another version (r3.0.1). It mentions the specific versions involved, which implies some context about the affected components and environment.
2. The title does not suggest missing reproduction steps, expected behavior, or context. In fact, it provides enough information to understand what is being asked: backporting changes from one version to another.
3. A developer can likely understand the full scope of this issue from the title alone, as it clearly states the specific versions involved and the action required (backporting).

Based on these observations, I conclude that the issue title provides sufficient information for a developer to understand the problem, without suggesting any missing essential details.

Final Answer: No",1e5d54e36bdeda41,llama3.1:8b,0,2026-06-17T11:33:55.655146,project_04,title_only,incompleteness,cot
ISSUE-252444,OID::init and mongo::jsTime unresolved in shared client (.so),0,1,"Let's analyze the issue title step by step:

1. The title conveys that there are unresolved issues with OID::init and mongo::jsTime in a shared client (.so). This suggests that there is a problem, but it doesn't provide any context or details about what the problem is.
2. The title does not suggest missing reproduction steps, expected behaviour, or context. It simply states that there are unresolved issues without providing any additional information.
3. Based on this title alone, a developer may have some idea of where to start looking for the issue (i.e., in the shared client), but they would likely need more information to fully understand the scope and nature of the problem.

Given these observations, I conclude that the issue title suggests the issue is INCOMPLETE because it lacks essential details such as steps to reproduce, expected vs actual behaviour, acceptance criteria, affected components, or environment details.

Final Answer: Yes",5454fb47c5551a8a,llama3.1:8b,0,2026-06-17T11:33:58.425370,project_04,title_only,incompleteness,cot
ISSUE-250789,mongocxx::uri call works with c char* parameter but not with c++ string parameter,0,1,"Let's break down the issue title:

1. The title conveys that there is an inconsistency in how the mongocxx::uri call behaves depending on whether it receives a C-style char* parameter or a C++ string parameter.
2. The title does not suggest missing reproduction steps, expected behaviour, or context. It appears to be a concise description of the observed issue.
3. While the title provides some context about the parameters involved, it is unlikely that a developer can fully understand the scope and implications of this issue from just the title alone.

However, upon closer inspection, I notice that the title does not explicitly mention steps to reproduce, expected vs actual behaviour, acceptance criteria, affected components, or environment details. It seems to be a clear description of an observed problem, which is often a characteristic of INCOMPLETE issues because it lacks essential information for reproduction and understanding.

Final Answer: Yes",834500a0c2df43f7,llama3.1:8b,0,2026-06-17T11:34:01.118757,project_04,title_only,incompleteness,cot
ISSUE-251675,legacy driver fails to build on FreeBSD,0,1,"Let's break it down:

1. The issue title conveys that there is a problem with building a legacy driver on FreeBSD.
2. The title does not suggest missing reproduction steps, expected behaviour, or context. It implies that the issue is related to a specific platform and component (legacy driver), but it doesn't provide any details about how to reproduce the issue or what the expected outcome should be.
3. While a developer might have some general knowledge of the legacy driver and FreeBSD, they would likely need more information to fully understand the scope of the issue.

Based on these observations, I conclude that the issue title suggests the issue is INCOMPLETE because it lacks essential details such as steps to reproduce, expected vs actual behaviour, acceptance criteria, affected components, or environment details.

Final Answer: Yes",6bfece04a7bb94f0,llama3.1:8b,0,2026-06-17T11:34:03.642062,project_04,title_only,incompleteness,cot
ISSUE-252109,Expose the ability to explicitly refresh the state of a replica set member,0,1,"Let's analyze the issue title step by step:

1. The title conveys that there is a requirement to expose an explicit refresh functionality for replica set members. It mentions the specific action of refreshing the state, which implies some kind of interaction or operation.
2. The title does not suggest missing reproduction steps, expected behavior, or context. It appears to be a clear and concise statement of a functional requirement.
3. Based on the title alone, it is possible for a developer to understand the general scope of what is being requested: an explicit refresh mechanism for replica set members.

However, upon closer inspection, I notice that the title does not explicitly mention any specific details about how this refresh functionality should work or what its expected outcome is. It simply states that the ability to refresh the state should be exposed.

Given these observations, while the title provides some context and clarity on the requirement, it may still be considered INCOMPLETE because it lacks essential information such as:

* Expected vs actual behavior
* Acceptance criteria
* Affected components or environment details

Therefore, I would conclude that the issue is likely INCOMPLETE.

Final Answer: Yes",1045bc6f11ab78d3,llama3.1:8b,0,2026-06-17T11:34:07.083626,project_04,title_only,incompleteness,cot
ISSUE-252006,Creating BSON from JSON,0,1,"Let's break it down:

1. The issue title ""Creating BSON from JSON"" conveys that there is an issue related to converting data from JSON format to BSON (Binary Serialized Object Notation) format.
2. The title does not suggest missing reproduction steps, expected behaviour, or context. It appears to be a straightforward statement of the problem.
3. While a developer may understand the general scope of the issue from the title alone, it is unlikely that they would have enough information to fully comprehend the requirements and expectations for this feature.

However, upon closer inspection, I notice that the title does not explicitly mention any specific details such as steps to reproduce, expected vs actual behaviour, acceptance criteria, affected components, or environment details. But, it's still a bit vague on its own.

But considering the task is to determine if the issue is INCOMPLETE based solely on the title, and given that the title doesn't provide enough context for reproduction, behavior, or other essential information, I would say:

Final Answer: Yes",e560be3d6a9bf8f3,llama3.1:8b,0,2026-06-17T11:34:10.108777,project_04,title_only,incompleteness,cot
ISSUE-250966,cursor::begin() is invalid after using std::distance,0,1,"Let's break down the issue title:

1. The title conveys that there is an issue with the `cursor::begin()` function after using `std::distance`. This suggests that the problem is related to a specific behavior or interaction between two functions.
2. The title does not explicitly mention steps to reproduce, expected vs actual behavior, acceptance criteria, affected components, or environment details. It appears to be focused on describing the issue rather than providing context or instructions for reproduction.
3. While a developer may be able to infer some context from the title (e.g., that it's related to C++ programming), they would likely need additional information to fully understand the scope of the issue.

Based on these observations, I conclude that the issue title suggests the issue is INCOMPLETE because it lacks essential information such as steps to reproduce or expected behavior.

Final Answer: Yes",38ff54d52de8bf3a,llama3.1:8b,0,2026-06-17T11:34:12.791488,project_04,title_only,incompleteness,cot
ISSUE-250973,bsoncxx::to_json() do not support GBK,0,0,"To determine whether the issue is INCOMPLETE based on the given title, let's analyze it step by step:

1. **What information does this title convey?**
   - The title mentions a specific function (`bsoncxx::to_json()`) and its behavior regarding encoding support.
   - It specifies that GBK (a character encoding standard) is not supported.

2. **Does the title suggest missing reproduction steps, expected behaviour, or context?**
   - There's no mention of how to reproduce the issue, which could be a concern for INCOMPLETENESS.
   - The title does imply an expectation about the behavior (support for GBK), but it doesn't explicitly state what the ""expected"" behavior should be in this context. However, given that it mentions non-support, one might infer the expected behavior is support for GBK.
   - There's no mention of acceptance criteria, affected components, or environment details.

3. **Can a developer understand the full scope from the title alone?**
   - While the title clearly states an issue with a specific function and encoding standard, it lacks context that would allow a developer to fully understand how to address the problem without further information.
   - The lack of reproduction steps is particularly concerning for determining if",785e25d07fb03b88,llama3.1:8b,0,2026-06-17T11:34:16.241993,project_04,title_only,incompleteness,cot
ISSUE-251233,Investigate issues with load path for macos-1012 variant,0,1,"Let's break it down:

1. The issue title conveys that there are issues with the load path for a specific variant of macOS.
2. There is no indication of missing reproduction steps, expected behavior, or context in the title itself. It appears to be a high-level description of a problem rather than a specific defect report.
3. While a developer may have some understanding of what ""load path"" and ""macos-1012 variant"" refer to, they would likely need additional information (such as steps to reproduce, expected vs actual behavior) to fully understand the scope of the issue.

Given this analysis, I conclude that the issue title suggests the issue is INCOMPLETE because it lacks essential details for a developer to fully comprehend and address the problem.

Final Answer: Yes",08fc4561c0fdf706,llama3.1:8b,0,2026-06-17T11:34:18.759202,project_04,title_only,incompleteness,cot
ISSUE-252108,ReplicaSetMonitor should monitor arbiters,0,1,"Let's break it down:

1. The issue title ""ReplicaSetMonitor should monitor arbiters"" conveys that there is a requirement for the ReplicaSetMonitor to perform a specific monitoring task, but it doesn't provide any context or details about how this should be done.
2. The title does not suggest missing reproduction steps (it's unlikely an issue would require reproduction steps in the title), expected behaviour (the title implies what should happen, but doesn't describe the current state), or context (such as environment details).
3. While a developer might infer some context from the title (e.g., that it's related to Kubernetes or distributed systems), they cannot fully understand the scope of the issue without additional information.

Given these points, I would conclude that the issue is likely INCOMPLETE because essential information such as steps to reproduce, expected vs actual behaviour, acceptance criteria, affected components, or environment details are not provided in the title.

Final Answer: Yes",5ecc8ab522f3b282,llama3.1:8b,0,2026-06-17T11:34:21.559733,project_04,title_only,incompleteness,cot
ISSUE-250839,Add mongodb+srv URIs to Atlas Connectivity tests,0,1,"Let's break it down:

1. The issue title conveys that there is a requirement to add support for MongoDB+srv URIs in Atlas Connectivity tests.
2. There is no indication of missing reproduction steps, expected behavior, or context in the title itself. It appears to be a straightforward feature request.
3. A developer can likely understand the full scope from the title alone, as it clearly states what needs to be added.

However, upon closer inspection, I notice that the issue title does not mention any specific details about how this addition should work or what the expected outcome is. It simply states what needs to be done without providing context or criteria for success.

Given these observations, I would conclude that the issue title suggests the issue is INCOMPLETE because it lacks essential information such as acceptance criteria and possibly affected components or environment details.

Final Answer: Yes",8eb8fc73d16e4c70,llama3.1:8b,0,2026-06-17T11:34:24.128758,project_04,title_only,incompleteness,cot
ISSUE-252397,Add sparse option to ensureIndex,0,1,"Let's break it down:

1. The issue title ""Add sparse option to ensureIndex"" conveys that there is a request to add an optional feature (""sparse option"") to an existing functionality (""ensureIndex""). It implies that the current implementation of ensureIndex might be missing this specific capability.
2. There is no indication in the title about steps to reproduce, expected vs actual behavior, acceptance criteria, affected components, or environment details. These are all essential information typically required for a complete issue description.
3. While a developer can infer some context from the title (e.g., it's related to indexing), they would likely need additional information to fully understand the scope of the request and how this new feature should behave.

Based on these observations, I conclude that the issue is INCOMPLETE because it lacks essential details such as expected behavior or acceptance criteria.

Final Answer: Yes",51a3d9e695f41150,llama3.1:8b,0,2026-06-17T11:34:26.720701,project_04,title_only,incompleteness,cot
ISSUE-251366,Document that Windows users should build libbson without extra alignment,0,1,"Let's break it down:

1. The issue title conveys that there is some kind of documentation requirement for Windows users regarding building libbson with specific alignment settings.
2. There is no indication of missing reproduction steps, expected behavior, or context in the title. It appears to be a straightforward documentation request.
3. From the title alone, it's likely that a developer can understand the general scope and purpose of the issue: creating documentation for Windows users on building libbson with extra alignment.

However, upon closer inspection, I notice that the title doesn't explicitly mention what the expected behavior or actual behavior is regarding this documentation. It only mentions what should be documented (i.e., how Windows users should build libbson). This lack of clarity about the desired outcome or behavior might suggest that the issue is INCOMPLETE.

Final Answer: Yes",49c48b6afb4d39a9,llama3.1:8b,0,2026-06-17T11:34:29.346816,project_04,title_only,incompleteness,cot
ISSUE-252042,Quickstart Wiki Page,1,1,"Let's break it down:

1. The issue title ""Quickstart Wiki Page"" conveys that there is an issue related to the Quickstart Wiki page of the software.
2. The title does not suggest missing reproduction steps, expected behaviour, or context. It appears to be a high-level description of a problem with the wiki page.
3. Based on this title alone, it's unlikely that a developer can understand the full scope of the issue without additional information.

Given these points, I would conclude that the issue is likely INCOMPLETE because essential details such as steps to reproduce, expected vs actual behaviour, acceptance criteria, affected components, or environment details are missing from the title. 

Final Answer: Yes",f80b417b9c99e028,llama3.1:8b,0,2026-06-17T11:34:31.643452,project_04,title_only,incompleteness,cot
,,,1,"Let's analyze the issue title:

Issue Title: ""Think step-by-step""

1. This title conveys a general instruction to think in a structured way, but it doesn't provide any specific information about what needs to be done or what is expected.
2. The title does not suggest missing reproduction steps, expected behaviour, or context. In fact, it's quite vague and doesn't give any hints about the issue at all.
3. A developer cannot understand the full scope from this title alone. It's too generic and doesn't provide any clues about what needs to be fixed.

Based on these observations, I would conclude that the issue is likely INCOMPLETE because it lacks essential information for a developer to understand the problem and start working on a solution.

Final Answer: Yes",4a018af2ba77dbd2,llama3.1:8b,0,2026-06-17T11:34:34.109748,project_04,title_only,incompleteness,cot
, ,,1,"Let's analyze the issue title:

Issue Title: ""Think""

Step 1: The title conveys a single word that doesn't provide any specific information about the software functionality, behavior, or context.

Step 2: The title does not suggest missing reproduction steps, expected behavior, or context. In fact, it doesn't convey any relevant information at all.

Step 3: It's unlikely that a developer can understand the full scope from this title alone, as it lacks essential details about what is being described.

Final Answer: Yes",b84849f7d99e38ce,llama3.1:8b,0,2026-06-17T11:34:36.097625,project_04,title_only,incompleteness,cot
