issue_id,title,ground_truth,prediction,raw_response,prompt_hash,model_version,temperature,timestamp_utc,project,input_mode,task,strategy
ISSUE-251590,Test with latest versions of Boost,0,1,"Let's analyze the issue step by step:

* The issue title clearly states what needs to be done: ""Test with latest versions of Boost"".
* The description provides some context about the current version of Boost and the platforms that need to be tested.
* However, upon closer inspection, we can see that the issue is missing essential information:
	+ Steps to reproduce are not provided. How exactly should testing against recent versions of Boost be done?
	+ Expected vs actual behavior is not clearly stated. What specific compatibility issues or problems are expected to arise with newer versions of Boost?
	+ Acceptance criteria are not specified. What constitutes a successful test? Are there any specific requirements for documentation or fixing compatibility issues?
	+ Affected components are not mentioned. Which parts of the system will be impacted by this testing and potential fixes?

Given these missing details, I would conclude that the issue is INCOMPLETE.

Final Answer: Yes",78975410c33828b9,llama3.1:8b,0,2026-06-17T11:57:34.313200,project_04,title_desc,incompleteness,few_shot_cot
ISSUE-252462,Determine C++ Driver version from examining the headers,0,1,"To determine whether this issue is INCOMPLETE, let's analyze it step by step:

1. **Steps to reproduce**: The description mentions a link to a Google Groups forum post, but there are no explicit steps provided on how to reproduce the issue or what specific actions should be taken to observe the problem.

2. **Expected vs actual behaviour**: While the description hints at the desired outcome (being able to determine the driver version from header files), it does not clearly articulate the expected behavior versus the actual observed behavior.

3. **Acceptance criteria**: There is no clear statement of what constitutes ""acceptance"" for this feature or bug fix, such as specific conditions under which determining the driver version would be considered successful.

4. **Affected components**: The description mentions the C++ Driver and MongoDB server/drivers in general but does not specify which exact components are affected by this issue.

5. **Environment details**: There is no mention of any specific environment requirements or constraints that might impact the solution to this problem, such as operating system versions, compiler settings, etc.

Given these observations, it appears that the issue lacks essential information for a complete analysis and resolution.

Final Answer: Yes",d73147cc6aada66f,llama3.1:8b,0,2026-06-17T11:57:37.548651,project_04,title_desc,incompleteness,few_shot_cot
ISSUE-250680,Use cmake,0,0,"To determine whether this issue is INCOMPLETE, let's analyze it step by step:

1. **Steps to reproduce**: The description provides a detailed example of how to use cmake for building, including specific commands and options for Unix and Windows environments. This suggests that the steps to reproduce are included.

2. **Expected vs actual behaviour**: While the issue doesn't explicitly state what the expected behavior is in terms of changes or improvements, it implies that using cmake will simplify build instructions and potentially prevent certain issues (like mixing release/debug runtimes). However, this isn't a clear statement of expected vs actual behavior but rather an explanation of why changing to cmake might be beneficial.

3. **Acceptance criteria**: There's no explicit mention of acceptance criteria in the description. Acceptance criteria are specific conditions that must be met for the issue to be considered resolved. The description focuses more on explaining the benefits and how-to of using cmake rather than specifying what needs to happen for it to be accepted as a solution.

4. **Affected components**: The description mentions ""compile scripts"" and references specific compilation scripts (e.g., compile-unix.sh, compile-windows.sh), which implies that these are the affected components.

5. **Environment details**: The description provides environment-specific instructions for using cmake",6221d62bd7190ceb,llama3.1:8b,0,2026-06-17T11:57:41.093099,project_04,title_desc,incompleteness,few_shot_cot
ISSUE-252307,Include regex elements in BSONArrayBuilder,0,-1,"To determine whether this issue is INCOMPLETE, let's analyze it step by step:

1. **Steps to reproduce**: The description provides an example of how the functionality works at the MongoDB shell and compares it with the current implementation in the C++ driver API. This implies that the steps to reproduce are implicit within the description.

2. **Expected vs actual behavior**: The issue clearly states what is expected (the ability to build a query based on regex instead of strings) and contrasts this with the actual behavior (the lack of such functionality in BSONArrayBuilder).

3. **Acceptance criteria**: While not explicitly stated, the acceptance criteria can be inferred from the description. For example, one criterion could be that after implementing the missing functionality, the C++ driver API should allow for building queries based on regex elements within BSONArrayBuilder.

4. **Affected components**: The issue specifically mentions the MongoDB C++ driver API and its classes (BSONArrayBuilder and BSONObjBuilder), indicating which components are affected.

5. **Environment details**: Although not explicitly mentioned, it can be inferred that the environment is a development or testing context where the functionality of the C++ driver API is being evaluated against the expected behavior at the MongoDB shell.

Given this analysis, the issue appears to be",dea36993a3d85c8b,llama3.1:8b,0,2026-06-17T11:57:44.670262,project_04,title_desc,incompleteness,few_shot_cot
ISSUE-250777,Defer checking if a deployment supports sessions until the session's first operation,0,1,"To determine whether the given software issue is INCOMPLETE, I will analyze it step by step.

1. **Steps to reproduce**: The description contains a script that attempts to fetch data from an external URL. However, this does not explicitly describe how to reproduce the issue or what specific actions should be taken to trigger the problem.
2. **Expected vs actual behaviour**: There is no clear statement of what the expected behavior is compared to the actual observed behavior when checking if a deployment supports sessions until the session's first operation.
3. **Acceptance criteria**: The description does not specify any acceptance criteria for this feature or bug, making it unclear what constitutes successful completion.
4. **Affected components**: While the issue mentions ""deployment"" and ""session,"" it is not clear which specific components (e.g., code modules, APIs) are affected by this issue.
5. **Environment details**: The description includes a script that fetches data from an external URL, but there's no mention of any environment-specific settings or configurations that might be relevant to the issue.

Given these observations, it appears that the issue is missing essential information such as steps to reproduce and acceptance criteria, making it incomplete.

Final Answer: Yes",d8cc6cc2f777cd92,llama3.1:8b,0,2026-06-17T11:57:48.107810,project_04,title_desc,incompleteness,few_shot_cot
ISSUE-252448,Static archive fails to force inclusion of global initializers,0,0,"To determine whether the given software issue is INCOMPLETE, I will analyze it step by step:

1. **Steps to reproduce**: The description does not explicitly mention steps to reproduce the issue. However, based on the context, it seems that reproducing this issue would involve creating a static archive build of the library and attempting to link with it in various scenarios (e.g., using --whole-archive flag or trying to use it on Windows). While not explicitly stated, these reproduction steps can be inferred from the description.

2. **Expected vs actual behaviour**: The description clearly states that the expected behavior is for global initializers to be included in the static archive build of the library, but this does not happen as described. This indicates a clear understanding of both the expected and actual behaviors.

3. **Acceptance criteria**: While there are no explicit acceptance criteria listed, the description implies certain conditions under which the issue should be resolved (e.g., being able to link with --whole-archive flag or using it on Windows without issues). These can be considered implicit acceptance criteria based on the context provided.

4. **Affected components**: The description mentions ""the client lib"" and ""translation units that are otherwise unnecessary for some output binaries,"" which implies specific components of the system affected by this",d1570ab770ae5189,llama3.1:8b,0,2026-06-17T11:57:51.620459,project_04,title_desc,incompleteness,few_shot_cot
ISSUE-251874,Add ordered option to insert_many,0,1,"Let's analyze the given issue step by step:

1. **Title**: The title is clear and concise, indicating that it's about adding an ordered option to a specific feature called ""insert_many"".
2. **Description**: The description explains the current behavior (unordered }s) and the desired change (allowing users to pass an option for ordering).
3. **Missing information**:
	* **Steps to reproduce**: Not provided.
	* **Expected vs actual behaviour**: Expected behavior is mentioned, but not in a clear ""expected"" vs ""actual"" format.
	* **Acceptance criteria**: Not explicitly stated.
	* **Affected components**: The affected feature (""insert_many"") is mentioned, but it's not clear which specific components or modules will be impacted.
	* **Environment details**: No information about the environment (e.g., database, server configuration) is provided.

Based on this analysis, I conclude that the issue is missing essential information such as steps to reproduce and acceptance criteria. Therefore:

Final Answer: Yes",299eaec056c05e6d,llama3.1:8b,0,2026-06-17T11:57:54.571066,project_04,title_desc,incompleteness,few_shot_cot
ISSUE-251692,Bug When Trying to 'Make',0,-1,"Let's analyze the issue step by step:

1. **Title**: ""Bug When Trying to 'Make'"" - This is a clear and concise title that indicates the problem.
2. **Description**: The description provides some context about the issue:
	* The user downloaded the most recent version from GitHub.
	* They are experiencing an error when trying to run `make` and `sudo make install`.
	* The log output is provided, which shows the compilation errors.
3. **Missing information**:
	* Expected vs actual behavior: Not explicitly stated, but it seems that the expected behavior is for the build process to succeed, while the actual behavior is a compilation error.
	* Steps to reproduce: While the description provides some context, it's not clear how to reproduce this issue from scratch. The log output suggests that there might be an issue with the project configuration or dependencies.
	* Affected components: Not explicitly stated, but it seems that the `bsoncxx` library is involved in the compilation error.
	* Environment details: The description mentions a MacBook Pro and provides some file paths, which could be relevant for reproducing the issue.

Based on this analysis, I would say that the issue is missing essential information such as steps to reproduce and expected vs",e92e7f5b974d0ed5,llama3.1:8b,0,2026-06-17T11:57:58.051892,project_04,title_desc,incompleteness,few_shot_cot
ISSUE-251622,Can't construct operation_exception without a server error,0,0,"To determine whether the given software issue is INCOMPLETE, I will analyze it step by step:

1. **Steps to reproduce**: The description mentions a comment in another ticket (CXX-986), but it does not explicitly state how to reproduce the issue or what steps are necessary for it to occur.

2. **Expected vs actual behaviour**: The description implies that there is an expected way to construct `operation_exception` with a valid `bsoncxx::document::value`, but it does not clearly articulate this expectation in terms of behavior or outcomes.

3. **Acceptance criteria**: There is no mention of what constitutes ""incomplete"" implementation regarding `operation_exception`. Are there specific requirements for its construction that are not met?

4. **Affected components**: The issue mentions a specific class (`operation_exception`) and a dependency (`bsoncxx::document::value`), which suggests it affects the codebase related to error handling or exception management.

5. **Environment details**: There is no mention of any environment-specific requirements, such as operating system, version of MongoDB (if relevant), or other dependencies that might affect the issue's occurrence.

Given these observations:

- The steps to reproduce are not clearly outlined.
- The expected vs actual behavior is implied but not explicitly stated in a",63c03280d3e36845,llama3.1:8b,0,2026-06-17T11:58:01.604925,project_04,title_desc,incompleteness,few_shot_cot
ISSUE-252149,Polyfill stdx::string_view,0,0,"To determine whether this software issue is INCOMPLETE, let's analyze it step by step:

1. **Title and Description**: The title ""Polyfill stdx::string_view"" clearly indicates the feature or functionality being requested. The description provides a link to a reference page for `std::string_view`, which suggests that the goal is to find a way to portably provide this functionality, likely in the context of C++ programming.

2. **Steps to Reproduce**: There are no specific steps provided on how to reproduce the issue or test the proposed solution. This could be considered incomplete because it doesn't give developers a clear path for testing and verification.

3. **Expected vs Actual Behaviour**: The description mentions that the goal is to ""portably provide"" `std::string_view`, but it does not explicitly state what the expected behavior should be in terms of functionality, performance, or any other relevant aspect. This lack of clarity on expected outcomes makes it difficult for developers to understand what they are aiming for.

4. **Acceptance Criteria**: There is no mention of specific acceptance criteria that would indicate when the issue is resolved. Acceptance criteria typically outline the conditions under which a feature can be considered complete and functional, but in this case, these are missing.

5",921f8b7261778684,llama3.1:8b,0,2026-06-17T11:58:05.147002,project_04,title_desc,incompleteness,few_shot_cot
ISSUE-252321,Files dependent on make_shared should include make_shared.hpp,0,0,"To determine whether the given software issue is INCOMPLETE, I will analyze it step by step:

1. **Steps to reproduce**: The description does not explicitly mention steps to reproduce the issue or how to verify that the problem exists. However, it provides context about older boost versions and the current assumption in the 26compat branch.

2. **Expected vs actual behaviour**: The description mentions an ""issue"" but doesn't clearly state what the expected behavior is compared to the actual behavior. It hints at a problem with including make_shared.hpp but does not explicitly state how it should behave or what the desired outcome is.

3. **Acceptance criteria**: There are no clear acceptance criteria mentioned in the issue description that would define when the issue is resolved. The mention of legacy-0.8+ and its handling suggests there might be specific conditions for resolution, but these are not clearly outlined as acceptance criteria.

4. **Affected components**: While it mentions files dependent on make_shared and a specific branch (26compat), it does not explicitly state which components or parts of the codebase are affected by this issue in terms of functionality or performance.

5. **Environment details**: The description provides some context about the environment, specifically mentioning an older boost version and a particular branch (26compat",c43ba24ba8d2ff95,llama3.1:8b,0,2026-06-17T11:58:08.639002,project_04,title_desc,incompleteness,few_shot_cot
ISSUE-252438,Update travis configuration to run the client examples,0,0,"To determine whether this issue is INCOMPLETE, let's analyze it step by step:

1. **Steps to reproduce**: The description mentions that the client examples assume certain conditions are met, but it doesn't explicitly state how to reproduce these conditions or what specific actions should be taken in Travis configuration to test the update.

2. **Expected vs actual behaviour**: While the issue mentions an assumption about the client examples and a need to update the Travis config, it does not clearly articulate what the expected behavior is after updating the config. It implies that there's a problem with how things are currently set up but doesn't specify what the desired outcome should be.

3. **Acceptance criteria**: There's no clear statement of what constitutes ""done"" for this task. Are we just updating the Travis configuration, or is there an expectation that the client examples will run successfully after the update? Without specific acceptance criteria, it's hard to determine if the issue is fully understood and can be considered complete.

4. **Affected components**: The description mentions starting a mongod with specific settings in the Travis config, which implies that the MongoDB component is affected. However, without further details on how this affects other parts of the system or what changes are being made, it's hard to say if all",8b44fe887c734163,llama3.1:8b,0,2026-06-17T11:58:12.089339,project_04,title_desc,incompleteness,few_shot_cot
ISSUE-251649,Add support for MongoDB 3.4 to the legacy C++ driver.,0,1,"Let's analyze the issue step by step:

1. **Steps to reproduce**: The description does not mention any specific steps to reproduce the issue or test the new feature.
2. **Expected vs actual behaviour**: There is no clear statement of what the expected behavior should be when using MongoDB 3.4 with the legacy C++ driver, nor is there a description of the current (actual) behavior.
3. **Acceptance criteria**: While the motivation mentions that some features may not be tackled, there are no specific acceptance criteria mentioned for what constitutes ""support"" for MongoDB 3.4.
4. **Affected components**: The issue specifically mentions the legacy C++ driver, so this is identified as an affected component.
5. **Environment details**: There is a mention of MongoDB 3.4, but it's not clear if there are any specific environment requirements or constraints related to this version.

Based on these observations, I conclude that the issue is missing essential information such as steps to reproduce and expected vs actual behavior.

Final Answer: Yes",b87a9ca27b7c61f0,llama3.1:8b,0,2026-06-17T11:58:15.192729,project_04,title_desc,incompleteness,few_shot_cot
ISSUE-251049,Resync SDAM tests,0,0,"To determine whether this issue is INCOMPLETE, let's analyze it step by step:

1. **Steps to reproduce**: The description mentions ""Added some mixed case hostnames"" but does not specify how these were added or what the exact steps are to reproduce the issue. This could be considered incomplete because specific reproduction steps would help in understanding and fixing the problem.

2. **Expected vs actual behaviour**: There's no clear mention of what is expected versus what actually happens when dealing with mixed case hostnames in SDAM tests. This lack of clarity makes it difficult to understand the nature of the issue, which could be considered incomplete for this reason as well.

3. **Acceptance criteria**: The description does not specify any acceptance criteria for resolving this issue. Acceptance criteria are essential for understanding what constitutes a successful resolution and would typically include specific conditions that must be met after the fix is implemented.

4. **Affected components**: While it's mentioned that mixed case hostnames were added into the SDAM test corpus, there's no explicit mention of which components or systems might be affected by this change. Identifying affected components is crucial for understanding the scope and impact of the issue.

5. **Environment details**: There are no specific environment details provided (e.g., what version of",6285474115f85681,llama3.1:8b,0,2026-06-17T11:58:18.685609,project_04,title_desc,incompleteness,few_shot_cot
ISSUE-252416,rotatable_file_writer_test does not compile in C++11 mode with libc++,0,-1,"Let's analyze the issue step by step:

1. **Steps to reproduce**: The description provides a detailed build line and command used to reproduce the issue on OS X Mavericks with XCode 5.1. This is sufficient information for reproduction.
2. **Expected vs actual behavior**: Although not explicitly stated, it can be inferred that the expected behavior is for the test to compile successfully in C++11 mode with libc++. The actual behavior is that the test fails to compile due to a specific error message.
3. **Acceptance criteria**: Not explicitly mentioned, but based on the context, it seems that the acceptance criterion would be that the rotatable_file_writer_test compiles successfully in C++11 mode with libc++.
4. **Affected components**: The description mentions specific files and directories involved in the issue (e.g., `src/mongo/logger/rotatable_file_writer_test.cpp`, `src/third_party/gtest-1.7.0/include/gtest/gtest.h`), which indicates that these are affected components.
5. **Environment details**: The description provides detailed information about the environment, including the operating system (OS X Mavericks), compiler (XCode 5.1), and build settings.

Based on this analysis, I conclude that the issue is not missing",5962dfc3b65f99b5,llama3.1:8b,0,2026-06-17T11:58:22.315342,project_04,title_desc,incompleteness,few_shot_cot
ISSUE-251115,Implement SASLPrep,0,-1,"To determine whether the issue is INCOMPLETE, let's analyze it step by step:

1. **Title**: ""Implement SASLPrep"" - This gives us a clear idea of what needs to be done but doesn't specify why or in which context.
2. **Description**: The description references an external document (RFC-4013) and mentions that it is a prerequisite for implementing SCRAM-SHA-256. While this provides some background information, it does not directly address the steps needed to implement SASLPrep.

Missing from the issue are:
- **Steps to reproduce** or how to test if SASLPrep has been correctly implemented.
- **Expected vs actual behavior**: What should happen when SASLPrep is implemented? How will we know it's working as expected?
- **Acceptance criteria**: Specific conditions that must be met for the implementation of SASLPrep to be considered complete.
- **Affected components**: Which parts of the system or codebase need to be updated or modified to implement SASLPrep?
- **Environment details**: Are there any specific environments (e.g., development, testing, production) where this needs to work?

Given these missing pieces of information, it seems that the issue is indeed INCOMPLETE.

Final",32694915ed1c1638,llama3.1:8b,0,2026-06-17T11:58:25.853802,project_04,title_desc,incompleteness,few_shot_cot
ISSUE-250886,Investigate alternatives to Catch2,0,0,"To determine whether the given software issue is INCOMPLETE, I will analyze it step by step:

1. **Steps to reproduce**: The description does not explicitly mention steps to reproduce the problem or scenario that necessitates investigating alternatives to Catch2. However, it provides a link to an external article and mentions specific versions of tools (VS2015/gcc 4.8) that are in question.

2. **Expected vs actual behaviour**: There is no clear statement on what the expected behavior should be regarding support for VS2015/gcc 4.8 after the next major release of Catch2 or how the alternatives should behave differently.

3. **Acceptance criteria**: The description does not explicitly outline acceptance criteria for evaluating whether an alternative to Catch2 meets the project's needs, such as performance, compatibility, or ease of use.

4. **Affected components**: While it mentions specific versions of tools (VS2015/gcc 4.8) that are in question, it doesn't clearly specify which components of the software would be affected by dropping support for these versions.

5. **Environment details**: The description does not provide detailed environment specifications where this issue might occur or how it affects different environments.

Given these observations:

- While there's a clear problem statement and context (the",d47f7283b90adda8,llama3.1:8b,0,2026-06-17T11:58:29.325148,project_04,title_desc,incompleteness,few_shot_cot
ISSUE-251990,missing bsoncxx::document::view::empty,0,1,"Let's analyze the issue step by step:

1. **Title**: The title ""missing bsoncxx::document::view::empty"" clearly indicates what the issue is about.
2. **Description**: The description explains the problem and provides some context, but it doesn't explicitly state what the expected behavior should be or how to reproduce the issue.
3. **Reproduction steps**: There are no explicit reproduction steps mentioned in the description.
4. **Expected vs actual behaviour**: While the description mentions that the calling code has to compare the returned length() to 5, which is considered ""ugly"", it doesn't explicitly state what the expected behavior should be.
5. **Acceptance criteria**: There are no acceptance criteria mentioned.
6. **Affected components**: The issue seems to be related to a specific C++ library (bsoncxx), but there's no explicit mention of affected components or modules.
7. **Environment details**: There are no environment-specific details mentioned.

Based on this analysis, I would say that the issue is missing essential information such as reproduction steps, expected vs actual behavior, acceptance criteria, and affected components.

Final Answer: Yes",453b6d34832492d8,llama3.1:8b,0,2026-06-17T11:58:32.631129,project_04,title_desc,incompleteness,few_shot_cot
ISSUE-252201,Create buildvariant for Ubuntu 12.04,0,0,"Let's analyze the issue step by step:

1. **Title**: The title is clear and concise, indicating that it's about creating a build variant for Ubuntu 12.04.
2. **Description**: The description explains the problem: Ubuntu 14.04 only supports MongoDB 2.6 enterprise, but we need to test older enterprise versions on Ubuntu 12.04. This implies that there is an existing issue with the current setup and a specific requirement for testing older versions.

However, upon closer inspection, I notice that:

* **Steps to reproduce**: There are no explicit steps provided to reproduce the problem or the desired behavior.
* **Expected vs actual behaviour**: The description mentions the expected behavior (testing older enterprise versions), but it doesn't explicitly state what the current actual behavior is.
* **Acceptance criteria**: While there's a clear requirement for creating a build variant, there are no specific acceptance criteria defined to determine when this feature is complete or working as expected.
* **Affected components**: The description mentions Ubuntu 14.04 and MongoDB, but it doesn't explicitly state which components will be affected by the new build variant.
* **Environment details**: While the issue mentions a specific Linux distribution (Ubuntu 12.04), there's no information about",95f91042807c075f,llama3.1:8b,0,2026-06-17T11:58:36.237199,project_04,title_desc,incompleteness,few_shot_cot
ISSUE-251862,Backport server r3.0.7..r3.0.8 changes,0,-1,"To determine whether the given software issue is INCOMPLETE, I will analyze it step by step.

1. **Title**: ""Backport server r3.0.7..r3.0.8 changes"" - The title clearly indicates what the issue is about, which is backporting changes from one version to another.
2. **Description**: ""Candidate server SHAs for backport: -9967e79- 817c963 -90d0da8- bab3c56"" - This description provides specific details on the candidate server SHAs (Secure Hash Algorithm) that need to be backported.

Given this information, I can see that:

- **Steps to reproduce** are not explicitly mentioned, but it's implied that the process involves identifying and applying changes from one version of the server to another.
- **Expected vs actual behavior** is not clearly stated. The description mentions candidate SHAs for backporting, which implies there might be an expectation for these changes to be successfully applied or integrated into the newer version (r3.0.8), but it's not explicitly defined what ""successful integration"" means in terms of functionality or performance.
- **Acceptance criteria** are missing. What constitutes a successful backport? Are there specific",ea98151d6ba327ff,llama3.1:8b,0,2026-06-17T11:58:39.729260,project_04,title_desc,incompleteness,few_shot_cot
ISSUE-251902,Make special commands (inprog,1,1,"Let's analyze the given issue step by step:

1. **Title**: ""Make special commands (inprog, killop, unlock) go through the standard command codepath""
	* The title is clear and concise, indicating what needs to be done.
2. **Description**: ""killop, unlock)""
	* The description seems incomplete or truncated. It's not clear what these commands are supposed to do or how they should behave when going through the standard command codepath.
3. **Reproduction steps**: Not provided
4. **Expected vs actual behaviour**: Not explicitly stated
5. **Acceptance criteria**: Not mentioned
6. **Affected components**: Not specified
7. **Environment details**: Not given

Based on this analysis, I would say that the issue is missing essential information such as reproduction steps, expected vs actual behavior, acceptance criteria, affected components, and environment details.

Final Answer: Yes",5c2c50156a7969c9,llama3.1:8b,0,2026-06-17T11:58:42.500696,project_04,title_desc,incompleteness,few_shot_cot
ISSUE-250935,Create C++17 variants,0,1,"Let's analyze the issue step by step:

1. **Title**: The title is clear and concise.
2. **Description**: The description mentions a specific goal (""To catch bugs like CXX-1689"") and lists three specific builders to be added: Visual Studio 2017, latest clang, and latest gcc.
3. **Reproduction steps**: Not explicitly mentioned, but the description implies that the issue is related to a specific bug (CXX-1689), which might help in reproducing the problem.
4. **Expected vs actual behaviour**: The description mentions a goal (""Add builders for...""), implying an expected behavior, but it's not explicitly stated what the current behavior is.
5. **Acceptance criteria**: Not mentioned.
6. **Affected components**: Not mentioned.
7. **Environment details**: Not mentioned.

Based on this analysis, I would say that the issue is missing essential information such as acceptance criteria and environment details.

Final Answer: Yes",7bdc4f1059b03a7c,llama3.1:8b,0,2026-06-17T11:58:45.392056,project_04,title_desc,incompleteness,few_shot_cot
ISSUE-251484,collection::distinct return should allow iteration over results,0,0,"Let's analyze the issue step by step:

1. **Steps to reproduce**: The description provides a clear explanation of the current behavior and the desired behavior, but it does not explicitly state how to reproduce the issue. However, based on the context, it seems that reproducing the issue would involve calling `mongocxx::collection::distinct` and observing the returned cursor.
2. **Expected vs actual behaviour**: The description clearly states the expected behavior (an iterator over distinct values) and the actual behavior (a single document with a database reply).
3. **Acceptance criteria**: While not explicitly stated, it can be inferred that the acceptance criteria would involve verifying that the returned cursor provides an iterator over the distinct values.
4. **Affected components**: The affected component is likely the `mongocxx::collection::distinct` method in the mongocxx library.
5. **Environment details**: There are no specific environment details mentioned, but it can be assumed that this issue would apply to any environment where mongocxx is used.

Based on this analysis, I conclude that the issue is missing explicit steps to reproduce and acceptance criteria, but these can be inferred from the context. Therefore:

Final Answer: No",f8969cfcd27c194f,llama3.1:8b,0,2026-06-17T11:58:48.658107,project_04,title_desc,incompleteness,few_shot_cot
ISSUE-251767,Fix TODO comments about linking to documentation when available,0,0,"To determine whether this issue is INCOMPLETE, let's analyze it step by step:

1. **Steps to reproduce**: The description mentions ""several TODO comments of the form """"todo add links to docs"""" or similar"", but it doesn't specify how to identify these comments or what constitutes a ""similar"" comment. This lack of clarity makes reproduction steps incomplete.

2. **Expected vs actual behaviour**: The issue states that all the mentioned documentation should now be published, implying an expected change in state (i.e., links being added). However, there's no explicit mention of the actual behavior before this fix or what constitutes ""published"" documentation. This lack of clarity makes it difficult to fully understand the expected vs actual behavior.

3. **Acceptance criteria**: There are no clear acceptance criteria provided for when the task is considered complete. For example, how many TODO comments should be addressed? What does a ""published"" document look like in terms of content or status?

4. **Affected components**: The description doesn't specify which parts of the system (code, database, UI) will be affected by this change.

5. **Environment details**: There's no mention of any specific environment requirements for this task, such as whether it should be done on a development branch,",d4f9588a040bca48,llama3.1:8b,0,2026-06-17T11:58:52.204035,project_04,title_desc,incompleteness,few_shot_cot
ISSUE-252082,Reparent OperationException below DBException,0,1,"To determine whether the given software issue is INCOMPLETE, I will analyze it step by step.

1. **Steps to reproduce**: The issue description provides three examples of failures with links to task logs. These examples can be used as steps to reproduce the issue.
2. **Expected vs actual behavior**: Although not explicitly stated, we can infer that the expected behavior is for the reparent operation to succeed without throwing an OperationException, and the actual behavior is that it throws an exception.
3. **Acceptance criteria**: There are no explicit acceptance criteria mentioned in the description.
4. **Affected components**: The issue seems to be related to the MongoDB C++ driver, but the specific components affected (e.g., classes, functions) are not specified.
5. **Environment details**: The environment is mentioned as Windows 64-bit with MSVC2010 static static.

Based on this analysis, I conclude that the issue is missing essential information such as acceptance criteria and affected components.

Final Answer: Yes",6a06e6d012355fba,llama3.1:8b,0,2026-06-17T11:58:55.187887,project_04,title_desc,incompleteness,few_shot_cot
ISSUE-251826,Stream builder error for invalid context is unfriendly,0,-1,"To determine whether this issue is INCOMPLETE, let's analyze it step by step:

1. **Title and Description**: The title clearly states the problem (""Stream builder error for invalid context is unfriendly""), and the description provides a specific scenario where the error occurs. This gives us a good understanding of what the issue is about.

2. **Steps to Reproduce**: Although not explicitly stated as ""steps to reproduce,"" the description does provide a clear example of how to replicate the issue, including code snippets. This makes it easy for someone else to understand and attempt to fix the problem based on the provided information.

3. **Expected vs Actual Behaviour**: The description clearly states what is expected (a friendly error message) versus what actually happens (an unfriendly error message). This provides a clear understanding of the difference between the desired outcome and the current behavior.

4. **Acceptance Criteria**: While not explicitly listed as ""acceptance criteria,"" the description implies that the acceptance criterion for this issue would be that when building an incomplete document with the stream builder, the system should provide a friendly error message instead of the unfriendly one described.

5. **Affected Components**: Although not directly stated, it can be inferred from the context (stream builder and view) which components are affected",c37d7b850ffef306,llama3.1:8b,0,2026-06-17T11:58:58.692095,project_04,title_desc,incompleteness,few_shot_cot
ISSUE-252418,Remove dependency on boost program_options,0,0,"To determine whether the given software issue is INCOMPLETE, I will analyze it step by step:

1. **Steps to reproduce**: The description mentions that ""The driver links this library but does not use it,"" which implies a specific condition or scenario where this issue can be observed. However, it's more of an observation than a clear set of steps to reproduce the issue.

2. **Expected vs actual behaviour**: There is no explicit mention of what the expected behavior should be versus what actually happens when the driver links but does not use the library. This lack of clarity makes it difficult to understand the impact or purpose of removing this dependency.

3. **Acceptance criteria**: The description lacks specific acceptance criteria that would define when the issue is considered resolved. What are the conditions under which linking a library without using it is acceptable, and what are the consequences if such behavior continues?

4. **Affected components**: While the description mentions ""the driver,"" it does not specify other potentially affected components or systems that might be impacted by removing this dependency.

5. **Environment details**: There's no mention of specific environments (development, testing, production) where this issue is observed or relevant.

Given these considerations, I conclude that the issue lacks essential information for a complete understanding and resolution.",2a503f278899ffa0,llama3.1:8b,0,2026-06-17T11:59:02.178399,project_04,title_desc,incompleteness,few_shot_cot
ISSUE-250681,WINDOWS | Release build,0,0,"Let's analyze the issue step by step:

1. **Steps to reproduce**: The description provides a detailed account of the steps taken by Max to compile and run his program with the latest versions of the drivers. This includes commands for building and installing the drivers, as well as changes made to the .vcxproj files.
2. **Expected vs actual behavior**: The issue mentions that the program worked correctly until the last release, but now it catches a `bad_alloc` exception. This implies that there is an expected behavior (i.e., no exceptions) and an actual behavior (i.e., catching a `bad_alloc` exception).
3. **Acceptance criteria**: While not explicitly stated, the issue implies that the program should work correctly with the latest versions of the drivers.
4. **Affected components**: The description mentions specific components, such as the mongoc driver and mongocxx driver, which are affected by this issue.
5. **Environment details**: The issue provides information about the environment in which the problem occurs, including the version of CMake, Visual Studio, and the drivers.

Considering these points, I believe that the issue is complete, as it provides sufficient information for reproduction, expected vs actual behavior, acceptance criteria, affected components, and environment details.",3b4be84ebb570de4,llama3.1:8b,0,2026-06-17T11:59:05.853078,project_04,title_desc,incompleteness,few_shot_cot
ISSUE-251940,auto_reconnect using ConnectionString API,0,0,"To determine whether the given software issue is INCOMPLETE, I will analyze it step by step.

1. **Title**: The title ""auto_reconnect using ConnectionString API"" clearly indicates what the issue is about.
2. **Description**: The description explains that there are two ways to connect to MongoDB: one using `DBClientConnection()` and another using `ConnectionString`. It also mentions a specific feature, `_autoReconnect`, which allows automatic reconnect on connection failure when using `DBClientConnection()`.
3. **Expected vs Actual Behaviour**: Although the description does not explicitly state what is expected versus actual behavior regarding auto-reconnect with `ConnectionString`, it implies that there might be an issue since it's comparing two different methods of connecting to MongoDB.
4. **Steps to Reproduce**: The description provides a code snippet showing how to connect using `ConnectionString`. However, it doesn't explicitly mention steps to reproduce the issue or what specifically goes wrong when trying to reconnect automatically with this method.
5. **Acceptance Criteria**: There is no clear statement of what constitutes ""success"" in terms of auto-reconnect functionality when using `ConnectionString`.
6. **Affected Components**: The description mentions specific APIs (`DBClientConnection()`, `ConnectionString`) and classes (`mongo::ConnectionString`),",b2316a86f57a81e8,llama3.1:8b,0,2026-06-17T11:59:09.366218,project_04,title_desc,incompleteness,few_shot_cot
ISSUE-252206,libmongoclient.so not generated when compling lateset c++ driver,0,0,"To determine whether the given software issue is INCOMPLETE, let's analyze it step by step.

The issue description includes:

* A detailed error message with a long list of undefined references to `boost::system::system_category()`.
* The steps taken to reproduce the issue: compiling the latest stable c++ driver (26compact branch) and building boost from source.
* The environment details, including the operating system (Linux), the compiler, and the build process.

However, upon closer inspection, we can see that the issue description is missing some essential information:

* Expected vs actual behavior: While the error message indicates undefined references to `boost::system::system_category()`, it's not clear what the expected behavior should be.
* Acceptance criteria: There are no clear acceptance criteria for this issue. What does ""fixing"" this issue mean in terms of functionality or performance?
* Affected components: The issue description mentions compiling the c++ driver and building boost from source, but it's not clear which specific components are affected by this issue.
* Steps to reproduce (beyond what was already mentioned): While the steps taken to reproduce the issue are detailed, there might be additional steps or edge cases that need to be considered.

Considering these points, I would conclude that",6fee5c4e55b7f9e0,llama3.1:8b,0,2026-06-17T11:59:14.541079,project_04,title_desc,incompleteness,few_shot_cot
ISSUE-252474,Enforce /MD with Windows C++ DLL driver,0,1,"To determine whether the given software issue is INCOMPLETE, I will analyze it step by step.

1. **Steps to reproduce**: The description does not explicitly mention steps to reproduce the issue or how to verify that the _MD flag is defined.
2. **Expected vs actual behaviour**: The description mentions the expected behavior (ensuring that the same C RTL and heap are used across all translation units) but does not clearly state what the actual behavior is when the _MD flag is not defined.
3. **Acceptance criteria**: There are no clear acceptance criteria mentioned in the description, such as ""the code should compile without errors"" or ""the driver should function correctly with /MTd"".
4. **Affected components**: The description mentions that this issue affects the C++ driver and its interaction with client code, but it does not specify which specific components or modules are affected.
5. **Environment details**: There is no mention of any environment-specific requirements or constraints that might impact the implementation.

Based on these observations, I conclude that the issue is missing essential information such as steps to reproduce, expected vs actual behavior, acceptance criteria, and environment details.

Final Answer: Yes",533ceee6edca3ff0,llama3.1:8b,0,2026-06-17T11:59:18.381382,project_04,title_desc,incompleteness,few_shot_cot
ISSUE-251467,Mutator methods which return non-void should document their return value,0,-1,"To determine whether the given software issue is INCOMPLETE, let's analyze it step by step:

1. **Title**: ""Mutator methods which return non-void should document their return value"" - This title clearly indicates what the issue is about.
2. **Description**: The description lists a tentative list of methods that need to be documented. It also mentions how these methods were identified using a `git grep` command.
3. **Missing information**:
	* Steps to reproduce: Not mentioned, but it's not necessary in this case as the issue is about documentation.
	* Expected vs actual behavior: The description clearly states what should happen (documenting return values).
	* Acceptance criteria: Not explicitly stated, but it can be inferred that documenting these methods would make them more understandable and maintainable.
	* Affected components: The description mentions specific files and classes in the `mongocxx` library, so we know which components are affected.
	* Environment details: Not mentioned, but it's not necessary for this issue.

Considering these points, I conclude that the issue is **not** INCOMPLETE. It clearly states what needs to be done (documenting return values) and provides a list of methods that need attention. While some information like steps",24eea81ede5c0e6b,llama3.1:8b,0,2026-06-17T11:59:22.684773,project_04,title_desc,incompleteness,few_shot_cot
ISSUE-250928,Test with gcc 4.9?,0,0,"Let's analyze the given issue step by step:

1. **Title**: ""Test with gcc 4.9?"" - This title suggests that there might be a specific requirement or test case related to using GCC version 4.9.
2. **Description**: ""To catch issues describe in CXX-1595. Unsure if this is really necessary."" - The description mentions another issue (CXX-1595) and expresses uncertainty about the necessity of testing with GCC 4.9.

Now, let's evaluate the completeness of the issue based on the given criteria:

* **Steps to reproduce**: Not explicitly mentioned.
* **Expected vs actual behaviour**: No clear expected behavior is described; it seems that the goal is related to catching issues from another ticket (CXX-1595).
* **Acceptance criteria**: None are specified.
* **Affected components**: Not mentioned.
* **Environment details**: Only a specific compiler version (GCC 4.9) is mentioned, but no other environment details.

Based on this analysis, the issue seems to be missing essential information such as steps to reproduce, expected behavior, acceptance criteria, and affected components. The description also expresses uncertainty about the necessity of testing with GCC 4.9, which might indicate that the requirement",c1e1d3f0f8b77453,llama3.1:8b,0,2026-06-17T11:59:26.476849,project_04,title_desc,incompleteness,few_shot_cot
ISSUE-250906,Regenerate test certificates with SHA256 signatures,0,0,"To determine whether the given software issue is INCOMPLETE, I will analyze it step by step.

1. **Title**: ""Regenerate test certificates with SHA256 signatures"" - This title clearly indicates what the issue is about and seems to be specific enough.
2. **Description**: The description contains a block of HTML and JavaScript code that auto-populates the ticket description on page load. However, this part seems unrelated to the main task described in the title. It appears to be some sort of placeholder or example code rather than an essential detail for understanding the issue.
3. **Missing Information**:
   - **Steps to reproduce**: There's no clear indication of how to regenerate test certificates with SHA256 signatures. The description does not provide any steps, and the unrelated HTML/JavaScript block doesn't help clarify this.
   - **Expected vs actual behaviour**: The description does not specify what is expected versus what actually happens when trying to regenerate these certificates.
   - **Acceptance criteria**: There's no mention of what constitutes successful regeneration or under what conditions it would be considered complete.
   - **Affected components**: It's unclear which parts of the system are affected by this issue, making it hard to determine where changes need to be made.
   - **Environment details**: The",8f388352734b230e,llama3.1:8b,0,2026-06-17T11:59:29.957011,project_04,title_desc,incompleteness,few_shot_cot
ISSUE-251809,Allow configuration of SSL independently of the C driver,0,1,"Let's analyze the issue step by step:

1. **Steps to reproduce**: The description mentions a specific scenario where SSL support depends on the C driver, but it doesn't provide explicit steps to reproduce this issue.
2. **Expected vs actual behavior**: The description explains that the current behavior is that SSL support depends on the C driver, and the desired behavior is to allow configuration of SSL independently. This provides a clear understanding of the expected vs actual behavior.
3. **Acceptance criteria**: Although not explicitly stated as ""acceptance criteria,"" the description mentions three options for configuring SSL: Yes, No, or Auto. These options can be considered as acceptance criteria for the feature.
4. **Affected components**: The issue is related to the C driver and its interaction with the C++11 driver, so it's likely that the affected components are these drivers.
5. **Environment details**: Although not explicitly mentioned, the description assumes a specific environment where the C driver is compiled with certain settings.

Considering these points, I would say that the issue is missing explicit steps to reproduce and acceptance criteria (although the options for configuring SSL can be considered as implicit acceptance criteria). However, the expected vs actual behavior and affected components are clearly described.

Final Answer: Yes",ac3119d7e2023955,llama3.1:8b,0,2026-06-17T11:59:33.462835,project_04,title_desc,incompleteness,few_shot_cot
ISSUE-251443,Update release documentation to discuss moving releases/stable branch,0,1,"Let's analyze the issue step by step:

1. **Steps to reproduce**: The description mentions a specific scenario where the release documentation was not updated as expected, but it doesn't provide clear steps for reproducing this issue.
2. **Expected vs actual behavior**: The description implies that there is an expectation about when the ""releases/stable"" branch should be moved, but it's not explicitly stated what the expected behavior is.
3. **Acceptance criteria**: There are no clear acceptance criteria mentioned in the description.
4. **Affected components**: It's not specified which components or systems will be affected by this change.
5. **Environment details**: The environment where this issue occurs is not described.

Based on these observations, I conclude that the issue is missing essential information such as steps to reproduce, expected vs actual behavior, acceptance criteria, and environment details.

Final Answer: Yes",552bfcb2e949fd09,llama3.1:8b,0,2026-06-17T11:59:36.180959,project_04,title_desc,incompleteness,few_shot_cot
ISSUE-252069,Use of TARGET_OBJECTS in CMake build produces incorrect shared library,0,-1,"To determine whether the given software issue is INCOMPLETE, I will analyze it step by step:

1. **Steps to reproduce**: The description mentions specific details about how the current implementation of TARGET_OBJECTS in CMake build produces incorrect shared libraries, but it does not explicitly state steps to reproduce the issue. However, based on the description, it seems that reproducing this issue would involve setting up a CMake project with TARGET_OBJECTS and observing the behavior.

2. **Expected vs actual behaviour**: The description clearly states what is expected (target properties set on the shared object at the top level should be propagated to the compilation of individual object files) and what actually happens (they are not propagated). This indicates that the issue includes a clear statement of both expected and actual behaviors.

3. **Acceptance criteria**: While there isn't an explicit list of acceptance criteria, the description implies certain conditions for success: target properties should be applied to all compiled objects regardless of their destination in the build process (dynamic library or archive). This can be considered implicit acceptance criteria.

4. **Affected components**: The issue is related to CMake and its use in building shared libraries, so it's reasonable to infer that the affected component is the CMake build system itself.

5. **Environment",d01e744b20c1c292,llama3.1:8b,0,2026-06-17T11:59:39.704197,project_04,title_desc,incompleteness,few_shot_cot
ISSUE-251960,clang-format the legacy driver,0,1,"Let's analyze the issue step by step:

1. **Steps to reproduce**: The description mentions a specific event (""the server 3.0 branch is going to be clang-format'ed""), but it doesn't explicitly state how to reproduce the scenario if we want to continue backporting changes.
2. **Expected vs actual behaviour**: There's no clear statement of what the expected behavior should be after clang-formatting the legacy branch, or what the current actual behavior is.
3. **Acceptance criteria**: The description mentions a potential requirement (""we will need to also clang-format the legacy branch""), but it doesn't explicitly state what acceptance criteria would confirm that this requirement has been met.
4. **Affected components**: The issue mentions ""the server 3.0 branch"" and ""the legacy branch"", which implies that these are the affected components, but it's not entirely clear.
5. **Environment details**: There's no mention of specific environment details, such as operating system, version control system, or any other relevant context.

Based on this analysis, I would say that the issue is missing essential information about steps to reproduce, expected vs actual behavior, acceptance criteria, and affected components.

Final Answer: Yes",874a26f97089075e,llama3.1:8b,0,2026-06-17T11:59:43.090980,project_04,title_desc,incompleteness,few_shot_cot
ISSUE-252104,"improve handling of """"node is recovering"""" errors",0,0,"Let's analyze the issue step by step:

1. **Steps to reproduce**: The description mentions specific error scenarios (""not master"" or ""node is recovering"") and their expected behavior, which implies that reproduction steps are implicit in the description.
2. **Expected vs actual behaviour**: The description clearly states what should happen when a client encounters these errors (replace server's description with default ServerDescription, store useful information, etc.) and what currently happens (not handling ""node is recovering"" properly).
3. **Acceptance criteria**: Although not explicitly stated as acceptance criteria, the description provides specific requirements for handling these errors, which can be considered as implicit acceptance criteria.
4. **Affected components**: The issue mentions clients (multi-threaded and single-threaded) and servers, indicating that both client-side and server-side components are affected.
5. **Environment details**: There is no mention of specific environment details, but the description assumes a certain level of knowledge about the system's architecture and behavior.

Considering these points, I would say that the issue is not missing any essential information. The description provides clear guidance on what should happen in specific error scenarios, which can be used to implement the required changes.

Final Answer: No",5be4859feb7536c8,llama3.1:8b,0,2026-06-17T11:59:46.457307,project_04,title_desc,incompleteness,few_shot_cot
ISSUE-250562,BSON UDL for from_json,0,1,"Let's analyze the issue step by step:

1. **Steps to reproduce**: The description does not mention any specific steps to reproduce the issue or scenario.
2. **Expected vs actual behaviour**: There is no clear statement of what the expected behavior should be, only a suggestion for an alternative way to achieve it.
3. **Acceptance criteria**: There are no acceptance criteria mentioned in the description.
4. **Affected components**: The description does not specify which components or modules would be affected by this change.
5. **Environment details**: There is no mention of any specific environment or configuration requirements.

Based on these observations, I conclude that the issue is missing essential information such as steps to reproduce and acceptance criteria.

Final Answer: Yes",7b2ae5f6d09316f5,llama3.1:8b,0,2026-06-17T11:59:48.782548,project_04,title_desc,incompleteness,few_shot_cot
ISSUE-251355,Move mongocxx::libbson code somewhere where bsoncxx can access it,0,0,"To determine whether this issue is INCOMPLETE, let's analyze it step by step:

1. **Steps to reproduce**: The description does not explicitly mention steps to reproduce the issue or how to verify the current state of affairs regarding access to mongocxx::libbson functionality from bsoncxx.

2. **Expected vs actual behaviour**: While there's a clear statement about what would be nice (having the functionality available in both namespaces), it lacks a detailed description of the expected behavior versus the actual observed behavior, which is crucial for understanding the problem and its solution.

3. **Acceptance criteria**: There are no specific acceptance criteria mentioned that define when the issue can be considered resolved. This lack of clarity makes it difficult to determine what exactly needs to be done to fix the issue.

4. **Affected components**: The description mentions mongocxx::libbson and bsoncxx, indicating which components are affected by this issue. However, without further details on how these components interact or what specific functionality is being accessed, it's hard to fully understand the scope of the problem.

5. **Environment details**: There's no mention of any environment-specific requirements (e.g., version dependencies) that might be relevant for reproducing or resolving the issue.

Given this analysis, while there are some",29a453ee43188423,llama3.1:8b,0,2026-06-17T11:59:52.246749,project_04,title_desc,incompleteness,few_shot_cot
ISSUE-251652,Compile error with clang/libc++ on Linux due to ambiguous call to 'append' member function,0,-1,"Let's analyze the issue step by step:

1. **Title**: The title clearly describes the problem: ""Compile error with clang/libc++ on Linux due to ambiguous call to 'append' member function"". This is a specific and descriptive title.
2. **Description**: The description provides detailed information about the error, including:
	* The error message
	* The file and line numbers where the error occurs
	* A detailed explanation of the issue, including the difference between libc++ and stdlibc++
	* A workaround (applying a static cast)
3. **Reproduction steps**: While not explicitly stated as ""steps to reproduce"", the description provides enough information for someone else to replicate the issue:
	* Use clang and libc++ on Linux
	* Compile the code with the specific file and line numbers mentioned
4. **Expected vs actual behavior**: The description clearly states what is expected (the build should complete without errors) and what actually happens (the build stops with an error).
5. **Acceptance criteria**: Not explicitly stated, but implied: the build should complete successfully when using clang and libc++ on Linux.
6. **Affected components**: The issue seems to be related to the mongo-cxx-driver-r3.0.1 library",59bd85adce3ffc71,llama3.1:8b,0,2026-06-17T11:59:55.846144,project_04,title_desc,incompleteness,few_shot_cot
ISSUE-251739,Backport server r3.0.8..r3.0.12 changes,0,1,"Let's analyze the issue step by step:

1. **Steps to reproduce**: The description does not mention any specific steps to reproduce the issue or how to trigger the backporting process.
2. **Expected vs actual behaviour**: There is no clear statement of what the expected behavior should be after backporting the changes, nor is there a description of the actual observed behavior.
3. **Acceptance criteria**: The description does not provide any acceptance criteria for the backporting process, such as which features or bug fixes should be included in the backport.
4. **Affected components**: While the issue mentions specific server SHAs (candidate servers), it is unclear what components or systems will be affected by the backporting changes.
5. **Environment details**: There is no mention of any environment-specific requirements, such as which deployment environments will be impacted by the backport.

Based on this analysis, I conclude that the issue is missing essential information to determine whether it is complete or not.

Final Answer: Yes",ea1a8faaf26255bd,llama3.1:8b,0,2026-06-17T11:59:58.932546,project_04,title_desc,incompleteness,few_shot_cot
ISSUE-250612,"Windows tasks failing with """"insufficient disk space"""" on Evergreen",0,0,"Let's analyze the given issue step by step:

1. **Title**: The title clearly indicates that the issue is related to Windows tasks failing on a specific environment called ""Evergreen"".
2. **Description**: The description mentions that the tasks are consistently failing with log messages containing ""insufficient disk space"". This provides some context about the error.
3. **Missing Information**:
	* **Steps to reproduce**: There's no clear indication of how to reproduce this issue, which is essential for debugging and testing.
	* **Expected vs actual behaviour**: The description mentions the expected behavior (tasks should not fail) but does not explicitly state what the actual behavior is supposed to be. However, it can be inferred that the actual behavior is tasks failing with ""insufficient disk space"" error messages.
	* **Acceptance criteria**: There's no clear statement of what constitutes a successful resolution of this issue.
	* **Affected components**: The description mentions Windows tasks and Evergreen environment, but it's not explicitly stated which specific components or systems are affected.
	* **Environment details**: While the environment is mentioned as ""Evergreen"", there's no additional information about the setup, configuration, or any other relevant details.

Considering these points, I would conclude that this issue is",b48af453896c91d8,llama3.1:8b,0,2026-06-17T12:00:02.413153,project_04,title_desc,incompleteness,few_shot_cot
ISSUE-252465,libmongoclient should not link db/commands.cpp,0,0,"To determine whether this issue is INCOMPLETE, let's analyze it step by step:

1. **Steps to reproduce**: The description provides a detailed explanation of why the current behavior is problematic and how it can be fixed. It mentions specific files involved, commands that are causing memory leaks, and tools used for leak detection (Purify or valgrind). This suggests that reproduction steps are implicit in the description.

2. **Expected vs actual behaviour**: The issue clearly states what the expected behavior should be (""The two commands should be moved to db/commands.cpp"") and describes the current problematic behavior (""client code that links libmongoclient will show (real) memory leaks"").

3. **Acceptance criteria**: While not explicitly stated as ""acceptance criteria,"" the description implies a clear understanding of what needs to change for the issue to be considered resolved: moving the commands to db/commands.cpp and removing db/commands.o from the link list.

4. **Affected components**: The description mentions specific files (db/commands.cpp, client/connpool.cpp) and libraries involved (libmongoclient), indicating that it's clear which components are affected.

5. **Environment details**: There is no mention of any environment-specific requirements or constraints that would affect the resolution",b73c5dd32b197d67,llama3.1:8b,0,2026-06-17T12:00:05.880662,project_04,title_desc,incompleteness,few_shot_cot
ISSUE-251807,Add VS2015 builders for legacy C++ driver,0,0,"Let's analyze the issue step by step:

1. **Steps to reproduce**: The description mentions that ""We don't have any"", which implies that there are no steps to reproduce the current state or the desired behavior.
2. **Expected vs actual behaviour**: The description states that ""We don't have any"" VS2015 builders, implying a gap in functionality. However, it doesn't explicitly describe the expected behavior of having these builders.
3. **Acceptance criteria**: There is no mention of specific acceptance criteria for what constitutes success or failure in implementing VS2015 builders for legacy C++ driver.
4. **Affected components**: The description mentions SCons and the --use-msvc-script flag, which implies that certain components are affected by this issue.
5. **Environment details**: The description mentions VS2015 support didn't land until recent SCons, implying some environment-specific information.

However, upon closer inspection, I notice that the description does provide some context about the current state and potential workarounds (using the --use-msvc-script flag). But it still lacks essential information such as:

* A clear description of the expected behavior with VS2015 builders
* Specific acceptance criteria for what constitutes success in implementing these builders

Therefore, I conclude that this",63c05d114af3d01e,llama3.1:8b,0,2026-06-17T12:00:09.407200,project_04,title_desc,incompleteness,few_shot_cot
ISSUE-250752,Update FLE documentation for community version demonstrating explicit encryption/decryption,0,0,"To determine whether the given software issue is INCOMPLETE, I will analyze it step by step.

1. **Steps to reproduce**: The description contains a block of HTML and JavaScript code that auto-populates the ticket description on page load. However, this does not provide clear steps for reproducing the issue in a controlled environment. It seems more like an example or a snippet rather than reproduction instructions.
2. **Expected vs actual behaviour**: There is no explicit mention of what the expected behavior should be after updating the documentation. The description focuses on demonstrating encryption/decryption but doesn't specify how this relates to the documentation update's expected outcome.
3. **Acceptance criteria**: There are no clear acceptance criteria outlined for what constitutes a successful update of the FLE documentation. This includes no mention of specific requirements or conditions that must be met after the update.
4. **Affected components**: The issue mentions updating documentation, which implies it affects the documentation system or platform. However, there is no explicit identification of affected components beyond this general statement.
5. **Environment details**: There's a reference to a JIRA ticket (DRIVERS-782) and a URL ('https://jira.mongodb.org/browse/DRIVERS-782'), but these are external resources rather than environment details relevant",694d5b5022f09843,llama3.1:8b,0,2026-06-17T12:00:12.948719,project_04,title_desc,incompleteness,few_shot_cot
ISSUE-251483,Create C++ driver benchmark suite,0,0,"To determine whether this software issue is INCOMPLETE, I will analyze it step by step:

1. **Steps to reproduce**: The description does not explicitly mention steps to reproduce the benchmark suite implementation. However, given that it's a standard performance benchmarking suite from another team, it might be assumed that the reproduction steps are implicit (e.g., following the existing suite's instructions). But for clarity and thoroughness, explicit reproduction steps would be beneficial.

2. **Expected vs actual behaviour**: The description mentions implementing a ""standard performance benchmarking suite,"" but it does not specify what the expected behavior is in terms of metrics or outcomes. It implies that there should be some form of performance measurement, but without specifying what those measurements are, it's hard to determine if the implementation meets expectations.

3. **Acceptance criteria**: There is no clear mention of acceptance criteria for this task. What constitutes a successful implementation? Are there specific performance thresholds or metrics that need to be met?

4. **Affected components**: The description mentions ""mongocxx,"" which implies that the benchmark suite will affect mongocxx in some way, but it does not specify how.

5. **Environment details**: There is no mention of any environment-specific requirements (e.g., specific hardware or software configurations",b585d7f95b981528,llama3.1:8b,0,2026-06-17T12:00:16.398828,project_04,title_desc,incompleteness,few_shot_cot
ISSUE-250688,Ubuntu 16.04's compressed debug symbols confuse Valgrind,0,1,"Let's analyze the issue step by step:

1. **Title**: The title is descriptive and clearly states the problem.
2. **Description**: The description provides a detailed explanation of the issue, including error messages and a link to a related bug report. This suggests that the reporter has done some research on the issue.
3. **Expected vs Actual Behaviour**: Although not explicitly stated, it can be inferred from the description that the expected behavior is for Valgrind to parse the debug information correctly, while the actual behavior is that it fails to do so.

However, I notice a few potential issues:

* The description does not provide clear **steps to reproduce** the issue. While the reporter mentions ""After upgrading to Ubuntu 16.04"", it's not clear what specific actions are required to trigger the problem.
* There is no mention of **acceptance criteria**, which would help define what constitutes a successful resolution of the issue.

Considering these points, I conclude that the issue is missing essential information, specifically steps to reproduce and acceptance criteria.

Final Answer: Yes",e9703e35d599362f,llama3.1:8b,0,2026-06-17T12:00:19.457754,project_04,title_desc,incompleteness,few_shot_cot
ISSUE-250556,Remove unused and add missing includes,0,1,"Let's analyze the issue step by step:

1. **Steps to reproduce**: The description mentions that the IDE (CLion) highlights these issues locally, but it doesn't provide specific steps on how to reproduce the problem or trigger the automation tool.
2. **Expected vs actual behaviour**: The description explains the expected outcome of automating the cleanup and using the same tool in code reviews, which is to prevent unused includes from being introduced. However, it's not clear what the current actual behavior is (e.g., how many unused includes are causing issues).
3. **Acceptance criteria**: While the description mentions the benefits of automating the cleanup, it doesn't provide specific acceptance criteria for what constitutes a successful implementation.
4. **Affected components**: The issue seems to be related to the build process and code organization, but it's not clear which specific components or modules are affected.
5. **Environment details**: The description mentions CLion as the IDE, but it's not clear if this is the only environment where the issue occurs.

Considering these points, I would say that the issue is missing essential information such as steps to reproduce and acceptance criteria.

Final Answer: Yes",428526e01a09aaf0,llama3.1:8b,0,2026-06-17T12:00:22.888238,project_04,title_desc,incompleteness,few_shot_cot
ISSUE-251543,Audit all libmongoc and libbson calls for error handling,0,1,"Let's analyze the issue step by step:

1. **Steps to reproduce**: The description mentions ""several cases"" where error handling is missing, but it doesn't provide specific steps or examples of how to reproduce these issues.
2. **Expected vs actual behaviour**: The description states that errors should be handled, but it doesn't specify what the expected behavior is in terms of error handling (e.g., logging, retrying, etc.). It only mentions that errors are not currently being checked for.
3. **Acceptance criteria**: There is no clear statement of what constitutes ""handling"" errors or how to verify that all libmongoc and libbson calls have been audited and fixed.
4. **Affected components**: The description mentions specific libraries (libmongoc and libbson), which indicates the affected components are known, but it would be helpful to explicitly list them for clarity.
5. **Environment details**: There is no mention of any environment-specific requirements or constraints that might impact the audit.

Considering these points, I conclude that the issue is missing essential information, specifically steps to reproduce and acceptance criteria.

Final Answer: Yes",9b19c9f24ed3d5b0,llama3.1:8b,0,2026-06-17T12:00:26.114798,project_04,title_desc,incompleteness,few_shot_cot
ISSUE-250593,Update Travis tests from Ubuntu 14.04 and test against latest server,0,1,"Let's analyze the issue step by step:

1. **Steps to reproduce**: The issue description mentions a specific requirement from another ticket (CXX-2060), but it doesn't provide clear steps on how to reproduce the current issue or what actions are needed to update Travis tests.
2. **Expected vs actual behaviour**: The description explains the expected outcome after updating the Travis tests, which is that users can test against the latest MongoDB server without intervention. However, it's not explicitly stated what the actual behavior is (i.e., what happens currently).
3. **Acceptance criteria**: While the issue mentions a specific requirement from another ticket, it doesn't provide clear acceptance criteria for updating the Travis tests.
4. **Affected components**: The description mentions ""hosts"" and ""Travis"", but it's not explicitly stated which components are affected by this update.
5. **Environment details**: The issue mentions Ubuntu 14.04 and the latest MongoDB server, but it's not clear what other environment details are relevant to this update.

Considering these points, I would say that the issue is missing essential information such as steps to reproduce, expected vs actual behavior, acceptance criteria, affected components, or environment details.

Final Answer: Yes",303351e5c454e978,llama3.1:8b,0,2026-06-17T12:00:29.556213,project_04,title_desc,incompleteness,few_shot_cot
ISSUE-250638,Resync SDAM error handling spec tests,0,1,"Let's analyze the issue step by step:

1. **Steps to reproduce**: The description mentions a specific ticket number (DRIVERS-1234) that contains updated details, but it doesn't explicitly state how to reproduce the issue or what steps are required to trigger the error.
2. **Expected vs actual behaviour**: Although the description mentions ""error handling"", it doesn't clearly specify what the expected behavior is in terms of error handling for resyncing SDAM tests.
3. **Acceptance criteria**: There's no mention of specific acceptance criteria that would define when the issue is considered resolved.
4. **Affected components**: The description mentions a specific directory (""errors"" directory) and a ticket number (DRIVERS-1187), which implies that certain components or modules are affected, but it's not explicitly stated.
5. **Environment details**: There's no mention of any specific environment requirements or constraints related to the issue.

Based on this analysis, I would conclude that the issue is missing essential information such as steps to reproduce and acceptance criteria.

Final Answer: Yes",4a8e023106fcf8cd,llama3.1:8b,0,2026-06-17T12:00:32.730152,project_04,title_desc,incompleteness,few_shot_cot
ISSUE-251626,Misunderstanding about bsoncxx::document::element,0,1,"To determine whether the given software issue is INCOMPLETE, I will analyze it step by step.

1. **Steps to reproduce**: The description provides a code snippet that reproduces the issue, including specific operations and error handling. This suggests that the steps to reproduce are included.
2. **Expected vs actual behavior**: The description mentions an expected outcome (storing bsoncxx::document::element in containers) and an observed issue (SIGABRT signal). This indicates that both expected and actual behaviors are described.
3. **Acceptance criteria**: There is no explicit mention of acceptance criteria, such as what constitutes a successful or failed operation.
4. **Affected components**: The description mentions specific C++ classes and functions (bsoncxx::document::element, bsoncxx::type, mongocxx::cursor::iterator), which suggests that the affected components are identified.
5. **Environment details**: There is no explicit mention of environment-specific settings or configurations.

Based on this analysis, I conclude that the issue is missing essential information about acceptance criteria and possibly some environment details. However, it does provide steps to reproduce, expected vs actual behavior, and affected components.

Final Answer: Yes",7952eebec0ffce22,llama3.1:8b,0,2026-06-17T12:00:36.007127,project_04,title_desc,incompleteness,few_shot_cot
ISSUE-252399,on linux systems it is customary to use sonames when creating shared libraries,0,0,"To determine whether the given software issue is INCOMPLETE, I will analyze it step by step.

1. **Steps to reproduce**: The description mentions a patch and a commit hash, but there's no clear indication of how to reproduce the issue or verify its resolution. This could be considered incomplete because reproducing the issue might require additional context or steps that are not provided.
2. **Expected vs actual behaviour**: There is no explicit mention of what the expected behavior should be after applying the patch or why soname support is necessary in this context. The description seems to focus more on the implementation detail rather than the functional requirement.
3. **Acceptance criteria**: Without clear expectations about how the system should behave with soname support, it's hard to define acceptance criteria for this feature. This could be considered incomplete because defining what success looks like is crucial in software development.
4. **Affected components**: The description mentions ""shared libraries on linux,"" which implies that the affected component is likely related to library management or build processes within a Linux environment. However, without more context, it's hard to pinpoint exactly which components are involved.
5. **Environment details**: The issue specifically mentions Linux systems and shared libraries, providing some environmental context. However, considering the broad nature of ""shared",0654492686f09d2b,llama3.1:8b,0,2026-06-17T12:00:39.409072,project_04,title_desc,incompleteness,few_shot_cot
ISSUE-252510,Default Windows builds of the C++ client driver to use /MD,0,0,"To determine whether this issue is INCOMPLETE, let's analyze its components:

1. **Title**: ""Default Windows builds of the C++ client driver to use /MD"" - This title clearly indicates what the issue is about and seems sufficient.
2. **Description**: ""Since the windows driver will only be buildable as a DLL (see CXX-59), it makes no sense for that DLL to link the static runtime. The build system should always use the dynamic runtime when building the driver on windows."" - This description explains why using /MD is necessary and provides context, but it doesn't explicitly state steps to reproduce or expected vs actual behavior.
3. **Reproduction Steps**: There are no explicit reproduction steps mentioned in the description. However, based on the description, one might infer that reproducing this issue involves building the driver with a static runtime and observing its failure to link properly.
4. **Expected vs Actual Behaviour**: The description implies an expected behaviour (using dynamic runtime) but does not explicitly state it as such. It also mentions an actual problem (the need for /MD due to buildability issues).
5. **Acceptance Criteria**: There are no explicit acceptance criteria mentioned, which could include verifying that the driver builds successfully with the dynamic runtime.",a2fdd1667f4994d6,llama3.1:8b,0,2026-06-17T12:00:42.939540,project_04,title_desc,incompleteness,few_shot_cot
ISSUE-251377,Implement unit tests for GridFS options and result classes,0,1,"To determine whether this software issue is INCOMPLETE, I will analyze it step by step:

1. **Steps to reproduce**: The description does not mention any specific steps or scenarios that would trigger the need for unit tests. This could be a missing piece of information.
2. **Expected vs actual behaviour**: There's no clear indication of what the expected behavior of these unit tests should be, making it hard to assess their completeness without more context.
3. **Acceptance criteria**: The description does not specify any acceptance criteria that would define when the implementation is complete or satisfactory.
4. **Affected components**: While we know the affected classes (GridFS options and result classes), there's no mention of which specific parts of the system these tests will impact or how they fit into the broader architecture.
5. **Environment details**: There are no specifics about the environment in which these unit tests should be run, such as any dependencies that need to be set up.

Given this analysis, it appears that the issue is missing several key pieces of information necessary for a complete understanding and implementation plan.

Final Answer: Yes",063486b8feac5819,llama3.1:8b,0,2026-06-17T12:00:46.083532,project_04,title_desc,incompleteness,few_shot_cot
ISSUE-252499,ScopedDbConnection not being returned to the pool,0,0,"To determine whether the given software issue is INCOMPLETE, I will analyze it step by step:

1. **Steps to reproduce**: The description provides a code snippet that reproduces the issue, so this requirement is met.
2. **Expected vs actual behavior**: Although not explicitly stated as ""expected"" and ""actual,"" the description implies that the connection should be returned to the pool but isn't, which indicates an understanding of the expected behavior. However, it would be clearer if the expected behavior was explicitly stated.
3. **Acceptance criteria**: There are no clear acceptance criteria provided for what constitutes a successful resolution of this issue. Acceptance criteria typically outline specific conditions that must be met to consider the issue resolved.
4. **Affected components**: The description mentions ""mongo::ScopedDbConnection,"" which suggests that the MongoDB driver or its configuration is affected, but it's not explicitly stated.
5. **Environment details**: While there are some environment details mentioned (e.g., replicaset setup), more specific information about the environment could be helpful for debugging and reproducing the issue.

Given these observations:

- The steps to reproduce are provided.
- Although somewhat implicit, the expected behavior is described.
- Acceptance criteria are missing.
- Affected components are not explicitly stated but",2c7c9cb78853d6af,llama3.1:8b,0,2026-06-17T12:00:49.571787,project_04,title_desc,incompleteness,few_shot_cot
ISSUE-252183,DBClientWithCommands::reIndex should not use getSystemIndexesCollection,0,0,"Let's analyze the issue step by step:

1. **Steps to reproduce**: The description mentions a specific method `reIndex` and its current behavior, but it doesn't provide explicit steps to reproduce the issue. However, based on the context, it seems that reproducing this issue would involve calling the `reIndex` method and observing its behavior.
2. **Expected vs actual behaviour**: The description clearly states what is expected (not using the system index collection) and what is currently happening (using the system index collection). This meets the requirement for describing the expected vs actual behavior.
3. **Acceptance criteria**: Although not explicitly stated, it can be inferred that the acceptance criterion would be that the `reIndex` method does not use the system index collection when possible.
4. **Affected components**: The description mentions a specific class (`DBClientWithCommands`) and its method (`reIndex`). This implies that the affected component is this class and possibly other related classes or methods.
5. **Environment details**: There are no explicit environment details mentioned, but based on the context, it seems that this issue would be relevant to any environment where the `DBClientWithCommands` class is used.

Considering these points, I conclude that the issue is not missing essential information",6d39434ed163b76e,llama3.1:8b,0,2026-06-17T12:00:53.148010,project_04,title_desc,incompleteness,few_shot_cot
ISSUE-251644,C++11 driver 3.0.1 so much slower than legacy C++ driver 2.6.11?,0,-1,"To determine whether the issue is INCOMPLETE, let's analyze its components:

1. **Title**: The title clearly states the problem: ""C++11 driver 3.0.1 so much slower than legacy C++ driver 2.6.11?"" - This gives a clear understanding of what the issue is about.
   
2. **Description**: The description provides more details on the comparison between the two drivers, including specific performance metrics (41 seconds vs over 189 seconds) for writing documents to MongoDB. It also mentions that this was done with ""simple document"" and implies a test or benchmarking scenario.

3. **Reproduction Steps**: While not explicitly stated as ""reproduce these steps,"" the description implies a reproducible scenario: comparing the performance of two specific versions of the C++ driver under identical conditions (writing 2 million simple documents to MongoDB).

4. **Expected vs Actual Behaviour**: The issue clearly states that the actual behaviour (C++11 driver 3.0.1 taking more than 189 seconds) is slower than the expected behaviour (legacy C++ driver 2.6.11 taking 41 seconds), which is a direct comparison of performance.

5. **Acceptance Criteria**: While not explicitly stated, the issue implies that",3b4c9e96654fa96e,llama3.1:8b,0,2026-06-17T12:00:56.912060,project_04,title_desc,incompleteness,few_shot_cot
ISSUE-251455,Provide more user-friendly constructor or factory function for builder::core,0,1,"Let's analyze the issue step by step:

1. **Steps to reproduce**: The issue description does not mention any specific steps to reproduce the problem or scenario where this improvement is needed.
2. **Expected vs actual behaviour**: The issue description mentions that the existing constructor takes a required boolean parameter, which might be considered ""not user-friendly"". However, it doesn't explicitly state what the expected behavior should be after deprecating the existing constructor and introducing new ones.
3. **Acceptance criteria**: While the issue description provides some context about the desired improvement (providing more user-friendly constructors or factory functions), it does not specify clear acceptance criteria for evaluating whether this change is successful.
4. **Affected components**: The issue mentions ""builder::core"", which suggests that this component will be affected by the proposed changes. However, there might be other components or dependencies that are also impacted.
5. **Environment details**: There is no mention of specific environments (e.g., development, testing, production) where these changes should be applied.

Based on this analysis, I conclude that the issue is missing essential information such as steps to reproduce and acceptance criteria.

Final Answer: Yes",3a30e5ea6d097f4b,llama3.1:8b,0,2026-06-17T12:01:00.223146,project_04,title_desc,incompleteness,few_shot_cot
ISSUE-251387,Configurable connect timeout in C++ driver. Currently fixed at 5 secs.,0,1,"Let's analyze the issue step by step:

1. **Title**: The title clearly states what the issue is about: ""Configurable connect timeout in C++ driver"".
2. **Description**: The description provides some context and explains that the current implementation has a fixed connect timeout of 5 seconds, which is not configurable.
3. **Reasoning**:
	* We have a clear problem statement (connect timeout is not configurable).
	* We know what the expected behavior should be (configurable connect timeout).
	* However, we are missing some essential information:
		+ Steps to reproduce: How can we test that the connect timeout is indeed fixed at 5 seconds? What specific actions should we take?
		+ Affected components: Which parts of the codebase will need to be modified to implement a configurable connect timeout?
		+ Environment details: Are there any specific environments or configurations where this issue is more critical?

Based on this analysis, I would say that the issue is missing some essential information, specifically steps to reproduce and affected components.

Final Answer: Yes",88374fd4f0ab76d6,llama3.1:8b,0,2026-06-17T12:01:03.350977,project_04,title_desc,incompleteness,few_shot_cot
ISSUE-251857,string_view.data() is unsafe,0,0,"To determine whether the given software issue is INCOMPLETE, I will analyze it step by step:

1. **Steps to reproduce**: The issue description does not explicitly mention steps to reproduce the problem. However, it provides a link to a GitHub discussion that might contain relevant information. Since the reproduction steps are not directly provided in the issue description, this could be considered incomplete.

2. **Expected vs actual behaviour**: The issue clearly states what is expected (null-terminated strings) and what is actually happening (string_view.data() isn't guaranteed to return null-terminated strings). This part of the information is complete.

3. **Acceptance criteria**: There are no explicit acceptance criteria mentioned in the description, which could be considered incomplete for a thorough analysis or implementation plan.

4. **Affected components**: The issue mentions ""all places we pass strings from string_view's through to the C driver,"" indicating that it affects specific parts of the codebase interacting with the C driver. This information is somewhat provided but might not be detailed enough without further context, which could be considered incomplete for a precise analysis.

5. **Environment details**: There are no explicit environment details mentioned in the description, such as operating system, compiler versions, or any other relevant environmental factors that might influence the issue",b485c477ab8c7fe0,llama3.1:8b,0,2026-06-17T12:01:06.826168,project_04,title_desc,incompleteness,few_shot_cot
ISSUE-251284,Add RHEL 7 Evergreen builder,0,1,"Let's analyze the issue step by step:

1. **Title**: The title clearly indicates what is being requested: adding a new builder for RHEL 7.
2. **Description**: The description explains the context and reason for requesting this feature, mentioning that there will be a gap in coverage after removing the RHEL 5.5 builder (CXX-1330).
3. **Missing information**:
	* **Steps to reproduce**: Not provided.
	* **Expected vs actual behaviour**: Expected behavior is not explicitly stated; it's implied that the new builder should cover the gap left by the removed RHEL 5.5 builder, but this needs clarification.
	* **Acceptance criteria**: Not specified.
	* **Affected components**: The description mentions a specific issue (CXX-1330) and implies involvement with builders, but doesn't explicitly state which components are affected.
	* **Environment details**: While it mentions RHEL 7, there's no detailed information on the environment requirements for this new builder.

Given these observations, the issue is missing essential information such as steps to reproduce, expected vs actual behavior, acceptance criteria, and environment details. Therefore,

Final Answer: Yes",6080994cb5b3dcd3,llama3.1:8b,0,2026-06-17T12:01:10.262878,project_04,title_desc,incompleteness,few_shot_cot
ISSUE-250698,Properly deprecate create_collection methods,0,0,"To determine whether this issue is INCOMPLETE, let's analyze it step by step:

1. **Steps to reproduce**: The description mentions that the methods were documented as deprecated but never tagged with a deprecation attribute. However, it doesn't explicitly state how to reproduce the issue or what specific actions would trigger the problem.

2. **Expected vs actual behaviour**: The description implies there's an expected behavior (methods should be tagged with a deprecation attribute) and an actual behavior (they weren't). This is somewhat clear but could benefit from more detail on what exactly was expected in terms of user experience or system behavior when using these deprecated methods.

3. **Acceptance criteria**: There are no explicit acceptance criteria mentioned, which would typically include specific conditions under which the deprecation attribute should be applied and how it affects users' code.

4. **Affected components**: The description mentions ""create_collection methods,"" but it's not clear what other components or systems might be affected by this issue.

5. **Environment details**: There are no environment-specific details mentioned, such as whether this is a problem in development, testing, production, or all environments.

Given these observations, the issue seems to lack detailed steps to reproduce and explicit acceptance criteria, which are crucial for understanding how to address",5394b6ac06a304a5,llama3.1:8b,0,2026-06-17T12:01:13.863001,project_04,title_desc,incompleteness,few_shot_cot
ISSUE-250784,Allow authentication to all server types except arbiters,0,1,"To determine whether the given software issue is INCOMPLETE, I will analyze it step by step.

1. **Steps to reproduce**: The description contains a script that attempts to fetch data from an external URL. However, this does not explicitly describe how to reproduce the issue or what specific actions should be taken to trigger the problem.
2. **Expected vs actual behaviour**: There is no clear statement of expected behavior versus actual behavior. It's unclear what the desired outcome is for authentication across different server types except arbiters.
3. **Acceptance criteria**: The description does not specify any acceptance criteria, which are essential for understanding what constitutes a successful implementation of this feature.
4. **Affected components**: While it mentions ""all server types except arbiters,"" it doesn't clearly identify the specific components or systems that will be affected by this change.
5. **Environment details**: There's no mention of the environment in which this issue is occurring, such as the version of the software, operating system, or any other relevant details.

Given these observations, I conclude that the issue lacks essential information for a complete understanding and implementation of the requested feature.

Final Answer: Yes",902e738548aec6e2,llama3.1:8b,0,2026-06-17T12:01:17.097129,project_04,title_desc,incompleteness,few_shot_cot
ISSUE-252291,MongoDB exception 17234,0,1,"Let's analyze the issue step by step:

1. **Steps to reproduce**: The description mentions that the issue cannot be reproduced on any of the development systems. This is a significant red flag because it implies that the steps to reproduce are not well-defined or understood.
2. **Expected vs actual behavior**: The description states what happens when the error occurs (the system can never connect to Mongo), but it does not clearly state what the expected behavior should be in this scenario.
3. **Acceptance criteria**: There is no clear statement of acceptance criteria for resolving this issue, such as ""the installer should successfully update the database without encountering MongoDB exception 17234.""
4. **Affected components**: The description mentions that the installer and Mongo are affected, but it does not provide a clear list of all impacted components.
5. **Environment details**: While the description provides some context about the systems where the issue occurs (e.g., ""on a few systems""), it is unclear what specific environment variables or configurations might be relevant to reproducing the issue.

Considering these points, I conclude that the issue is missing essential information, particularly steps to reproduce and acceptance criteria. Therefore:

Final Answer: Yes",f64e989227c9acb8,llama3.1:8b,0,2026-06-17T12:01:20.487709,project_04,title_desc,incompleteness,few_shot_cot
ISSUE-250878,bsoncxx:to_json causes double value to truncate,0,0,"Let's analyze the given software issue step by step:

1. **Steps to reproduce**: The issue description includes a code snippet that demonstrates the problem. This is sufficient for reproduction.
2. **Expected vs actual behavior**: The description clearly states what the expected output should be, which is non-truncated double values.
3. **Acceptance criteria**: Although not explicitly stated as ""acceptance criteria,"" the expected output can be considered as a form of acceptance criterion.
4. **Affected components**: The issue mentions specific libraries (libbsoncxx and libbson) and their versions, indicating that these are the affected components.
5. **Environment details**: The description includes information about the code snippet used to reproduce the issue, but it does not explicitly mention any environment-specific details.

Considering these points, I would say that the issue is missing some essential information, such as:

* A clear statement of what constitutes a ""fix"" for this issue (i.e., how the behavior should change)
* More detailed acceptance criteria
* Environment-specific details

However, upon closer inspection, I realize that the description does provide a code snippet and expected output, which can be considered sufficient to understand the problem.

Therefore, my final answer is:

Final Answer: No",e8022b7b12dd6167,llama3.1:8b,0,2026-06-17T12:01:24.040494,project_04,title_desc,incompleteness,few_shot_cot
ISSUE-252519,Apply endian conversions where necessary in the C++ driver bson library,0,0,"To determine whether this issue is INCOMPLETE, let's analyze it step by step:

1. **Steps to reproduce**: The description does not explicitly mention steps to reproduce the problem or how to verify that the driver is indeed unusable on big-endian systems. However, given the technical nature of the issue and the specific reference to encoding integers and doubles in a C++ library, it's reasonable to assume that reproducing this issue would involve compiling and testing the driver on a big-endian system.

2. **Expected vs actual behaviour**: The description clearly states what is expected (the driver should be usable on big-endian systems) and what currently happens (it assumes little-endian). This meets the requirement for describing expected behavior.

3. **Acceptance criteria**: While there's no explicit mention of acceptance criteria, the description implies that the ability to use the driver on a big-endian system is the key criterion for success. However, it would be beneficial to have this explicitly stated for clarity and completeness.

4. **Affected components**: The issue specifically mentions the C++ driver bson library, which clearly identifies the affected component.

5. **Environment details**: The description implies that the environment in question is a big-endian system, but it's not explicitly stated how this",2734a77b80c38111,llama3.1:8b,0,2026-06-17T12:01:27.538765,project_04,title_desc,incompleteness,few_shot_cot
ISSUE-250634,Use sort when verifying contents of outcome collections,0,-1,"Let's analyze the issue step by step:

1. **Title**: ""Use sort when verifying contents of outcome collections"" - This is a clear and concise title that indicates what the issue is about.
2. **Description**: The description provides context and explains why this change is needed (i.e., because the server doesn't guarantee order). It also mentions two possible solutions and references another ticket for more information.
3. **Missing information**:
	* **Steps to reproduce**: Not explicitly mentioned, but it's not strictly necessary in this case since the issue is about a design decision rather than a bug that needs reproducing.
	* **Expected vs actual behaviour**: The description mentions two possible solutions and explains why they're needed, so we can infer what the expected behavior should be (i.e., to sort the results).
	* **Acceptance criteria**: Not explicitly mentioned, but it's not clear what specific acceptance criteria would be required for this issue.
	* **Affected components**: Not explicitly mentioned, but it seems like this is a change that affects spec test runners.
	* **Environment details**: Not explicitly mentioned, and it's unlikely to be relevant in this case.

Based on the analysis, I think the issue is missing some essential information, such as acceptance",daee09537cf3cc95,llama3.1:8b,0,2026-06-17T12:01:31.032251,project_04,title_desc,incompleteness,few_shot_cot
ISSUE-251786,coll.drop() throws if collection doesn't exist,0,0,"Let's analyze the issue step by step:

1. **Title**: The title clearly describes the problem and is concise.
2. **Description**: The description explains the current behavior and the desired behavior, which is that `coll.drop()` should not throw an error if the collection doesn't exist.
3. **Expected vs Actual Behaviour**: The description mentions the expected behavior (no error) and the actual behavior (error thrown).
4. **Steps to reproduce**: Although it's not explicitly stated, we can infer that reproducing this issue involves creating a collection and then calling `coll.drop()` on it without checking if the collection exists.
5. **Acceptance criteria**: The description implies that the acceptance criterion is that `coll.drop()` should not throw an error when called on a non-existent collection.
6. **Affected components**: Although not explicitly mentioned, we can assume that this issue affects the MongoDB driver or library being used.
7. **Environment details**: There are no specific environment details mentioned, but it's likely that this issue is related to a specific version of the MongoDB driver or library.

Based on this analysis, I conclude that the issue is complete because:

* It has a clear title and description
* It describes the expected vs actual behavior
* We can infer",4e0a8b01cc1b551b,llama3.1:8b,0,2026-06-17T12:01:34.496968,project_04,title_desc,incompleteness,few_shot_cot
ISSUE-251038,Provide Transactions example for Docs,0,0,"Let's analyze the issue step by step:

1. **Title**: ""Provide Transactions example for Docs""
	* The title is clear and concise.
2. **Description**:
	* The description provides context about what is being requested: adding driver examples to specific sections in the documentation.
	* It also includes a detailed explanation of the expected content, including code snippets for different scenarios (Intro Example 1, Retry Examples 1-3).
3. **Reproduction steps**: Not explicitly mentioned, but implied through the provided code snippets.
4. **Expected vs actual behavior**:
	* The description clearly states what is expected: adding specific examples to the documentation.
	* There is no mention of any actual behavior or issues that need to be addressed.
5. **Acceptance criteria**: Not explicitly mentioned, but it can be inferred that the acceptance criteria would involve reviewing the updated documentation and verifying that the examples are accurate and complete.
6. **Affected components**:
	* The issue affects the documentation (specifically, the Drivers section and the Retry section).
7. **Environment details**:
	* There is no mention of specific environment requirements or constraints.

Based on this analysis, I would say that the issue is missing essential information such as reproduction steps, expected",fb54fe456e250112,llama3.1:8b,0,2026-06-17T12:01:38.106562,project_04,title_desc,incompleteness,few_shot_cot
ISSUE-250701,spec tests that run count should not use estimated count helper,0,0,"To determine whether the given software issue is INCOMPLETE, I will analyze it step by step:

1. **Steps to reproduce**: The description mentions that the current method cannot take a filter or a session, but it does not provide specific steps on how to reproduce this issue or what exactly happens when trying to use the helper method in question.

2. **Expected vs actual behaviour**: The description explains the expected behavior (to run the count command directly) and contrasts it with the actual behavior (using an estimated count helper that cannot take a filter or session). This indicates there is clarity on both ends of what should happen versus what does happen.

3. **Acceptance criteria**: While not explicitly listed as ""acceptance criteria,"" the description implies certain conditions for acceptance, such as being able to run the count command directly without issues related to filters or sessions.

4. **Affected components**: The issue is specifically about changing the C++ driver's spec test runner, which indicates that the affected component is clearly identified as part of the C++ driver.

5. **Environment details**: There are no specific environment details mentioned in the description that would indicate a need for additional information to understand or reproduce the issue.

Given this analysis, while there might be some minor omissions (such as explicit",54b3f619ed7336e9,llama3.1:8b,0,2026-06-17T12:01:41.629003,project_04,title_desc,incompleteness,few_shot_cot
ISSUE-250622,Remove the compatibility matrixes from documentation,0,0,"To determine whether the given software issue is INCOMPLETE, I will analyze it step by step:

1. **Steps to reproduce**: The issue description does not explicitly mention steps to reproduce the problem or scenario where the compatibility matrices are causing issues. However, this might be implicit in the context of documentation maintenance and updating links.

2. **Expected vs actual behaviour**: The issue clearly states what is expected (removing the matrices and linking directly) but does not specify the actual current behavior that necessitates this change. This lack of detail about the current state makes it slightly incomplete, as understanding why these matrices are being removed is crucial for implementing the solution correctly.

3. **Acceptance criteria**: There's no explicit mention of acceptance criteria in the description. Acceptance criteria would typically outline what constitutes a successful removal and linking process, such as ensuring all links are updated correctly or that there are no broken links after the change.

4. **Affected components**: The issue mentions specific URLs (http://mongocxx.org/, http://mongocxx.org/api/current/, https://docs.mongodb.com/drivers/cxx) which implies affected documentation components. However, it does not explicitly state what other components might be impacted by this change, such as the documentation build process or any automated tests.

5",3ae49859b88d425d,llama3.1:8b,0,2026-06-17T12:01:45.068227,project_04,title_desc,incompleteness,few_shot_cot
ISSUE-251804,Add ability to use document::view with stream builder,0,0,"To determine whether the given software issue is INCOMPLETE, I will analyze it step by step:

1. **Steps to reproduce**: The description provides specific code snippets that demonstrate the problem. This indicates that steps to reproduce are included.
2. **Expected vs actual behavior**: Although not explicitly stated as ""expected"" and ""actual,"" the description clearly outlines what should work (using `document::view` with `stream builder`) versus what currently happens (needing workarounds). This implies a comparison of expected and actual behavior.
3. **Acceptance criteria**: While there's no explicit mention of acceptance criteria, the description suggests that the ability to use `document::view` with `stream builder` without needing workarounds is considered desirable (""it would be nice if..."").
4. **Affected components**: The issue seems to be related to a specific part of the code (the core builder and its append overload), but it's not explicitly stated which components are affected.
5. **Environment details**: There's no mention of any environment-specific requirements or constraints.

Given this analysis, I conclude that while the issue is well-described in terms of what doesn't work as expected and how to reproduce the problem, there's a lack of explicit information on acceptance criteria and affected components",d88075e8d26e6e8f,llama3.1:8b,0,2026-06-17T12:01:48.560766,project_04,title_desc,incompleteness,few_shot_cot
ISSUE-252468,10gen repo for ubuntu does not provide mongodb-10gen-devel package,0,0,"Let's analyze the issue step by step:

1. **Steps to reproduce**: The description provides two URLs that demonstrate the problem: one for the package repository and another for the installation tutorial. This suggests that the steps to reproduce are implicit in the description, but they can be extracted from the URLs.
2. **Expected vs actual behavior**: The issue describes the expected behavior (having a -devel package available) and the actual behavior (not having it). This is clear.
3. **Acceptance criteria**: While not explicitly stated, we can infer that the acceptance criterion is to have the -devel package available in the repository for Ubuntu.
4. **Affected components**: The issue mentions the ""10gen repo"" and the ""mongodb-10gen-devel package"", which implies that these are the affected components.
5. **Environment details**: The issue specifies the environment (Ubuntu) and mentions a specific version of MongoDB.

Considering these points, I would say that the issue is not missing any essential information. While it could benefit from more explicit steps to reproduce and acceptance criteria, the description provides enough context for someone to understand the problem and potentially resolve it.

Final Answer: No",0e393cc87cd71bb9,llama3.1:8b,0,2026-06-17T12:01:51.897140,project_04,title_desc,incompleteness,few_shot_cot
ISSUE-251978,Unable to compile new CXX driver,0,0,"To determine whether the given software issue is INCOMPLETE, I will analyze it step by step.

1. **Steps to reproduce**: The description provides a detailed compilation error message with specific file paths and line numbers. This suggests that the steps to reproduce the issue are included in the description.
2. **Expected vs actual behavior**: Although not explicitly stated as ""expected"" and ""actual,"" the description implies that there is an expected behavior (compilation without errors) and an actual behavior (compilation with errors). The error message itself indicates what went wrong, which can be inferred as the actual behavior.
3. **Acceptance criteria**: There are no explicit acceptance criteria mentioned in the issue description. Acceptance criteria typically define what constitutes a successful outcome or completion of the task. Without these, it's unclear what exactly needs to happen for this issue to be considered resolved.
4. **Affected components**: The description mentions specific files and directories involved in the compilation process (e.g., `mongocxx`, `bulk_write.cpp.o`, `/home/eloise/Downloads/mongo-cxx-driver/src/mongocxx/private/libmongoc.hpp`). This suggests that the affected components are identified.
5. **Environment details**: The description includes specific file paths and directory structures, which",46227c6bbe2a5d11,llama3.1:8b,0,2026-06-17T12:01:55.484523,project_04,title_desc,incompleteness,few_shot_cot
ISSUE-252023,Backport server r3.0.0-rc6..r3.0.1 changes,0,1,"Let's analyze the issue step by step:

1. **Steps to reproduce**: The description doesn't mention any specific steps to reproduce the issue or how to verify it.
2. **Expected vs actual behaviour**: There is no clear statement of what the expected behavior should be after backporting the changes, nor is there a description of the current (actual) behavior that needs to be fixed.
3. **Acceptance criteria**: The description mentions ""almost certainly"" tracking bugfixes, but it's not clear what specific conditions or criteria would indicate success in this task.
4. **Affected components**: It's mentioned that the legacy driver is affected, but there's no information about other potentially impacted components or systems.
5. **Environment details**: There are no environment-specific requirements or constraints mentioned.

Given these observations, I conclude that the issue is missing essential information to be considered complete.

Final Answer: Yes",23d0a307241e8e79,llama3.1:8b,0,2026-06-17T12:01:58.300598,project_04,title_desc,incompleteness,few_shot_cot
ISSUE-252444,OID::init and mongo::jsTime unresolved in shared client (.so),0,-1,"To determine whether the given software issue is INCOMPLETE, let's analyze it step by step:

1. **Steps to reproduce**: The description mentions specific steps that led to the issue, such as building an application with the shared client and observing unresolved symbols. This indicates that reproduction steps are provided.

2. **Expected vs actual behaviour**: Although not explicitly stated in a traditional ""expected"" vs ""actual"" format, it's clear from the description that there is an expected outcome (symbols should be resolved) and an observed issue (symbols remain unresolved).

3. **Acceptance criteria**: There isn't explicit mention of acceptance criteria, which typically outlines what constitutes successful resolution of the issue.

4. **Affected components**: The description mentions specific files (OID.cpp) and libraries (mongo::jsTime), indicating that affected components are identified.

5. **Environment details**: The description includes information about the git tag used (legacy-0.0=26compat-2.6.0-rc1) and a comparison with another environment (the legacy branch), suggesting that environment details are provided.

Given this analysis, while there might be some minor omissions or lack of clarity in certain areas, the issue description appears to cover most essential information needed for resolution, including steps to reproduce",a585a4a74451d53e,llama3.1:8b,0,2026-06-17T12:02:01.761931,project_04,title_desc,incompleteness,few_shot_cot
ISSUE-250789,mongocxx::uri call works with c char* parameter but not with c++ string parameter,0,-1,"Let's analyze the given software issue step by step:

1. **Title**: The title of the issue is clear and concise: ""mongocxx::uri call works with c char* parameter but not with c++ string parameter"". This suggests that the issue is related to a specific function or method in the mongocxx library.

2. **Description**: The description provides more context about the problem, including:
	* A comparison of two different ways to pass parameters to the `mongocxx::uri` function: one using a C-style char* and the other using a C++ string.
	* An explanation that the first approach works, but the second approach crashes with a null pointer exception.
	* A mention of an attached file containing error messages.

3. **Reproduction steps**: Although not explicitly stated as ""steps to reproduce"", the description provides enough information for someone else to replicate the issue:
	* Use the `mongocxx::uri` function with a C-style char* parameter (e.g., `ServerSetup::mongoUri().c_str()`).
	* Compare this with using a C++ string parameter (e.g., `ServerSetup::mongoUri()`).

4. **Expected vs actual behavior**: The description clearly states the expected behavior",e1dafba7b92011b0,llama3.1:8b,0,2026-06-17T12:02:05.338259,project_04,title_desc,incompleteness,few_shot_cot
ISSUE-251675,legacy driver fails to build on FreeBSD,0,0,"Let's analyze the issue step by step:

1. **Steps to reproduce**: The description mentions trying to compile the driver on FreeBSD and failing with a specific error message. This implies that reproduction steps are provided.
2. **Expected vs actual behaviour**: Although not explicitly stated, it can be inferred from the context that the expected behavior is for the driver to build successfully on FreeBSD, while the actual behavior is that it fails with an error message.
3. **Acceptance criteria**: There is no explicit mention of acceptance criteria, but based on the description, one could infer that successful compilation on FreeBSD would be considered a pass.
4. **Affected components**: The issue mentions a specific driver (mongo-cxx-driver) and a platform (FreeBSD), so it's clear which components are affected.
5. **Environment details**: The description provides some context about the environment, including the error message and a link to a build log.

Considering these points, I would say that the issue is not missing any essential information. While there might be some implicit assumptions or inferences required to fully understand the issue, it appears to be complete based on the provided details.

Final Answer: No",8a8d14ac683808fc,llama3.1:8b,0,2026-06-17T12:02:08.664058,project_04,title_desc,incompleteness,few_shot_cot
ISSUE-252109,Expose the ability to explicitly refresh the state of a replica set member,0,1,"Let's analyze the issue step by step:

1. **Steps to reproduce**: The description mentions ""at any time"" and ""request that a monitor check its server immediately"", which implies that there is some specific action or sequence of actions that can be taken to reproduce the behavior. However, it does not provide explicit steps on how to do this.
2. **Expected vs actual behaviour**: The issue statement describes what the expected behavior should be (""At any time, the client can request...""), but it does not explicitly state what the current (actual) behavior is.
3. **Acceptance criteria**: There are no clear acceptance criteria mentioned in the description.
4. **Affected components**: While the description mentions ""replica set member"", it does not specify which specific components or modules will be affected by this feature.
5. **Environment details**: The description does not provide any information about the environment in which this feature should work.

Based on these observations, I conclude that the issue is missing essential information such as steps to reproduce, expected vs actual behavior, acceptance criteria, and environment details.

Final Answer: Yes",7fb8943cc9311586,llama3.1:8b,0,2026-06-17T12:02:11.741570,project_04,title_desc,incompleteness,few_shot_cot
ISSUE-252006,Creating BSON from JSON,0,1,"Let's analyze the issue step by step:

1. **Title**: ""Creating BSON from JSON"" is clear and concise.
2. **Description**: The description explains the problem and provides some context about why this feature would be useful.
3. **Missing information**:
	* **Steps to reproduce**: Not provided, but it's not entirely necessary in this case since the issue is quite straightforward.
	* **Expected vs actual behaviour**: The expected behavior is clear: creating a BSON object from JSON text. However, there's no explicit mention of the actual behavior (i.e., what happens when you try to create a BSON object from JSON).
	* **Acceptance criteria**: Not explicitly stated, but it can be inferred that the feature should allow creating a BSON object from any valid JSON string.
	* **Affected components**: Not mentioned, which is a minor omission.
	* **Environment details**: Not provided, but this might not be crucial for this specific issue.

Considering these points, I would say that the issue is missing some essential information, particularly the expected vs actual behavior and acceptance criteria. However, it's not entirely incomplete since the problem statement is clear, and the context provides a good understanding of what's being asked.

**Final Answer: Yes**",7a6c306a7967f629,llama3.1:8b,0,2026-06-17T12:02:15.301472,project_04,title_desc,incompleteness,few_shot_cot
ISSUE-250966,cursor::begin() is invalid after using std::distance,0,0,"To determine whether the given software issue is INCOMPLETE, let's analyze it step by step:

1. **Steps to reproduce**: The description provides detailed steps on how the user attempted to understand and use the iterators of mongo-cxx-driver, including creating a document, inserting it into a collection, waiting for two seconds, searching all documents, and then testing the cursor with `std::distance`. This is considered complete.

2. **Expected vs actual behavior**: The description clearly states that after using `std::distance`, the user observed an unexpected change in the `begin()` iterator of the cursor, which they found confusing as to whether it was a bug or their usage error. This indicates both expected and actual behaviors are described.

3. **Acceptance criteria**: There is no explicit mention of acceptance criteria for this issue. Acceptance criteria typically outline what constitutes successful completion of an issue, but in this case, the focus seems more on understanding behavior rather than testing against specific outcomes.

4. **Affected components**: The description mentions `mongo-cxx-driver`, which implies that the affected component is the driver itself or its iterators functionality.

5. **Environment details**: While there's no explicit mention of environment specifics (e.g., operating system, version of mongo-cxx-driver),",2862ce993288d909,llama3.1:8b,0,2026-06-17T12:02:18.832676,project_04,title_desc,incompleteness,few_shot_cot
ISSUE-250973,bsoncxx::to_json() do not support GBK,0,0,"Let's analyze the issue step by step:

1. **Steps to reproduce**: The description mentions a specific code snippet and an error message that occurs when running this code. This implies that the steps to reproduce the issue are provided.
2. **Expected vs actual behavior**: Although not explicitly stated, it can be inferred from the context that the expected behavior is for `bsoncxx::to_json()` to support GBK encoding, while the actual behavior is that it does not.
3. **Acceptance criteria**: There is no explicit mention of acceptance criteria, but based on the description, we can infer that the issue is about fixing the error and getting the correct output from `bsoncxx::to_json()`.
4. **Affected components**: The affected component is mentioned as `bsoncxx::to_json()` within the MongoDB driver.
5. **Environment details**: Although not explicitly stated, it can be inferred that the environment is a development setup with the mongocxx-driver-3.2.0 installed.

Considering these points, I would say that this issue is missing some essential information, such as:

* A clear description of what ""GBK"" encoding means in this context.
* More details about the expected output from `bsoncxx::to_json()`.
* Possibly more environment",205413ecefb7c9a3,llama3.1:8b,0,2026-06-17T12:02:22.351890,project_04,title_desc,incompleteness,few_shot_cot
ISSUE-251233,Investigate issues with load path for macos-1012 variant,0,0,"To determine whether the given software issue is INCOMPLETE, I will analyze it step by step:

1. **Steps to reproduce**: The description mentions that there are issues with the load path for a specific MacOS variant, but it does not explicitly state how to reproduce these issues or what steps were taken to identify them.

2. **Expected vs actual behaviour**: The issue is about figuring out why a certain manual adjustment (adding the DYLD_LIBRARY_PATH variable) is necessary and finding a way to avoid it. This implies there's an expected behavior of automatically finding the dylib without needing this manual step, but it doesn't explicitly state what the ""actual"" behavior is in terms of error messages or outcomes.

3. **Acceptance criteria**: There are no clear acceptance criteria mentioned for resolving this issue. What constitutes a successful resolution? Is it being able to load projects without manually setting DYLD_LIBRARY_PATH?

4. **Affected components**: The description mentions MacOS 10.12 and the example projects, but it doesn't explicitly state which components or modules of the software are affected by these issues.

5. **Environment details**: While there's a mention of MacOS 10.12, the environment details could be more comprehensive. For instance, what about other versions of MacOS? Are",cba1921737aa82f6,llama3.1:8b,0,2026-06-17T12:02:25.769101,project_04,title_desc,incompleteness,few_shot_cot
ISSUE-252108,ReplicaSetMonitor should monitor arbiters,0,1,"Let's analyze the issue step by step:

1. **Steps to reproduce**: The description does not explicitly mention steps to reproduce the issue or scenario where ReplicaSetMonitor should monitor arbiters.
2. **Expected vs actual behavior**: The description mentions that Mongos 2.6 does not monitor arbiters, but it is expected to do so. This implies a clear understanding of the desired behavior and the current implementation's shortcomings.
3. **Acceptance criteria**: Although not explicitly stated as acceptance criteria, the description provides a clear justification for why monitoring arbiters is necessary (e.g., in case all data members are moved to new hosts quickly).
4. **Affected components**: The issue specifically mentions ReplicaSetMonitor, which implies that this component needs to be modified or updated.
5. **Environment details**: There is no mention of specific environment requirements or constraints.

Considering these points, the issue seems to be missing explicit steps to reproduce and acceptance criteria (although the justification provided can be inferred as implicit acceptance criteria). However, it does provide a clear understanding of the expected behavior, actual behavior, affected components, and some context about the environment.

Final Answer: Yes",a7e0b32d356f9fb6,llama3.1:8b,0,2026-06-17T12:02:29.071700,project_04,title_desc,incompleteness,few_shot_cot
ISSUE-250839,Add mongodb+srv URIs to Atlas Connectivity tests,0,0,"To determine whether the given software issue is INCOMPLETE, I will analyze it step by step.

1. **Steps to reproduce**: The description contains a script that auto-populates the ticket description on page load. However, there's no clear indication of how to manually trigger this or what specific actions lead to the desired outcome (adding MongoDB+SRV URIs). This is missing essential information for reproduction.
2. **Expected vs actual behaviour**: There's an expected behavior implied by mentioning ""add"" and a reference to a JIRA ticket, but it's not explicitly stated how adding these URIs should change the system's behavior or what the desired outcome is in terms of functionality or user experience.
3. **Acceptance criteria**: The description does not specify any clear acceptance criteria for what constitutes successful addition of MongoDB+SRV URIs to Atlas Connectivity tests. This includes no mention of specific test cases, expected results, or how these changes will be verified.
4. **Affected components**: While the issue mentions ""Atlas Connectivity tests,"" it doesn't clearly identify which components within this scope are affected by adding MongoDB+SRV URIs. This lack of specificity makes it difficult to understand the full impact of the change.
5. **Environment details**: There's no mention of",a25bfe642d8d7f07,llama3.1:8b,0,2026-06-17T12:02:32.567217,project_04,title_desc,incompleteness,few_shot_cot
ISSUE-252397,Add sparse option to ensureIndex,0,0,"To determine whether this software issue is INCOMPLETE, I will analyze it step by step:

1. **Title and Description**: The title clearly states what needs to be added (""Add sparse option""), and the description explains that the current implementation of `ensureIndex()` does not include an option for creating a sparse index.

2. **Steps to Reproduce**: There are no specific steps provided on how to reproduce this issue, which could make it difficult for developers to understand and fix the problem without additional context or testing.

3. **Expected vs Actual Behaviour**: The description mentions that ""DBClientWithCommands::ensureIndex() doesn't include the option"" but does not explicitly state what the expected behavior should be in terms of creating a sparse index, nor does it describe the actual behavior beyond the absence of this option.

4. **Acceptance Criteria**: There is no clear statement on how one would verify that adding the sparse option to `ensureIndex()` has been successfully implemented or meets the requirements for sparse indexing.

5. **Affected Components**: The description mentions a specific method (`DBClientWithCommands::ensureIndex()`) but does not provide broader context about which components of the system are affected by this issue, beyond the immediate method in question.

6. **Environment Details**: There",b40e9eeffb783ca1,llama3.1:8b,0,2026-06-17T12:02:35.957210,project_04,title_desc,incompleteness,few_shot_cot
ISSUE-251366,Document that Windows users should build libbson without extra alignment,0,0,"To determine whether this issue is INCOMPLETE, let's analyze it step by step:

1. **Steps to reproduce**: The description mentions a specific scenario involving compiling the driver under Windows with Visual Studio 14 2015 and encountering a warning. This implies that there are steps to reproduce the issue, so we can mark this as complete.

2. **Expected vs actual behaviour**: The description clearly states what is expected (no warning) versus what actually happens (a warning). Therefore, this aspect of completeness is also satisfied.

3. **Acceptance criteria**: While not explicitly stated in a traditional acceptance criteria format, the issue implies that the absence of the warning is the desired outcome. This can be considered as part of the description and thus is complete for our purposes.

4. **Affected components**: The description mentions ""mongo-cxx-driver-r3.1.1\src\bsoncxx\builder\core.cpp"", which indicates a specific component (or file) within the driver that is affected by this issue. Therefore, we can consider this aspect as complete.

5. **Environment details**: The description specifies the environment in detail: compiling under Windows with Visual Studio 14 2015. This provides enough information about the environment to reproduce and understand the context of the issue.",4526f46ffc8bd435,llama3.1:8b,0,2026-06-17T12:02:39.420532,project_04,title_desc,incompleteness,few_shot_cot
ISSUE-252042,Quickstart Wiki Page,0,1,"Let's analyze the issue step by step:

1. **Steps to reproduce**: The description mentions that there should be a getting started guide with specific commands for installing libraries and a ""hello world"" example. However, it doesn't explicitly state how to reproduce this issue or what specific actions to take.
2. **Expected vs actual behaviour**: The description implies that the current situation is that there is no getting started guide, but it doesn't clearly state what the expected behavior should be (e.g., a user can easily find and follow the guide).
3. **Acceptance criteria**: While the description mentions some specific requirements for the guide (commands for installing libraries and a ""hello world"" example), it's not clear what constitutes ""acceptance"" of this feature.
4. **Affected components**: The issue doesn't mention which specific components or systems are affected by this problem.
5. **Environment details**: There is no information about the environment in which this guide should be created (e.g., web, mobile, desktop).

Based on these observations, I conclude that the issue is missing essential information such as steps to reproduce and acceptance criteria.

Final Answer: Yes",eea0f23aa9699900,llama3.1:8b,0,2026-06-17T12:02:42.648152,project_04,title_desc,incompleteness,few_shot_cot
,,,1,"Let's analyze the issue:

Title: 
Description: The description is missing essential information such as steps to reproduce, expected vs actual behaviour, acceptance criteria, affected components, or environment details.

Reasoning: Specifically, I'm looking for:
- Steps to reproduce the issue
- Expected behavior vs actual behavior
- Acceptance criteria (what should be true after fixing this issue)
- Affected components (which parts of the system are impacted by this issue)
- Environment details (e.g., specific browsers, operating systems, or configurations)

Since the description is missing these essential pieces of information, I conclude that the issue is INCOMPLETE.

Final Answer: Yes",3669b39e031aa5f6,llama3.1:8b,0,2026-06-17T12:02:44.809826,project_04,title_desc,incompleteness,few_shot_cot
, ,,1,"To determine whether the given software issue is INCOMPLETE, I will analyze it step by step.

**Step 1: Check for steps to reproduce**
The description does not mention any specific steps to reproduce the issue. This could be a sign of incompleteness.

**Step 2: Check for expected vs actual behaviour**
The description mentions that ""the app crashes"" but does not specify what is expected to happen instead, which is crucial information for resolving the issue.

**Step 3: Check for acceptance criteria**
There are no clear acceptance criteria mentioned in the description. This makes it difficult to determine whether the issue has been fully understood and addressed.

**Step 4: Check for affected components**
The description does not specify which components of the app are affected by this issue, making it hard to identify where the problem lies.

**Step 5: Check for environment details**
There is no mention of any specific environments or configurations that might be relevant to reproducing or resolving the issue.

Based on these steps, I conclude that the issue lacks essential information such as steps to reproduce, expected vs actual behaviour, acceptance criteria, affected components, and environment details.

**Final Answer: Yes**",c9273d7e5689f1ee,llama3.1:8b,0,2026-06-17T12:02:48.118313,project_04,title_desc,incompleteness,few_shot_cot
