issue_id,title,ground_truth,prediction,raw_response,prompt_hash,model_version,temperature,timestamp_utc,project,input_mode,task,strategy
ISSUE-251590,Test with latest versions of Boost,0,1,"Here's the step-by-step reasoning:

* The issue mentions specific versions of Boost (up to 1.63), which provides some context.
* However, the scope is unclear - does it mean testing against all recent versions up to 1.63, or just the latest version?
* Additionally, the description uses vague language (""recent versions"") and lacks clear metrics for what constitutes ""compatibility"".
* The issue also mentions two different platforms (Linux and Windows), but it's not clear if both need to be tested simultaneously or separately.
* Overall, while some context is provided, the ambiguity in scope, language, and metrics makes this issue unclear.

Final Answer: Yes",173e3a639c0163f2,llama3.1:8b,0,2026-06-17T11:45:25.052869,project_04,title_desc,ambiguity,few_shot_cot
ISSUE-252462,Determine C++ Driver version from examining the headers,0,1,"Here's my step-by-step reasoning:

* The issue mentions a specific context (a Google Groups forum question) and provides a link to it. This gives some background information on what the issue is about.
* However, the description of the problem itself is vague - it doesn't specify what exactly needs to be determined from the C++ Driver header files, or how this determination should be made.
* The issue mentions that MongoDB is ""a bit of a moving target"" and implies that changes in the driver version could affect build systems. However, this is more of an explanation for why determining the driver version is useful, rather than a clear description of what needs to be done.
* There's no mention of specific requirements or constraints (e.g. what format should the version information take? How accurate does it need to be?)
* The issue can be interpreted in multiple ways - e.g. ""determine the version"" could mean extracting a string from the header files, or parsing some kind of metadata.

Final Answer: Yes",daffd11d53d46a48,llama3.1:8b,0,2026-06-17T11:45:27.991747,project_04,title_desc,ambiguity,few_shot_cot
ISSUE-250680,Use cmake,0,1,"Here's my step-by-step reasoning:

* The issue title ""Use cmake"" is clear and concise.
* However, the description is lengthy and contains multiple examples of build instructions using both `cmake` and other tools (`make`, `msbuild`). This suggests that there may be multiple ways to interpret what the issue is asking for.
* Upon closer reading, it appears that the issue is not just about replacing existing build scripts with `cmake`, but also about documenting a new approach to building the project using `cmake` and simplifying the build instructions.
* The description mentions several related bug reports, which suggests that there may be multiple stakeholders or teams involved in implementing this change. This could lead to different interpretations of what is required.
* Overall, while the issue title is clear, the description contains ambiguous language and unclear scope, suggesting that it can be interpreted in multiple ways.

Final Answer: Yes",ea5d9b044dd6dae0,llama3.1:8b,0,2026-06-17T11:45:30.860681,project_04,title_desc,ambiguity,few_shot_cot
ISSUE-252307,Include regex elements in BSONArrayBuilder,0,-1,"Here's my step-by-step reasoning:

* The issue title is specific and clearly states what needs to be done: ""Include regex elements in BSONArrayBuilder"".
* However, upon reading the description, I notice that it starts with a comparison between the MongoDB C++ driver API and the mongo shell. This might indicate that the issue is not just about implementing a new feature, but also about understanding how the existing mongo shell functionality works.
* The description then mentions that the BSONObjBuilder class has an appendRegex() method, which raises questions about why a similar method hasn't been included in the BSONArrayBuilder class. This implies that there might be some underlying design or implementation reason for this omission.
* However, the issue description also contains phrases like ""It seems"" and ""I wonder"", which are indicative of uncertainty and speculation on the part of the reporter. This suggests that the issue may not be clearly defined or understood by the reporter.
* Finally, the tone of the description is somewhat casual and conversational, with a smiley face at the end. While this might indicate that the reporter is trying to convey their enthusiasm for solving the problem, it also raises questions about whether they have fully thought through the implications of implementing this feature.

Based on these observations, I conclude",f85edf2e9ef4ca9b,llama3.1:8b,0,2026-06-17T11:45:34.407345,project_04,title_desc,ambiguity,few_shot_cot
ISSUE-250777,Defer checking if a deployment supports sessions until the session's first operation,0,1,"Here's my step-by-step reasoning:

* The issue title is specific and mentions a particular condition (""until the session's first operation""), which suggests that the problem is well-defined.
* However, upon reading the description, I notice that it contains a large block of HTML code with a script that appears to be unrelated to the issue at hand. This makes me wonder if there's any connection between the script and the actual problem being described.
* The description also mentions ""SPEC ticket description"" and ""DRIVERS-759"", which seem to be external references rather than part of the software system being discussed. This lack of context makes it difficult for me to understand what exactly is being referred to.
* Upon closer inspection, I realize that the issue title and description don't provide any clear information about what component or feature is affected by this problem. Is it a specific module, a library, or something else entirely?
* Given these ambiguities, I'm inclined to conclude that the issue is ambiguous due to its unclear scope, lack of context, and vague language.

Final Answer: Yes",46d3811c606d1e79,llama3.1:8b,0,2026-06-17T11:45:37.547370,project_04,title_desc,ambiguity,few_shot_cot
ISSUE-252448,Static archive fails to force inclusion of global initializers,0,1,"Here's my step-by-step reasoning:

* The issue title is specific and clearly describes a problem related to static archives and global initializers.
* However, upon reading the description, I notice that it uses technical jargon (""translation units"", ""hypothetical, useful output binary"") that may be unfamiliar to non-experts in this domain. This could potentially lead to misinterpretation of the issue.
* The description also mentions specific build configurations (static archive build, --whole-archive flag) and platforms (Windows), which suggests a narrow scope. However, it's unclear whether these details are essential to understanding the problem or if they can be ignored.
* Upon closer reading, I notice that the description uses phrases like ""I.e."" and ""In the case of"", which suggest that there may be multiple scenarios or edge cases being described. This could lead to ambiguity about what exactly needs to be fixed.
* Overall, while the issue title is clear, the description uses technical language and describes multiple scenarios, which could make it difficult for someone without expertise in this area to understand the problem.

Final Answer: Yes",eaccb956e0387aaf,llama3.1:8b,0,2026-06-17T11:45:40.719670,project_04,title_desc,ambiguity,few_shot_cot
ISSUE-251874,Add ordered option to insert_many,0,1,"Here's my analysis:

* The issue mentions ""All }s are currently unordered"", which is a vague statement. What exactly does it mean by ""}s""? Are they referring to curly brackets in code, or something else entirely?
* The description also uses the phrase ""We should allow users to pass this as an option"". This implies that there's some kind of user input involved, but it's not clear what specific input is being referred to.
* There's no mention of any specific component, module, or system that needs to be modified. Is this a change to the database schema, the API, or something else?
* The term ""ordered"" is also ambiguous - does it refer to the order in which data is inserted, or the order in which it's displayed to users?
* Overall, the description lacks clear context and uses language that can be interpreted in multiple ways.

Final Answer: Yes",f90bde8a42344ba5,llama3.1:8b,0,2026-06-17T11:45:43.405167,project_04,title_desc,ambiguity,few_shot_cot
ISSUE-251692,Bug When Trying to 'Make',0,0,"Here's the step-by-step reasoning:

* The issue title is ""Bug When Trying to 'Make'"", which clearly indicates a specific problem and context.
* However, upon reading the description, it appears that the error message is quite detailed, including file paths, line numbers, and exact error messages. This suggests that the issue has clear context and scope.
* Nevertheless, I notice that the description includes a command-line output with a lot of information about the build process. While this might be helpful for debugging, it's not entirely clear what specific part of the output is relevant to the problem at hand.
* Upon closer inspection, I realize that the issue description does mention a specific error message (""fatal error: 'core/string.hpp' file not found""), which suggests that there might be some ambiguity about what exactly needs to be fixed. Is it just a matter of including the missing header file, or is there something more complex going on?
* However, considering the overall context and the level of detail provided in the description, I conclude that while there might be some minor ambiguity about the exact solution, the issue itself is clearly defined and has sufficient context.

Final Answer: No",8c877e18b7f45a97,llama3.1:8b,0,2026-06-17T11:45:46.701140,project_04,title_desc,ambiguity,few_shot_cot
ISSUE-251622,Can't construct operation_exception without a server error,0,1,"Here's the step-by-step reasoning:

* The issue description mentions a specific comment in another ticket (CXX-986), which provides context and relevant information about the problem.
* However, upon closer inspection, it seems that the description is trying to convey two separate issues: one related to constructing an operation_exception without a server error, and another related to the implementation of operation_exception being incomplete. This could be seen as unclear scope or multiple problems being described in a single issue.
* The description also uses technical terms like ""stdx::optional"" and ""bsoncxx::document::value"", which may not be familiar to all readers, potentially leading to confusion or misinterpretation.
* However, the description does provide specific details about the implementation of operation_exception, including its relationship with _raw_server_error, which suggests that there is some clear context provided.
* Overall, while the issue description provides some clarity on the problem, it also uses technical terms and seems to conflate two separate issues, making it somewhat ambiguous.

Final Answer: Yes",0d4f832b7ddcaa34,llama3.1:8b,0,2026-06-17T11:45:49.816584,project_04,title_desc,ambiguity,few_shot_cot
ISSUE-252149,Polyfill stdx::string_view,0,1,"Here's my analysis:

* The issue title mentions ""Polyfill"", which implies that the goal is to replicate an existing feature from a different library or framework. However, it doesn't specify what exactly needs to be replicated.
* The description links to a reference page for `std::string_view`, but it doesn't provide any context about why this feature is needed or how it will be used in the current project.
* There's no mention of specific requirements, constraints, or performance considerations that need to be taken into account when implementing the polyfill.
* The description seems to assume a certain level of familiarity with C++ and its standard library, but doesn't provide any background information for readers who may not be familiar with these concepts.

Based on this analysis, I conclude that the issue is ambiguous because it lacks clear context and can be interpreted in multiple ways. For example, what exactly needs to be replicated? Are there specific use cases or requirements that need to be met?

Final Answer: Yes",0d48320749eca8a9,llama3.1:8b,0,2026-06-17T11:45:52.686535,project_04,title_desc,ambiguity,few_shot_cot
ISSUE-252321,Files dependent on make_shared should include make_shared.hpp,0,1,"Here's my step-by-step reasoning:

* The issue title is specific: it mentions a particular header file and its dependency on another header file.
* However, upon reading the description, I notice that there are some assumptions made about older boost versions and their behavior. This could be seen as unclear context or scope.
* The description also assumes knowledge of the project's codebase and its history (e.g., ""legacy-0.8+""). While this might be clear to someone familiar with the project, it may not be immediately clear to others.
* There is no specific mention of a problem or error that needs to be fixed. Instead, it seems like a recommendation or best practice is being suggested.
* The description does provide some context about why this change is necessary (i.e., compatibility with older boost versions), but it's still not entirely clear what the expected outcome or behavior should be.

Final Answer: Yes",2e3209eb7147e6ae,llama3.1:8b,0,2026-06-17T11:45:55.437839,project_04,title_desc,ambiguity,few_shot_cot
ISSUE-252438,Update travis configuration to run the client examples,0,1,"Here's my step-by-step reasoning:

* The issue title is clear and specific: it mentions updating the Travis configuration for client examples.
* The description provides context about the current behavior of the client examples and what needs to be updated in the Travis config.
* However, upon closer inspection, I notice that the description assumes a specific setup (mongod running on 27999 with --httpinterface enabled), but it doesn't explicitly state this as a requirement or constraint. It's implied, but not clearly stated.
* The issue seems to have a clear scope: updating the Travis configuration for client examples.
* However, I'm still unsure about the exact requirements and constraints around setting up the mongod instance in the Travis config.

Given these points, I would say that the issue is somewhat ambiguous because it relies on an implicit assumption (the specific setup of the mongod instance) rather than making it explicit. This could lead to misinterpretation or confusion when implementing the fix.

Final Answer: Yes",9747850051cb2706,llama3.1:8b,0,2026-06-17T11:45:58.406906,project_04,title_desc,ambiguity,few_shot_cot
ISSUE-251649,Add support for MongoDB 3.4 to the legacy C++ driver.,0,1,"Here's my step-by-step reasoning:

* The issue title clearly states the goal of adding support for MongoDB 3.4 to the legacy C++ driver, which is specific and unambiguous.
* However, upon reading the description, I notice that it uses vague language such as ""committed, semi-officially"" and ""may decide not to tackle some features"", which suggests a lack of clear commitment or direction.
* The issue also mentions ""there may be some issues we must address"", which implies uncertainty about what specific problems need to be solved.
* Furthermore, the description does not provide any context about why this is necessary, such as changes in MongoDB's API or performance improvements that would justify the effort.
* Overall, while the title is clear, the description uses vague language and lacks clear context, making it ambiguous.

Final Answer: Yes",94fa7abe837e733d,llama3.1:8b,0,2026-06-17T11:46:00.997927,project_04,title_desc,ambiguity,few_shot_cot
ISSUE-251049,Resync SDAM tests,0,1,"Here's my analysis:

* The issue title ""Resync SDAM tests"" is clear and specific about what needs to be done.
* However, the description ""Added some mixed case hostnames into the SDAM test corpus"" lacks context. What are the implications of having mixed-case hostnames? Are they causing errors or affecting performance?
* There's no mention of any specific behavior, condition, or metric that's being affected by this issue.
* The term ""resync"" is also somewhat vague - what exactly needs to be resynchronized?

Based on these points, I would say that the issue is ambiguous because it lacks clear context and can be interpreted in multiple ways.

Final Answer: Yes",dc79e30fa74add28,llama3.1:8b,0,2026-06-17T11:46:03.264648,project_04,title_desc,ambiguity,few_shot_cot
ISSUE-252416,rotatable_file_writer_test does not compile in C++11 mode with libc++,0,0,"Here's the step-by-step reasoning:

* The issue title clearly names a specific test file (`rotatable_file_writer_test`) and its failure in a specific mode (`C++11`).
* The description provides a detailed build line used to reproduce the issue, including the operating system (OS X Mavericks), compiler (XCode 5.1), and other relevant settings.
* The description also includes the exact error messages from the compiler, which indicate that there is an issue with a specific line of code in the test file (`src/mongo/logger/rotatable_file_writer_test.cpp:52`).
* There is no ambiguity about what component is failing (the `rotatable_file_writer_test` test) or under what conditions it fails (in C++11 mode with libc++ on OS X Mavericks).
* The description provides a clear and specific context for the issue, including the exact error messages and the relevant code snippet.

Final Answer: No",57e87a9f49a8b52a,llama3.1:8b,0,2026-06-17T11:46:06.361202,project_04,title_desc,ambiguity,few_shot_cot
ISSUE-251115,Implement SASLPrep,0,1,"Here's the step-by-step reasoning:

* The issue title mentions ""Implement SASLPrep"", which suggests that the requirement is clear and specific.
* However, upon reading the description, it becomes apparent that the issue is referencing an external document (RFC-4013) without providing any context or explanation of how this relates to the software being developed.
* The description does not specify what exactly needs to be implemented from RFC-4013, or under what conditions the implementation should occur.
* There is no clear scope or baseline for the implementation, making it difficult to determine what constitutes a successful completion of the task.
* Furthermore, the mention of ""SCRAM-SHA-256"" implies that there may be multiple ways to implement SASLPrep in relation to this protocol, introducing ambiguity.

Final Answer: Yes",f9dc8c832f898442,llama3.1:8b,0,2026-06-17T11:46:08.966527,project_04,title_desc,ambiguity,few_shot_cot
ISSUE-250886,Investigate alternatives to Catch2,0,1,"Here are the step-by-step reasoning:

* The issue mentions a specific article about the future of Catch2 and its potential deprecation. This provides some context.
* However, the issue also mentions ""downsides"" without specifying what those downsides are or how they will impact the project. This lack of clarity makes it difficult to understand the scope of the problem.
* The issue asks to investigate alternatives like Google Test, but does not provide any specific requirements or constraints for these alternatives (e.g., cost, performance, compatibility).
* The issue also leaves room for interpretation by saying ""if Catch2 is still okay with these downsides"", which implies that there may be multiple possible solutions and trade-offs.
* Overall, the issue uses vague language (""downsides"") and lacks clear context and scope.

Final Answer: Yes",dc134853d84f998f,llama3.1:8b,0,2026-06-17T11:46:11.540213,project_04,title_desc,ambiguity,few_shot_cot
ISSUE-251990,missing bsoncxx::document::view::empty,0,1,"Here's my step-by-step reasoning:

* The issue description mentions a specific function that is missing, which suggests that the problem is well-defined and not too vague.
* However, the description also uses the phrase ""It would be nice to have"", which can imply a desire rather than a requirement. This might indicate some ambiguity in the language used.
* Upon closer inspection, I notice that the issue description does provide context for why this function is needed (i.e., it's currently necessary to compare the length() of the document to 5, which is considered ""ugly"").
* However, there is no clear indication of what constitutes an ""empty"" document in this context. Is it a document with zero elements? A document that has some elements but meets certain conditions?
* Given these ambiguities, I conclude that the issue can be interpreted in multiple ways, and therefore it is AMBIGUOUS.

Final Answer: Yes",e4c0f9f59faa30e8,llama3.1:8b,0,2026-06-17T11:46:14.291209,project_04,title_desc,ambiguity,few_shot_cot
ISSUE-252201,Create buildvariant for Ubuntu 12.04,0,1,"Here's the step-by-step reasoning:

* The issue title mentions creating a build variant for Ubuntu 12.04, which is specific and clear.
* However, upon reading the description, it seems that the main goal is to test older enterprise versions of MongoDB on Ubuntu 14.04, not specifically on Ubuntu 12.04.
* This creates ambiguity because it's unclear whether the build variant should be created for Ubuntu 12.04 or if this is just a step towards creating a build variant for testing on Ubuntu 14.04.
* The description also mentions that Ubuntu 14.04 only supports MongoDB 2.6 enterprise, but it doesn't specify why Ubuntu 12.04 is needed specifically.
* Overall, the issue can be interpreted in multiple ways due to the unclear scope and context.

Final Answer: Yes",bbb9a9c57369e556,llama3.1:8b,0,2026-06-17T11:46:16.890213,project_04,title_desc,ambiguity,few_shot_cot
ISSUE-251862,Backport server r3.0.7..r3.0.8 changes,0,1,"Here's the step-by-step reasoning:

* The issue title mentions ""backport"" which is a technical term, but it doesn't specify what changes are being backported or why.
* The description lists some SHAs (Secure Hash Algos) but it's not clear what these SHAs correspond to in terms of code changes or functionality.
* There is no context provided about the current state of the server, such as its version, configuration, or any known issues.
* The issue can be interpreted in multiple ways - are the SHAs for a specific component, or for the entire server? Are they related to bug fixes, new features, or performance improvements?
* Without more information, it's unclear what exactly needs to be done and why.

Final Answer: Yes",d98505192b1f9d1a,llama3.1:8b,0,2026-06-17T11:46:19.322585,project_04,title_desc,ambiguity,few_shot_cot
ISSUE-251902,Make special commands (inprog,1,1,"Here's my analysis:

* The issue title mentions ""special commands"", but it doesn't specify what those commands are or where they are located. This lack of clarity could lead to multiple interpretations.
* The description mentions that these special commands should go through the ""standard command codepath"", but it doesn't explain what this means or how it differs from the current behavior.
* There is no context provided about why this change is necessary, such as a specific problem or requirement that needs to be addressed.
* The issue could be interpreted in multiple ways, such as whether the special commands should only go through the standard codepath under certain conditions, or whether they should always follow this path.

Based on these points, I conclude that the issue is ambiguous due to its vague language and unclear scope.

Final Answer: Yes",ca0b07994ab90763,llama3.1:8b,0,2026-06-17T11:46:21.775634,project_04,title_desc,ambiguity,few_shot_cot
ISSUE-250935,Create C++17 variants,0,1,"Here's the step-by-step reasoning:

* The issue title mentions creating variants in C++17, which is a specific language feature. This suggests that the scope of the issue is somewhat clear.
* However, the description mentions catching bugs like CXX-1689, but it doesn't specify what kind of bug or how the variant creation will help catch this particular bug. This lack of context makes me wonder if there's more to the story than just creating variants in C++17.
* The description also lists three options for compilers (Visual Studio 2017, latest clang, and latest gcc), but it doesn't specify which one is being targeted or why all three are listed. This suggests that the scope of the issue might be broader than initially thought.
* Upon closer inspection, I notice that the description uses a checkbox format to list the compiler options, which implies that there's some kind of decision-making process involved in choosing which compilers to support. However, it's not clear what criteria are being used to make this decision or why these specific compilers were chosen.
* Overall, while the issue title is somewhat clear, the description raises more questions than answers and suggests that there may be multiple ways to interpret the requirements.

Final Answer: Yes",70c3ca6e97274736,llama3.1:8b,0,2026-06-17T11:46:25.186678,project_04,title_desc,ambiguity,few_shot_cot
ISSUE-251484,collection::distinct return should allow iteration over results,0,-1,"Here are the 5 steps to determine whether the issue is AMBIGUOUS:

• **Step 1: Identify vague language**: The issue description mentions ""in the spirit of the CRUD spec"", which could be interpreted in multiple ways. However, it also provides specific details about the expected behavior and possible solutions.

• **Step 2: Check for clear context**: The issue is related to a specific method (mongocxx::collection::distinct) and its return value, so the context is relatively clear.

• **Step 3: Evaluate unclear scope**: The issue mentions ""ideally, SERVER-3141 would get spec'd"", which suggests that there are multiple possible solutions or approaches. However, it also provides specific options for how to implement the desired behavior.

• **Step 4: Assess multiple interpretations**: While the issue description is detailed and specific in some areas, it does allow for multiple interpretations of what ""in the spirit of the CRUD spec"" means. This could lead to different developers or teams implementing different solutions.

• **Step 5: Consider overall clarity**: Despite some ambiguity around the interpretation of the CRUD spec, the issue description provides clear details about the expected behavior and possible solutions. The language is not overly vague, and the context is relatively specific",deba4f3b59dc5962,llama3.1:8b,0,2026-06-17T11:46:28.809062,project_04,title_desc,ambiguity,few_shot_cot
ISSUE-251767,Fix TODO comments about linking to documentation when available,0,1,"Here's my step-by-step reasoning:

* The issue title is specific and clearly states what needs to be fixed: TODO comments about linking to documentation.
* However, upon reading the description, I notice that it uses vague language. What does ""similar"" mean? Are there other types of TODO comments that need attention?
* Additionally, the description assumes knowledge about the current state of the documentation (i.e., that all docs are now published). This assumption may not be universally true.
* The issue also lacks clear context: what is the expected behavior or outcome after fixing these TODO comments? Are there any specific requirements or constraints to consider?
* Finally, I can interpret this issue in multiple ways. For example, does ""add links"" mean that we need to create new documentation pages, or just update existing ones with links?

Final Answer: Yes",3cf4284d71a561b8,llama3.1:8b,0,2026-06-17T11:46:31.386602,project_04,title_desc,ambiguity,few_shot_cot
ISSUE-252082,Reparent OperationException below DBException,0,1,"Here's the step-by-step reasoning:

* The issue title mentions ""Reparent OperationException below DBException"", which suggests a specific error condition. However, it doesn't specify what exactly is being reparented or how the exception is related to the DBException.
* The description provides three example failure cases with links to task logs and line numbers in the code. While this provides some context, it's not clear what the expected behavior is or why these failures are considered issues.
* Upon closer inspection, the issue seems to be about exceptions being thrown during integration tests, but the specific conditions under which these exceptions occur are unclear.
* The description also mentions a ""MO 404"" and an ""SEH exception"", which suggests that there may be multiple error cases being referred to. However, it's not clear how these errors are related or what the expected behavior is in each case.
* Overall, while the issue provides some context and specific examples, it lacks clarity on the expected behavior and the conditions under which the exceptions occur.

Final Answer: Yes",1ec7fa15a7d095ac,llama3.1:8b,0,2026-06-17T11:46:34.440700,project_04,title_desc,ambiguity,few_shot_cot
ISSUE-251826,Stream builder error for invalid context is unfriendly,0,1,"Here's my step-by-step reasoning:

* The issue title mentions a specific error message (""not viewable""), which suggests that the problem is related to a particular behavior or output.
* However, upon reading the description, I notice that it describes two different scenarios: building an incomplete document and trying to use it as a view. This could be seen as unclear scope, as it's not immediately clear what the primary issue is.
* The description also uses vague language (""unfriendly error"") instead of specifying exactly what is wrong with the error message (e.g., ""error message is too long"", ""error message lacks context"").
* There is no clear context or baseline provided for what constitutes a ""friendly"" error message, which makes it difficult to determine whether the issue is truly problematic.
* The description could be interpreted in multiple ways, such as focusing on the error message itself versus the underlying logic of the stream builder.

Final Answer: Yes",69473d5eb2b8a5f5,llama3.1:8b,0,2026-06-17T11:46:37.302789,project_04,title_desc,ambiguity,few_shot_cot
ISSUE-252418,Remove dependency on boost program_options,0,1,"Here's my analysis:

* The issue title mentions a specific library (boost program_options) and a specific action (Remove dependency), which suggests that the context is clear.
* However, the description only states that the driver links this library but does not use it. This implies that there might be some unused code or configuration, but it doesn't specify what exactly needs to be removed or how to do it.
* The issue lacks a clear scope - are we talking about removing the dependency in all parts of the codebase, or just in specific areas?
* There is no mention of any potential consequences or trade-offs of removing this dependency (e.g. will other libraries break if it's removed?).
* Overall, while the issue title suggests that the context is clear, the description and lack of scope make me think that there might be multiple ways to interpret what needs to be done.

Final Answer: Yes",38264f5b6289a2e3,llama3.1:8b,0,2026-06-17T11:46:40.042279,project_04,title_desc,ambiguity,few_shot_cot
ISSUE-250681,WINDOWS | Release build,0,1,"Here's the step-by-step reasoning:

* The issue description is lengthy and includes a lot of context about the setup and environment, but it doesn't clearly state what the problem is or what behavior is expected.
* The phrase ""bad alloc exeption"""" appears to be a typo, which may indicate that the writer is not familiar with C++ or is not using proper terminology.
* The issue description mentions that the program worked as expected until the last release, but it doesn't specify what changed in the last release or how the behavior differs from before.
* There are multiple possible causes mentioned (e.g. ""Maybe I did something wrong?"", ""Maybe I've used wrong VS version?""), which suggests that the issue is not clearly defined.
* The description includes a lot of extraneous information, such as build commands and environment details, which may be relevant to the writer but do not help clarify the problem.

Final Answer: Yes",f5f4f72aa3dbd733,llama3.1:8b,0,2026-06-17T11:46:42.932766,project_04,title_desc,ambiguity,few_shot_cot
ISSUE-251940,auto_reconnect using ConnectionString API,0,1,"Here's the step-by-step reasoning:

* The issue mentions a specific API and its usage, which provides some context. However, it also introduces a new concept (_autoReconnect) that is not clearly explained.
* Upon closer inspection, the description seems to be comparing two different ways of connecting to MongoDB: one using DBClientConnection() API and another using ConnectionString API. The issue is unclear about what exactly is being asked or reported.
* There is no clear problem statement or question being asked in the description. It appears to be a mix of explanation, comparison, and possibly a question.
* The use of phrases like ""However, I am using following API..."" suggests that there might be some confusion or uncertainty about which approach is being used or recommended.
* Overall, the issue lacks clear context, has unclear scope, and can be interpreted in multiple ways.

Final Answer: Yes",75d448a3bb5131f0,llama3.1:8b,0,2026-06-17T11:46:45.671350,project_04,title_desc,ambiguity,few_shot_cot
ISSUE-252206,libmongoclient.so not generated when compling lateset c++ driver,0,0,"To determine whether the given software issue is AMBIGUOUS, let's analyze it step by step:

* The issue description provides a detailed stack trace with multiple undefined reference errors. This suggests that there might be a problem with the build process or library dependencies.
* However, upon closer inspection, we can see that all the undefined references are related to missing symbols from the Boost library (e.g., `boost::system::generic_category()`).
* The issue description also mentions that the user has built Boost from source and is using it in their project. This suggests that there might be a problem with the build process or configuration.
* There is no ambiguity in the language used, as the issue description clearly states what's happening (undefined references) and provides context (the stack trace).
* The scope of the issue is also clear: it's related to building the `libmongoclient.so` file.

Based on this analysis, I would conclude that:

Final Answer: No",19ec78743f200b19,llama3.1:8b,0,2026-06-17T11:46:50.174779,project_04,title_desc,ambiguity,few_shot_cot
ISSUE-252474,Enforce /MD with Windows C++ DLL driver,0,1,"Here's the step-by-step reasoning:

* The issue mentions specific details about the compilation flags (/MD and /MTd) and their implications on the C RTL and heap usage.
* However, the description also contains vague language, such as ""prevent build mistakes"" and ""weirdness"", which do not specify what exactly is expected or what kind of behavior is considered ""weird"".
* The issue mentions that a specific code snippet (in version.cpp) already enforces _MD definition, but it's unclear why this isn't sufficient.
* The description also contains a personal opinion (""I think this ought to be /MTd"") which may not be shared by others.
* Overall, the issue lacks clear context and has unclear scope, as it mixes specific technical details with vague language and personal opinions.

Final Answer: Yes",4821a51915677326,llama3.1:8b,0,2026-06-17T11:46:53.380709,project_04,title_desc,ambiguity,few_shot_cot
ISSUE-251467,Mutator methods which return non-void should document their return value,0,0,"To determine whether the given software issue is AMBIGUOUS, I will follow these steps:

* **Step 1: Check for vague language**: The issue description mentions a specific requirement to document return values of mutator methods. However, it does not use vague language.
* **Step 2: Check for clear context**: The issue description provides the exact methods that need documentation and their return types. This suggests that the context is clear.
* **Step 3: Check for unclear scope**: The issue description specifically mentions a list of methods that require documentation, which implies a clear scope.
* **Step 4: Check for multiple interpretations**: Upon reviewing the issue description, I do not see any ambiguity or multiple possible interpretations. The requirement is straightforward and specific.
* **Step 5: Consider additional context (if necessary)**: In this case, no additional context is needed to clarify the issue.

Based on these steps, I conclude that the issue is clear and unambiguous.

Final Answer: No",493b2b8b63ed0862,llama3.1:8b,0,2026-06-17T11:46:57.025344,project_04,title_desc,ambiguity,few_shot_cot
ISSUE-250928,Test with gcc 4.9?,0,1,"Here's my analysis:

* The issue title asks a question (""Test with gcc 4.9?""), which suggests that the context and scope of the test are unclear.
* The description mentions another issue (CXX-1595), but does not provide any information about what CXX-1595 is or why it's relevant to this issue.
* The description also expresses uncertainty (""Unsure if this is really necessary""), which indicates a lack of clarity and confidence in the requirement.
* There is no clear statement of what needs to be done, how it should be done, or under what conditions the test should occur.
* Overall, the language used is vague and open-ended, allowing for multiple interpretations.

Final Answer: Yes",12702cc95589ffc9,llama3.1:8b,0,2026-06-17T11:46:59.568671,project_04,title_desc,ambiguity,few_shot_cot
ISSUE-250906,Regenerate test certificates with SHA256 signatures,0,1,"Here's my step-by-step reasoning:

* The issue title is clear and specific: ""Regenerate test certificates with SHA256 signatures"". This suggests that the problem is well-defined.
* However, upon reading the description, I notice that it contains a block of HTML code. While this might be relevant to the issue, its presence makes me wonder if there's more context or information missing from the description.
* The description also mentions ""SPEC ticket description"" and ""DRIVERS-575"", which are external references. Without further explanation, these could be unclear to someone not familiar with the project's internal documentation or JIRA tickets.
* There is no mention of any specific component, system, or behavior that needs to be regenerated or updated. This lack of context makes me question whether the issue is well-defined.
* Overall, while the title suggests a clear problem, the description raises more questions than it answers, and its use of external references and HTML code adds ambiguity.

Final Answer: Yes",88b1136376e5a3fb,llama3.1:8b,0,2026-06-17T11:47:02.373924,project_04,title_desc,ambiguity,few_shot_cot
ISSUE-251809,Allow configuration of SSL independently of the C driver,0,1,"Here's the step-by-step reasoning:

* The issue title is clear and specific: it mentions allowing configuration of SSL independently of the C driver.
* However, upon reading the description, I notice that there are multiple options mentioned for how to configure SSL (""Yes"", ""No"", ""Auto""), which could lead to confusion about what exactly is being requested.
* Additionally, the description references a GitHub discussion thread, which may not be immediately accessible or understandable by all team members.
* The description also uses somewhat technical language (e.g. ""C driver was compiled with"") that may require specialized knowledge to fully understand.
* Overall, while the issue title is clear, the description introduces ambiguity and unclear context.

Final Answer: Yes",f330e17f7d1da400,llama3.1:8b,0,2026-06-17T11:47:04.773905,project_04,title_desc,ambiguity,few_shot_cot
ISSUE-251443,Update release documentation to discuss moving releases/stable branch,0,1,"Here's the step-by-step reasoning:

* The issue mentions specific branches and releases (""releases/stable"", ""r3.0.3"", ""3.1.0"", ""3.1.1""), which suggests that it is not entirely vague.
* However, the description uses phrases like ""We should have moved it"" and ""we may have coincidentally made a good choice"", which implies some subjectivity and ambiguity in what exactly needs to be done.
* The issue also lacks clear context about why moving the branch is necessary or what benefits it will bring. It seems to be more of an opinion-based decision rather than a technical requirement.
* Furthermore, the description uses phrases like ""we didn't"" and ""we should definitely move it"", which implies that there are multiple possible interpretations of what needs to be done.
* Overall, while the issue mentions specific details, its language is still somewhat ambiguous and open to interpretation.

Final Answer: Yes",be7b5e9f1662f71e,llama3.1:8b,0,2026-06-17T11:47:07.639831,project_04,title_desc,ambiguity,few_shot_cot
ISSUE-252069,Use of TARGET_OBJECTS in CMake build produces incorrect shared library,0,1,"Here's the step-by-step reasoning:

* The issue title mentions a specific problem with TARGET_OBJECTS in CMake build, which suggests that it is focused on a particular aspect of the software.
* However, upon reading the description, I notice that it uses phrases such as ""it doesn't work quite as intended"" and ""I'm not sure it is what we want"", which are vague and open-ended. This suggests that the issue may be ambiguous.
* The description also mentions a specific problem with target properties not being propagated to individual object files, but then questions whether there might be a way around this problem or if it's even desirable. This ambiguity about the desired outcome makes me suspect that the issue is ambiguous.
* Furthermore, the description does not provide any clear context for why this problem is occurring or what the expected behavior should be. It simply states the problem and expresses uncertainty about how to resolve it.
* Overall, I believe that the issue uses vague language, lacks clear context, and has unclear scope, which are all characteristics of an ambiguous issue.

Final Answer: Yes",e8cfe57a9384bec3,llama3.1:8b,0,2026-06-17T11:47:10.736022,project_04,title_desc,ambiguity,few_shot_cot
ISSUE-251960,clang-format the legacy driver,0,1,"Here's my analysis:

* The issue title mentions ""clang-format"", which is a specific action, but it doesn't specify what exactly needs to be formatted or why.
* The description mentions two branches: the server 3.0 branch and the legacy branch. However, it's not clear what the current state of these branches is, or what changes are expected to be backported.
* The issue implies that there will be a change (clang-formatting the server 3.0 branch), but it's not clear when this change will happen or if it's already in progress.
* The description mentions ""if we want to continue to be able to backport changes"", which suggests that there are multiple possible scenarios, and it's not clear what the primary goal is.
* Overall, the issue lacks a clear context, scope, and specific requirements, making it ambiguous.

Final Answer: Yes",0d7d3c4ff582e523,llama3.1:8b,0,2026-06-17T11:47:13.399603,project_04,title_desc,ambiguity,few_shot_cot
ISSUE-252104,"improve handling of """"node is recovering"""" errors",0,1,"Here's my analysis:

* The issue title mentions ""improve handling"" which is a vague request. It doesn't specify what exactly needs to be improved or how.
* The description provides some context from the SDAM specification, but it also uses ambiguous language such as ""MUST replace"", ""MUST store useful information"", and ""likely to provide useful information"". These phrases are not specific enough to guide development.
* The description also mentions two different error scenarios (""not master"" vs. ""node is recovering"") which may require different handling logic, but it's unclear what the exact differences are or how they should be handled.
* There is no clear baseline or target metric mentioned in the issue description, making it difficult to determine whether the current implementation meets the requirements.
* The description also mentions that the current implementation handles ""isn't master"" properly, but not ""node recovering"". This suggests that there may be multiple issues at play here, and it's unclear what exactly needs to be fixed.

Based on these observations, I conclude that the issue is ambiguous due to its use of vague language, lack of clear context, and unclear scope. 

Final Answer: Yes",ea416c1a33776c70,llama3.1:8b,0,2026-06-17T11:47:16.697563,project_04,title_desc,ambiguity,few_shot_cot
ISSUE-250562,BSON UDL for from_json,0,1,"Here's the step-by-step reasoning:

* The issue title mentions ""BSON UDL for from_json"", which suggests that it is related to a specific feature or functionality in the software. This gives some context.
* However, upon reading the description, I notice that it uses vague language such as ""could provide"" and doesn't specify what exactly is being proposed. It also lacks clear context about why this change is necessary or how it will benefit users.
* The issue description seems to be proposing a design change, but it's not clear what the current behavior is, what the desired outcome is, or what trade-offs are involved in making this change.
* There is no mention of any specific requirements, constraints, or non-functional requirements that need to be considered when evaluating this proposal.
* Overall, while the issue title gives some context, the description lacks clarity and can be interpreted in multiple ways.

Final Answer: Yes",09a8a38eecc4317a,llama3.1:8b,0,2026-06-17T11:47:19.376967,project_04,title_desc,ambiguity,few_shot_cot
ISSUE-251355,Move mongocxx::libbson code somewhere where bsoncxx can access it,0,1,"Here's my step-by-step reasoning:

* The issue title mentions a specific namespace and functionality, which suggests that the problem is related to code organization or accessibility.
* However, the description uses vague language such as ""It would be nice"" instead of clearly stating what needs to be done. This could indicate ambiguity in the requirements.
* Upon closer reading, it seems that the issue is asking for a change in code structure to allow bsoncxx to access certain functionality currently available in mongocxx::libbson namespace. However, there's no clear explanation of why this change is necessary or what are the expected benefits.
* The description also mentions ""entirely separate functionality"" but doesn't specify how it's being used by bsoncxx and whether that's a problem.
* Overall, while the issue seems to be pointing towards a specific technical problem, the language used in the description is not precise enough to determine what exactly needs to be done.

Final Answer: Yes",fe1975bbc58aa24e,llama3.1:8b,0,2026-06-17T11:47:22.215611,project_04,title_desc,ambiguity,few_shot_cot
ISSUE-251652,Compile error with clang/libc++ on Linux due to ambiguous call to 'append' member function,0,0,"Here's my step-by-step reasoning:

* The issue title clearly states the problem: a compile error with clang/libc++ on Linux due to an ambiguous call to 'append' member function. This suggests that the issue is specific and well-defined.
* However, upon reading the description, I notice that it goes into great detail about the underlying cause of the issue, including the differences between libc++ and stdlibc++ implementations of the C++ standard library. While this information may be helpful for debugging or understanding the root cause, it's not necessary to understand the immediate problem.
* The description also includes a workaround (applying a static cast) that allows the code to compile. This suggests that the issue is not just about the ambiguity, but also about how to resolve it.
* However, upon closer inspection, I notice that the description does use some technical jargon and assumes a certain level of familiarity with C++ and its standard library implementations. While this may be clear to an expert in the field, it could potentially be confusing for someone who is not familiar with these concepts.
* Nevertheless, after considering all these factors, I conclude that the issue is still relatively clear and well-defined, even if it requires some technical expertise to understand.

Final Answer: No",77a5a198bdb14299,llama3.1:8b,0,2026-06-17T11:47:25.743726,project_04,title_desc,ambiguity,few_shot_cot
ISSUE-251739,Backport server r3.0.8..r3.0.12 changes,0,1,"Here's the step-by-step reasoning:

* The issue title ""Backport server r3.0.8..r3.0.12 changes"" is clear and specific about what needs to be done.
* However, upon reading the description, it appears that there are multiple ranges of versions (3.0.8-3.0.9, 3.0.9-3.0.10, 3.0.11-3.0.12) with different candidate SHAs to backport.
* The issue does not specify what changes need to be backported from each range of versions, or what the expected outcome is.
* It also seems that some ranges (3.0.10-3.0.11 and 3.0.11-3.0.12) have no candidate SHAs to backport, which may indicate a missing piece of information or an incomplete task.
* Overall, while the issue title is clear, the description lacks specific details about what needs to be done for each range of versions.

Final Answer: Yes",f9f1b21566e836cc,llama3.1:8b,0,2026-06-17T11:47:28.914963,project_04,title_desc,ambiguity,few_shot_cot
ISSUE-250612,"Windows tasks failing with """"insufficient disk space"""" on Evergreen",0,1,"Here's my analysis:

* The issue title mentions a specific error message (""insufficient disk space"") and the environment (""Evergreen""), which suggests that it's related to a particular component or system.
* However, upon closer inspection of the description, I notice that it only mentions ""logs messages containing 'insufficient disk space'"", without specifying what kind of logs (e.g., application logs, system logs), where they are located, or how often this issue occurs.
* The description also lacks any context about what is expected to happen when there is sufficient disk space, making it unclear what the desired behavior should be.
* Additionally, I don't see any information about what specific Windows tasks are failing, which could indicate that the scope of the issue is not well-defined.

Considering these points, I conclude that the issue is ambiguous due to its lack of clear context and unclear scope.

Final Answer: Yes",650215418ff6b305,llama3.1:8b,0,2026-06-17T11:47:31.548909,project_04,title_desc,ambiguity,few_shot_cot
ISSUE-252465,libmongoclient should not link db/commands.cpp,0,0,"Here's my analysis of the issue:

* The issue title clearly states what needs to be changed: ""libmongoclient should not link db/commands.cpp"". This is a specific and unambiguous statement.
* The description provides context for why this change is necessary, including technical details about memory leaks and how they can be fixed. While the language used is formal and technical, it's clear what needs to be done.
* There are no vague terms or unclear scope in the issue description. It specifically mentions two commands that need to be moved, a file that should be removed from the link list, and a header file that exposes necessary dependencies.
* The description also provides a clear solution: moving the two commands to db/commands.cpp and removing the unnecessary link.

Based on this analysis, I conclude that:

Final Answer: No",2caf3b01e0cb946d,llama3.1:8b,0,2026-06-17T11:47:33.999190,project_04,title_desc,ambiguity,few_shot_cot
ISSUE-251807,Add VS2015 builders for legacy C++ driver,0,1,"Here's my step-by-step reasoning:

* The issue title mentions adding a specific feature for a legacy C++ driver in VS2015. This provides some context about what is being requested.
* However, the description starts with ""We don't have any"", which is vague and doesn't specify what exactly is missing or what needs to be added.
* The description also mentions that it might be tricky because of recent changes in SCons, but this seems more like a warning or a hint rather than a clear requirement.
* There's no mention of specific requirements, such as what features need to be supported, how the builders should work, or any specific metrics for success.
* The description also includes a workaround suggestion with the `--use-msvc-script` flag, which implies that there might be multiple ways to address the issue.

Based on these observations, I conclude that the issue is ambiguous because it lacks clear context and can be interpreted in multiple ways. 

Final Answer: Yes",8923be0c97e30c99,llama3.1:8b,0,2026-06-17T11:47:36.898845,project_04,title_desc,ambiguity,few_shot_cot
ISSUE-250752,Update FLE documentation for community version demonstrating explicit encryption/decryption,0,1,"Here's my analysis of the issue:

* The title mentions updating FLE documentation for a specific purpose, which suggests that there is some context and scope to the request.
* However, upon reading the description, I notice that it appears to be a block of HTML code with a script that auto-populates the ticket description on page load. This seems unrelated to the original request in the title.
* The presence of external links (e.g., ""https://jira.mongodb.org/browse/DRIVERS-782"") and references to other tickets (""DRIVERS Ticket Description"") suggests that there may be some underlying context or requirements that are not clearly stated in the issue description.
* I'm unsure what specific documentation needs to be updated, how encryption/decryption is related to this task, or what the expected outcome is.
* Overall, while the title provides some clarity on the purpose of the request, the description seems to introduce ambiguity and unclear scope.

Final Answer: Yes",babacf5a374b77ca,llama3.1:8b,0,2026-06-17T11:47:39.756410,project_04,title_desc,ambiguity,few_shot_cot
ISSUE-251483,Create C++ driver benchmark suite,0,1,"Here's my analysis:

* **Step 1:** The issue title mentions creating a C++ driver benchmark suite, which is specific and clear.
* **Step 2:** However, the description only mentions that it needs to be implemented for mongocxx, without specifying what exactly needs to be done (e.g., what features should be included, how the benchmarking process should work).
* **Step 3:** There's no mention of any specific requirements or constraints, such as performance metrics, testing frameworks, or integration with existing code.
* **Step 4:** The description doesn't provide enough context about the drivers team's standard performance benchmarking suite, making it unclear what exactly needs to be implemented and how it should work.
* **Step 5:** Given the lack of clear requirements and context, this issue can be interpreted in multiple ways, which is a hallmark of an ambiguous issue.

Final Answer: Yes",0cb41454f437bb1a,llama3.1:8b,0,2026-06-17T11:47:42.467844,project_04,title_desc,ambiguity,few_shot_cot
ISSUE-250688,Ubuntu 16.04's compressed debug symbols confuse Valgrind,0,1,"Here's the step-by-step reasoning:

* The issue title clearly states a specific problem with Ubuntu 16.04 and Valgrind.
* The description provides detailed error messages from Valgrind, which indicates that the problem is related to parsing debug information.
* However, the description also mentions an external bug report link ([https://bugs.launchpad.net/ubuntu/+source/valgrind/+bug/1567219](https://bugs.launchpad.net/ubuntu/+source/valgrind/+bug/1567219)), which may imply that this issue is related to a known problem and not necessarily a new or unique problem.
* The description does not provide any context about the expected behavior, the conditions under which the problem occurs, or any specific requirements for fixing the issue.
* Overall, while the issue title and description are clear about the symptoms of the problem, they lack clarity on the scope and expectations for resolving the issue.

Final Answer: Yes",5f8bab4fc23f00f3,llama3.1:8b,0,2026-06-17T11:47:45.299037,project_04,title_desc,ambiguity,few_shot_cot
ISSUE-250556,Remove unused and add missing includes,0,1,"Here's my step-by-step reasoning:

* The issue title is clear: ""Remove unused and add missing includes"". It specifies exactly what needs to be done.
* However, the description uses some vague language: ""a ton of unused includes"" could mean different things depending on the context. What constitutes a ""ton""? Is it 10, 100, or 1000?
* The description also mentions ""strange """"missing imports"""" issues (CXX-2099)"", which is not clear what this issue is about. Is it a specific error message, a warning, or something else? And what does CXX-2099 refer to?
* The description provides some context: the IDE highlights these issues locally, and manual refactoring would be impractical. However, this context could also be interpreted in different ways depending on the reader's understanding of the situation.
* Overall, while the issue title is clear, the description uses vague language and lacks specific details about what constitutes ""a ton"" of unused includes and what CXX-2099 refers to.

Final Answer: Yes",fc5718c9961cbc85,llama3.1:8b,0,2026-06-17T11:47:48.442580,project_04,title_desc,ambiguity,few_shot_cot
ISSUE-251543,Audit all libmongoc and libbson calls for error handling,0,1,"Here's my step-by-step reasoning:

* The issue title is specific and mentions two libraries, libmongoc and libbson, which suggests a clear scope.
* However, the description uses vague language such as ""several cases"" and ""every single call"", which could be interpreted in multiple ways. It also lacks a clear definition of what constitutes an error or how to handle it.
* The issue mentions that errors are possible, but it doesn't specify what kind of errors or under what conditions they occur.
* There is no mention of any specific metrics, baselines, or target performance levels, which could indicate unclear scope.
* However, the description does provide a clear context for the problem (auditing error handling in libmongoc and libbson calls), which suggests that it's not entirely ambiguous.

Considering these points, I would say that the issue is somewhat ambiguous due to the use of vague language and lack of clarity around what constitutes an error. However, the specific libraries mentioned and the context provided suggest that it's not entirely unclear.

Final Answer: Yes",61676251f73577fe,llama3.1:8b,0,2026-06-17T11:47:51.555545,project_04,title_desc,ambiguity,few_shot_cot
ISSUE-250593,Update Travis tests from Ubuntu 14.04 and test against latest server,0,1,"Here's my step-by-step reasoning:

* The issue mentions specific technical details such as ""CXX-2060"" and ""MongoDB server"", which suggests that it has some clear context.
* However, the description also uses vague language like ""we'd no longer need to rely on Travis"" - what does this mean exactly? Is it a requirement or just a suggestion?
* The issue mentions two different goals: updating Travis tests and testing against the latest MongoDB server. Are these two tasks related or separate? If they are separate, which one is the primary goal of the issue?
* The description also uses ambiguous language like ""we can keep it for the benefit of users"" - what does this mean exactly? Is it a requirement to keep Travis tests running on Ubuntu 14.04, or just an optional feature?
* Overall, while the issue mentions some specific technical details, its language is still somewhat vague and open to interpretation.

Final Answer: Yes",227cbdffc93ecb5b,llama3.1:8b,0,2026-06-17T11:47:54.390452,project_04,title_desc,ambiguity,few_shot_cot
ISSUE-250638,Resync SDAM error handling spec tests,0,1,"Here's my step-by-step reasoning:

* The issue title mentions ""Resync SDAM error handling spec tests"", which suggests that the problem is related to testing and error handling in a specific component (SDAM).
* However, upon reading the description, I notice that it refers to another ticket (DRIVERS-1234) for updated details. This implies that there may be additional context or requirements not explicitly stated in this issue.
* The description also mentions ""drivers"" work, which could imply that the issue is specific to a particular team or component within the project.
* However, I'm concerned about the lack of clear scope - what exactly needs to be resynced? Are we talking about test cases, test data, or something else?
* Additionally, while there's a reference to another ticket (DRIVERS-1187), it's not entirely clear how this issue relates to that one, or what specific changes are required.

Based on these observations, I conclude that the issue is ambiguous due to its unclear scope and lack of explicit requirements. 

Final Answer: Yes",26e71e1f61c009d1,llama3.1:8b,0,2026-06-17T11:47:57.523411,project_04,title_desc,ambiguity,few_shot_cot
ISSUE-251626,Misunderstanding about bsoncxx::document::element,0,1,"Here's the step-by-step reasoning:

* The issue title mentions a specific class and function (`bsoncxx::document::element`), which suggests that it is related to a particular component of the code.
* However, the description uses vague language such as ""Is it correct"" and ""I want to store"", which does not clearly specify what behavior or outcome is expected.
* The issue also mentions storing `bsoncxx::document::element` in containers without storing its parent document (`bsoncxx::document::value`), but it's unclear why this would be a problem or what the consequences of doing so are.
* Additionally, the description includes some code snippets that seem to be related to the issue, but they do not clearly explain the context or the specific behavior being questioned.
* Overall, while the issue mentions specific classes and functions, its language is still somewhat vague and open-ended, which suggests that it may be ambiguous.

Final Answer: Yes",5821fcda4e57789a,llama3.1:8b,0,2026-06-17T11:48:00.378705,project_04,title_desc,ambiguity,few_shot_cot
ISSUE-252399,on linux systems it is customary to use sonames when creating shared libraries,0,1,"Here's the step-by-step reasoning:

* The issue mentions a specific platform (""linux systems""), which provides some context.
* However, the description is somewhat vague - it doesn't specify what exactly needs to be done with soname support, or under what conditions the patch should be applied.
* There is no clear scope for the change, such as whether this is a bug fix, a new feature, or an optimization.
* The link to the GitHub commit provides some additional context, but it's not immediately clear how this relates to the issue at hand.
* Overall, while there is some specific information provided, the description could be interpreted in multiple ways, and lacks clarity around what exactly needs to be done.

Final Answer: Yes",977a1ce4a36a0a77,llama3.1:8b,0,2026-06-17T11:48:02.761002,project_04,title_desc,ambiguity,few_shot_cot
ISSUE-252510,Default Windows builds of the C++ client driver to use /MD,0,0,"Here's my analysis of the issue:

* **Vagueness**: The description mentions specific details about the C++ client driver and its build process. It also references another issue (CXX-59), which is likely a related or background context, but it doesn't introduce any vague language.
* **Context**: The description provides sufficient context by mentioning the platform (Windows) and the type of project (DLL). This helps to understand the scope of the issue.
* **Scope**: The description clearly states that the change should be applied to ""Default Windows builds"" of the C++ client driver, which implies a specific scope for the change.
* **Interpretability**: While there might be some technical nuances involved in understanding the implications of using dynamic runtime instead of static runtime, the description provides enough information to understand what is being asked. There are no multiple possible interpretations.

Based on this analysis, I conclude that:

Final Answer: No",3c61ac6169cc31c1,llama3.1:8b,0,2026-06-17T11:48:05.457564,project_04,title_desc,ambiguity,few_shot_cot
ISSUE-251377,Implement unit tests for GridFS options and result classes,0,1,"Here's my analysis of the given software issue:

* The title mentions specific components (""GridFS options"" and ""result classes""), which suggests that the issue is focused on a particular area of the codebase.
* However, upon reading the description, I notice that it lacks clear context. What are the expected behaviors or outcomes for these unit tests? Are there any specific requirements or constraints that need to be met?
* The description also uses somewhat vague language (""Unit tests should be written""). It's not entirely clear what is meant by ""written"" - does this mean creating new test classes, modifying existing ones, or something else?
* There is no mention of the scope of the issue. Are we talking about unit tests for a specific GridFS implementation, or all possible implementations? Are there any dependencies on other components that need to be considered?
* The description can also be interpreted in multiple ways. For example, does ""GridFS options"" refer only to configuration settings, or also to methods that interact with the GridFS system?

Based on these observations, I conclude that the issue is ambiguous due to its lack of clear context and vague language.

Final Answer: Yes",fe281775273a9446,llama3.1:8b,0,2026-06-17T11:48:08.651984,project_04,title_desc,ambiguity,few_shot_cot
ISSUE-252499,ScopedDbConnection not being returned to the pool,0,1,"Here's the step-by-step reasoning:

* The issue title is specific and mentions a particular class (`ScopedDbConnection`) and its expected behavior (being returned to the pool).
* However, the description of the problem is quite long and includes some extraneous information about the user's initial thoughts on the cause of the issue.
* Upon closer inspection, it appears that the description does provide some context for the problem, including a specific connection string and a comparison with another test case.
* The description also mentions some technical details (e.g. ""ReplicaSetMonitorWatcher"") that suggest the issue is related to a specific component or module of the system.
* However, there are still some ambiguities in the description - for example, it's not entirely clear what the expected behavior should be when using the `myset` connection string versus the plain IP address.

Final Answer: Yes",ee68d9857094f335,llama3.1:8b,0,2026-06-17T11:48:11.313632,project_04,title_desc,ambiguity,few_shot_cot
ISSUE-252183,DBClientWithCommands::reIndex should not use getSystemIndexesCollection,0,1,"Here's my step-by-step reasoning:

* The issue title is specific and mentions a particular method (`DBClientWithCommands::reIndex`) and its behavior. This suggests that the issue has some clear context.
* However, upon reading the description, I notice that it uses the phrase ""Where possible"". This implies that there might be situations where using the system index collection is acceptable or unavoidable. This introduces ambiguity about the scope of the change.
* The description also mentions ""We should not use the system index collection"", which is a vague statement. What does it mean to ""not use"" the system index collection? Does it mean never, ever use it? Or just in certain situations?
* There's no clear explanation of why using the system index collection is problematic or what are the expected benefits of avoiding it.
* Overall, while the issue has some specific context, its description uses vague language and lacks clear scope, which makes it ambiguous.

Final Answer: Yes",d73f256c0a999e49,llama3.1:8b,0,2026-06-17T11:48:14.179566,project_04,title_desc,ambiguity,few_shot_cot
ISSUE-251644,C++11 driver 3.0.1 so much slower than legacy C++ driver 2.6.11?,0,1,"Here's the step-by-step reasoning:

* The issue clearly states a specific comparison between two versions of the C++ driver: 3.0.1 and 2.6.11.
* It also provides a clear context for the performance comparison, which is writing 2 million simple documents to MongoDB.
* However, upon closer inspection, I notice that the description does not specify what exactly is causing the slowdown in version 3.0.1. Is it due to a specific algorithm change, a configuration issue, or something else?
* Additionally, there's no clear indication of what constitutes ""slower"" - is it just about execution time, or are there other factors at play (e.g., memory usage, resource utilization)?
* While the description provides some context and specifics, the lack of clarity around the root cause of the slowdown and the definition of ""slower"" makes me lean towards considering this issue ambiguous.

Final Answer: Yes",cc299c2196c9b068,llama3.1:8b,0,2026-06-17T11:48:16.980964,project_04,title_desc,ambiguity,few_shot_cot
ISSUE-251455,Provide more user-friendly constructor or factory function for builder::core,0,1,"Here's the step-by-step reasoning:

* The issue title mentions a specific component (""builder::core"") and a specific functionality (""constructor or factory function"").
* The description provides two possible solutions to improve readability: deprecating the existing constructor and providing either an enumerated type parameter or static factory methods.
* However, upon closer inspection, I notice that the description uses vague language - ""improve readability"" is subjective and doesn't specify what exactly needs improvement. Additionally, the description mentions two possible solutions without specifying which one is preferred or why.
* The issue lacks clear context - it's not specified under what conditions the existing constructor is problematic or how often it's used.
* The scope of the issue is unclear - does this apply to all instances of ""builder::core"" or just specific ones?

Based on these observations, I conclude that the issue is ambiguous.

Final Answer: Yes",fb1c1d5c93b9807c,llama3.1:8b,0,2026-06-17T11:48:19.701126,project_04,title_desc,ambiguity,few_shot_cot
ISSUE-251387,Configurable connect timeout in C++ driver. Currently fixed at 5 secs.,0,1,"Here's the step-by-step reasoning:

* The issue mentions a specific component (""C++ driver"") and a specific feature (""configurable connect timeout"").
* However, the description also states that ""currently"" the connect timeout is fixed at 5 seconds, which implies that there may be some existing implementation or workaround.
* The description does not provide any context about why this change is needed (e.g. performance issues, user complaints, etc.) or what are the expected benefits of making this change.
* The issue mentions two specific classes (""DBClientConnection"" and ""DBClientReplicaSet"") but it's unclear how they relate to the C++ driver or whether this change will affect other parts of the system.

Based on these observations, I would say that the issue is ambiguous because:

* It lacks clear context about why this change is needed.
* It's unclear what are the expected benefits of making this change.
* The description implies that there may be some existing implementation or workaround for the connect timeout, which could affect how this change should be implemented.

Final Answer: Yes",e51a63591609d960,llama3.1:8b,0,2026-06-17T11:48:22.751637,project_04,title_desc,ambiguity,few_shot_cot
ISSUE-251857,string_view.data() is unsafe,0,1,"Here's my step-by-step reasoning:

* The issue title mentions a specific function (`string_view.data()`) and its potential safety concern. This provides some context.
* However, the description is somewhat vague in that it doesn't specify what exactly needs to be done to address the issue. It mentions finding all places where strings are passed from `string_view` to the C driver, but it's not clear how this should be done or what specific actions need to be taken.
* The description also includes a link to an external discussion on GitHub, which may provide additional context, but it's not immediately clear why this is relevant or how it relates to the issue at hand.
* Upon closer reading, I notice that the description mentions ""null-terminated strings"" and references a specific pull request on the MongoDB C++ driver. This suggests that the issue is related to compatibility with an external library, which may introduce some ambiguity about the scope of the problem.
* However, despite these potential ambiguities, the description does provide some clear information about the safety concern and the expected behavior of the C driver methods.

Final Answer: Yes",98eaa3bf0b1965f9,llama3.1:8b,0,2026-06-17T11:48:26.013776,project_04,title_desc,ambiguity,few_shot_cot
ISSUE-251284,Add RHEL 7 Evergreen builder,0,1,"Here's my step-by-step reasoning:

* The issue title is specific and clearly states what needs to be added.
* However, the description mentions a ""gap in coverage"" but doesn't specify what exactly this gap entails or how it will be addressed. This lack of clarity could lead to multiple interpretations.
* Additionally, the description references another issue (CXX-1330) without providing any context about its relevance to the current issue. This could make it difficult for someone reading the issue to understand the scope and requirements.
* The description also uses a somewhat vague term ""fix this"" which doesn't provide clear guidance on what actions need to be taken.
* Overall, while the title is specific, the description lacks clarity and context, making it possible for multiple interpretations.

Final Answer: Yes",8d4af134e36aa1f9,llama3.1:8b,0,2026-06-17T11:48:28.522382,project_04,title_desc,ambiguity,few_shot_cot
ISSUE-250698,Properly deprecate create_collection methods,0,0,"Here's my analysis of the issue:

* **Vagueness**: The issue description mentions ""create_collection methods"", which is a clear and specific reference to a particular part of the software. This suggests that the language used is not vague.
* **Context**: The description provides context by mentioning that these methods were documented as deprecated, but never tagged with the deprecation attribute. This implies that there's an understanding of what ""deprecated"" means in this context.
* **Scope**: While the issue description doesn't explicitly mention a specific component or module, it's clear that we're talking about code-level changes related to method deprecation. The scope is likely limited to the relevant parts of the codebase where these methods are used.
* **Interpretability**: Upon reading the description, it seems like there's only one reasonable interpretation: how to properly deprecate the create_collection methods by adding the necessary attribute.

Based on this analysis, I conclude that:

Final Answer: No",d90a82c04b9f9601,llama3.1:8b,0,2026-06-17T11:48:31.366128,project_04,title_desc,ambiguity,few_shot_cot
ISSUE-250784,Allow authentication to all server types except arbiters,0,1,"Here's my analysis of the issue:

* The title ""Allow authentication to all server types except arbiters"" is clear and specific about what functionality is being requested. It names a specific aspect of the system (authentication) and specifies an exception (arbiters).
* However, upon closer inspection, I notice that the description contains HTML code and a script that appears to be unrelated to the issue at hand.
* The presence of this extraneous information makes me wonder if it's relevant or just a mistake. It doesn't provide any additional context about what ""allow authentication"" means in this case.
* Furthermore, the term ""server types"" is somewhat vague - are we talking about different hardware configurations, software platforms, or something else entirely?
* Given these ambiguities and unclear context, I conclude that the issue is ambiguous.

Final Answer: Yes",42ddc4fce0dd068a,llama3.1:8b,0,2026-06-17T11:48:33.879147,project_04,title_desc,ambiguity,few_shot_cot
ISSUE-252291,MongoDB exception 17234,0,1,"Here's my analysis:

* The issue description is quite long and tries to explain the context in which the problem occurs. However, it still lacks a clear statement of what specifically goes wrong when the MongoDB exception 17234 is thrown.
* The description mentions that ""those systems"" get the error, but it doesn't specify how many systems, or what specific conditions lead to this issue (e.g., hardware, software, configuration).
* The phrase ""we can't reproduce this on any of the development systems"" suggests that there might be a difference in environment between production and development, which could be relevant to understanding the problem.
* However, despite these contextual details, the description still doesn't provide enough information about what specifically happens when the exception is thrown (e.g., what data is being processed, what operations are being performed).
* Overall, while the issue description tries to provide context, it's still somewhat vague and lacks a clear statement of what specifically goes wrong.

Final Answer: Yes",ce83d5291814ebd8,llama3.1:8b,0,2026-06-17T11:48:36.863702,project_04,title_desc,ambiguity,few_shot_cot
ISSUE-250878,bsoncxx:to_json causes double value to truncate,0,1,"Here's the step-by-step reasoning:

* The issue title clearly states a specific problem with a particular function (`bsoncxx::to_json`) and its behavior.
* The description provides a detailed example of the problem, including code snippets and expected vs. actual output.
* However, upon closer inspection, I notice that the description mentions ""I'm expecting following output from to_json call"", but it doesn't specify what exactly is wrong with the current output or what the desired output should be in terms of precision.
* The issue seems to be more about a specific behavior (truncation) rather than a general performance or functionality problem, which makes me think that there might be some ambiguity around the expected outcome.
* Upon reviewing the description again, I realize that the issue is not entirely clear because it doesn't specify what precision is desired for double values. Is it 5 digits as shown in the actual output, or something else?

Final Answer: Yes",1dcc1ac1f2bfc8f8,llama3.1:8b,0,2026-06-17T11:48:39.784243,project_04,title_desc,ambiguity,few_shot_cot
ISSUE-252519,Apply endian conversions where necessary in the C++ driver bson library,0,1,"Here's my step-by-step reasoning:

* The issue title mentions ""endian conversions"", which is a specific technical term related to byte order. This suggests that the author has some knowledge of the underlying technology.
* However, the description does not specify what exactly needs to be done in terms of endian conversions. It only states that the driver should be usable on big-endian systems and mentions that the current implementation assumes little-endian.
* There is no clear indication of which specific components or functions within the C++ driver need to be modified for endian conversion.
* The description does not provide any context about what ""communicate with mongodb"" means in terms of functionality. Is it a specific API call, a data exchange format, or something else?
* Overall, while the issue mentions some technical details, it lacks clarity on what exactly needs to be done and how to achieve it.

Final Answer: Yes",8768596b30e90552,llama3.1:8b,0,2026-06-17T11:48:42.528900,project_04,title_desc,ambiguity,few_shot_cot
ISSUE-250634,Use sort when verifying contents of outcome collections,0,1,"Here's my step-by-step reasoning:

* The issue title suggests that the problem is related to verifying the contents of outcome collections, but it doesn't specify what exactly needs to be done or why.
* The description mentions two possible solutions: comparing results against data in the spec test with no ordering assumptions, or using a sort. However, it's not clear which solution is preferred or if both are acceptable.
* The mention of DRIVERS-1196 suggests that there may be additional context or requirements related to this issue, but the description doesn't provide enough information for me to understand what those requirements are.
* The language used in the description is somewhat vague, with phrases like ""should be updated"" and ""one of the following"". This lack of clarity makes it difficult to determine exactly what needs to be done.
* Overall, I think this issue could be interpreted in multiple ways, and without more context or clarification, it's hard to say for sure what the requirements are.

Final Answer: Yes",bafc293f41bc25f4,llama3.1:8b,0,2026-06-17T11:48:45.714449,project_04,title_desc,ambiguity,few_shot_cot
ISSUE-251786,coll.drop() throws if collection doesn't exist,0,1,"Here's my analysis:

* The issue title clearly states what is happening: `coll.drop()` throws an error when the collection doesn't exist.
* However, the description uses vague language by saying ""it seems like this shouldn't be necessary"". This phrase implies a subjective opinion rather than a clear requirement or expectation.
* There is no specific context provided for why the current behavior is undesirable. Is it causing problems in certain scenarios? Are there performance implications?
* The issue lacks a clear scope, as it doesn't specify what exactly needs to change. Should the `coll.drop()` method be modified to handle non-existent collections automatically, or should the calling code be updated to check for existence before dropping the collection?
* Overall, while the issue is clearly stated, the description and implied requirements are ambiguous due to the subjective language used.

Final Answer: Yes",b7716af6580a21cd,llama3.1:8b,0,2026-06-17T11:48:48.241914,project_04,title_desc,ambiguity,few_shot_cot
ISSUE-251038,Provide Transactions example for Docs,0,0,"Here's the step-by-step reasoning:

* The issue description is lengthy and includes code snippets. While this might seem like a lot of information, it actually provides context about what the requester wants to achieve.
* Upon closer inspection, the description mentions specific sections in the manual where examples are needed, as well as the exact driver examples that should be included. This suggests that the requester has a clear idea of what they want to see.
* The code snippets provided demonstrate the types of transactions and retry mechanisms that the requester wants to illustrate with examples. This helps to clarify the scope of the issue.
* However, there is one potential ambiguity: the requester mentions ""the corresponding driver examples"", which could be interpreted in different ways depending on how one defines ""corresponding"". But this seems like a minor point, and it's likely that the requester intended for these examples to match the ones mentioned earlier in the description.
* Overall, while there are some minor points of ambiguity, the issue description provides sufficient context and clarity about what is needed.

Final Answer: No",04eb68c2a575805b,llama3.1:8b,0,2026-06-17T11:48:51.338445,project_04,title_desc,ambiguity,few_shot_cot
ISSUE-250701,spec tests that run count should not use estimated count helper,0,1,"Here are my 5 bullet points:

* The issue title is specific and clearly states what needs to be changed in the C++ driver's spec test runner.
* However, upon reading the description, I notice that it mentions ""the count command"" without specifying which count command or how it should be used. This could lead to multiple interpretations of what exactly needs to be changed.
* The issue also uses technical terms like ""filter"", ""session"", and ""helper method"" without providing a clear explanation of their roles in the context of this specific problem. This lack of clarity might make it difficult for someone unfamiliar with the codebase to understand the requirements.
* Furthermore, the description implies that there are multiple ways to run spec tests (through the helper method or directly), but it doesn't specify which approach is preferred or why the current implementation is problematic.
* Overall, while the issue title and description provide some context, they lack sufficient clarity and specificity to ensure a single, unambiguous interpretation of what needs to be changed.

Final Answer: Yes",835eb04ef2d64536,llama3.1:8b,0,2026-06-17T11:48:54.382306,project_04,title_desc,ambiguity,few_shot_cot
ISSUE-250622,Remove the compatibility matrixes from documentation,0,-1,"Here are the 5 steps to determine whether the issue is AMBIGUOUS:

• **Step 1: Identify vague language**: The issue description mentions ""compatibility matrixes"", which could be interpreted as a single entity or multiple entities. However, upon closer inspection, it's clear that there are two specific matrices mentioned by URL.

• **Step 2: Check for clear context**: The issue provides URLs to the matrices in question, which gives some context about what is being referred to. This helps clarify the scope of the issue.

• **Step 3: Evaluate unclear scope**: Initially, it seems like the issue might be asking to remove all compatibility matrixes from documentation. However, upon closer inspection, it's clear that only two specific matrices are mentioned for removal.

• **Step 4: Assess multiple interpretations**: While there is some ambiguity in the language used (e.g., ""matrixes"" vs. ""matrix""), the issue description provides enough context to understand what is being referred to. There doesn't seem to be a way to interpret this issue as something other than removing these two specific matrices.

• **Step 5: Consider overall clarity**: The issue description is clear and concise, providing specific URLs for reference. This helps ensure that all stakeholders are",803612785052dea9,llama3.1:8b,0,2026-06-17T11:48:58.075410,project_04,title_desc,ambiguity,few_shot_cot
ISSUE-251804,Add ability to use document::view with stream builder,0,0,"Here's the step-by-step reasoning:

* The issue title suggests that the goal is to add functionality to use `document::view` with `stream builder`, which implies a specific technical context.
* However, upon reading the description, it becomes clear that the issue is not just about adding a new feature, but also about addressing a limitation in the current implementation. The description mentions workarounds and their drawbacks, indicating that there's an existing problem to be solved.
* While the description provides some context (e.g., ""core builder has no append overload""), it doesn't specify what exactly is expected from this new functionality. For example, are we talking about improving performance, reducing code complexity, or something else?
* The issue description also uses somewhat technical language that might not be immediately clear to non-experts in the field (e.g., ""document::view"", ""stream builder"", ""bsoncxx::types::b_document""). This could indicate a lack of clarity for those without a deep understanding of the specific technology.
* Overall, while the issue description provides some context and identifies a specific problem, it still lacks clear specificity about what is expected from this new functionality. It's not entirely clear what success would look like or how to measure whether the goal has been achieved",e5f0113c2b59d582,llama3.1:8b,0,2026-06-17T11:49:01.620676,project_04,title_desc,ambiguity,few_shot_cot
ISSUE-252468,10gen repo for ubuntu does not provide mongodb-10gen-devel package,0,1,"Here's the step-by-step reasoning:

* The issue title is specific and mentions a particular package that is missing from the 10gen repository for Ubuntu.
* However, the description uses vague language such as ""very uncomfortable"" and ""not best solution"", which do not clearly convey the problem or its severity.
* Additionally, the description lacks clear context about what exactly is expected to be fixed - is it just the absence of a package, or are there other issues related to building a C++ application with MongoDB?
* The mention of ""avarage server"" and ""hi perfomance tunings"" suggests that the issue may not be specific to this particular problem, but rather a general concern about performance.
* Overall, while the title is clear, the description uses ambiguous language and lacks specificity, making it difficult to understand what exactly needs to be fixed.

Final Answer: Yes",e0044b9f3225cbdd,llama3.1:8b,0,2026-06-17T11:49:04.324566,project_04,title_desc,ambiguity,few_shot_cot
ISSUE-251978,Unable to compile new CXX driver,0,0,"Here's the step-by-step reasoning:

* The issue title is specific and clearly states a problem with compiling a new CXX driver.
* The description provides a detailed stack trace of compilation errors, including file paths, line numbers, and error messages. This suggests that the issue has clear context and scope.
* However, upon closer inspection, I notice that the description includes a large amount of technical detail about the compilation process, which may make it difficult for non-technical stakeholders to understand the issue.
* Nevertheless, the specific details provided in the stack trace suggest that the issue is not vague or ambiguous. The error messages and file paths provide clear information about what's going wrong.
* However, I do notice that the description does not explicitly state what the expected behavior should be (i.e., what should happen if the compilation succeeds). This might make it slightly unclear what the ""correct"" outcome is.

Final Answer: No",266e96931de94a7d,llama3.1:8b,0,2026-06-17T11:49:07.306214,project_04,title_desc,ambiguity,few_shot_cot
ISSUE-252023,Backport server r3.0.0-rc6..r3.0.1 changes,0,1,"Here's my analysis of the given issue:

* **Vagueness**: The issue description uses vague language such as ""in some sense"" and ""almost certainly"". This suggests that the problem is not clearly defined.
* **Lack of context**: There is no clear explanation of what changes are being referred to, or how they affect the legacy driver. It's unclear whether this is a critical bug fix or an optimization.
* **Unclear scope**: The issue mentions ""3.0 bugfixes that affect the driver codebase"", but it's not clear which specific bug fixes are relevant, or what constitutes an ""affect"" on the driver codebase.
* **Multiple interpretations**: The description could be interpreted in multiple ways, such as whether to backport all 3.0 bug fixes, or only those that directly affect the legacy driver.

Based on these observations, I conclude that the issue is ambiguous due to its vague language, lack of clear context, unclear scope, and potential for multiple interpretations.

Final Answer: Yes",32ab18555f91403c,llama3.1:8b,0,2026-06-17T11:49:10.265140,project_04,title_desc,ambiguity,few_shot_cot
ISSUE-252444,OID::init and mongo::jsTime unresolved in shared client (.so),0,1,"Here's my step-by-step reasoning:

* The issue title mentions specific symbols (OID::init and mongo::jsTime) that are unresolved in a shared client (.so), which suggests a clear problem statement.
* However, the description is somewhat ambiguous because it:
	+ Does not specify what exactly happens when these symbols are unresolved (e.g., error messages, crashes).
	+ Mentions two different build scenarios (git tag and legacy branch) without clarifying how they differ or why one behaves differently than the other.
	+ Does not provide any context about the expected behavior of OID::init and mongo::jsTime in the shared client.

Considering these points, I would say that the issue is somewhat ambiguous due to the lack of clear context and unclear scope. However, it's not entirely vague or open-ended like some of the previous examples.

Final Answer: Yes",4e1be01e4cddd018,llama3.1:8b,0,2026-06-17T11:49:12.903970,project_04,title_desc,ambiguity,few_shot_cot
ISSUE-250789,mongocxx::uri call works with c char* parameter but not with c++ string parameter,0,-1,"Here's my step-by-step reasoning:

* The issue title is specific and clearly describes the problem: a function call works with one type of parameter but not another.
* The description provides context by explaining that the code was attached, which helps to understand the situation. However, it also contains some extraneous information about exceptions being thrown in other cases.
* The description mentions two different scenarios where the function call fails or succeeds, which could lead to multiple interpretations of what is happening.
* Upon closer inspection, I notice that the issue description does not provide a clear explanation for why the function call works with one type of parameter but not another. It seems to be pointing towards a bug in the library or its usage, rather than a straightforward coding error.
* The description also contains some informal language (""It doesn't seem to be correct"", ""Please me with this issue""), which could indicate that the author is unsure about how to articulate the problem.

Based on these observations, I conclude that the issue is ambiguous because it:

* Lacks clear context and explanation for why the function call works in one scenario but not another.
* Can be interpreted in multiple ways (e.g., as a bug in the library or its usage).
* Contains informal language that may indicate uncertainty about how to",48b32948c73ff32c,llama3.1:8b,0,2026-06-17T11:49:16.439135,project_04,title_desc,ambiguity,few_shot_cot
ISSUE-251675,legacy driver fails to build on FreeBSD,0,1,"Here's the step-by-step reasoning:

* The issue title is specific and clearly states the problem: ""legacy driver fails to build on FreeBSD"". This suggests that the context is clear.
* However, upon reading the description, I notice that it mentions a specific error message ""#error Must implement SecureRandom for platform"" but then questions whether an existing implementation for OpenBSD would work on FreeBSD. This introduces ambiguity about what exactly needs to be done to resolve the issue.
* The description also mentions that the author has no direct access to a FreeBSD installation, which may indicate that they are relying on others to verify their solution or provide more information.
* There is a link to a log file, which could potentially provide more context and details about the failure. However, this does not necessarily clarify the issue itself.
* Overall, while the title suggests a clear problem, the description introduces ambiguity by questioning whether an existing implementation would work on FreeBSD and relying on others for verification.

Final Answer: Yes",85e985c0ea90944b,llama3.1:8b,0,2026-06-17T11:49:19.338755,project_04,title_desc,ambiguity,few_shot_cot
ISSUE-252109,Expose the ability to explicitly refresh the state of a replica set member,0,0,"Here's my analysis:

* The issue title mentions ""refreshing the state of a replica set member"", which is specific and clear.
* However, the description references an external document (""SDAM spec"") without providing any context or summary of what it says. This could lead to ambiguity if the reader doesn't have access to the spec or isn't familiar with its contents.
* The description also uses somewhat technical language that may be unclear to non-experts in the field, which could contribute to ambiguity.

However, upon closer inspection, I notice that the description is actually quoting a specific section of the SDAM spec, and it's clear what it means: the client can request an immediate check from the monitor. This suggests that the issue is not entirely ambiguous, as there is a clear reference to a specific requirement or behavior.

* The language used in the description is formal and technical, which reduces ambiguity compared to more vague descriptions.
* There is no indication of unclear scope or multiple possible interpretations of what ""refreshing the state"" means in this context.

Considering these points, I conclude that while there may be some minor issues with clarity due to the reference to an external document, the issue as a whole is not ambiguous. 

Final Answer: No",ebd3f12fbcdd9dfe,llama3.1:8b,0,2026-06-17T11:49:22.803717,project_04,title_desc,ambiguity,few_shot_cot
ISSUE-252006,Creating BSON from JSON,0,1,"Here's my step-by-step reasoning:

* The issue description mentions ""creating a BSON object using an existing string of JSON formatted text"", which is specific about what functionality is desired.
* However, the description also uses vague language such as ""pretty convenient"" and ""voila!"", which don't provide clear context or justification for the request.
* Additionally, there's no mention of any specific requirements, constraints, or conditions under which this functionality should work.
* The issue description implies that the requester wants to replace writing out a JSON string with creating a BSON object, but it doesn't specify what happens if the JSON string is malformed or incomplete.
* Overall, while the issue description mentions a specific functionality, it lacks clear context and justification, making it ambiguous.

Final Answer: Yes",84099f0eb2dfee01,llama3.1:8b,0,2026-06-17T11:49:25.266231,project_04,title_desc,ambiguity,few_shot_cot
ISSUE-250966,cursor::begin() is invalid after using std::distance,0,1,"Here's my step-by-step reasoning:

* The issue description is lengthy and includes code snippets, which may indicate that the problem is complex and requires detailed analysis.
* However, upon closer inspection, I notice that the description provides a clear sequence of events: creating a document, inserting it into a collection, waiting for 2 seconds, searching all documents, and then testing the cursor. This suggests that the context is well-defined.
* The issue also mentions specific methods and functions used in the code (e.g., `make_document`, `kvp`, `std::chrono::system_clock::from_time_t`, etc.), which indicates a clear scope of what's being discussed.
* However, I do notice that the description asks whether this is a bug or if the user is using the cursor wrongly. This implies that there may be multiple possible interpretations of the issue, and it's not entirely clear what the expected behavior should be.

Based on these observations, I conclude that:

Final Answer: Yes",79a95b53410eed1c,llama3.1:8b,0,2026-06-17T11:49:28.233878,project_04,title_desc,ambiguity,few_shot_cot
ISSUE-250973,bsoncxx::to_json() do not support GBK,0,1,"Here's the step-by-step reasoning:

* The issue mentions a specific function `bsoncxx::to_json()` and a character encoding `GBK`, which suggests that the problem is related to this particular function and encoding.
* However, the description of the problem is not very clear. It mentions an ""invalid bson"" output in the console, but it doesn't specify what exactly is invalid about it or under what conditions this happens.
* The issue also asks for general advice on how to solve the problem, rather than a specific solution to a well-defined problem.
* There is no mention of any relevant context, such as the version of MongoDB being used, the operating system, or any other relevant details that might help narrow down the scope of the problem.
* The issue can be interpreted in multiple ways, e.g., it's not clear whether the problem is with the `bsoncxx::to_json()` function itself, or if there's something else going on in the code that's causing the issue.

Final Answer: Yes",2e59035b743e4fee,llama3.1:8b,0,2026-06-17T11:49:31.244826,project_04,title_desc,ambiguity,few_shot_cot
ISSUE-251233,Investigate issues with load path for macos-1012 variant,0,1,"Here's the step-by-step reasoning:

* The issue title mentions ""issues with load path"", which suggests that there might be multiple problems related to this topic. However, the description only provides a specific workaround for one particular case.
* The description uses technical terms like ""dylib"" and ""DYLD_LIBRARY_PATH"", but it doesn't provide enough context about what these terms mean in the context of the project or why they are relevant.
* The issue mentions a specific variant (""macos-1012"") and a specific workaround, which suggests that there might be other variants or solutions that are not mentioned.
* The description uses vague language like ""figure out why this is necessary"" and ""see if we can find a way to get it to work without it"", which doesn't provide clear goals or objectives for the investigation.
* Overall, the issue seems to lack clear context, has unclear scope, and can be interpreted in multiple ways.

Final Answer: Yes",661584874302fa49,llama3.1:8b,0,2026-06-17T11:49:34.102290,project_04,title_desc,ambiguity,few_shot_cot
ISSUE-252108,ReplicaSetMonitor should monitor arbiters,0,1,"Here are my step-by-step reasoning:

* The issue title is specific and clearly states what component should be monitored.
* However, the description uses vague language such as ""MUST monitor"" without specifying why or under what conditions this monitoring is necessary. Additionally, it mentions a link to an external resource (http://emptysqua.re/server-discovery-and-monitoring.html#the-client-must-monitor-arbiters) which may not be relevant or up-to-date.
* The description also uses phrases like ""in the rare case"" and ""may be the client's last hope"", which are subjective and open to interpretation.
* There is no clear context provided about what happens if ReplicaSetMonitor does not monitor arbiters, or what specific benefits or consequences this monitoring would bring.
* Overall, while the issue title is clear, the description uses vague language and lacks clear context, making it ambiguous.

Final Answer: Yes",48cf6b28e4303c5b,llama3.1:8b,0,2026-06-17T11:49:36.812821,project_04,title_desc,ambiguity,few_shot_cot
ISSUE-250839,Add mongodb+srv URIs to Atlas Connectivity tests,0,1,"Here's my step-by-step reasoning:

* The issue title is specific and clear: it mentions adding MongoDB+SRV URIs to a particular type of test.
* However, the description contains a block of HTML code that appears to be unrelated to the actual issue. This suggests that the description may not provide enough context for someone to understand what needs to be done.
* Upon closer inspection, I notice that the HTML code is actually a script that auto-populates the ticket description on page load. It seems to be a distraction and doesn't contribute to understanding the issue at hand.
* The actual request in the description is buried within this HTML code: ""Add mongodb+srv URIs to Atlas Connectivity tests"". This part of the description is clear, but it's not immediately apparent due to the presence of the unrelated HTML code.
* However, I notice that there is no explanation of what these MongoDB+SRV URIs are or how they should be added. There is also no mention of any specific requirements or constraints for this task.

Based on my analysis, I conclude that the issue is ambiguous because it lacks clear context and has unclear scope. The description contains unrelated information that makes it difficult to understand what needs to be done.

Final Answer: Yes",5c624175cc8d41c3,llama3.1:8b,0,2026-06-17T11:49:40.252871,project_04,title_desc,ambiguity,few_shot_cot
ISSUE-252397,Add sparse option to ensureIndex,0,1,"Here's my analysis:

* The issue title mentions ""Add sparse option"", which implies that the requirement is to add an option for creating a sparse index. However, this could be interpreted as adding a new method or parameter, rather than modifying the existing ensureIndex() method.
* The description states that DBClientWithCommands::ensureIndex() doesn't include the option to create a sparse index, but it's not clear what ""doesn't include"" means in this context. Does it mean that the method is missing an option altogether, or that the option is present but not enabled by default?
* There is no mention of any specific requirements, constraints, or assumptions related to the addition of the sparse option.
* The issue description does not provide enough context about what a ""sparse index"" means in this particular system, which could lead to different interpretations of the requirement.

Based on these points, I conclude that the issue is ambiguous because it uses vague language and lacks clear context. 

Final Answer: Yes",cbdc7d250686847b,llama3.1:8b,0,2026-06-17T11:49:43.159039,project_04,title_desc,ambiguity,few_shot_cot
ISSUE-251366,Document that Windows users should build libbson without extra alignment,0,0,"Here's my step-by-step reasoning:

* The issue title clearly mentions a specific platform (Windows) and a specific warning message.
* The description provides more context by mentioning the exact file and line number where the warning occurs.
* However, upon closer inspection, I notice that the description only mentions a warning, not an error or a crash. This might indicate that the issue is related to code quality or best practices rather than a critical bug.
* Nevertheless, the description does provide enough information for someone familiar with the project and its build process to understand what's going on and how to address the issue.
* The only potential ambiguity I can see is whether the warning should be treated as a ""real"" problem that needs fixing, or just a minor annoyance. However, this is more of a judgment call than an actual ambiguity in the language used.

Final Answer: No",b535cee0355f8a59,llama3.1:8b,0,2026-06-17T11:49:45.859664,project_04,title_desc,ambiguity,few_shot_cot
ISSUE-252042,Quickstart Wiki Page,0,1,"Here's my analysis of the issue:

* The title ""Quickstart Wiki Page"" is clear about what the issue is related to.
* However, the description uses vague language - it doesn't specify who should create this guide (""we""), and what exactly is meant by ""getting started"".
* There are multiple ways to interpret what a ""quickstart wiki page"" entails. Is it just a text document? A video tutorial? Something else?
* The description mentions specific commands for installing libraries, but it's not clear why these are necessary or how they relate to the overall goal of having a quickstart guide.
* There is no mention of any specific requirements, constraints, or context that would help clarify what this issue is trying to achieve.

Based on this analysis, I conclude that the issue is ambiguous because it uses vague language and can be interpreted in multiple ways. 

Final Answer: Yes",23b480031d8d468e,llama3.1:8b,0,2026-06-17T11:49:48.604485,project_04,title_desc,ambiguity,few_shot_cot
