issue_id,title,ground_truth,prediction,raw_response,prompt_hash,model_version,temperature,timestamp_utc,project,input_mode,task,strategy
ISSUE-38493,Review API Runtime Services Documentation,0,1,"Step 1: Identify the key information provided in the issue.
- The task involves reviewing documentation pages related to API Runtime Services.
- Specific URLs are listed for each page that needs review.

Step 2: Determine what essential information is missing.
- There are no steps to reproduce an issue or any specific problem to solve.
- No expected vs actual behavior is mentioned, as this is a request for documentation review rather than reporting a bug.
- Acceptance criteria are not provided; it's unclear how the task completion will be verified.
- Environment details and affected components are irrelevant since this is about reviewing documentation.

Step 3: Evaluate if a developer can act on this issue without additional information.
- While the task is clear, there is no guidance on what to look for in terms of updates or changes needed. A developer would likely need more specific criteria or goals for the review process.

Final Answer: Yes",c17884864a631a14,qwen2.5:14b,0,2026-06-17T16:13:52.659013,project_02,title_desc,incompleteness,cot
ISSUE-38975,Tutorial Series: Customize for Android,0,1,"Step 1: Identify the key information provided in the issue.
- The issue title suggests that it's about creating a tutorial series.
- The description mentions customizing an application to have Android-specific UI features.

Step 2: Determine what essential information is missing from the issue.
- Steps to reproduce or create the customization are not given.
- Expected behavior after customization is not specified.
- Acceptance criteria for completing this task are absent.
- Affected components and their specific requirements are unclear.
- Environment details (e.g., Android version, development tools) are not provided.

Step 3: Evaluate if a developer can act on the issue without additional information.
Given the lack of detailed steps, expected outcomes, acceptance criteria, environment specifics, and other necessary technical details, it is unlikely that a developer could effectively start working on this task without requesting more information from the requester.

Final Answer: Yes",ea2b087be2a38792,qwen2.5:14b,0,2026-06-17T16:13:56.742595,project_02,title_desc,incompleteness,cot
ISSUE-40855,APIDoc: Window.modalStyle and modalTransitionStyle properties are undocumented,0,1,"Step 1: Identify the key information provided in the issue.
- The properties `modalStyle` and `modalTransitionStyle` are used in KS (likely referring to a specific codebase or project).
- These properties appear in sample code within the Window TDoc (Technical Documentation).
- However, these properties are not listed in the official documentation's properties section.

Step 2: Identify what essential information is missing.
- Steps to reproduce the issue of missing documentation.
- Expected behavior regarding how these properties should be documented.
- Acceptance criteria for resolving this issue.
- Affected components or modules beyond KS and Window TDoc.
- Environment details where this discrepancy was noticed (e.g., specific version of software, operating system).

Step 3: Determine if a developer can act on the issue without additional information.
Given that there are no clear steps to reproduce the problem, expected behavior for documentation, acceptance criteria, or detailed environment specifics, it would be challenging for a developer to fully understand and address this issue. The lack of these details means that developers might have questions about what exactly needs to be done (e.g., how should these properties be documented? Where in the documentation should they appear?), which could delay resolution.

Final Answer: Yes",5a29d40a2df9b038,qwen2.5:14b,0,2026-06-17T16:14:02.024091,project_02,title_desc,incompleteness,cot
ISSUE-40336,APIDoc: Check all deprecated API members for appropriate message,0,1,"Step 1: Identify the key information provided in the issue.
- The issue describes tasks related to checking deprecated API members and ensuring appropriate deprecation messages are present or restored.
- It mentions specific actions like adding a message with an alternative API link, restoring original summaries, and verifying there are no incorrect ""removed"" APIs.

Step 2: Identify missing essential information.
- Steps to reproduce the problem (if applicable).
- Expected vs actual behavior is not clearly defined.
- Acceptance criteria for what constitutes a complete fix or check.
- Affected components or specific API members that need attention.
- Environment details such as versions of software, operating systems, etc.

Step 3: Determine if a developer can act on this issue without additional information.
Given the lack of clear acceptance criteria and detailed steps to reproduce or verify the issue, it would be challenging for a developer to fully understand what needs to be done. The description provides tasks but lacks specifics that are necessary for implementation and verification.

Final Answer: Yes",43983d9d06f2b5ba,qwen2.5:14b,0,2026-06-17T16:14:06.458700,project_02,title_desc,incompleteness,cot
ISSUE-38324,Create Appcelerator Studio Guide page,0,1,"Step 1: Identify the key information provided in the issue.
- The task involves creating and reorganizing content for the ""Guide"" page within Appcelerator Studio.

Step 2: Determine what essential information is missing from the issue description.
- Steps to reproduce or a specific problem are not mentioned.
- Expected behavior after completing the task is unclear (what should the Guide page look like?).
- Acceptance criteria are absent, making it difficult for developers to know when they have completed the task successfully.
- No details about affected components or environment specifics are provided.

Step 3: Evaluate if a developer can act on this issue without needing additional information.
- Given the lack of specific instructions and acceptance criteria, a developer would likely need more detailed guidance before starting work on this task. Without clear expectations, there's a risk that the outcome may not meet the requirements or be useful to users.

Final Answer: Yes",ef4c5175a2167187,qwen2.5:14b,0,2026-06-17T16:14:10.612927,project_02,title_desc,incompleteness,cot
ISSUE-39589,Update Android Menu docs re: overflow (...) menu on devices with hardware menu button,0,1,"Step 1: Identify the key information provided in the issue.
- The issue title and description suggest that there's a need to update documentation related to Android Menu overflow functionality.
- It mentions that actions hidden in the action overflow can be revealed by pressing either the device's hardware menu button or the software-based overflow button.

Step 2: Determine what essential information is missing.
- Steps to reproduce the issue are not provided. The description does not outline a specific problem but rather suggests an update to documentation.
- Expected vs actual behavior is not described since this is more of a documentation request than a bug report.
- Acceptance criteria for updating the documentation are not specified (e.g., what should be added or changed).
- Environment details such as Android version, device model, etc. are not provided because it's about documentation rather than a specific software issue.

Step 3: Evaluate if a developer can act on this issue without asking for more information.
- While the intent of updating documentation is clear, developers would need specifics like what exactly needs to be added or modified in the documentation and how to verify that the update meets requirements. Without these details, it's challenging to proceed effectively.

Final Answer: Yes",f7706cdb24df64e5,qwen2.5:14b,0,2026-06-17T16:14:15.719342,project_02,title_desc,incompleteness,cot
ISSUE-38275,Rename AMPLIFY Appcelerator Services to Axway Mobile Analytics,0,1,"Step 1: Identify the key information provided in the issue.
- The task involves renaming AMPLIFY Appcelerator Services to Mobile Analytics within the API developer tile.
- Sub-topics need to be renamed as follows:
  - Analytics -> Usage Analytics
  - Performance -> Performance Analytics
  - Test -> App Test

Step 2: Identify what essential information is missing from the issue description.
- Steps to reproduce the change are not provided. There's no guidance on how to implement or verify these changes.
- Expected behavior after renaming is not clearly defined (e.g., confirmation messages, UI updates).
- Acceptance criteria for completing this task are absent.
- Affected components and their interactions with other parts of the system are unclear.
- Environment details such as version numbers, operating systems, or specific configurations are missing.

Step 3: Determine if a developer can act on this issue without asking for more information.
Given the lack of detailed steps to reproduce, expected behavior, acceptance criteria, environment details, and affected components, it would be challenging for a developer to implement these changes confidently. Additional clarification is necessary before proceeding with development or testing.

Final Answer: Yes",5575fe1f10d5b0f3,qwen2.5:14b,0,2026-06-17T16:14:20.700399,project_02,title_desc,incompleteness,cot
ISSUE-38193,Remove very outdated Ti.Map documentation,0,1,"Step 1: Identify the key information provided in the issue.
- The documentation at https://docs.appcelerator.com/platform/latest/#!/api/Titanium.Map.View is outdated and should be removed since version 3.x.
- It has been replaced by a standalone module for some time now.
- A PR (Pull Request) exists: https://github.com/appcelerator/titanium_mobile/pull/9970

Step 2: Identify what essential information is missing from the issue.
- Steps to reproduce the problem or verify the fix are not provided.
- Expected behavior after removing outdated documentation and replacing it with a standalone module is not clearly stated.
- Acceptance criteria for resolving this issue are absent.
- No environment details (e.g., operating system, version of software) are mentioned.

Step 3: Determine if a developer can act on the issue without needing more information.
Given that there's no clear guidance on what needs to be done beyond pointing out outdated documentation and linking to a PR, it is not entirely clear how a developer should proceed. Without specific acceptance criteria or steps for verification, developers would likely need additional details before they could effectively address this issue.

Final Answer: Yes",be8ec47c4e654261,qwen2.5:14b,0,2026-06-17T16:14:25.868488,project_02,title_desc,incompleteness,cot
ISSUE-40376,Docs: Code highlighting incorrectly applied to some example blocks,0,1,"Step 1: Identify the key information provided in the issue.
- The issue describes that code highlighting is incorrectly applied to some example blocks in documentation.
- It mentions specific examples, such as ""A XML sample"" and ""constructor block -> Syntax example"".
- A URL to a page where this issue can be observed is given.

Step 2: Identify what essential information is missing from the issue.
- Steps to reproduce the problem are not provided. The user only describes that there's an issue but doesn't explain how to replicate it.
- Expected behavior is not clearly defined. It’s unclear what correct code highlighting should look like in these examples.
- Acceptance criteria for resolving this issue are absent, making it difficult to know when the issue has been fixed.
- Environment details (e.g., browser type and version) or any specific conditions under which the problem occurs are missing.

Step 3: Determine if a developer can act on this issue without asking for more information.
Given that reproduction steps, expected behavior, acceptance criteria, and environment details are not provided, it would be challenging for a developer to understand the full scope of the issue and how to resolve it effectively. The lack of these details means additional clarification is necessary before work can begin.

Final Answer: Yes",feb1dc53f754d9b4,qwen2.5:14b,0,2026-06-17T16:14:31.272363,project_02,title_desc,incompleteness,cot
ISSUE-39190,Fix link to View.touchEnabled from View.enabled,0,1,"Step 1: Identify the key information provided in the issue.
- The issue describes that there's an incorrect link from `Button.enabled` to `View.touchEnabled`.
- It mentions that the current link points to a deprecated property (`View.enabled`).
- Expected result is for the link to point to `http://docs.appcelerator.com/titanium/latest/#!/api/Titanium.UI.View-property-touchEnabled`.

Step 2: Identify what essential information is missing.
- Steps to reproduce the issue are not provided.
- There's no clear description of the actual behavior observed compared to the expected behavior beyond the link redirection.
- No acceptance criteria or specific conditions under which this should be fixed are mentioned.
- Environment details (e.g., operating system, version of Titanium SDK) are missing.

Step 3: Determine if a developer can act on this issue without asking for more information.
Given that there's no clear guidance on how to reproduce the issue and no acceptance criteria or environment details provided, it would be challenging for a developer to start working on this issue effectively. They would likely need additional context about where exactly these links are located in the documentation and under what conditions they should be updated.

Final Answer: Yes",142ee274a18ace75,qwen2.5:14b,0,2026-06-17T16:14:36.514349,project_02,title_desc,incompleteness,cot
ISSUE-38138,Create and publish release note for SDK 7.3.1.RC,0,1,"Step 1: Identify the key information provided in the issue.
- The task is to create and publish release notes for SDK version 7.3.1.RC.

Step 2: Determine what essential information is missing from the issue description.
- Steps to reproduce or how to create the release note are not specified.
- Expected content of the release note is not detailed (e.g., what should be included in the release note).
- Environment details where this task needs to be performed are not provided.
- Acceptance criteria for when the task is considered complete are missing.

Step 3: Evaluate if a developer can act on this issue without additional information.
- Without knowing the specific content that should be included in the release notes, or how these notes should be formatted and published, it would be challenging for a developer to proceed effectively. The lack of detailed instructions means there's ambiguity about what exactly needs to be done.

Final Answer: Yes",ab2f2b3ebab15799,qwen2.5:14b,0,2026-06-17T16:14:40.727409,project_02,title_desc,incompleteness,cot
ISSUE-38570,Create and publish release note for Arrow 1.10.0,0,1,"Step 1: Identify the key information provided in the issue.
- The task is to create and publish release notes for Arrow version 1.10.0.
- A link to the release board is given.

Step 2: Determine what essential information is missing.
- Steps to reproduce or how to create the release note are not specified.
- Expected behavior (what should be included in the release notes) is not detailed.
- Acceptance criteria for when the task is considered complete are absent.
- Environment details, such as which tools or platforms are required, are not provided.

Step 3: Evaluate if a developer can act on this issue without additional information.
- Given the lack of specific instructions and acceptance criteria, it would be challenging for a developer to know exactly what needs to be done. The task is too vague to proceed confidently.

Final Answer: Yes",b0e7d11dbd3d246e,qwen2.5:14b,0,2026-06-17T16:14:44.685284,project_02,title_desc,incompleteness,cot
ISSUE-39606,APIDoc: Geolocation documentation - potential error add remove event listener,0,0,"Step 1: Identify the key information provided in the issue.
- The user has noticed that the example given in the Titanium.Geolocation documentation is not specific to Geolocation and instead uses an event listener related to a window object.
- They suggest that for Geolocation, one should use `Titanium.Geolocation.addEventListener('location', function);` and `Titanium.Geolocation.removeEventListener('location', function);`.
- The user asks if this is what the documentation should say.

Step 2: Identify missing essential information.
- Steps to reproduce the issue are not provided. There's no clear scenario or steps that demonstrate how the current documentation leads to confusion or error.
- Expected vs actual behavior is not clearly defined. It’s unclear whether there is an actual bug in the documentation or if it’s just a suggestion for improvement.
- Acceptance criteria, affected components, and environment details are also missing.

Step 3: Determine if a developer can act on this issue without asking for more information.
- Given that the issue lacks clear reproduction steps and expected behavior, a developer would likely need additional context to understand whether there is an actual error in the documentation or just a suggestion for improvement. Without these details, it's difficult to assess the impact of updating the documentation as suggested.

Final",1d055519a1dab2eb,qwen2.5:14b,0,2026-06-17T16:14:50.360772,project_02,title_desc,incompleteness,cot
ISSUE-40579,Doc BUG: Titanium.UI.iPad.Popover explicitly requires a View as child but in fact requires a Window,0,0,"Step 1: Identify the key information provided in the issue.
- The documentation for Titanium.UI.iPad.Popover incorrectly states that it requires a View as its child component when, in fact, it requires a Window or NavigationGroup.
- The add method's documentation is incorrect and misleading.

Step 2: Determine what essential information is missing from the issue report.
- Steps to reproduce the problem are not provided. It’s unclear how one would encounter this issue without knowing specific scenarios where adding a View instead of a Window causes problems.
- Expected vs actual behavior is somewhat described but lacks clarity. The user mentions that documentation states it requires a View, but in reality, it needs a Window or NavigationGroup. However, there's no clear statement about what happens when one tries to add a View versus a Window.
- Acceptance criteria are not provided; it’s unclear what the exact changes should be for the documentation update.
- Environment details (such as Titanium SDK version) and affected components beyond the Popover class are missing.

Step 3: Evaluate if a developer can act on this issue without needing additional information.
Given the lack of specific reproduction steps, clear expected vs actual behavior, acceptance criteria, and environment details, it would be challenging for a developer to fully understand and",5b75ad319148872b,qwen2.5:14b,0,2026-06-17T16:14:55.842254,project_02,title_desc,incompleteness,cot
ISSUE-40465,APIDOC: Ti.UI.TableViewSection.borderRadius does not work,0,-1,"Step 1: Identify the key information provided in the issue.
- The issue describes that altering the value of Ti.UI.TableViewSelection.borderRadius does not seem to have any effect in the iOS simulator.
- A small test case is provided, but it doesn't include setting the borderRadius property for a TableViewSection.

Step 2: Determine what essential information is missing.
- Steps to reproduce the issue are not clearly defined. The test case given does not set the borderRadius property and thus does not demonstrate how to trigger the problem.
- Expected behavior is not specified. It's unclear what effect should be observed when setting borderRadius on a TableViewSection.
- Actual behavior is vague; it only states that ""it doesn't seem to have any effect.""
- Acceptance criteria are missing, which would define what needs to happen for this issue to be considered resolved.
- Environment details (such as specific versions of the Titanium SDK and iOS) are not provided.

Step 3: Evaluate if a developer can act on this issue without additional information.
Given the lack of clear reproduction steps, expected behavior, acceptance criteria, and environment details, it would be difficult for a developer to understand the full scope of the problem or how to verify its resolution. Additional information is necessary before any meaningful action can",55f3d3d9f087baf3,qwen2.5:14b,0,2026-06-17T16:15:01.365323,project_02,title_desc,incompleteness,cot
ISSUE-38497,New documentation page needed for API Builder -> Swagger Specifications,0,1,"Step 1: Identify the key information provided in the issue.
- The issue requests the creation of a new documentation page for API Builder related to Swagger Specifications.
- It mentions reaching out to Jamie Peabody/<USER> for technical details.

Step 2: Determine what essential information is missing from the issue.
- Steps to reproduce or how to create this new page are not provided.
- Expected behavior (what should be included on the new documentation page) is not specified.
- Acceptance criteria, affected components, and environment details are also absent.

Step 3: Evaluate if a developer can act on this issue without additional information.
- Without knowing what specific content or structure is expected for the Swagger Specifications section of the API Builder documentation, it would be challenging to proceed effectively. The lack of technical details from Jamie Peabody/<USER> means that further clarification is necessary before work can begin.

Final Answer: Yes",063651043225d8b9,qwen2.5:14b,0,2026-06-17T16:15:05.522586,project_02,title_desc,incompleteness,cot
ISSUE-39864,ACS User - need to be able to delete user without logging in as that user,0,0,"Step 1: Identify the key information provided in the issue.
- The current requirement is to delete a user account from an admin account rather than logging in as that specific user.
- Documentation states that deleting a user requires being logged in as that user, but there's a request for functionality to allow deletion by an admin without needing to log in as the user.
- A reference link to documentation is provided: http://docs.appcelerator.com/titanium/latest/#/api/Users-method-delete
- EMC wants this feature because they may not know the login credentials of all users and want to prevent pushes to those users.

Step 2: Identify what essential information is missing from the issue.
- Steps to reproduce the current behavior (how to delete a user currently).
- Expected vs actual behavior when trying to delete a user as an admin without logging in as that specific user.
- Acceptance criteria for this new feature request.
- Environment details where this issue occurs (e.g., operating system, version of software, etc.).
- Syntax or API endpoint information needed to test the functionality with curl commands.

Step 3: Determine if a developer can act on this issue without asking for more information.
Given that there is no clear acceptance criteria and no detailed steps provided for testing",b9171594a445cb99,qwen2.5:14b,0,2026-06-17T16:15:10.890861,project_02,title_desc,incompleteness,cot
ISSUE-38249,Create and publish release note for API Builder 3.0.0,0,1,"Step 1: Identify the key information provided in the issue.
- The task involves creating and publishing release notes for API Builder version 3.0.0.
- It mentions updating something with an entry for this release.
- There is a reference to publishing the API Builder Zoomin bundle to production, which is already available on sandbox as per Chuck's request.

Step 2: Identify what essential information is missing from the issue description.
- Steps to reproduce or how to create and publish the release notes are not provided.
- Expected behavior after completing these tasks is unclear (e.g., what should be included in the release notes, specific details about the Zoomin bundle).
- No acceptance criteria are mentioned for verifying if the task has been completed correctly.
- Affected components or environment details are missing.

Step 3: Determine whether a developer can act on this issue without asking for more information.
Given the lack of detailed instructions and clarity regarding what needs to be included in the release notes, how to publish them, and verification criteria, it is likely that a developer would need additional information before proceeding with the task.

Final Answer: Yes",97ecdc948ed47d78,qwen2.5:14b,0,2026-06-17T16:15:15.806289,project_02,title_desc,incompleteness,cot
ISSUE-38348,Improve the doc navigation,0,1,"Step 1: Identify the key information provided in the issue.
- The issue title suggests an improvement to documentation navigation.
- It mentions specific products that need their content arranged consistently.
- A model for navigation is proposed, including sections like ""Getting Started,"" ""Guide,"" ""How-tos,"" ""Release Notes,"" and ""FAQ.""

Step 2: Identify what essential information is missing from the issue.
- There are no steps to reproduce any issues or problems with the current documentation navigation.
- The expected behavior after implementing the suggested changes is not clearly defined.
- No acceptance criteria are provided for developers to know when they have completed this task satisfactorily.
- There is no mention of affected components or specific environment details where this issue applies.

Step 3: Determine if a developer can act on this issue without asking for more information.
Given the lack of clear instructions, expected outcomes, and acceptance criteria, it would be challenging for a developer to start working on this task effectively. They would likely need additional guidance before proceeding.

Final Answer: Yes",c97cedac43a4c791,qwen2.5:14b,0,2026-06-17T16:15:20.472216,project_02,title_desc,incompleteness,cot
ISSUE-38714,incorrect link,0,1,"Step 1: Identify the key information provided in the issue.
- The issue title indicates that there's an incorrect link.
- The description mentions that content under ""Documents->View -> UI Composite Layout Specs"" displays incorrect content.
- A specific URL is provided where the incorrect content can be seen.

Step 2: Determine what essential information is missing.
- Steps to reproduce the issue are not provided. It’s unclear how one would encounter this problem.
- Expected behavior is not specified. What should the correct link or content look like?
- Acceptance criteria are absent, making it difficult for a developer to know when the issue has been resolved.
- Environment details (e.g., browser type, operating system) are missing, which could be relevant if the issue is environment-specific.

Step 3: Evaluate whether a developer can act on this issue without asking for more information.
Given the lack of detailed steps to reproduce, expected behavior, and acceptance criteria, it would likely require additional clarification before a developer could effectively address the problem. The absence of these details means that there's no clear path forward in terms of testing or fixing the issue.

Final Answer: Yes",2bd4b146d02c835c,qwen2.5:14b,0,2026-06-17T16:15:25.421217,project_02,title_desc,incompleteness,cot
ISSUE-38876,404 page is (unformatted) landing page,0,0,"Step 1: Identify the key information provided in the issue.
- The issue describes that invalid URLs under certain paths and in the root of the documentation site result in unformatted landing pages instead of properly formatted 404 error pages.

Step 2: Determine what essential information is missing from the issue report.
- Steps to reproduce the problem are not clearly defined. For example, it's unclear how to generate an invalid URL under a specific path or in the root that will trigger this unformatted landing page.
- Expected behavior is not explicitly stated. It should be clear what the expected 404 error page looks like and how it differs from the current unformatted page.
- Acceptance criteria are missing, which would define when the issue can be considered resolved (e.g., all invalid URLs return a properly formatted 404 page).
- Environment details such as browser type, operating system, or specific versions of software involved are not provided.

Step 3: Evaluate if a developer can act on this issue without needing additional information.
Given the lack of clear reproduction steps and expected behavior, it would be difficult for a developer to understand exactly what needs fixing. Without acceptance criteria, there's no way to know when the problem is solved. Additionally, missing environment details",ecf8ba4d4732e5cf,qwen2.5:14b,0,2026-06-17T16:15:30.784394,project_02,title_desc,incompleteness,cot
ISSUE-38300,Add a migration banner to all pages in the guides2 space,0,1,"Step 1: Identify the key information provided in the issue.
- The task involves creating a script to add a banner to all pages in the guides2 space.
- The text of the banner is specified.

Step 2: Determine what essential information is missing from the issue description.
- Steps to reproduce or implement the solution are not given.
- Expected behavior after implementing the banner is not detailed (e.g., how it should look, where exactly on each page).
- Acceptance criteria for when the task is considered complete are absent.
- Affected components and environment details (such as which version of the software this applies to) are missing.

Step 3: Evaluate if a developer can act on this issue without needing additional information.
Given the lack of specific implementation instructions, expected outcomes, acceptance criteria, and environmental context, it would be challenging for a developer to proceed confidently with this task. They would likely need clarification or further details before starting work.

Final Answer: Yes",f308592e4e144a45,qwen2.5:14b,0,2026-06-17T16:15:35.142674,project_02,title_desc,incompleteness,cot
ISSUE-38460,web site link doesn't exist,0,1,"Step 1: Identify the key information provided in the issue.
- The user reports that a webex link does not exist when clicking ""View Webinar"" on a specific webpage.
- The URL of the problematic page is given.

Step 2: Determine what essential information is missing from the report.
- Steps to reproduce the issue are not detailed. It's unclear if there are any prerequisites or conditions needed to encounter this problem.
- Expected behavior is not described. What should happen when clicking ""View Webinar""?
- Actual observed behavior is vague (""the webex link doesn't exist"").
- No acceptance criteria are provided for resolving the issue.
- Environment details (e.g., browser type, operating system) are missing.

Step 3: Evaluate if a developer can act on this issue without needing additional information.
Given the lack of specific steps to reproduce and clear descriptions of expected vs. actual behavior, it would be challenging for a developer to understand the full scope of the problem or how to verify its resolution.

Final Answer: Yes",d9eeaf806b8e57fa,qwen2.5:14b,0,2026-06-17T16:15:39.629016,project_02,title_desc,incompleteness,cot
ISSUE-40544,Android: documentation about how to handle Android app first run is missing,0,1,"Step 1: Identify the key information provided in the issue.
- The issue describes a problem related to Android apps needing to be restarted after installation from the market.
- It mentions two Google bugs that are relevant to the issue.
- There is an existing workaround described in another JIRA ticket (TIMOB-4941).
- The documentation about handling this behavior is missing.

Step 2: Identify what essential information is missing.
- Steps to reproduce the problem are not provided.
- Expected vs actual behavior is not clearly defined.
- Acceptance criteria for resolving the issue are not specified.
- Affected components and environment details (e.g., Android version, device models) are not mentioned.

Step 3: Determine if a developer can act on this issue without asking for more information.
Given that there are no clear steps to reproduce the problem or specific acceptance criteria, it would be difficult for a developer to understand exactly what needs to be done. The lack of environment details also makes it hard to determine which scenarios need to be tested.

Final Answer: Yes",5a7289bd92859d89,qwen2.5:14b,0,2026-06-17T16:15:44.244796,project_02,title_desc,incompleteness,cot
ISSUE-39279,iOS: createEmailDialog method doesn't work on some devices,0,0,"Step 1: Identify the key information provided in the issue.
- The issue describes that the `createEmailDialog` method works inconsistently across different devices and simulators with varying iOS versions.
- Specific scenarios are mentioned where it works or doesn't work.

Step 2: Determine what essential information is missing.
- Steps to reproduce the issue on a specific device or simulator are not provided. The description only mentions that it works in some cases but fails in others without clear instructions on how to replicate these failures.
- Expected behavior is not clearly defined. It's implied that the email dialog should appear, but there’s no explicit statement of what should happen when the method is called successfully.
- Acceptance criteria are missing. There's no indication of what success looks like or what needs to be true for this issue to be considered resolved.
- Environment details are somewhat provided (iOS versions and device models), but it would be helpful to have more specific information about the exact conditions under which the problem occurs.

Step 3: Evaluate if a developer can act on this issue without asking for more information.
Given the lack of clear reproduction steps, expected behavior, and acceptance criteria, a developer might struggle to understand exactly what needs fixing or how to verify that it's been fixed. They",1b0af079a6f4615a,qwen2.5:14b,0,2026-06-17T16:15:49.702064,project_02,title_desc,incompleteness,cot
ISSUE-38926,Update iOS Interactive Notifications guide for Apple Watch,0,1,"Step 1: Key Information Provided
- The current guide for iOS Interactive Notifications does not cover Apple Watch.
- A GitHub sample project exists that could be used to update the guide.

Step 2: Missing Essential Information
- Steps to reproduce the issue or demonstrate what needs updating in the guide.
- Expected behavior after updating the guide (what should users expect to see or learn from it).
- Acceptance criteria for completing this task.
- Environment details such as specific iOS versions, Apple Watch models, etc.

Step 3: Developer Actionability
- A developer would need more detailed instructions on what exactly needs to be added or changed in the guide and how to verify that these changes are correct. Without clear acceptance criteria and steps to reproduce/verify, a developer might struggle to understand the full scope of work required.

Final Answer: Yes",33fa1fb11fe0248f,qwen2.5:14b,0,2026-06-17T16:15:53.557462,project_02,title_desc,incompleteness,cot
ISSUE-40983,APIDoc: Remove click type events for mapview,0,0,"Step 1: Identify the key information provided in the issue.
- The click event and similar events are not supported on mapviews according to TIMOB-1104.
- These unsupported events are still listed in the API documentation.
- The task is to remove these events from the API documentation.

Step 2: Determine what essential information is missing.
- Steps to reproduce the issue (not applicable here as it's a documentation update request).
- Expected vs actual behavior (the expected behavior is that these events should not be documented for mapviews, but they are currently listed).
- Acceptance criteria (specifically how one would know when this task is complete; e.g., which sections of the API docs need to be updated and what content needs to be removed).
- Affected components (it's clear it affects the API documentation, but no specific files or modules are mentioned).
- Environment details (no environment-specific information is provided as this seems to be a general issue).

Step 3: Evaluate if a developer can act on this issue without asking for more information.
Given that there are no specific acceptance criteria and no indication of which parts of the documentation need updating, it would likely require further clarification from the reporter before proceeding. A developer might not know exactly what needs",71c5d4de8c86f09b,qwen2.5:14b,0,2026-06-17T16:15:58.983374,project_02,title_desc,incompleteness,cot
ISSUE-40873,APIDoc: ImageView Documentation clarification,0,-1,"Step 1: Identify the key information provided in the issue.
- The issue describes an inconsistency between the current documentation and actual behavior of Titanium.UI.createImageView() regarding scaling images based on specified width and height properties.
- It provides two examples where the image does not scale proportionally on both axes as expected, but instead scales only along one axis while maintaining aspect ratio.

Step 2: Identify what essential information is missing from the issue.
- Steps to reproduce the problem are implied through the provided code snippets but are not explicitly stated in a clear step-by-step manner.
- Expected vs actual behavior is somewhat described but could be more clearly defined. For example, it's unclear if the expected behavior should be that both width and height scale proportionally or if there's an error in specifying only one dimension.
- Acceptance criteria for resolving this issue are not provided (e.g., what the documentation should say to accurately reflect the behavior).
- Environment details such as specific versions of Titanium SDK, operating systems, and devices being used are missing.

Step 3: Determine whether a developer can act on this issue without asking for more information.
- Given the lack of clear reproduction steps, expected vs actual behavior, acceptance criteria, and environment details, it would be challenging for a developer to",6ca66044e33b3ee1,qwen2.5:14b,0,2026-06-17T16:16:04.590011,project_02,title_desc,incompleteness,cot
ISSUE-38583,Nodejs reset password token,0,0,"Step 1: Identify the key information provided in the issue.
- The user is experiencing an issue with the ""reset_password_token"" not being passed from their email template when clicking the link.
- There's a concern about missing documentation regarding the ""key"" parameter.

Step 2: Determine what essential information is missing.
- Steps to reproduce the issue are not provided. It’s unclear how exactly the user sets up and sends the password reset email, or what specific actions lead to the token not being passed correctly.
- Expected vs actual behavior is vague. The user mentions that the ""reset_password_token"" isn't being passed from their email template when clicking a link in the email but doesn’t specify what should happen instead.
- Acceptance criteria are missing. There's no clear definition of success or failure for this issue.
- Affected components and environment details (such as Node.js version, OS, etc.) are not provided.

Step 3: Evaluate if a developer can act on this issue without asking for more information.
Given the lack of detailed steps to reproduce, expected behavior, acceptance criteria, affected components, and environment details, it would be challenging for a developer to understand the full scope of the problem or test potential solutions effectively. Additional information is necessary.

Final",912d9656b1097087,qwen2.5:14b,0,2026-06-17T16:16:10.025836,project_02,title_desc,incompleteness,cot
ISSUE-38547,Create and publish release note for Alloy 1.9.2,0,1,"Step 1: Identify the key information provided in the issue.
- The task is to create and publish release notes.
- However, there are discrepancies between the title and description regarding the version number (Alloy 1.9.2 vs Alloy 5.5.0).

Step 2: Determine what essential information is missing.
- There's no clear version number due to inconsistency in the title and description.
- No details about the content or format of the release notes are provided.
- No acceptance criteria, expected behavior, affected components, or environment details are mentioned.

Step 3: Evaluate if a developer can act on this issue without additional information.
- A developer would need clarification on which version to create the release note for (1.9.2 or 5.5.0).
- The developer needs more specific instructions about what should be included in the release notes and how they should be formatted.

Final Answer: Yes",29a50e0f8a66bfd7,qwen2.5:14b,0,2026-06-17T16:16:14.249512,project_02,title_desc,incompleteness,cot
ISSUE-39410,"Doctools: hide ACS REST API """"pseudo types"""" in API reference TOC",0,1,"Step 1: Identify the key information provided in the issue.
- The issue describes that certain data types (PushLogs and PushLogDetails) are ""pseudo types"" returned by specific methods (logs/querypushlogs and logs/querypushlogdetails).
- These pseudo types should be hidden from the API reference table of contents (TOC).

Step 2: Identify what essential information is missing.
- Steps to reproduce the issue or verify the problem.
- Expected behavior after implementing the change.
- Acceptance criteria for resolving this issue.
- Affected components and their versions.
- Environment details where the issue occurs.

Step 3: Determine if a developer can act on this issue without asking for more information.
Given that there are no clear steps to reproduce, expected behavior, acceptance criteria, or environment details provided, it would be challenging for a developer to fully understand and resolve this issue without additional context. The description lacks specific instructions on how the TOC should look after implementing the change.

Final Answer: Yes",3f57c9f779f8e4be,qwen2.5:14b,0,2026-06-17T16:16:18.721906,project_02,title_desc,incompleteness,cot
ISSUE-38316,Remove Mobile Web Support Reference from documentation,0,0,"Step 1: Identify the key information provided in the issue.
- The issue title and description clearly state that Mobile Web Support will be discontinued with SDK 7.0 release.
- Specific URLs are mentioned where references to Mobile Web need to be removed from the documentation.

Step 2: Determine what essential information is missing.
- There are no steps to reproduce or verify the issue since it's a documentation update request, not a bug report.
- Expected vs actual behavior isn't applicable here as this is an action item rather than a problem statement.
- Acceptance criteria aren’t provided. For example, there’s no clear definition of what success looks like after completing this task (e.g., ""All references to Mobile Web in the documentation should be removed"").
- Environment details are not necessary for this type of issue since it's about updating documentation rather than fixing a software bug.
- There is no mention of affected components beyond the URLs provided.

Step 3: Evaluate if a developer can act on this issue without asking for more information.
- While the task is clear, developers would likely need specific acceptance criteria to ensure they've completed the task correctly. For instance, they might want confirmation that all references have been removed and no new ones are added in other parts of the documentation",da9bff0934adc0f9,qwen2.5:14b,0,2026-06-17T16:16:24.136363,project_02,title_desc,incompleteness,cot
ISSUE-40070,DocTools: Allow linking to guides sections by name in Cloud docs,0,1,"Step 1: Identify the key information provided in the issue.
- The current system uses JSDuck to create anchors with numbered sections.
- There is a request to allow linking to guides sections by name instead of numbers.
- This affects cloud documentation that follows the JSDuck format.

Step 2: Determine what essential information is missing from the issue.
- Steps to reproduce the problem or desired feature are not provided.
- Expected behavior after implementing the requested change is not described.
- Acceptance criteria for when this enhancement is complete are absent.
- No details about affected components or environment specifics (e.g., programming languages, operating systems) are given.

Step 3: Evaluate if a developer can act on this issue without needing additional information.
Given that there's no clear description of how to implement the change, what success looks like, and which parts of the system will be impacted, it would likely require further clarification before development could begin effectively.

Final Answer: Yes",37d5f0879019ef18,qwen2.5:14b,0,2026-06-17T16:16:28.472094,project_02,title_desc,incompleteness,cot
ISSUE-38806,Alloy Map sample code needs to be updated,0,1,"Step 1: Analyze the provided information.
- The title mentions that Alloy map sample code needs to be updated.
- The description provides a link to documentation and states that the Alloy map sample should use `}` instead of `}`.

Step 2: Identify missing essential information.
- Steps to reproduce the issue are not given.
- Expected behavior after updating is not described.
- Actual behavior before the update is not mentioned.
- Acceptance criteria for what constitutes an updated codebase are absent.
- Affected components or specific parts of the sample code that need updating are unclear.
- Environment details (versions, platforms) where this issue occurs are missing.

Step 3: Determine if a developer can act on this information without further clarification.
Given the lack of detailed steps and criteria for what constitutes an update, it would be challenging for a developer to proceed with implementing changes based solely on the current description. Additional context is necessary to ensure that the updates align with intended functionality and standards.

Final Answer: Yes",14419e044cc89b3a,qwen2.5:14b,0,2026-06-17T16:16:32.895777,project_02,title_desc,incompleteness,cot
ISSUE-40752,As a Titanium developer,0,1,"Step 1: Identify the key information provided in the issue.
- The user wants access to complete and accurate APIDoc for Titanium/Database APIs.
- Specific file names are mentioned: Titanium/Database/Database.yml, Titanium/Database/DB.yml, Titanium/Database/ResultSet.yml.

Step 2: Determine what essential information is missing.
- Steps to reproduce the problem or request (not clear how to achieve this).
- Expected behavior (what should be in these APIDocs? What level of completeness and accuracy is expected?)
- Actual behavior (is there a current issue with the existing documentation, if any?)
- Acceptance criteria (how will we know when this requirement has been met?)
- Environment details (which version of Titanium SDK, operating system, etc.)

Step 3: Evaluate whether a developer can act on this issue without asking for more information.
Given the lack of specific requirements and clear objectives, it would be challenging for a developer to proceed with implementing or improving these APIDocs without further clarification.

Final Answer: Yes",e9e2efbe4b058e0d,qwen2.5:14b,0,2026-06-17T16:16:37.541986,project_02,title_desc,incompleteness,cot
ISSUE-38413,Update API Builder Doc landing page on Axway Doc Portal,0,1,"Step 1: Identify the key information provided in the issue.
- The current landing page for API Builder on Axway Doc Portal needs updating to reflect the latest release of the product.
- An attachment is mentioned that outlines how API Builder documentation should be structured.

Step 2: Determine what essential information is missing from the issue description.
- Steps to reproduce the problem or update process are not provided.
- Expected behavior after the update is not clearly defined.
- Acceptance criteria for completing this task are not specified.
- Affected components and environment details (such as specific versions of API Builder, operating systems, etc.) are not mentioned.

Step 3: Evaluate if a developer can act on this issue without needing additional information.
Given that critical elements such as detailed steps to reproduce the update process, expected outcomes, acceptance criteria, and environmental specifics are missing, it would be challenging for a developer to proceed with implementing or testing this change effectively. More details are necessary before work can begin.

Final Answer: Yes",7f5085b8a8af2e06,qwen2.5:14b,0,2026-06-17T16:16:41.997595,project_02,title_desc,incompleteness,cot
ISSUE-40079,APIDoc: iOS: Sound player volume -- setting device volume,0,1,"Step 1: Identify the key information provided in the issue.
- The volume of the sound player on iOS devices is low.
- Setting the volume to 1.0 does not make it very high.
- Volume does not depend on device volume.

Step 2: Determine what essential information is missing.
- Specific steps to reproduce the problem are mentioned but lack detail (e.g., which specific code or settings need to be applied).
- Expected behavior is not clearly defined; for example, what should happen when setting the volume to 1.0?
- No acceptance criteria are provided.
- Environment details such as iOS version and device model are missing.

Step 3: Evaluate if a developer can act on this issue without asking for more information.
Given the lack of detailed steps to reproduce, expected behavior, acceptance criteria, and environment details, it would be challenging for a developer to fully understand and address the problem effectively. Additional information is necessary before proceeding with development or testing.

Final Answer: Yes",12bbed3ea2ab7901,qwen2.5:14b,0,2026-06-17T16:16:46.475633,project_02,title_desc,incompleteness,cot
ISSUE-39208,Clarify 'autoStyle' docs,0,1,"Step 1: Identify the key information provided in the issue.
- The issue highlights that the 'autoStyle' section of Alloy documentation needs clarification and additional examples.
- It mentions that the preceding ""Modify TSS Styles"" section explains autoStyle better than the current autoStyle section.

Step 2: Determine what essential information is missing from the issue.
- Steps to reproduce the problem or confusion are not provided.
- Expected vs actual behavior is not described; there's no clear understanding of what should be clarified beyond vague phrases like ""take full advantage"" and ""properly update.""
- No acceptance criteria, affected components, or environment details are specified.

Step 3: Evaluate if a developer can act on this issue without needing more information.
- Given the lack of specific steps to reproduce, expected behavior, and clear acceptance criteria, it would be challenging for a developer to fully understand what needs to be done. The request is somewhat vague and requires further elaboration or reorganization of existing documentation.

Final Answer: Yes",43f27cc6d56ad057,qwen2.5:14b,0,2026-06-17T16:16:51.023301,project_02,title_desc,incompleteness,cot
ISSUE-38600,Confirm and/or update Migrating Node.ACS Applications to Arrow page,0,1,"Step 1: Identify the key information provided in the issue.
- The issue title and description suggest that there are updates needed to a wiki page about migrating Node.ACS applications to Arrow.
- It lists specific sections of the wiki page that need confirmation or updating, such as Introduction, package.json, Express app instance, socket.io instance, etc.

Step 2: Identify what essential information is missing.
- There are no steps provided on how to reproduce any issues or confirm updates.
- The expected behavior after making changes is not specified.
- No acceptance criteria are mentioned for the tasks listed.
- Environment details (such as which versions of Node.ACS and Arrow should be used) are not given.

Step 3: Determine if a developer can act on this issue without asking for more information.
- Given that there's no clear guidance on what needs to be done beyond confirming or updating sections, it is unclear how a developer would proceed with the task. The lack of specific instructions and details means additional clarification would likely be necessary.

Final Answer: Yes",17a8bb3909e9b3c8,qwen2.5:14b,0,2026-06-17T16:16:55.719784,project_02,title_desc,incompleteness,cot
ISSUE-40801,APIDoc: Background Gradient options not documented,0,1,"Step 1: Identify the key information provided in the issue.
- The issue mentions that background gradient options are not documented in APIDoc.
- It suggests adding a pseudotype for the background gradient object.

Step 2: Determine what essential information is missing.
- Steps to reproduce the problem or how to observe the lack of documentation.
- Expected behavior (what should be included in the documentation).
- Actual behavior (current state, which seems to be no documentation at all).
- Acceptance criteria (how one would know when this issue has been resolved).
- Affected components and environment details.

Step 3: Evaluate if a developer can act on this issue without additional information.
- The description is vague and does not provide clear instructions or acceptance criteria for resolving the issue. A developer would likely need more specific guidance to proceed effectively.

Final Answer: Yes",8b0601614f523224,qwen2.5:14b,0,2026-06-17T16:16:59.647811,project_02,title_desc,incompleteness,cot
ISSUE-40937,APIDoc: Facebook code snippet not being rendered,0,1,"Step 1: Identify the key information provided in the issue.
- The code snippet at the top of the Titanium.Facebook API documentation is not being rendered properly.
- The expected property should be `<property name=""ti.facebook.appid"">your_app_id_here</property>`.

Step 2: Determine what essential information is missing.
- Steps to reproduce the issue are missing. It's unclear how one can replicate this problem.
- Expected vs actual behavior is only partially described; it does not specify what exactly is wrong with the current rendering of the code snippet.
- Acceptance criteria for resolving the issue are absent, making it difficult to know when the issue has been fixed.
- Affected components and environment details (such as browser type, operating system) are missing.

Step 3: Evaluate if a developer can act on this issue without asking for more information.
Given the lack of detailed steps to reproduce, clear description of expected vs actual behavior, acceptance criteria, affected components, and environment details, it would be challenging for a developer to effectively address this issue without requesting additional information first.

Final Answer: Yes",8de58c8746970d3c,qwen2.5:14b,0,2026-06-17T16:17:04.487675,project_02,title_desc,incompleteness,cot
ISSUE-38132,Create and publish release note for CLI 7.0.6.RC,0,1,"Step 1: Identify the key information provided in the issue.
- The title and description both mention creating and publishing release notes for CLI version 7.0.6.RC.

Step 2: Determine what essential information is missing from the issue.
- Steps to reproduce or create the release note are not specified.
- Expected behavior (what should be included in the release notes) is not detailed.
- Acceptance criteria (how one knows when the task is complete) are absent.
- Affected components and environment details are not provided.

Step 3: Evaluate if a developer can act on this issue without additional information.
- Given the lack of specific instructions, expected content for the release note, acceptance criteria, and context about the environment or affected components, it would be challenging for a developer to proceed with creating and publishing the release notes effectively. They would likely need more details before starting work.

Final Answer: Yes",5eedf611d7f9328e,qwen2.5:14b,0,2026-06-17T16:17:08.655372,project_02,title_desc,incompleteness,cot
ISSUE-38986,Android Themes guide needs serious updating,0,1,"Step 1: Key Information Provided
- The Android Themes guide needs updating.
- Suggestions include adding new theme options and removing outdated information.
- There are suggestions about the order of sections in the guide.
- Questions about accuracy of certain parts, especially regarding Material Theme for 4.x.

Step 2: Missing Essential Information
- No specific steps to reproduce an issue or problem.
- No clear expected vs actual behavior described.
- No acceptance criteria provided.
- No environment details (versions, OS, etc.).
- No affected components mentioned explicitly.

Step 3: Developer Actionability Without Additional Info
- The developer would need clarification on what exactly needs updating and why certain sections should be changed or removed.
- There's no clear guidance on how to verify if the changes are correct after implementation.
- The issue lacks specific details that would allow a developer to reproduce, test, and validate the proposed changes.

Final Answer: Yes",6146a14f2ea0fe82,qwen2.5:14b,0,2026-06-17T16:17:12.924111,project_02,title_desc,incompleteness,cot
ISSUE-38790,Update and extend guide on Transitions,0,1,"Step 1: Identify the key information provided in the issue.
- The issue mentions that there's an existing guide on Transitions which needs updating.
- It provides a link to another walkthrough on Android Transitions.

Step 2: Determine what essential information is missing from the issue.
- Steps to reproduce or understand the problem are not given.
- Expected vs actual behavior is not described; it’s unclear what changes need to be made in the guide.
- Acceptance criteria for updating the guide are not specified.
- Affected components and environment details (such as specific versions of software) are missing.

Step 3: Evaluate if a developer can act on this issue without additional information.
- Given the lack of detailed requirements, it would be challenging for a developer to know exactly what needs to be done or how to verify that the task is complete. The developer would likely need more details about the specific changes required and acceptance criteria.

Final Answer: Yes",7bf85d9a6bd5b1fd,qwen2.5:14b,0,2026-06-17T16:17:17.235775,project_02,title_desc,incompleteness,cot
ISSUE-38051,Ti.Platform.id documentation needs clarification,0,0,"Step 1: Identify the key information provided in the issue.
- The documentation for Ti.Platform.id needs clarification.
- It mentions that Android might use UDID but it's not clear if it does or doesn't.
- iOS previously used a different identifier, but now it is unclear what exactly is being used.
- There are questions about how unique this ID is and whether it can change over time.
- A note should be added stating that the ID shouldn’t be used for uniquely identifying users as their authentication method.

Step 2: Identify missing essential information.
- Steps to reproduce the issue with the documentation (not provided).
- Expected vs actual behavior of Ti.Platform.id in different environments (not clear from description).
- Acceptance criteria for what constitutes an improvement in the documentation (not specified).
- Affected components or specific versions of the software where this is a problem (not detailed).
- Environment details such as operating system, device model, and Titanium SDK version (missing).

Step 3: Determine if a developer can act on this issue without asking for more information.
Given that there are no clear steps to reproduce the issue, no acceptance criteria, and missing environment details, it would be challenging for a developer to start working on improving the documentation based solely on the provided",77d25f7e177cb736,qwen2.5:14b,0,2026-06-17T16:17:22.703575,project_02,title_desc,incompleteness,cot
ISSUE-38667,Create and publish Studio 4.7.1.GA release note,0,1,"Step 1: Identify the key information provided in the issue.
- The task is to create and publish release notes for Studio version 4.7.1.GA.

Step 2: Determine what essential information is missing from the issue description.
- Steps to reproduce or how to create the release note are not specified.
- Expected content of the release note (features, bug fixes, etc.) is not mentioned.
- Environment details where this task needs to be performed are absent.
- Acceptance criteria for when the task is considered complete are missing.

Step 3: Evaluate if a developer can act on this issue without additional information.
- Given the lack of specific instructions and expected outcomes, it would be challenging for a developer to proceed with creating and publishing the release note effectively. They would need more details about what should be included in the release notes and how they are supposed to publish them.

Final Answer: Yes",8b0de90d966ae833,qwen2.5:14b,0,2026-06-17T16:17:26.881397,project_02,title_desc,incompleteness,cot
ISSUE-38004,Link for 'Titanium.UI.iOS.SystemButton' seems to be broken,0,1,"Step 1: Identify the key information provided in the issue.
- The link for 'Titanium.UI.iOS.SystemButton' is broken.
- The broken link is found under the removal/deprecation notice on a specific page.

Step 2: Determine what essential information is missing.
- Steps to reproduce the issue are not clearly defined. It's unclear if clicking any part of the deprecation notice or just the hyperlink itself causes the problem.
- Expected behavior is not specified; it’s implied but not stated that the link should lead directly to documentation for 'Titanium.UI.iOS.SystemButton'.
- Acceptance criteria are missing, such as what would constitute a fix (e.g., linking correctly to the relevant page).
- Environment details like operating system, browser type and version, or any other software versions involved are absent.
- Affected components beyond the link itself are not detailed.

Step 3: Evaluate if a developer can act on this issue without needing more information.
Given the lack of specific steps to reproduce, expected behavior, acceptance criteria, environment details, and affected components, it would be challenging for a developer to fully understand and resolve the issue based solely on the provided description. Additional context is necessary.

Final Answer: Yes",e1e10d31527b28cb,qwen2.5:14b,0,2026-06-17T16:17:32.090703,project_02,title_desc,incompleteness,cot
ISSUE-38293,Create and publish release note for SDK 6.3.0.GA,0,1,"Step 1: Identify the key information provided in the issue.
- The title mentions creating and publishing release notes for SDK version 6.3.0.GA.
- However, the description talks about creating and publishing release notes for SDK version 6.2.3.GA.

Step 2: Determine what essential information is missing.
- There are no steps to reproduce or understand how to proceed with the task.
- The expected behavior (what should be included in the release note) is not specified.
- No acceptance criteria are provided, so it's unclear when the issue would be considered resolved.
- Environment details and affected components are also absent.

Step 3: Evaluate if a developer can act on this issue without additional information.
- Given the discrepancy between the title and description (6.3.0.GA vs 6.2.3.GA), it's unclear which version to work with.
- Without clear instructions, expected content for the release note, or acceptance criteria, a developer would need more details before starting work.

Final Answer: Yes",b29eabb70723a071,qwen2.5:14b,0,2026-06-17T16:17:36.886466,project_02,title_desc,incompleteness,cot
ISSUE-39823,Guides: Update Launch options,0,1,"Step 1: Identify the key information provided in the issue.
- The issue title and description indicate that there are updates needed for launch options in guides.
- It mentions specific changes to target names and options for iOS devices, simulators, Android emulators, and devices.

Step 2: Determine what essential information is missing from the issue.
- Steps to reproduce the problem or update process are not provided.
- Expected behavior after updating the guides is not specified.
- Acceptance criteria for completing this task are absent.
- Affected components or specific files that need updates are not mentioned.
- Environment details such as operating system, version of software being used, etc., are missing.

Step 3: Evaluate if a developer can act on this issue without needing additional information.
Given the lack of detailed steps, expected outcomes, and environmental specifics, it would be challenging for a developer to start working on this task effectively. They would likely need clarification on what exactly needs updating, where these updates should occur within the guides, and how success will be measured.

Final Answer: Yes",b1ea88b3d15042b6,qwen2.5:14b,0,2026-06-17T16:17:41.575575,project_02,title_desc,incompleteness,cot
ISSUE-38256,Document required Android modules changes due to V8 changes,0,1,"Step 1: Identify the key information provided in the issue.
- The issue mentions that there are breaking changes in V8 which require developers to recompile their Android modules.
- A guide is needed for developers to update their modules.
- There's a suggestion to provide an automatic migration hook.

Step 2: Determine what essential information is missing.
- Steps to reproduce the problem or how to apply the changes are not provided.
- Expected behavior after applying the changes is not specified.
- Acceptance criteria for resolving this issue are unclear.
- No details about affected components or environment specifics (e.g., Android version, V8 version).
- There's no clear timeline or priority level.

Step 3: Evaluate if a developer can act on this issue without additional information.
Given the lack of specific steps to reproduce, expected behavior, and detailed acceptance criteria, it would be challenging for a developer to start working on this issue effectively. They would likely need more details about what exactly needs to change in the Android modules due to V8 changes.

Final Answer: Yes",b482469a31a18235,qwen2.5:14b,0,2026-06-17T16:17:46.247849,project_02,title_desc,incompleteness,cot
ISSUE-39381,Node.ACS cannot catch stdout & stderr from child processes forked by app,0,1,"Step 1: Identify the key information provided in the issue.
- The issue describes that Node.ACS's 'acs loglist' and 'acs logcat' commands are used to show logs from a Node.ACS app.
- These commands work for the root process of an app but not for child processes forked by the root process.

Step 2: Identify what essential information is missing.
- Steps to reproduce the issue are missing. How can someone verify that this problem exists?
- Expected behavior is not clearly defined. What should happen when logs from child processes are captured?
- Actual behavior is described but lacks detail about how it differs from expected behavior.
- Acceptance criteria for resolving the issue are absent.
- Environment details (e.g., Node.js version, operating system) are missing.

Step 3: Determine if a developer can act on this issue without asking for more information.
Given the lack of detailed steps to reproduce and clear acceptance criteria, it would be challenging for a developer to start working on resolving this issue effectively. They would likely need additional details before they could proceed confidently.

Final Answer: Yes",602390c5b8b69641,qwen2.5:14b,0,2026-06-17T16:17:51.121863,project_02,title_desc,incompleteness,cot
ISSUE-40888,APIDoc: remove from docs advice about passing functions cross-context,0,0,"Step 1: Key Information Provided
- The issue involves removing advice from the documentation about passing functions cross-context in Titanium.UI.Window.
- It mentions that this practice is no longer recommended due to changes in iOS memory management.
- A specific Q&A question prompted this discussion, which can be found at [this link](http://developer.appcelerator.com/question/121670/fix-for-timob-4237-is-crashing-my-app-what-is-timob-4237).
- The recommended approach is to pass simple objects and JSON via custom events.

Step 2: Missing Essential Information
- Steps to reproduce the issue (not applicable here as it's a documentation update request, but still relevant for clarity)
- Expected vs actual behavior (the expected outcome is clear - remove outdated advice from docs)
- Acceptance criteria (specific details on what needs to be changed in the documentation are not provided)
- Affected components (while the affected component is mentioned, specific sections or files aren't detailed)
- Environment details (no information about which version of Titanium or iOS this applies to)

Step 3: Developer Actionability
While a developer can understand that they need to remove outdated advice from the documentation, there isn’t",1b91e6c4f27049e1,qwen2.5:14b,0,2026-06-17T16:17:56.538092,project_02,title_desc,incompleteness,cot
ISSUE-39024,Migration: Node.ACS instructions should link new guide,0,1,"Step 1: Identify the key information provided in the issue.
- The migration page needs to link to a new guide.
- The purpose of the link is to help users migrate or convert Node.ACS applications to Arrow and vice versa.

Step 2: Determine what essential information is missing.
- Steps to reproduce the problem (if applicable).
- Expected behavior after implementing the change.
- Actual behavior observed currently.
- Acceptance criteria for resolving this issue.
- Affected components or specific areas of the migration page that need updating.
- Environment details where the issue occurs.

Step 3: Evaluate if a developer can act on this issue without additional information.
Given the lack of detailed steps, expected vs actual behavior, acceptance criteria, and environment specifics, it is challenging for a developer to fully understand and implement the necessary changes based solely on the provided description. The issue lacks clarity regarding what exactly needs to be done beyond linking to another guide.

Final Answer: Yes",a81e13c2498fbc83,qwen2.5:14b,0,2026-06-17T16:18:00.863573,project_02,title_desc,incompleteness,cot
ISSUE-38189,Update Pull Request Guide and Building SDK From source,0,1,"Step 1: Identify the key information provided in the issue.
- A community member found that the Pull Request Guide is outdated and references an old method (scons).
- The guide should be updated to avoid duplicating content between the docs and the readme.

Step 2: Determine what essential information is missing.
- Steps to reproduce the problem or update the guide are not provided.
- Expected behavior after updating the guide is not specified.
- No acceptance criteria for completing this task are given.
- Affected components or environment details (e.g., specific versions of software, operating systems) are not mentioned.

Step 3: Evaluate if a developer can act on this issue without additional information.
Given that there are no clear steps to reproduce the problem, expected behavior after updating the guide, acceptance criteria, or detailed environment specifications, it would be challenging for a developer to start working on this task effectively. They would likely need more details before proceeding.

Final Answer: Yes",aeb29c5a0e35e370,qwen2.5:14b,0,2026-06-17T16:18:05.163709,project_02,title_desc,incompleteness,cot
ISSUE-38180,Ti.UI.WebView documentation broken/missing,0,1,"Step 1: Identify the key information provided in the issue.
- The documentation for Ti.UI.WebView seems to be completely missing or broken.
- A link is provided to the problematic documentation page.
- Expected result is that the documentation should be visible again.

Step 2: Determine what essential information is missing.
- Steps to reproduce the issue are not provided. It's unclear how one would encounter this problem in practice.
- There is no description of the actual behavior observed when trying to access the documentation.
- No acceptance criteria or specific details about what needs to be fixed or added to the documentation are given.
- Environment details (such as operating system, browser type, version numbers) are not provided.

Step 3: Evaluate if a developer can act on this issue without additional information.
Given the lack of detailed steps to reproduce and actual behavior observed, it would be difficult for a developer to understand exactly what needs fixing or how to verify that the fix works. The absence of environment details also complicates troubleshooting efforts.

Final Answer: Yes",edd2c94b39ae38c0,qwen2.5:14b,0,2026-06-17T16:18:09.680684,project_02,title_desc,incompleteness,cot
ISSUE-40251,"JDT install directions reference """"Helios"""" not """"Indigo"""" Eclipse platform",0,1,"Step 1: Key Information Provided
- The documentation references the Eclipse ""Helios"" platform instead of the newer ""Indigo"" platform.
- This affects the installation instructions for Java Development Tools in Titanium Studio.

Step 2: Essential Missing Information
- Steps to reproduce the issue (how can someone verify this problem exists?)
- Expected vs actual behavior (what should be there and what is currently present)
- Acceptance criteria (what needs to change for this issue to be resolved)
- Environment details (which versions of Titanium Studio, Eclipse, etc. are affected)

Step 3: Developer Actionability
Without the above information, a developer would not have enough context to understand the full scope of the problem or how to verify and fix it.

Final Answer: Yes",26647b65787f4815,qwen2.5:14b,0,2026-06-17T16:18:13.320627,project_02,title_desc,incompleteness,cot
ISSUE-38133,Create and publish release note for CLI 7.0.5.GA,0,1,"Step 1: Identify the key information provided in the issue.
- The title and description both mention creating and publishing release notes for CLI version 7.0.5.GA.

Step 2: Determine what essential information is missing from the issue.
- Steps to reproduce or create the release note are not specified.
- Expected content or format of the release note is not detailed.
- Acceptance criteria for completing this task are absent.
- Affected components and environment details (e.g., operating system, version control systems) are not mentioned.

Step 3: Evaluate if a developer can act on this issue without additional information.
- Given the lack of specific instructions or requirements, it would be challenging for a developer to know exactly what needs to be done. They would likely need more detailed guidance about the content and format of the release notes, as well as any specific tools or platforms required for publishing.

Final Answer: Yes",98cd0d5b19bde6ee,qwen2.5:14b,0,2026-06-17T16:18:17.436095,project_02,title_desc,incompleteness,cot
ISSUE-40671,APIDoc: Filesystem.File.createTimestamp returns 0 on Android for resource files,0,1,"Step 1: Identify the key information provided in the issue.
- The method `Filesystem.File.createTimestamp` returns 0 for resource files on Android.
- Resource files don't have timestamps.

Step 2: Determine what essential information is missing from the issue report.
- Steps to reproduce the problem are not given.
- Expected behavior is not clearly defined. Is it expected that this method should return a timestamp or some other value?
- Acceptance criteria for resolving the issue are absent.
- Affected components and environment details (such as Android version, API level) are missing.

Step 3: Evaluate if a developer can act on this issue without additional information.
Given the lack of specific steps to reproduce, expected behavior, acceptance criteria, and environmental context, it would be challenging for a developer to understand the full scope of the problem or how to verify its resolution. Therefore, more details are needed before proceeding with development.

Final Answer: Yes",268ab4fdac0341f0,qwen2.5:14b,0,2026-06-17T16:18:21.692864,project_02,title_desc,incompleteness,cot
ISSUE-40346,APIDoc: Analytics doc should mention raw data export,0,1,"Step 1: Identify the key information provided in the issue.
- The analytics data isn't available in the UI.
- Documentation should clarify that raw data export is an option to access missing data.
- Update Ti Analytics guides doc and link API docs to relevant documentation.

Step 2: Determine what essential information is missing.
- Steps to reproduce the issue are not provided.
- Expected vs actual behavior is not clearly defined.
- No acceptance criteria or specific requirements for updating the documentation are given.
- Affected components, environment details (e.g., version numbers), and any other technical specifics are absent.

Step 3: Evaluate if a developer can act on this issue without additional information.
Given the lack of detailed steps to reproduce, expected behavior, and clear acceptance criteria, it would be challenging for a developer to fully understand the scope of work required or how to verify that the issue has been resolved. The missing details make it difficult to proceed with implementing changes effectively.

Final Answer: Yes",0a117a3a3276c81b,qwen2.5:14b,0,2026-06-17T16:18:26.038301,project_02,title_desc,incompleteness,cot
ISSUE-39667,ACS Custom Object Documentation Needs Corrected,0,1,"Step 1: Identify the key information provided in the issue.
- The documentation for the show() method of custom objects contains incorrect ('delete') verbiage.
- A link to the specific documentation page is provided.

Step 2: Determine what essential information is missing.
- Steps to reproduce the issue (not applicable here as it's a documentation error, but still relevant).
- Expected vs actual behavior (what should be there instead of 'delete').
- Acceptance criteria (how one would know if this was fixed correctly).
- Affected components or environment details (none are necessary for documentation issues, but specifics about the incorrect verbiage would help).

Step 3: Evaluate whether a developer can act on this issue without asking for more information.
- The developer needs to know what should replace the 'delete' verbiage in order to correct it properly. Without knowing exactly what text is supposed to be there instead, the developer cannot complete the task.

Final Answer: Yes",bf0e766b97d66e9f,qwen2.5:14b,0,2026-06-17T16:18:30.347833,project_02,title_desc,incompleteness,cot
ISSUE-38873,Ti.UI.Android.openPreferences: Does not explain how to get a preference value,0,1,"Step 1: Key Information Provided
- The issue mentions that documentation is missing for retrieving preference values using `Ti.UI.Android.openPreferences`.
- A specific comment and PR ticket (TIDOC-11) are referenced.
- The URL to the relevant API documentation is provided.

Step 2: Missing Essential Information
- Steps to reproduce the lack of functionality or documentation issue.
- Expected vs actual behavior regarding retrieving preference values.
- Acceptance criteria for what needs to be documented.
- Affected components and environment details (e.g., specific versions, platforms).

Step 3: Developer Actionability
- A developer would need additional information such as how exactly the retrieval should work, which methods or properties are involved in getting a preference value, and where specifically this documentation should be added within the provided URL.

Final Answer: Yes",a9d8a2d7a95988d3,qwen2.5:14b,0,2026-06-17T16:18:34.136830,project_02,title_desc,incompleteness,cot
ISSUE-39183,Please help review the error messages of on-demand-pricing node.ACS part,0,1,"Step 1: Key Information Provided
- The issue describes new error messages added to the on-demand-pricing feature of node.ACS.
- It lists several message codes and their descriptions, including when they should be shown to users or internally.

Step 2: Missing Essential Information
- Steps to reproduce the issues where these messages appear are not provided.
- Expected vs actual behavior is not described; it's unclear what the user expects versus what happens when these error messages occur.
- Acceptance criteria for reviewing and approving these messages are missing.
- Affected components or specific parts of the system that generate these messages are not detailed.
- Environment details such as operating systems, versions of software involved, etc., are absent.

Step 3: Developer Actionability
Given the lack of reproduction steps, expected behavior, acceptance criteria, affected components, and environment details, a developer would need additional information to effectively review and address this issue. Without these specifics, it's challenging for them to understand how to proceed with reviewing or testing these messages.

Final Answer: Yes",5212d9bc7574cdf4,qwen2.5:14b,0,2026-06-17T16:18:38.900072,project_02,title_desc,incompleteness,cot
ISSUE-38123,Create and publish release note for SDK 7.4.0.GA,0,1,"Step 1: Identify the key information provided in the issue.
- The task is to create and publish release notes for SDK version 7.4.0.GA.

Step 2: Determine what essential information is missing from the issue description.
- Steps to reproduce or a clear process on how to create and publish the release note are not specified.
- Expected content of the release notes (what should be included, such as new features, bug fixes, etc.) is not mentioned.
- Environment details where this task needs to be performed are missing.
- Acceptance criteria for what constitutes a complete and acceptable release note are absent.

Step 3: Evaluate if a developer can act on this issue without needing additional information.
- Given the lack of specific instructions, expected content, acceptance criteria, and environment details, it would be challenging for a developer to proceed with creating and publishing the release notes effectively. They would likely need more detailed guidance or clarification before starting work.

Final Answer: Yes",1c40a59092df2d32,qwen2.5:14b,0,2026-06-17T16:18:43.330492,project_02,title_desc,incompleteness,cot
ISSUE-40183,Guides: Enhance doc for installing/using modules,0,1,"Step 1: Identify the key information provided in the issue.
- The ~/Library directory is used for new Studio and CLI installs.
- Instructions are needed to show the hidden ~/Library directory.
- There's a need to check if modules placed in the SDK directory are unzipped during installation.
- Troubleshooting section needs improvement, especially regarding version incorrect messages.
- Current instructions call for editing tiapp.xml directly instead of using Studio Modules section.

Step 2: Identify missing essential information.
- Steps to reproduce issues related to module installation and troubleshooting.
- Expected vs actual behavior when installing modules or encountering version errors.
- Acceptance criteria for the enhancements in documentation.
- Affected components (specific versions of CLI, Studio, etc.).
- Environment details (operating system version, SDK version).

Step 3: Determine if a developer can act on this issue without asking for more information.
Given the lack of specific steps to reproduce issues and clear acceptance criteria, it would be challenging for a developer to fully understand what needs to be done or how to verify that the changes meet user expectations.

Final Answer: Yes",2287a7161b639133,qwen2.5:14b,0,2026-06-17T16:18:48.287766,project_02,title_desc,incompleteness,cot
ISSUE-38293,Create and publish release note for SDK 6.3.0.GA,0,1,"Step 1: Identify the key information provided in the issue.
- The task is to create and publish release notes for SDK version 6.3.0.GA.

Step 2: Determine what essential information is missing from the issue description.
- Steps to reproduce or how to create the release note are not specified.
- Expected content or format of the release note is not detailed.
- Environment details (e.g., operating system, software dependencies) are not provided.
- Acceptance criteria for completing this task are not outlined.

Step 3: Evaluate if a developer can act on this issue without additional information.
- Without knowing what specific information should be included in the release notes or how to format them, it would be challenging for a developer to proceed with creating and publishing the release note effectively.

Final Answer: Yes",b4a99b221405aada,qwen2.5:14b,0,2026-06-17T16:18:52.129127,project_02,title_desc,incompleteness,cot
ISSUE-38201,Fix/Replace links to /cloud in the wiki docs,0,1,"Step 1: Identify the key information provided in the issue.
- The issue mentions that links to `/cloud` need to be fixed or replaced in the wiki documentation.
- It provides specific examples of URLs that should be updated.

Step 2: Determine what essential information is missing.
- Steps to reproduce the problem are not given. There's no clear indication of how one would encounter this issue.
- Expected behavior after fixing the links is not described.
- Acceptance criteria for resolving the issue are absent.
- Affected components or environment details (such as which versions of the documentation are impacted) are missing.

Step 3: Evaluate if a developer can act on this issue without additional information.
- Given the lack of detailed steps, expected behavior, and acceptance criteria, it would be challenging for a developer to fully understand what needs to be done. They might need clarification about which links specifically should be updated and how they should look after being fixed.

Final Answer: Yes",41d4c55b2c3b913c,qwen2.5:14b,0,2026-06-17T16:18:56.491505,project_02,title_desc,incompleteness,cot
ISSUE-39132,Update docs template to better match new Dashboard look and feel,0,1,"Step 1: Identify the key information provided in the issue.
- The Dashboard global header will undergo a UI update.
- The documentation site should include main UI elements from the redesign, such as the header.

Step 2: Determine what essential information is missing.
- Steps to reproduce the issue (not applicable here since it's not an issue but a request for change).
- Expected behavior after the changes are made (specific details about how the docs template should look and function post-update).
- Acceptance criteria (clear guidelines on when this task can be considered complete).
- Affected components (details of which parts of the documentation site will be impacted).
- Environment details (which version or environment this change is targeted for).

Step 3: Evaluate if a developer can act on this issue without asking for more information.
Given that there are no specific acceptance criteria, detailed expected behavior, or clear scope defined in terms of affected components and environments, it would likely require additional clarification before proceeding.

Final Answer: Yes",a94636e9e056166e,qwen2.5:14b,0,2026-06-17T16:19:00.964110,project_02,title_desc,incompleteness,cot
ISSUE-39524,Create a new method likes/query.json,0,0,"Step 1: Identify the key information provided in the issue.
- The issue describes the creation of a new method `GET likes/query.json` that allows custom querying and sorting of like objects based on various parameters such as post_id, photo_id, user_id, etc.
- It lists several query parameters including pagination options (page, per_page, limit, skip), filtering options (where, order, sel, unsel), and response customization options (response_json_depth).
- The issue mentions the expected REST API call format but does not provide a complete example or validation of the expected output.

Step 2: Identify what essential information is missing.
- Steps to reproduce the issue are completely absent. There's no clear description on how to test this feature.
- Expected behavior and acceptance criteria are not clearly defined. It’s unclear what specific outcomes should be achieved when using these parameters.
- No environment details or constraints are provided, such as supported versions of software components or database configurations.
- The response format is mentioned but lacks a complete example with expected data structure.

Step 3: Determine if the developer can act on this issue without asking for more information.
Given the lack of clear reproduction steps and acceptance criteria, it would be challenging for a developer to implement this feature confidently.",62362a34a1b33ca1,qwen2.5:14b,0,2026-06-17T16:19:06.707676,project_02,title_desc,incompleteness,cot
ISSUE-39749,Localization of app name for Android is out-of-date,0,1,"Step 1: Identify the key information provided in the issue.
- The localization instructions for Android app names are out-of-date according to the documentation at https://wiki.appcelerator.org/display/guides/Internationalization.
- Tests were run using versions 3.2 on Classic and Alloy, which work for both iOS and Android by creating /i18n/en/strings.xml and /i18n/en/app.xml.

Step 2: Identify what essential information is missing from the issue report.
- Steps to reproduce the problem are not provided.
- Expected vs actual behavior is not clearly defined.
- Acceptance criteria for resolving this issue are not specified.
- Environment details (such as specific versions of software, operating systems, etc.) are vague and incomplete.

Step 3: Determine if a developer can act on this issue without asking for more information.
Given the lack of clear reproduction steps, expected behavior, acceptance criteria, and detailed environment specifications, it would be challenging for a developer to understand the full scope of the problem or how to verify its resolution. Therefore, additional details are necessary.

Final Answer: Yes",fe70af5254b3e446,qwen2.5:14b,0,2026-06-17T16:19:11.635385,project_02,title_desc,incompleteness,cot
ISSUE-39943,BlackBerry : Path for getting the logs from simulator is incorrect,0,1,"Step 1: Identify the key information provided in the issue.
- The issue describes an incorrect path for accessing simulator log messages in BlackBerry documentation.
- It mentions that the actual result is an incorrect path and it should include 'appdata' folder.

Step 2: Determine what essential information is missing.
- Steps to reproduce the issue are not clearly defined beyond navigating to a specific URL and observing the incorrect path.
- Expected vs. actual behavior is somewhat described, but lacks clarity on how one would verify this discrepancy in their own environment.
- No acceptance criteria or clear instructions for fixing the documentation are provided.
- There's no mention of affected components or environment details (e.g., simulator version, operating system).

Step 3: Evaluate if a developer can act on this issue without additional information.
- A developer might be able to identify the incorrect path mentioned but would need more specific steps and context to reproduce and fix the issue effectively.

Final Answer: Yes",ad0c063de8365162,qwen2.5:14b,0,2026-06-17T16:19:15.862961,project_02,title_desc,incompleteness,cot
ISSUE-40067,DocTools: validate script is broken due to docgen changes,0,1,"Step-by-Step Analysis:

1. **Key Information Provided:**
   - The issue title indicates that the validate script in DocTools is broken due to changes in docgen.
   - A specific PR link is provided, indicating where the change occurred.
   - An error message is given when running the validate.py script without an argument for process_yaml().
   - Another error message is mentioned after modifying the call to include an argument.

2. **Essential Information Missing:**
   - Steps to reproduce the issue are not clearly outlined.
   - Expected behavior before and after the change is not described.
   - Acceptance criteria or conditions under which the issue would be considered resolved are missing.
   - Environment details (such as operating system, version of software components involved) are not provided.

3. **Developer Actionability:**
   - While a developer might understand that there's an error due to changes in docgen, they lack clear steps and context to reproduce or fix the issue effectively without additional information.

Final Answer: Yes",47b266d35c74aa64,qwen2.5:14b,0,2026-06-17T16:19:20.443289,project_02,title_desc,incompleteness,cot
ISSUE-39723,Support new Node.ACS command : download,0,1,"Step 1: Identify the key information provided in the issue.
- A new command ""download"" needs to be implemented.
- The purpose of the command is to download an app source file with specified version from Node.ACS.
- If no app name is provided, it should run in the current directory or use a specified directory with -d option.
- If no version is specified, the currently active app version will be downloaded.

Step 2: Identify what essential information is missing.
- Steps to reproduce the issue (not applicable here as this is a feature request).
- Expected behavior after implementing the command.
- Acceptance criteria for when the feature can be considered complete.
- Affected components and their interactions with other parts of the system.
- Environment details such as supported operating systems, Node.ACS version requirements.

Step 3: Determine if a developer can act on this issue without asking for more information.
Given the lack of detailed acceptance criteria, expected behavior in specific scenarios (e.g., error handling), and environment details, it would be challenging for a developer to implement this feature confidently. The absence of these details means there's room for interpretation which could lead to inconsistencies or misunderstandings.

Final Answer: Yes",917b1f715aa3a7e6,qwen2.5:14b,0,2026-06-17T16:19:25.649260,project_02,title_desc,incompleteness,cot
ISSUE-38628,Specify supported Arrow Model Field data types,0,1,"Step 1: Analyze the provided information.
- The issue title and description are about specifying supported data types for Arrow Model Fields.
- It mentions that online documentation claims support for any valid JavaScript primitive type, but from a screenshot, it appears there is additional support (e.g., array, date).

Step 2: Identify missing essential information.
- Steps to reproduce the issue or verify the claim are not provided.
- Expected behavior and actual behavior are not clearly defined. It's unclear what needs to be specified beyond noting that more types than just primitives seem to be supported.
- Acceptance criteria for resolving this issue are absent.
- No environment details (e.g., version of software, operating system) or affected components are mentioned.

Step 3: Determine if a developer can act on the issue without additional information.
Given the lack of specific steps, expected vs actual behavior, acceptance criteria, and environmental context, it would be challenging for a developer to understand fully what needs to be done or how to verify that the task is complete.

Final Answer: Yes",925d827563ae72ea,qwen2.5:14b,0,2026-06-17T16:19:30.274367,project_02,title_desc,incompleteness,cot
ISSUE-38181,Review and revise the APS documentation,0,1,"Step 1: Identify the key information provided in the issue.
- The task involves reviewing and revising specific documents related to APS (Appcelerator Platform Services) for Android.
- There is a list of URLs pointing to these documents that need review and revision.
- Any content mentioning ""Soasta"" or anything related to testing should be removed from the documents.

Step 2: Identify what essential information is missing.
- The issue description does not provide any specific steps to reproduce an error or problem.
- There are no details about expected vs actual behavior, which would help in understanding if there's a bug or just documentation that needs updating.
- No acceptance criteria are provided for the revisions and updates.
- There is no mention of affected components or environment details (e.g., operating system version, software versions).

Step 3: Determine whether a developer can act on this issue without asking for more information.
- While the task is clear in terms of what needs to be done (reviewing documents), it lacks specific criteria and context that would allow a developer to fully understand the scope and requirements of the revisions needed.

Final Answer: Yes",f55972eddb04b067,qwen2.5:14b,0,2026-06-17T16:19:35.256515,project_02,title_desc,incompleteness,cot
ISSUE-39239,"Android: TableView: SearchBar not working if """"filterAttribute"""" is an arbitrary property",0,0,"Step 1: Identify the key information provided in the issue.
- The issue describes an inconsistency between Android and iOS when using SearchBar with TableViewRow's filterAttribute.
- It mentions that setting the filterAttribute after creating a TableViewRow causes the SearchBar to not work on Android but works fine on iOS.
- Sample code is provided, though it seems incomplete or incorrectly formatted.

Step 2: Identify missing essential information.
- Steps to reproduce the issue are not clearly defined. The sample code does not fully illustrate how to set up the filterAttribute after creating a TableViewRow.
- Expected behavior and actual behavior are not explicitly stated. It's implied that the SearchBar should work on Android as it does on iOS, but this is not clear enough for developers to understand what exactly isn't working.
- Acceptance criteria are missing; there’s no clear definition of when the issue would be considered resolved.
- Environment details such as specific versions of Titanium SDK, operating system version, and device information are not provided.

Step 3: Determine if a developer can act on this issue without asking for more information.
Given the lack of detailed reproduction steps, expected vs actual behavior, acceptance criteria, and environment details, it would be challenging for a developer to reproduce or fix the issue based",e91a546a79232802,qwen2.5:14b,0,2026-06-17T16:19:40.687281,project_02,title_desc,incompleteness,cot
ISSUE-38938,Docs: Ti.UI.View.add supports an array of views as well as single Ti.Ui.View,0,1,"Step 1: Identify the key information provided in the issue.
- The issue describes that `Ti.UI.View.add` supports an array of views on iOS but not on Android and Windows.
- It mentions specific GitHub links to code locations where this behavior is implemented or needs fixing.
- There are references to JIRA tickets (TIMOB-19394, TIMOB-19482) that will address the parity issue.

Step 2: Identify what essential information is missing from the issue.
- Steps to reproduce the problem on Android and Windows before the fix.
- Expected behavior after the implementation of TIMOB-19394 and TIMOB-19482.
- Actual behavior observed on Android and Windows currently.
- Environment details (versions, configurations) where this discrepancy is seen.

Step 3: Determine if a developer can act on this issue without asking for more information.
- While the issue provides context about the current state of functionality across different platforms and mentions future fixes, it lacks specific steps to reproduce the problem or clear acceptance criteria that developers should follow after implementing the fix.
- Without these details, developers might struggle to verify if their changes are correct once they implement the necessary updates.

Final Answer: Yes",3c20cd9c60ecbb97,qwen2.5:14b,0,2026-06-17T16:19:46.114985,project_02,title_desc,incompleteness,cot
ISSUE-40941,APIDoc: remove period from platform list,0,0,"Step 1: Identify the key information provided in the issue.
- The issue describes that there is a superfluous period at the end of entries in the platform list within the APIDoc template.
- A specific file path is given where this needs to be fixed: [member_list.html|https://github.com/appcelerator/titanium_mobile/blob/master/apidoc/templates/html/member_list.html].
- An example sentence is provided: ""Sets the value of the minuteInterval property. (iPhone, iPad only)""

Step 2: Identify what essential information is missing.
- Steps to reproduce the issue are not given; it's unclear how one would verify that this period exists in other contexts or if there are any edge cases where removing the period might be problematic.
- Expected behavior after the fix is not clearly defined. It’s implied but not explicitly stated that the period should be removed, but no specific wording for what the sentence should look like post-fix is provided.
- No acceptance criteria are given to verify when the issue has been resolved satisfactorily.
- Environment details or affected components beyond the file path and example sentence are missing.

Step 3: Determine if a developer can act on this issue without asking for more information.
Given the lack of detailed steps,",213a0841cd4d669b,qwen2.5:14b,0,2026-06-17T16:19:51.490859,project_02,title_desc,incompleteness,cot
ISSUE-40635,APIDoc: Update docs for medium-priority iPad modules,0,0,"Step 1: Identify the key information provided in the issue.
- The issue title and description indicate that there is a need to update documentation for certain modules related to iPad development using Titanium SDK, specifically mentioning ""Ti.UI.iPad"" and ""Ti.UI.iPad.Popover"".

Step 2: Determine what essential information is missing from the issue.
- Steps to reproduce the problem or task are not provided. The description does not explain how to identify which parts of the documentation need updating or how to verify that updates have been made correctly.
- Expected behavior after completing the update is not specified. There's no clear acceptance criteria for what constitutes a successful completion of this task.
- No information about the environment in which these changes should be made (e.g., specific version of Titanium SDK, operating system requirements).
- The description does not mention any actual problem or issue that needs fixing; it only states an action to take.

Step 3: Evaluate if a developer can act on this issue without needing additional details.
- Given the lack of specifics about what exactly needs updating and how success will be measured, a developer would likely need more information before starting work. Without clear instructions, there's a risk that updates might not align with expectations or could miss important areas.

Final Answer:",27a87df6b0cc76c4,qwen2.5:14b,0,2026-06-17T16:19:56.913866,project_02,title_desc,incompleteness,cot
ISSUE-39299,Updates guides to show how to localise NSLocationAlwaysUsageDescription,0,1,"Step 1: Identify the key information provided in the issue.
- The issue title suggests that guides need to be updated to show how to localise NSLocationAlwaysUsageDescription.
- The description mentions updating internationalization guides and Ti.Geolocation API reference with an explanation of how to localise certain values.

Step 2: Determine what essential information is missing.
- Steps to reproduce the problem are not provided since this seems more like a documentation update request rather than a bug report.
- Expected vs actual behavior is not mentioned as it's about updating documentation, but there should be clear acceptance criteria for what needs to be added or changed in the guides and API reference.
- Affected components and environment details are also missing. It’s unclear which specific parts of the documentation need updates and under which conditions these changes would apply.

Step 3: Evaluate if a developer can act on this issue without additional information.
- A developer cannot proceed with updating the documentation effectively because there is no clear guidance on what exactly needs to be added or changed in the guides and API reference. The lack of specific details makes it difficult for developers to understand the full scope of the update required.

Final Answer: Yes",9a7c57c19c0049d4,qwen2.5:14b,0,2026-06-17T16:20:02.003901,project_02,title_desc,incompleteness,cot
ISSUE-40438,Poor grammar in Ti.UI.TabGroup,0,1,"Step 1: Identify the key information provided in the issue.
- The issue mentions that there are grammatical errors in the documentation of Ti.UI.TabGroup.
- It describes some functionalities of TabGroups, such as opening and closing multiple tab groups on iOS, switching between windows within tabs, removing tabs, and optionally reordering them.
- There is a mention about a built-in Nav group for the Tab Group on iOS.

Step 2: Identify what essential information is missing from the issue report.
- Steps to reproduce the poor grammar or any specific issues in the documentation are not provided.
- Expected vs actual behavior is not clearly defined. The description does not specify which part of the documentation has grammatical errors and how it should be corrected.
- No acceptance criteria are given for resolving this issue.
- There's no mention of affected components or environment details (e.g., Titanium SDK version, iOS version).

Step 3: Determine if a developer can act on this issue without asking for more information.
Given the lack of specific details about what needs to be corrected and how, it would be difficult for a developer to understand exactly what changes are required. The description is vague and does not provide clear instructions or criteria for resolving the issue.

Final Answer: Yes",a3ddf3660eaf91b4,qwen2.5:14b,0,2026-06-17T16:20:07.404381,project_02,title_desc,incompleteness,cot
ISSUE-38738,There is an error in Positioning and dimensions of elements section of the documentation,0,0,"Step 1: Identify the key information provided in the issue.
- The issue describes an error in documentation regarding positioning and dimensions of elements.
- It specifies the exact section where the error is located: ""Positioning and dimensions of elements"" within the Layouts, Positioning, and View Hierarchy guide.
- It mentions a discrepancy between the current statement (""top-left corner would be at 110,190"") and what it should say (""top-left corner would be at 135,215"").

Step 2: Identify missing essential information.
- Steps to reproduce the issue are not provided since this is an error in documentation rather than a software bug. However, for fixing documentation issues, steps to reproduce or verify the correction might still be helpful but are often implied when it's clear what needs changing.
- Expected vs actual behavior isn't applicable here as there’s no functional aspect described; it's purely about correcting information.
- Acceptance criteria: Not provided. The issue doesn’t specify how one would know if the documentation has been corrected properly beyond just making the change.
- Affected components and environment details are not necessary for a documentation correction, but specifying which version of the documentation is affected could be useful.

Step 3: Determine",9b87ed2324d214d8,qwen2.5:14b,0,2026-06-17T16:20:12.860051,project_02,title_desc,incompleteness,cot
ISSUE-39253,we will no longer show the listed information,0,1,"Step 1: Key Information Provided
- The issue describes changes to the output of user objects starting from version 1.1.8.
- It specifies that certain fields will no longer be shown if they are empty:
  - ""stats"" and ""storage"" in the user object.
  - ""custom_fields"".
  - ""external_accounts"".

Step 2: Essential Information Missing
- Steps to reproduce the issue or verify the changes.
- Expected behavior before and after the change (though partially described, it's not clear what exactly should be there).
- Acceptance criteria for verifying that the changes are implemented correctly.
- Affected components or modules in the software.
- Environment details where this change is applicable.

Step 3: Developer Actionability
Given the lack of detailed steps to reproduce and acceptance criteria, a developer would need additional information to understand fully what needs to be done. Without clear instructions on how to test these changes, it's difficult for developers to ensure that they are implementing the correct behavior.

Final Answer: Yes",41ec172a2af46d0d,qwen2.5:14b,0,2026-06-17T16:20:17.501479,project_02,title_desc,incompleteness,cot
ISSUE-39534,Alloy: missing Style in the Style priorities description,0,-1,"Step 1: Identify the key information provided in the issue.
- The issue describes that there is a missing Style case in the Alloy Styles and Themes documentation specifically under the ""Style Priorities"" section.
- It suggests adding an additional style file format for platform-specific styles.

Step 2: Determine what essential information is missing from the issue report.
- Steps to reproduce the problem are not provided since this isn't a bug but rather a documentation update request.
- Expected vs actual behavior is not applicable here as it's about updating documentation, not fixing an application error.
- Acceptance criteria for resolving the issue (what needs to be done exactly) could be more detailed. The description suggests adding content but doesn’t specify what that content should include or how it should look in context with other styles.
- Affected components are implied as Alloy and its documentation, but this is not explicitly stated.
- Environment details such as operating system, version of the software, etc., are not provided.

Step 3: Evaluate if a developer can act on this issue without needing additional information.
Given that the description lacks specific acceptance criteria or detailed instructions on what exactly needs to be added and how it should fit into existing documentation, a developer would likely need more details before proceeding with changes. The",ee5ae6b771080ece,qwen2.5:14b,0,2026-06-17T16:20:22.894060,project_02,title_desc,incompleteness,cot
ISSUE-39218,Move Cloud and CloudPush to Modules namespace,0,1,"Step 1: Identify the key information provided in the issue.
- The task involves moving API documentation from the Titanium namespace to the Modules namespace.
- A forward link should be created from the old Titanium.Cloud and Titanium.CloudPush docs to their new location under Modules.
- Links within cloud_docs need updating.

Step 2: Determine what essential information is missing.
- There are no steps provided on how to reproduce or verify this change.
- The expected behavior after moving the API documentation is not clearly defined (e.g., what should users see when they navigate to Titanium.Cloud?).
- No acceptance criteria are specified for completing this task.
- Environment details, such as which version of the software this applies to, are missing.

Step 3: Evaluate if a developer can act on this issue without additional information.
Given the lack of specific steps and expected outcomes, it would be challenging for a developer to fully understand what needs to be done or how to verify that the task is complete. The absence of acceptance criteria also means there's no clear way to determine when the work is finished.

Final Answer: Yes",79e9faa9a12a3ca2,qwen2.5:14b,0,2026-06-17T16:20:27.718834,project_02,title_desc,incompleteness,cot
ISSUE-39395,Provides detailed steps to import/run ti.cloud example,0,1,"Step 1: Identify the key information provided in the issue.
- The issue describes that there are sample applications included with the Titanium.Cloud module to demonstrate ACS request types.
- It mentions where these samples can be found within the Titanium SDK folder structure.

Step 2: Determine what essential information is missing from the issue.
- Steps to reproduce or import/run the example application are not provided. While it suggests adding steps, specific instructions on how to do this are lacking.
- Expected behavior after importing and running the sample application is not described.
- No acceptance criteria are mentioned for completing this task.
- Environment details (such as operating system, Titanium SDK version) are missing.

Step 3: Evaluate if a developer can act on this issue without needing additional information.
- Given that detailed steps to import/run the example are suggested but not provided, and there is no clear expected behavior or acceptance criteria, it would be difficult for a developer to proceed with implementing this feature without further clarification.

Final Answer: Yes",278abf2685f4d74d,qwen2.5:14b,0,2026-06-17T16:20:32.134639,project_02,title_desc,incompleteness,cot
ISSUE-39480,Guides: Document offline installation of Appcelerator Platform,0,1,"Step 1: Identify the key information provided in the issue.
- The request is to document how to install the Appcelerator Platform offline.
- Components that need to be installed include Studio, SDK, CLI, Alloy, Code Processor, Performance module, and SOASTA module.

Step 2: Determine what essential information is missing from the issue.
- Steps to reproduce or instructions on how to perform an offline installation are not provided.
- Expected behavior after performing the offline installation is not specified.
- Acceptance criteria for completing this task are not outlined.
- Environment details (operating system, version numbers of components) are not given.

Step 3: Evaluate if a developer can act on this issue without additional information.
Given the lack of specific steps to reproduce, expected behavior, acceptance criteria, and environment details, it would be challenging for a developer to start working on this task effectively. The developer would need clarification on how exactly an offline installation should proceed and what success looks like.

Final Answer: Yes",250c429d729bbb90,qwen2.5:14b,0,2026-06-17T16:20:36.651296,project_02,title_desc,incompleteness,cot
ISSUE-39599,Node.ACS organization support,0,1,"Step 1: Identify the key information provided in the issue.
- The issue title mentions ""Node.ACS organization support.""
- The description states that Node.ACS is adding support for organizations and refers to a feature guide on a wiki.

Step 2: Determine what essential information is missing from the issue.
- Steps to reproduce the issue or demonstrate the problem are not provided.
- Expected behavior after implementing the new feature is not specified.
- Acceptance criteria for the feature are not outlined.
- Affected components and their interactions with other parts of the system are not detailed.
- Environment details (such as operating systems, versions, etc.) are missing.

Step 3: Evaluate if a developer can act on this issue without needing additional information.
Given that there is no clear description of what needs to be done beyond adding support for organizations and no specific acceptance criteria or steps to reproduce any issues, it would be challenging for a developer to start working on this task effectively. They would likely need more detailed requirements before proceeding.

Final Answer: Yes",7e72ab1af7853994,qwen2.5:14b,0,2026-06-17T16:20:41.244603,project_02,title_desc,incompleteness,cot
ISSUE-38337,Create Alloy Framework How-tos page,0,1,"Step 1: Identify the key information provided in the issue.
- The task involves creating and reorganizing content for an ""How-tos"" page related to the Alloy Framework.

Step 2: Determine what essential information is missing from the issue description.
- Steps to reproduce or recreate the issue are not mentioned since this isn't a bug report but rather a feature request.
- Expected behavior is not clearly defined. It's unclear what specific content needs to be included, how it should be organized, and what the final outcome should look like.
- Acceptance criteria are missing. There are no clear guidelines on when the task can be considered complete.
- Affected components or environment details are not provided since this seems to be a documentation-related task rather than a technical issue.

Step 3: Evaluate if a developer can act on this issue without needing additional information.
- Given the lack of specific instructions, expected outcomes, and acceptance criteria, it would be challenging for a developer to start working on this task effectively. They would likely need more detailed guidance about what content needs to be included, how it should be structured, and what the final page should look like.

Final Answer: Yes",69878fd8323e18e8,qwen2.5:14b,0,2026-06-17T16:20:46.265409,project_02,title_desc,incompleteness,cot
ISSUE-38517,Create and publish release note for SDK 6.0.2.RC,0,1,"Step 1: Identify the key information provided in the issue.
- The task is to create and publish release notes for SDK version 6.0.2.RC.

Step 2: Determine what essential information is missing from the issue description.
- Steps to reproduce or a clear process on how to create and publish the release note are not specified.
- Expected content of the release note (what should be included) is not detailed.
- Environment details where this task needs to be performed are not provided.
- Acceptance criteria for what constitutes an acceptable release note are missing.

Step 3: Evaluate if a developer can act on this issue without additional information.
- Given the lack of specific instructions, expected content, and acceptance criteria, it would be challenging for a developer to proceed confidently with creating and publishing the release notes. They would likely need more details about what should be included in the release note and how it should be published.

Final Answer: Yes",d8f4eb4a519ebf4e,qwen2.5:14b,0,2026-06-17T16:20:50.562509,project_02,title_desc,incompleteness,cot
ISSUE-40653,APIDoc: Ti.UI.orientationModes property should mention Ti.Gesture.orientation,0,1,"Step 1: Identify the key information provided in the issue.
- The issue mentions that Ti.UI.orientation could be used for both getting and setting orientation.
- It suggests that the new property, Ti.UI.orientationModes, should include a reference to Ti.Gesture.orientation.

Step 2: Determine what essential information is missing from the issue.
- Steps to reproduce the problem are not provided.
- Expected behavior after including the reference to Ti.Gesture.orientation is not clearly defined.
- Acceptance criteria for resolving this issue are absent.
- No environment details or affected components are mentioned (e.g., specific versions of Titanium SDK, operating systems).

Step 3: Evaluate if a developer can act on this issue without additional information.
Given that there are no clear steps to reproduce the problem and no acceptance criteria defined, it would be challenging for a developer to understand exactly what needs to be done or how to verify that the issue has been resolved.

Final Answer: Yes",5db2df74b0444dd5,qwen2.5:14b,0,2026-06-17T16:20:54.841539,project_02,title_desc,incompleteness,cot
ISSUE-40413,Link takes you to the wiki creation page,0,1,"Step 1: Identify the key information provided in the issue.
- The user provides specific steps to reproduce the issue:
  - Go to http://docs.appcelerator.com/titanium/2.0/index.html#!/guide/Application_Structures_and_Core_Building_Blocks
  - Click on the ""Execution Context"" link.
- Expected result: Jump to somewhere in the documentation.
- Actual result: Jumps to a wiki and places the user in edit mode for ""Coding Patterns"".
- The issue also asks if there are other links like this in the docs.

Step 2: Identify missing essential information.
- While the steps to reproduce and expected vs actual behavior are provided, it is unclear what environment or specific conditions might be necessary (e.g., browser type, version of documentation).
- There's no acceptance criteria defined for resolving the issue.
- The affected components are not explicitly mentioned.

Step 3: Determine if a developer can act on this issue without asking for more information.
- A developer would likely need to know which specific links or pages are affected and whether there are other similar issues in the documentation. Additionally, knowing the environment details could help reproduce the issue accurately.

Final Answer: Yes",1f07a6c26cbed848,qwen2.5:14b,0,2026-06-17T16:21:00.080272,project_02,title_desc,incompleteness,cot
ISSUE-40608,Guides: MW overview should reference MW limitations page,0,0,"Step 1: Identify the key information provided in the issue.
- The issue title suggests that there should be a reference to a limitations page from an overview page.
- The description provides two URLs:
  - One URL is for the Mobile Web Platform Overview page on the Appcelerator wiki.
  - Another URL is for the Mobile Web Limitations page on the same wiki.

Step 2: Identify what essential information is missing.
- Steps to reproduce the issue are not provided. There's no clear action or scenario described that would indicate how one can verify if this reference exists or should exist.
- Expected vs actual behavior is not clearly defined. The description does not specify whether there currently is a link and it needs to be removed, or if there isn't a link and it needs to be added.
- Acceptance criteria are missing. There's no clear definition of what would constitute as resolving this issue.
- Environment details are not provided. No specific environment or context in which the problem occurs is mentioned.

Step 3: Determine whether a developer can act on this issue without asking for more information.
Given the lack of detailed steps, expected behavior, and acceptance criteria, it's unclear how to proceed with implementing or verifying this change. A developer would likely need additional details",10c41dc47a8e84b4,qwen2.5:14b,0,2026-06-17T16:21:05.505469,project_02,title_desc,incompleteness,cot
ISSUE-40894,APIDoc: Documentation missing for MaskedImage,0,1,"Step 1: Key Information Provided
- The documentation for MaskedImage (Titanium.UI.createMaskedImage()) seems to be missing.
- KitchenSink example is not helpful in understanding how to use the masked image feature.
- Links to related questions on Appcelerator's developer forum are provided.

Step 2: Missing Essential Information
- Steps to reproduce the issue or problem encountered.
- Expected vs actual behavior (what should happen versus what actually happens).
- Acceptance criteria for resolving this issue.
- Affected components and environment details (e.g., Titanium SDK version, operating system).

Step 3: Developer Actionability
A developer would need additional information such as specific steps to reproduce the problem, expected functionality, and detailed acceptance criteria before they can effectively address this issue.

Final Answer: Yes",56a89a0fb440fb09,qwen2.5:14b,0,2026-06-17T16:21:09.223382,project_02,title_desc,incompleteness,cot
