issue_id,title,ground_truth,prediction,raw_response,prompt_hash,model_version,temperature,timestamp_utc,project,input_mode,task,strategy
ISSUE-253177,Inconsistent output between java driver and mongo shell,1,1,"Step 1: Identify the key information provided in the issue.
- The issue title mentions inconsistent output between Java driver and MongoDB shell.
- It references a specific code snippet from the MongoDB Java driver repository.
- There is mention of conflicts with binData from the mongo shell.

Step 2: Determine what essential information is missing.
- Steps to reproduce the issue are not provided.
- Expected vs actual behavior is not clearly defined.
- Acceptance criteria for resolving the issue are absent.
- Affected components and environment details (such as Java version, MongoDB server version) are not specified.

Step 3: Evaluate if a developer can act on this issue without additional information.
Given the lack of detailed steps to reproduce, expected behavior, acceptance criteria, and environmental context, it would be challenging for a developer to understand the full scope of the problem or how to effectively address it. More details are needed before proceeding with development work.

Final Answer: Yes",9980a4d238eea89d,qwen2.5:14b,0,2026-06-17T19:17:17.633344,project_05,title_desc,incompleteness,cot
ISSUE-253467,size not accepting $numberlong argument,1,1,"Step 1: Identify the key information provided in the issue.
- The issue mentions that there's an issue with the ""size"" parameter not accepting ""$numberlong"" argument when creating an oplog using a command.

Step 2: Determine what essential information is missing.
- Steps to reproduce the problem are not clearly defined. It’s unclear how one would encounter this issue in practice.
- Expected behavior is not specified. What should happen if the ""size"" parameter accepts ""$numberlong""?
- Actual observed behavior is also vague and incomplete. The description does not provide enough detail about what happens when the command fails or behaves unexpectedly.
- Acceptance criteria are missing, which would define how to verify that a fix has been implemented correctly.
- Affected components (e.g., specific version of MongoDB) are not mentioned.
- Environment details such as operating system, database version, and any other relevant software configurations are absent.

Step 3: Evaluate if the issue can be acted upon without additional information.
Given the lack of detailed steps to reproduce, expected behavior, acceptance criteria, affected components, and environment details, a developer would likely need more information before they could effectively address this issue.

Final Answer: Yes",240c977b5e75066c,qwen2.5:14b,0,2026-06-17T19:17:22.707470,project_05,title_desc,incompleteness,cot
ISSUE-253452,MongoCollection.insertOne throws NullPointerException with WriteConcern.UNACKNOWLEDGED & retryWrites=true,0,1,"Step 1: Identify the key information provided in the issue.
- The issue describes a NullPointerException occurring when using `WriteConcern.UNACKNOWLEDGED` with `retryWrites=true`.
- It mentions that disabling `retryWrites` might be necessary to use `WriteConcern.UNACKNOWLEDGED`.
- A code snippet is given where a MongoDB client connects and attempts an insert operation.

Step 2: Identify what essential information is missing.
- Steps to reproduce the issue are not provided. The exact sequence of actions leading up to the error is unclear.
- Expected behavior is not described; it's unclear what should happen instead of the NullPointerException.
- Acceptance criteria for resolving this issue are absent, making it difficult to determine when the problem is fixed.
- Environment details (such as MongoDB version, Java driver version) are missing.

Step 3: Determine if a developer can act on this issue without asking for more information.
Given the lack of reproduction steps and environment details, a developer would likely need additional context to diagnose and fix the issue effectively. The absence of expected behavior also complicates understanding what constitutes an acceptable resolution.

Final Answer: Yes",78431026a2b816a4,qwen2.5:14b,0,2026-06-17T19:17:27.575355,project_05,title_desc,incompleteness,cot
ISSUE-253505,Add an option to toggle SSL certificate validation,1,1,"Step 1: Identify the key information provided in the issue.
- The current Java driver lacks an option to enable or disable SSL certificate validation.
- Other drivers have such options, e.g., `SslCertificateValidation` in C#.

Step 2: Determine what essential information is missing from the issue description.
- Steps to reproduce the problem (if applicable).
- Expected behavior when toggling SSL certificate validation.
- Actual observed behavior or current limitations.
- Acceptance criteria for resolving this issue.
- Affected components and their versions.
- Environment details where the issue occurs.

Step 3: Evaluate if a developer can act on this issue without additional information.
Given that there are no specific steps to reproduce, expected vs actual behaviors, acceptance criteria, affected component details, or environment specifics provided, it is challenging for a developer to fully understand and address the issue effectively. The description lacks clarity regarding what needs to be implemented and how success will be measured.

Final Answer: Yes",f1a824ba6d584146,qwen2.5:14b,0,2026-06-17T19:17:31.976109,project_05,title_desc,incompleteness,cot
ISSUE-255080,JSON parser parses braces incorrectly,0,0,"Step 1: Identify the key information provided in the issue.
- The JSON parser parses too many closing braces ('}') incorrectly.
- A specific example is given where the parser produces an unexpected result with a key ""''{{{{{""""$oid""""}}}}"" when there are back-to-back '{' characters.
- This occurs specifically with the strict extended JSON parser.

Step 2: Identify what essential information is missing from the issue.
- Steps to reproduce the problem are not clearly defined. The example provided does not specify how exactly this unexpected result was obtained or if it's consistent across different inputs.
- Expected behavior is not explicitly stated, though it can be inferred that a well-formed JSON object should not produce such an outcome.
- Acceptance criteria for resolving the issue are missing; there’s no clear definition of what constitutes a fix.
- Affected components and environment details (such as programming language, version of the parser library, operating system) are not provided.

Step 3: Determine if a developer can act on this issue without asking for more information.
Given the lack of detailed reproduction steps, expected behavior, acceptance criteria, and environmental context, it would be challenging for a developer to reproduce or fix the problem based solely on the given description. Additional details would likely be",3a6eec658dfe7d7c,qwen2.5:14b,0,2026-06-17T19:17:37.415025,project_05,title_desc,incompleteness,cot
ISSUE-255534,Looking for performance tips loading results from a find() with the java driver.,1,1,"Step 1: Identify the key information provided.
- The user is looking to improve performance when loading data from MongoDB using Java.
- They are performing a query with a specific pattern and prefix string.

Step 2: Determine what essential information is missing.
- Steps to reproduce the issue or scenario.
- Expected behavior (what should happen) vs. actual behavior (what happens).
- Acceptance criteria for resolving the issue.
- Affected components or parts of the system.
- Environment details such as MongoDB version, Java driver version, and any relevant hardware specifications.

Step 3: Evaluate if a developer can act on this issue without additional information.
Given the lack of specific steps to reproduce, expected vs. actual behavior, acceptance criteria, affected components, and environment details, it is challenging for a developer to understand the full scope of the problem or how to effectively address it.

Final Answer: Yes",27c390936acbd94a,qwen2.5:14b,0,2026-06-17T19:17:41.427696,project_05,title_desc,incompleteness,cot
ISSUE-255332,Binary field $type is represented in JSON as a number instead of a two-byte hex string,0,1,"Step 1: Identify the key information provided in the issue.
- The issue describes that a binary field ($type) is being represented as a number instead of a two-byte hex string when converting to JSON using the 'strict' converter.

Step 2: Determine what essential information is missing from the issue.
- Steps to reproduce the problem are not given. Without these, it's difficult for developers to replicate and understand the exact scenario causing the issue.
- Expected behavior is not clearly stated. It should be clear that the binary field should be represented as a two-byte hex string in JSON format.
- Acceptance criteria or conditions under which the issue can be considered resolved are missing.
- Affected components (e.g., specific version of software, particular modules) and environment details (operating system, programming language versions, etc.) are not provided.

Step 3: Evaluate if a developer can act on this issue without needing additional information.
Given the lack of detailed steps to reproduce, expected behavior, acceptance criteria, and environmental context, it would be challenging for developers to effectively address or debug this issue. They would likely need more details before they could proceed with resolving it.

Final Answer: Yes",6d0d75427786d483,qwen2.5:14b,0,2026-06-17T19:17:46.553838,project_05,title_desc,incompleteness,cot
ISSUE-254781,Iterable Codec,0,1,"Step 1: Identify the key information provided in the issue.
- The issue mentions the need to provide a codec that supports decoding into an iterable.
- An example is given where a JSON array string should be decoded correctly.

Step 2: Determine what essential information is missing from the issue.
- Steps to reproduce the problem or how to test the feature are not provided.
- Expected behavior after implementing the codec is not clearly defined (e.g., specific output format, error handling).
- Acceptance criteria for when this requirement is considered met are absent.
- Affected components and their interactions with other parts of the system are unclear.
- Environment details such as programming language, framework version, or operating system are missing.

Step 3: Evaluate if a developer can act on this issue without needing additional information.
Given the lack of detailed requirements like clear acceptance criteria, reproduction steps, expected behavior, and environment specifics, it would be challenging for a developer to implement this feature confidently. They would likely need clarification before proceeding.

Final Answer: Yes",6cacecd766cd369e,qwen2.5:14b,0,2026-06-17T19:17:51.151580,project_05,title_desc,incompleteness,cot
ISSUE-254021,NettyStream does not handle clean socket closures from the server,0,1,"Step 1: Identify the key information provided in the issue.
- The issue describes that when restarting the server, NettyStream's channel does not capture socket closed events.
- Pending readers are left hanging as a result.

Step 2: Determine what essential information is missing from the description.
- Steps to reproduce the problem are not given. Without these steps, it’s difficult for developers to replicate and understand the issue.
- Expected behavior is not clearly defined. It's unclear what should happen when the server restarts in terms of socket closed events being captured by NettyStream.
- Acceptance criteria or conditions under which the issue would be considered resolved are missing.
- Environment details such as operating system, version of NettyStream, and other relevant software versions are not provided.

Step 3: Evaluate if a developer can act on this issue without additional information.
Given the lack of detailed steps to reproduce, expected behavior, acceptance criteria, and environment details, it would be challenging for developers to effectively address or debug this issue. They would likely need more specific information before they could proceed with resolving it.

Final Answer: Yes",b941690b3358d6ba,qwen2.5:14b,0,2026-06-17T19:17:55.988373,project_05,title_desc,incompleteness,cot
ISSUE-255615,Include cursor-id in CursorNotFound exception,0,1,"Step 1: Identify the key information provided in the issue.
- The title suggests that there's an existing exception called ""CursorNotFound"".
- The description mentions including a cursor-id in this exception, which would be beneficial during testing and diagnostics.

Step 2: Determine what essential information is missing.
- Steps to reproduce the issue are not mentioned. How can one trigger or encounter a CursorNotFound exception?
- Expected behavior is not clear. What should happen when a CursorNotFound exception occurs with an included cursor-id?
- Acceptance criteria are absent. What conditions must be met for this enhancement to be considered complete and successful?
- Affected components are not specified. Which parts of the software will be impacted by adding the cursor-id to the exception?
- Environment details are missing. In which environment (e.g., development, staging, production) is this issue relevant?

Step 3: Evaluate if a developer can act on this issue without additional information.
Given the lack of specific details about how to reproduce the issue, what changes need to be made, and where these changes will take effect, it's unlikely that a developer could start working on this task effectively. More context is needed before any development work can begin.

Final Answer: Yes",f48292f428a39d1a,qwen2.5:14b,0,2026-06-17T19:18:01.195550,project_05,title_desc,incompleteness,cot
ISSUE-254855,Discrimination in Jackson-Codec,0,1,"Step 1: Identify the key information provided in the issue.
- The issue mentions ""Jackson-Codec"", which suggests it's related to a Java library used for JSON processing.
- It talks about creating a collection of classes where each document can be a subclass.

Step 2: Determine what essential information is missing from the description.
- Steps to reproduce the problem are not provided.
- Expected behavior and actual behavior are not described.
- There is no mention of acceptance criteria or how success will be measured.
- No details about affected components or environment (e.g., Java version, Jackson version) are given.

Step 3: Evaluate if a developer can act on this issue without additional information.
- Given the lack of specific details and reproduction steps, it would be challenging for a developer to understand the exact nature of the problem or how to resolve it effectively. More context is needed before any meaningful action can be taken.

Final Answer: Yes",c4ea526bde87b500,qwen2.5:14b,0,2026-06-17T19:18:05.428597,project_05,title_desc,incompleteness,cot
ISSUE-256012,Add w/wtimeout to WriteConcern (getLastError),0,1,"Step 1: Identify the key information provided in the issue.
- The issue title and description suggest that support needs to be added for w/wtimeout with replicas/slaves in WriteConcern (getLastError).
- A link is provided to a MongoDB documentation page related to replication acknowledgement via getlasterror.

Step 2: Determine what essential information is missing.
- Steps to reproduce the problem or implement the feature are not given.
- Expected behavior after implementing this support is not clearly defined.
- Acceptance criteria for when the issue can be considered resolved are absent.
- Affected components and their interactions with other parts of the system are unclear.
- Environment details such as MongoDB version, operating system requirements, etc., are missing.

Step 3: Evaluate if a developer can act on this issue without additional information.
Given the lack of specific steps to reproduce, expected behavior, acceptance criteria, affected components, and environment details, it would be challenging for a developer to start working on this issue effectively. They would likely need more detailed requirements before proceeding with implementation.

Final Answer: Yes",6b73348821fd8a4e,qwen2.5:14b,0,2026-06-17T19:18:10.067774,project_05,title_desc,incompleteness,cot
ISSUE-253265,Provide an option to use pooled NIO direct buffers to minimise impact on GC,1,1,"Step 1: Identify the key information provided in the issue.
- The issue mentions providing an option to use pooled NIO direct buffers.
- It states that this is intended to minimize impact on GC (Garbage Collection).
- It specifies that the driver is being used with GridFS for serving binary data over HTTP.

Step 2: Determine what essential information is missing.
- Steps to reproduce the issue are not provided.
- Expected behavior after implementing the feature is not described.
- Acceptance criteria or success conditions are absent.
- Affected components and their interactions are unclear.
- Environment details (e.g., operating system, Java version) are not specified.

Step 3: Evaluate if a developer can act on this issue without additional information.
Given the lack of specific steps to reproduce, expected behavior, acceptance criteria, environment details, and affected components, it is challenging for a developer to understand fully what needs to be done or how to verify that the solution works as intended. Therefore, more information would likely be necessary before proceeding with development.

Final Answer: Yes",f3d401a1c943f636,qwen2.5:14b,0,2026-06-17T19:18:14.735642,project_05,title_desc,incompleteness,cot
ISSUE-254440,DocumentCodec and DBObjectCodec treat nested Maps/Iterables differently,1,1,"Step 1: Analyze the given information.
- The title mentions ""DocumentCodec and DBObjectCodec treat nested Maps/Iterables differently.""
- The description starts by saying it is related to JAVA-1760 but then abruptly stops, providing no clear explanation or details.

Step 2: Identify missing essential information.
- Steps to reproduce the issue are not provided.
- Expected vs actual behavior is not described.
- Acceptance criteria are not mentioned.
- Affected components and environment details are not specified.
- The description does not provide enough context for a developer to understand what exactly has changed or how it affects functionality.

Step 3: Determine if a developer can act on this issue without additional information.
- Given the lack of clear steps, expected behavior, acceptance criteria, affected components, and environment details, a developer would need more information before they could effectively address the issue.

Final Answer: Yes",5f9506292fd87e43,qwen2.5:14b,0,2026-06-17T19:18:18.811697,project_05,title_desc,incompleteness,cot
ISSUE-255480,Secondary reads on lists of mongos fail until first write,1,1,"Step 1: Identify the key information provided in the issue.
- The issue mentions that there's a regression introduced by the fix for JAVA-656.
- It specifies that the problem occurs when using the Mongo constructor with a list of ServerAddress.

Step 2: Determine what essential information is missing from the description.
- Steps to reproduce the issue are not provided.
- Expected behavior and actual observed behavior are not detailed.
- Acceptance criteria for resolving this issue are absent.
- Affected components or specific parts of the codebase are not mentioned.
- Environment details (e.g., version numbers, operating system) are missing.

Step 3: Evaluate if a developer can act on this issue without additional information.
Given the lack of detailed steps to reproduce and clear descriptions of expected vs. actual behavior, it would be challenging for a developer to understand the full scope of the problem or how to verify its resolution.

Final Answer: Yes",d14cd0dea430af4d,qwen2.5:14b,0,2026-06-17T19:18:23.056222,project_05,title_desc,incompleteness,cot
ISSUE-255171,Saved extra fields for Gridfs does not go in metadata sub-document,0,1,"Step 1: Identify the key information provided in the issue.
- The issue title suggests that metadata fields are not being saved correctly when using Gridfs.
- The description mentions putting some metadata for a file to save with Gridfs.

Step 2: Determine what essential information is missing.
- Steps to reproduce the problem are missing. It's unclear how one can replicate this issue.
- Expected behavior is not specified. What should happen when saving metadata fields?
- Actual observed behavior is vague and lacks detail.
- Acceptance criteria for resolving the issue are absent.
- Affected components or specific parts of the system that might be causing issues are not mentioned.
- Environment details (versions, configurations) are missing.

Step 3: Evaluate if a developer can act on this issue without additional information.
Given the lack of detailed steps to reproduce and clear expected behavior, it would be challenging for a developer to understand the full scope of the problem or how to verify its resolution. More specific details are needed before any meaningful action can be taken.

Final Answer: Yes",e2986368e6886ca1,qwen2.5:14b,0,2026-06-17T19:18:27.707540,project_05,title_desc,incompleteness,cot
ISSUE-254446,Repeated connection with expected authentication errors is not deterministic,0,0,"Step 1: Identify the key information provided in the issue.
- The issue describes an unexpected behavior with MongoDB client authentication when using non-existing user credentials.
- It mentions that repeated connection attempts do not consistently produce expected authentication failure errors.

Step 2: Determine what essential information is missing from the description.
- Steps to reproduce the issue are not clearly defined. How should one set up the environment and execute actions to encounter this problem?
- Expected vs actual behavior is vague. What exactly does ""not deterministic"" mean in terms of error occurrence? Is it about frequency, conditions under which errors occur or do not occur, etc.?
- Acceptance criteria: There's no clear definition of what would constitute a fix for the issue.
- Affected components: While MongoDB client and authentication mechanism are implied to be involved, specific versions or configurations aren't mentioned.
- Environment details: No information about operating system, MongoDB version, Java version (if using Java driver), etc.

Step 3: Evaluate if a developer can act on this issue without needing additional information.
Given the lack of detailed steps for reproduction and clear definitions of expected vs actual behavior, it would be challenging for a developer to understand the full scope of the problem or how to verify its resolution. Additional details are necessary",39676f458664a840,qwen2.5:14b,0,2026-06-17T19:18:33.059865,project_05,title_desc,incompleteness,cot
ISSUE-254233,Custom logging implementation,0,1,"Step 1: Identify the key information provided in the issue.
- The Java driver assumes logging through SLF4J or java.util.logging.
- There is no way to integrate with a custom logging framework.

Step 2: Determine what essential information is missing.
- Steps to reproduce the problem are not given.
- Expected behavior when using a custom logging framework is not specified.
- Acceptance criteria for resolving this issue are not provided.
- Affected components or specific parts of the driver that need modification are not detailed.
- Environment details (e.g., Java version, operating system) are missing.

Step 3: Evaluate if a developer can act on this issue without additional information.
Given the lack of specifics about how to reproduce the problem and what needs to be achieved, it would be challenging for a developer to start working on this issue effectively. They would need more details to understand the scope and requirements fully.

Final Answer: Yes",3e4f81c50b5ab3d4,qwen2.5:14b,0,2026-06-17T19:18:37.315747,project_05,title_desc,incompleteness,cot
ISSUE-252701,Update documentation for Text Search,1,1,"Step 1: Identify the key information provided in the issue.
- The title suggests that the task involves updating documentation related to Text Search functionality.
- The description mentions ""$search for Atlas"" but does not provide a clear context or detailed requirements.

Step 2: Determine what essential information is missing.
- Steps to reproduce the scenario where documentation needs to be updated are absent.
- Expected behavior after the update is unclear. What should the documentation include? How should it look?
- Acceptance criteria are missing, which would define when the task can be considered complete.
- Affected components or specific parts of the system that need updating are not specified.
- Environment details such as version numbers, operating systems, etc., are not provided.

Step 3: Evaluate if a developer can act on this issue without additional information.
Given the lack of detailed requirements and clear instructions, it would be challenging for a developer to proceed with updating documentation effectively. The absence of specific criteria makes it difficult to ensure that the task is completed satisfactorily.

Final Answer: Yes",7d34ee0cbc1b43cf,qwen2.5:14b,0,2026-06-17T19:18:41.909346,project_05,title_desc,incompleteness,cot
ISSUE-255572,Morphia Integration in java driver,0,1,"Step 1: Identify the key information provided in the issue.
- The official driver is about to release version 2.8.
- Morphia integration was mentioned as part of the roadmap for version 3.0.

Step 2: Determine what essential information is missing.
- Steps to reproduce the problem (if there's a specific issue).
- Expected behavior and actual behavior.
- Acceptance criteria for integrating Morphia.
- Affected components or modules.
- Environment details such as Java version, MongoDB version, etc.

Step 3: Evaluate if a developer can act on this issue without additional information.
Given that the description is more of an observation about future plans rather than a specific problem to solve, it lacks actionable details. A developer would need clarification on what exactly needs to be done regarding Morphia integration and in which version (2.8 or 3.0). Additionally, there are no clear acceptance criteria or environment specifics provided.

Final Answer: Yes",e72be1022cdba990,qwen2.5:14b,0,2026-06-17T19:18:46.245214,project_05,title_desc,incompleteness,cot
ISSUE-255511,Respect the QueryFailure response flag in OP_REPLY,0,1,"Step 1: Analyze the given information.
- The title mentions respecting the QueryFailure response flag in OP_REPLY.
- The description provides a link to MongoDB documentation and notes that there is a constant defined in the Java driver.

Step 2: Identify missing essential information.
- Steps to reproduce the issue are not provided.
- Expected behavior is not clearly stated.
- Actual observed behavior is not mentioned.
- Acceptance criteria for resolving this issue are absent.
- Affected components or specific parts of the codebase are not detailed.
- Environment details (e.g., version numbers, operating system) are missing.

Step 3: Determine if a developer can act on this issue without additional information.
Given the lack of clear reproduction steps and expected behavior, it would be challenging for a developer to understand what needs to be done or how to verify that the issue is resolved. The absence of these details means further clarification from the reporter is necessary.

Final Answer: Yes",cb9e8268550602e0,qwen2.5:14b,0,2026-06-17T19:18:50.594492,project_05,title_desc,incompleteness,cot
ISSUE-254614,2.12.x breaks compatibility with mongoDB v1.8,0,0,"Step 1: Identify the key information provided in the issue.
- The issue title indicates that version 2.12.x of some software breaks compatibility with MongoDB v1.8.
- A specific exception is mentioned: `com.mongodb.MongoTimeoutException` caused by a `java.lang.NullPointerException`.
- There's an indication of where the root cause might be located in the code (`com.mongodb.ServerStateNotifier.getVersion(final CommandResult buildInfoResult)`).

Step 2: Identify what essential information is missing.
- Steps to reproduce the issue are not provided. Without these, it’s difficult for a developer to verify or debug the problem.
- Expected behavior is not clearly stated. It's implied that compatibility should work with MongoDB v1.8 but this needs to be explicitly mentioned.
- Acceptance criteria are absent; there's no clear definition of what would constitute a fix or resolution.
- Environment details such as Java version, operating system, and any other relevant configurations are missing.

Step 3: Determine if the issue can be acted upon without additional information.
Given that reproduction steps, expected behavior, acceptance criteria, and environment details are not provided, it is challenging for developers to understand fully what needs to be done or how to verify a fix. This makes the issue",687d969dd9402e32,qwen2.5:14b,0,2026-06-17T19:18:56.048364,project_05,title_desc,incompleteness,cot
ISSUE-253354,Deprecate DBCursor#addSpecial,1,1,"Step 1: Analyze the provided information.
- The title suggests that there's an intention to deprecate `DBCursor#addSpecial`.
- The description mentions the introduction of the find command in MongoDB 3.2.

Step 2: Identify missing essential information.
- Steps to reproduce the issue or scenario where this method is problematic are not given.
- Expected behavior after deprecation and what should developers use instead is unclear.
- Acceptance criteria for when this task can be considered complete are absent.
- Affected components or modules that rely on `DBCursor#addSpecial` are not mentioned.
- Environment details such as MongoDB version, programming language used, etc., are missing.

Step 3: Determine if a developer can act without additional information.
Given the lack of specific details about why deprecation is necessary and how it should be handled, developers would likely need more context to proceed effectively. They might require clarification on the impact of this change, alternatives for existing code that uses `DBCursor#addSpecial`, and testing requirements.

Final Answer: Yes",f2e98dde01a6bbd4,qwen2.5:14b,0,2026-06-17T19:19:00.725262,project_05,title_desc,incompleteness,cot
ISSUE-255153,update description of fsync write concern flag,0,1,"Step 1: Identify the key information provided in the issue.
- The title and description indicate that there's a need to update the documentation of fsync and j flags in WriteConcern Javadoc.

Step 2: Determine what essential information is missing.
- Steps to reproduce the issue are not provided since this isn't an actual bug but rather a documentation request. However, it lacks clear acceptance criteria or specific details on how the description should be updated.
- Expected vs actual behavior is not applicable here as there's no reported malfunction; it’s about improving clarity in documentation.
- Affected components and environment details are also missing since this issue doesn't specify which parts of the system might need to change due to the update.

Step 3: Evaluate if a developer can act on this issue without needing more information.
- A developer would likely require specific guidance on what changes should be made to the documentation. Without clear acceptance criteria or detailed instructions, it's challenging for a developer to know exactly how to proceed with updating the Javadoc accurately.

Final Answer: Yes",2230a12ab04b241a,qwen2.5:14b,0,2026-06-17T19:19:05.388945,project_05,title_desc,incompleteness,cot
ISSUE-255938,DBCursor.copy() does not copy batch size,0,1,"Step 1: Identify the key information provided in the issue.
- The issue title and description indicate that the `batchSize` field is not being copied when using the `copy()` method of the `DBCursor` object.

Step 2: Determine what essential information is missing from the issue report.
- Steps to reproduce the problem are missing. Without these, it's unclear how a developer can replicate the issue.
- Expected behavior is not specified. It’s important to know what should happen when calling `copy()` with respect to the `batchSize` field.
- Acceptance criteria or conditions under which the issue would be considered resolved are absent.
- Environment details (such as MongoDB version, programming language used, etc.) are missing.

Step 3: Evaluate if a developer can act on this issue without needing additional information.
- Given that reproduction steps and expected behavior are not provided, it is unlikely that a developer could effectively address the issue or verify its resolution without further clarification.

Final Answer: Yes",b5892443bf6ed54a,qwen2.5:14b,0,2026-06-17T19:19:09.871974,project_05,title_desc,incompleteness,cot
ISSUE-253697,"upload mo artifacts"""" Evergreen post-task is failing",0,0,"Step 1: Analyze the provided information.
- The issue title and description indicate that an Evergreen post-task named ""upload mo artifacts"" is failing.
- Logs show commands being executed, including setting environment variables and attempting to upload files via S3.

Step 2: Identify missing essential information.
- Steps to reproduce the failure are not provided. It's unclear how to recreate this issue in a development or testing environment.
- Expected behavior is not described. We don't know what should have happened if everything was working correctly.
- Actual observed behavior is somewhat clear from the logs, but it would be helpful to have more context on why these files were expected to exist and why their absence causes failure.
- Acceptance criteria are missing. There's no description of what success looks like for this task.
- Environment details such as OS version, Evergreen configuration, or specific build details are not provided.

Step 3: Determine if a developer can act on the issue without additional information.
Given the lack of reproduction steps and acceptance criteria, it would be difficult for a developer to understand the full scope of the problem and how to resolve it. The logs provide some context but do not give enough detail about why these files are missing or what their expected state should be.

Final",9d3f40696998273c,qwen2.5:14b,0,2026-06-17T19:19:16.698380,project_05,title_desc,incompleteness,cot
ISSUE-253111,minWireVersion is 1 but it should be 2,0,1,"Step 1: Identify the key information provided in the issue.
- The current minWireVersion of the driver is 1.
- The desired minWireVersion should be 2.

Step 2: Determine what essential information is missing from the issue.
- Steps to reproduce the problem are not given.
- Expected behavior after setting minWireVersion to 2 is not described.
- Actual observed behavior when minWireVersion is set to 1 (and possibly 2) is not provided.
- No acceptance criteria or conditions for resolving this issue are specified.
- Affected components and their interactions with the driver's version settings are unclear.
- Environment details such as operating system, database version, and any other relevant software versions are missing.

Step 3: Evaluate if a developer can act on this issue without needing additional information.
Given the lack of detailed steps to reproduce, expected behavior, acceptance criteria, environment specifics, and affected components, it is unlikely that a developer would be able to fully understand or resolve this issue based solely on the provided description. More details are necessary for effective troubleshooting and resolution.

Final Answer: Yes",6fca7b39076f596e,qwen2.5:14b,0,2026-06-17T19:19:22.064447,project_05,title_desc,incompleteness,cot
ISSUE-252640,Documentation links 404,0,0,"Step 1: Identify the key information provided in the issue.
- The issue title indicates that documentation links are broken.
- The description mentions that all of the ""reference"" links appear to be broken on a specific URL.

Step 2: Determine what essential information is missing from the issue.
- Steps to reproduce the problem are not specified. It's unclear if clicking any reference link will always result in a 404 error or under which conditions this happens.
- Expected behavior is not described. For example, it’s not clear whether these links should lead to specific documentation pages or what content users expect to see when they click on them.
- Acceptance criteria are missing. There's no indication of what would constitute a resolution for the issue (e.g., all reference links must work correctly).
- Affected components and environment details are absent. It’s not specified which parts of the system are affected or in which environments this problem occurs.

Step 3: Evaluate if a developer can act on this issue without needing additional information.
Given the lack of detailed steps to reproduce, expected behavior, acceptance criteria, and environmental context, it would be challenging for a developer to effectively address this issue. They would likely need more details before they could start working on a solution.

Final",b91534b3996a1c08,qwen2.5:14b,0,2026-06-17T19:19:27.471183,project_05,title_desc,incompleteness,cot
ISSUE-255236,DBObject.equals can fail when binary data exists,1,1,"Step 1: Identify the key information provided.
- The title suggests that `DBObject.equals` can fail when binary data exists.
- The description mentions an understanding of the cause, which is related to the Binary type implementing an `equals` method that compares byte arrays.

Step 2: Determine what essential information is missing.
- Steps to reproduce the issue are not provided.
- Expected vs actual behavior is not described.
- Acceptance criteria for resolving this issue are absent.
- Affected components and environment details (such as database version, programming language, etc.) are not mentioned.

Step 3: Evaluate if a developer can act on this issue without additional information.
Given the lack of specific steps to reproduce, expected vs actual behavior, acceptance criteria, affected components, and environment details, it would be challenging for a developer to understand the full scope of the problem or how to resolve it effectively. More detailed information is necessary.

Final Answer: Yes",5e471f39a2ce8770,qwen2.5:14b,0,2026-06-17T19:19:31.683625,project_05,title_desc,incompleteness,cot
ISSUE-255324,Increase GridFS max chunk size,0,1,"Step 1: Identify the key information provided.
- The current default chunk size and max chunk size in GridFS.java are specified.
- A question is asked about increasing MAX_CHUNKSIZE to 15*1000*1000.

Step 2: Determine what essential information is missing.
- Steps to reproduce the issue or scenario where this change would be necessary are not provided.
- Expected behavior after changing the max chunk size is not described.
- Acceptance criteria for the proposed change are absent.
- Affected components and environment details (e.g., version of software, operating system) are not mentioned.

Step 3: Evaluate if a developer can act on this issue without additional information.
- Given the lack of specific context or requirements, it's unclear whether increasing MAX_CHUNKSIZE to 15*1000*1000 would solve any particular problem or meet user needs effectively. A developer would likely need more details before proceeding.

Final Answer: Yes",7d33fa36cca5cdfb,qwen2.5:14b,0,2026-06-17T19:19:36.176237,project_05,title_desc,incompleteness,cot
ISSUE-254743,Server selection exception should chain exceptions from server monitors,1,1,"Step 1: Identify the key information provided in the issue.
- The current behavior of BaseCluster.selectServer when no matching servers can be found is to throw a MongoTimeoutException.
- If there are exceptions from server monitors, these should ideally chain or propagate through the exception thrown by selectServer.

Step 2: Determine what essential information is missing.
- Steps to reproduce the issue are not provided.
- Expected behavior (how exceptions from server monitors should be handled) is vague and lacks detail.
- Actual observed behavior is not clearly stated.
- Acceptance criteria for resolving this issue are absent.
- Affected components or specific parts of the codebase are not detailed.
- Environment details such as version numbers, operating system, etc., are missing.

Step 3: Evaluate if a developer can act on this issue without additional information.
Given the lack of clear reproduction steps and acceptance criteria, it would be challenging for a developer to implement a solution or verify its correctness. The description is too vague regarding how exceptions should be chained or propagated from server monitors to selectServer.

Final Answer: Yes",d194deee5281d79e,qwen2.5:14b,0,2026-06-17T19:19:40.924845,project_05,title_desc,incompleteness,cot
ISSUE-253069,Remove mongodb-driver-embedded-android package,0,1,"Step 1: Identify the key information provided in the issue.
- The title suggests that there's a package called ""mongodb-driver-embedded-android"" which needs to be removed.
- The description states, ""We no longer need to maintain this.""

Step 2: Determine what essential information is missing.
- Steps to reproduce or action items are not given. There’s no clear instruction on how to proceed with the removal of the package.
- Expected behavior after removing the package is not specified (e.g., should it be completely removed, archived, or just disabled?).
- No acceptance criteria are provided for verifying that the task has been completed correctly.
- Affected components and environment details are missing. It’s unclear which parts of the system depend on this package or what version of the software this applies to.

Step 3: Evaluate if a developer can act on this issue without asking for more information.
Given the lack of specific instructions, expected outcomes, and context about dependencies and environments, it would be challenging for a developer to proceed confidently with removing the package. They would likely need additional details before starting work on this task.

Final Answer: Yes",ee883da2832a5a91,qwen2.5:14b,0,2026-06-17T19:19:45.843325,project_05,title_desc,incompleteness,cot
ISSUE-254867,Add type-safe jsMode support in MapReduceCommand,0,1,"Step 1: Identify the key information provided in the issue.
- The current implementation allows adding jsMode using addExtraOption method.
- There is a need to have type-safe methods for adding jsMode.

Step 2: Determine what essential information is missing.
- Steps to reproduce the problem or demonstrate the need for this feature are not given.
- Expected behavior after implementing the new type-safe methods is not described.
- Acceptance criteria, such as specific requirements or test cases, are absent.
- Affected components and environment details (e.g., programming language version, operating system) are missing.

Step 3: Evaluate if a developer can act on this issue without additional information.
Given the lack of detailed steps to reproduce, expected behavior, acceptance criteria, affected components, and environment details, it would be challenging for a developer to implement or assess this feature effectively. More specific requirements are needed before proceeding with development work.

Final Answer: Yes",88abe37d23d11770,qwen2.5:14b,0,2026-06-17T19:19:50.122626,project_05,title_desc,incompleteness,cot
ISSUE-252707,Storing unsigned integer to Mongodb from java,0,1,"Step 1: Identify the key information provided in the issue.
- The user is trying to insert an unsigned integer of up to 20 digits into MongoDB using Java.
- They are using the BigInteger class in Java to store this value.
- An exception is thrown when attempting to insert the data: `org.bson.codecs.configuration.CodecConfigurationException`.
- The version of the MongoDB Java driver being used is 3.12.13.

Step 2: Identify what essential information is missing from the issue report.
- Steps to reproduce the problem are not provided.
- Expected behavior when inserting a BigInteger value into MongoDB is not specified.
- Actual observed behavior (the exact error message and stack trace) is only partially described.
- No acceptance criteria or success conditions are mentioned for resolving this issue.
- Environment details such as operating system, Java version, MongoDB server version, etc., are missing.

Step 3: Determine if a developer can act on the issue without asking for more information.
Given that there's no clear reproduction steps and insufficient detail about the environment setup, it would be challenging for a developer to reproduce or debug this issue effectively. The lack of expected vs actual behavior also makes it difficult to understand what success looks like.

Final Answer: Yes",e1a433ba5d0fc958,qwen2.5:14b,0,2026-06-17T19:19:55.609336,project_05,title_desc,incompleteness,cot
ISSUE-255700,Possible bug with JSON parser,1,1,"Step 1: Identify the key information provided in the issue.
- The title suggests there might be an issue with the JSON parser.
- The description mentions that ""this test passes,"" which implies there is a test case involved, but it seems unexpected or strange.

Step 2: Determine what essential information is missing.
- Steps to reproduce the issue are not given. It's unclear how one can replicate the problem.
- Expected vs actual behavior is not described in detail. What should be happening versus what actually happens isn't clear from this description.
- Acceptance criteria for the test case or feature are not provided, making it difficult to understand when a fix would be considered complete.
- Affected components and environment details (such as programming language, version of JSON parser library, operating system) are missing.

Step 3: Evaluate if a developer can act on this issue without asking for more information.
Given the lack of specific details about how to reproduce the problem, what is expected versus actual behavior, acceptance criteria, affected components, and environment details, it would be challenging for a developer to start working on resolving or investigating this issue effectively.

Final Answer: Yes",0dd3ba83e960941d,qwen2.5:14b,0,2026-06-17T19:20:00.631243,project_05,title_desc,incompleteness,cot
ISSUE-253917,$geoNear Aggregation pipeline in Mongo JAVA driver,0,1,"Step 1: Identify the key information provided in the issue.
- The issue mentions that the `$geoNear` aggregation pipeline operator is not present in the Mongo Java driver.
- It suggests that developers need to manually write Bson for this functionality.

Step 2: Determine what essential information is missing from the issue.
- Steps to reproduce the problem are missing. There's no clear description of how one can encounter or verify this issue.
- Expected behavior is not specified. The issue does not clarify what should happen if the `$geoNear` operator were available in the Java driver.
- Acceptance criteria are absent. It’s unclear what needs to be done for the issue to be considered resolved.
- Environment details such as version of MongoDB, Java driver version, and any other relevant software or hardware configurations are missing.

Step 3: Evaluate if a developer can act on this issue without needing additional information.
Given the lack of specific steps to reproduce, expected behavior, acceptance criteria, and environment details, it would be challenging for a developer to start working on resolving this issue effectively. More detailed information is required before any development work can begin.

Final Answer: Yes",83be694f64c2633d,qwen2.5:14b,0,2026-06-17T19:20:05.670907,project_05,title_desc,incompleteness,cot
ISSUE-254894,The aggregation method is inaccurately showing type,1,1,"Step 1: Identify the key information provided in the issue.
- The issue mentions that there's an aggregation method showing incorrect type.
- It provides some code snippet related to MongoDB operations using MongoClient, Database, and DBCollection.

Step 2: Determine what essential information is missing from the issue report.
- Steps to reproduce the problem are not clearly stated.
- Expected behavior is not described; it’s unclear what the correct type should be.
- Actual observed behavior is not detailed.
- No acceptance criteria or conditions for resolving the issue are provided.
- Affected components and environment details (such as MongoDB version, Java version) are missing.

Step 3: Evaluate if a developer can act on this issue without needing additional information.
Given the lack of clear reproduction steps, expected vs actual behavior, and environmental context, it would be challenging for a developer to understand the full scope of the problem or how to effectively address it. Additional details are necessary before any meaningful action can be taken.

Final Answer: Yes",b89fcdb996226909,qwen2.5:14b,0,2026-06-17T19:20:10.156665,project_05,title_desc,incompleteness,cot
ISSUE-253334,Deprecate MongoIterable#forEach,0,1,"Step 1: Identify the key information provided in the issue.
- The issue describes a conflict between `MongoIterable#forEach` and the default `forEach` method added to interfaces in Java 8.
- It mentions that using either with a lambda expression results in a compiler error, requiring casting to `Block` or `Consumer`.

Step 2: Identify what essential information is missing from the issue.
- Steps to reproduce the problem are not provided.
- Expected behavior and actual behavior are not clearly defined.
- No acceptance criteria are specified for resolving this issue.
- Affected components and environment details (such as Java version, MongoDB driver version) are not mentioned.

Step 3: Determine if a developer can act on this issue without additional information.
- Given the lack of specific steps to reproduce, expected behavior, and environment details, it would be challenging for a developer to understand the full scope of the problem or how to resolve it effectively.

Final Answer: Yes",6580b5d27c9113a9,qwen2.5:14b,0,2026-06-17T19:20:14.503684,project_05,title_desc,incompleteness,cot
ISSUE-255443,Errors when DBRef's $id is Object instead of simple value,0,1,"Step 1: Identify the key information provided in the issue.
- The issue mentions that MongoDB can store objects in the _id field.
- There are errors when DBRef's $id is an object instead of a simple value.

Step 2: Determine what essential information is missing.
- Steps to reproduce the error are not provided.
- Expected behavior and actual behavior are not clearly defined.
- No acceptance criteria or conditions for resolving the issue are specified.
- Affected components (specific parts of the software) are not mentioned.
- Environment details such as MongoDB version, programming language used, etc., are missing.

Step 3: Evaluate if a developer can act on this issue without additional information.
Given the lack of detailed steps to reproduce, expected vs actual behavior, acceptance criteria, and environment details, it would be challenging for a developer to understand the full scope of the problem or how to resolve it effectively. More information is needed before proceeding with development work.

Final Answer: Yes",8e5eafab832f5194,qwen2.5:14b,0,2026-06-17T19:20:18.916978,project_05,title_desc,incompleteness,cot
ISSUE-253221,mongodb+srv schema can cause NullPointerException,0,1,"Step 1: Identify the key information provided in the issue.
- The issue title suggests that using `mongodb+srv` schema can cause a `NullPointerException`.
- The description mentions that a `MongoClient` operation might execute before SRV lookup is complete.

Step 2: Determine what essential information is missing.
- Steps to reproduce the issue are not provided. Without these, it's difficult for developers to replicate and verify the problem.
- Expected behavior is not described. It’s unclear what should happen when SRV lookup completes or if an operation executes prematurely.
- Acceptance criteria are absent. There's no clear definition of what would constitute a solution or how success will be measured.
- Affected components are not detailed beyond mentioning `MongoClient`.
- Environment details such as MongoDB version, Java version (if applicable), and any specific configurations are missing.

Step 3: Evaluate if the issue can be acted upon without additional information.
Given the lack of reproduction steps, expected behavior, acceptance criteria, environment details, and affected components, a developer would likely need to ask for more information before they could effectively address this issue.

Final Answer: Yes",c7d38b5d59323844,qwen2.5:14b,0,2026-06-17T19:20:24.008345,project_05,title_desc,incompleteness,cot
ISSUE-253502,Re-enable write concern tests for dropDatabase command,0,1,"Step 1: Identify the key information provided in the issue.
- The issue mentions write concern failures for the dropDatabase command.
- It states that these failures result in failed commands in server builds of version 4.1.

Step 2: Determine what essential information is missing from the issue description.
- Steps to reproduce the problem are not given.
- Expected behavior and actual observed behavior are not clearly defined.
- No acceptance criteria or conditions for resolving the issue are provided.
- Affected components (e.g., specific modules, services) are not detailed.
- Environment details such as operating system, database version, etc., are missing.

Step 3: Evaluate if a developer can act on this issue without needing additional information.
Given the lack of clear reproduction steps and environment details, it would be challenging for a developer to understand the full scope of the problem or how to effectively address it. The absence of expected vs actual behavior also complicates understanding what needs to be fixed.

Final Answer: Yes",d8f99552911e64f9,qwen2.5:14b,0,2026-06-17T19:20:28.482291,project_05,title_desc,incompleteness,cot
ISSUE-255435,Thread Locals not being freed in thread pool,0,1,"Step 1: Identify the key information provided in the issue.
- The issue describes thread local data not being freed in the thread pool of an application running in Tomcat 7, leading to a memory leak.
- It mentions that this problem is experienced by other customers as well and provides links to JIRA issues for reference.

Step 2: Identify what essential information is missing from the issue report.
- Steps to reproduce the issue are not provided.
- Expected behavior vs. actual behavior is not clearly defined.
- Acceptance criteria are not specified.
- Affected components or specific parts of the codebase causing this issue are not detailed.
- Environment details such as Java version, Tomcat configuration, and application architecture are missing.

Step 3: Determine if a developer can act on this issue without asking for more information.
Given the lack of reproduction steps, environment details, and clear definitions of expected vs. actual behavior, it would be challenging for a developer to start working on this issue effectively without additional context or clarification from the reporter.

Final Answer: Yes",e413990214edb42a,qwen2.5:14b,0,2026-06-17T19:20:33.151126,project_05,title_desc,incompleteness,cot
ISSUE-255744,authentication for replica set fails frequently because 'getnonce' and 'authenticate' command is issued to different server,0,1,"Step 1: Identify the key information provided.
- The issue title mentions that authentication fails frequently in a replica set context due to 'getnonce' and 'authenticate' commands being issued to different servers.
- A code snippet is provided, but it seems incomplete as it ends abruptly with ""servers.add(""""192.168.10.1"".

Step 2: Identify missing essential information.
- Steps to reproduce the issue are not clearly defined or detailed.
- Expected behavior and actual behavior are not described.
- Acceptance criteria for resolving this issue are absent.
- Affected components (specific MongoDB drivers, versions) are unclear.
- Environment details such as operating system, MongoDB version, replica set configuration, etc., are missing.

Step 3: Determine if a developer can act on the issue without additional information.
Given the lack of detailed steps to reproduce, expected vs actual behavior, acceptance criteria, and environment specifics, it would be challenging for a developer to understand the full scope of the problem or how to effectively resolve it. More details are needed before proceeding with development work.

Final Answer: Yes",1c2964c3e15d2d40,qwen2.5:14b,0,2026-06-17T19:20:37.978824,project_05,title_desc,incompleteness,cot
ISSUE-255326,No Such Method Exception When Instantiating Mongo Client,0,-1,"Step 1: Identify the key information provided in the issue.
- The user encounters an exception when trying to instantiate a MongoDB client using Java.
- They provide the exact line of code causing the issue and the stack trace.
- They mention that they are using MongoDB Java driver version 2.11.1 or 2.9.3, running on Ubuntu 12.04 LTS with Java Version 1.7.0_17.

Step 2: Identify what essential information is missing.
- Steps to reproduce the issue are not clearly outlined beyond mentioning that they encountered an exception when creating a new MongoClient instance.
- Expected behavior is not described; it's unclear what should happen instead of getting this error.
- Acceptance criteria for resolving the issue are absent.
- The provided code snippet seems incomplete and contains syntax errors (e.g., missing import statements, incorrect method definition).
- Environment details could be more specific. For example, which version of MongoDB server is running?

Step 3: Determine if a developer can act on this issue without asking for more information.
Given the lack of clear reproduction steps, expected behavior, and incomplete code snippet, it would likely require additional clarification before a developer could effectively diagnose and resolve the problem.

Final Answer:",27c20f6257748e87,qwen2.5:14b,0,2026-06-17T19:20:43.463674,project_05,title_desc,incompleteness,cot
ISSUE-255548,Stackoverflow when querying document with cycle reference using DBRef,1,1,"Step 1: Identify the key information provided in the issue.
- The user created an issue at spring-data-mongo and suspects that the problem is with the mongo Java Driver.
- A test code snippet is partially provided, but it's incomplete.

Step 2: Determine what essential information is missing.
- Steps to reproduce the issue are not clearly defined or complete.
- Expected behavior is not described.
- Actual observed behavior is not detailed.
- Acceptance criteria for resolving the issue are absent.
- Affected components and environment details (e.g., version of MongoDB, Java, etc.) are not provided.

Step 3: Evaluate if a developer can act on this issue without additional information.
Given the lack of clear reproduction steps, expected vs actual behavior, acceptance criteria, affected components, and environment details, it would be challenging for a developer to understand the full scope of the problem or how to reproduce it. This makes it difficult to diagnose and resolve the issue effectively.

Final Answer: Yes",42d53d51cc7a6ce7,qwen2.5:14b,0,2026-06-17T19:20:47.859585,project_05,title_desc,incompleteness,cot
ISSUE-254528,Add MongoCollection.dropIndex(Bson keys),0,1,"Step 1: Identify the key information provided in the issue.
- The issue describes the need to add a method `MongoCollection.dropIndex(Bson keys)` as a complement to an existing method `MongoCollection.dropIndex(String indexName)`.
- It mentions that this new method would make it easier for users to drop an index without needing to know its name.

Step 2: Identify what essential information is missing.
- Steps to reproduce the issue or demonstrate the need are not provided.
- Expected behavior of the new method and how it should work in different scenarios is not detailed.
- Acceptance criteria, such as specific conditions under which this feature should be implemented, are absent.
- Environment details (e.g., version of MongoDB, programming language used) are missing.

Step 3: Determine if a developer can act on this issue without asking for more information.
- Given the lack of specifics about how to implement the new method and what its behavior should be in various cases, it would be challenging for a developer to proceed with implementing this feature confidently.

Final Answer: Yes",709a5b73f5fb2e81,qwen2.5:14b,0,2026-06-17T19:20:52.601970,project_05,title_desc,incompleteness,cot
ISSUE-254203,Add equals() and toString() to Updates,0,1,"Step 1: Identify the key information provided in the issue.
- The implementation classes used for the com.mongodb.client.model.Updates factory are missing `toString()` and `equals()` methods.
- This absence causes difficulties during debugging.

Step 2: Determine what essential information is missing from the issue description.
- Steps to reproduce the problem or difficulty mentioned (no specific steps provided).
- Expected behavior after implementing `toString()` and `equals()`.
- Acceptance criteria for resolving this issue.
- Affected components beyond mentioning Updates factory classes.
- Environment details where this issue occurs.

Step 3: Evaluate if a developer can act on this issue without needing additional information.
Given the lack of specific steps to reproduce, expected behavior after implementation, acceptance criteria, and environment details, it would be challenging for a developer to fully understand and resolve this issue without further clarification.

Final Answer: Yes",f4f1e3a1b7f3ba96,qwen2.5:14b,0,2026-06-17T19:20:56.587865,project_05,title_desc,incompleteness,cot
ISSUE-254082,Connection and thread leakage in DefaultServerMonitor,1,1,"Step 1: Identify the key information provided in the issue.
- The issue title mentions ""Connection and thread leakage in DefaultServerMonitor.""
- The description states that network issues between mongos and an application server are involved.

Step 2: Determine what essential information is missing from the issue report.
- Steps to reproduce the problem are not given.
- Expected behavior versus actual behavior is not described.
- Acceptance criteria for resolving the issue are absent.
- Affected components or specific parts of the system that experience issues are unclear.
- Environment details such as operating system, version numbers, and configurations are missing.

Step 3: Evaluate if a developer can act on this issue without needing additional information.
Given the lack of detailed steps to reproduce, expected vs actual behavior, acceptance criteria, affected components, and environment details, it is unlikely that a developer could effectively diagnose or resolve the problem based solely on the provided description. More specific information would be necessary for further investigation.

Final Answer: Yes",41bf1363df10e5b5,qwen2.5:14b,0,2026-06-17T19:21:01.022778,project_05,title_desc,incompleteness,cot
ISSUE-253763,Reduce size of Evergreen matrix,0,1,"Step 1: Identify the key information provided in the issue.
- The title suggests that there's an intention to reduce the size of the Evergreen matrix.
- The description mentions that testing all combinations of authentication enabled/disabled and SSL enabled/disabled is not necessary.

Step 2: Determine what essential information is missing from the issue.
- Steps to reproduce or understand the context fully are absent.
- Expected behavior after reducing the test matrix is not specified.
- Acceptance criteria for determining when this task is complete are lacking.
- Affected components and environment details (e.g., operating system, version of software) are not provided.

Step 3: Evaluate if a developer can act on this issue without additional information.
Given the lack of specific details such as reproduction steps, expected behavior, acceptance criteria, affected components, and environment details, it would be challenging for a developer to proceed with implementing or addressing this issue effectively. More context is needed before actionable work can begin.

Final Answer: Yes",5464ce417ed1d9b5,qwen2.5:14b,0,2026-06-17T19:21:05.421275,project_05,title_desc,incompleteness,cot
ISSUE-254130,Ensure Loggers are past to ErrorHandlingCallbacks,0,1,"Step 1: Analyze the provided information.
- The title suggests that loggers should be passed to ErrorHandlingCallbacks.
- The description mentions handling a null case by printing an error to stdout.

Step 2: Identify missing essential information.
- Steps to reproduce the issue are not provided.
- Expected behavior is unclear. It's not specified what should happen when } (likely meant to be 'null') is encountered, other than printing an error to stdout.
- Acceptance criteria are absent; there’s no clear definition of success for this task.
- Affected components and environment details are missing.

Step 3: Determine if a developer can act on the issue without additional information.
- Given the lack of detailed steps, expected behavior, acceptance criteria, affected components, and environment details, it would be challenging for a developer to implement or test this change effectively.

Final Answer: Yes",7328070d6eac82c7,qwen2.5:14b,0,2026-06-17T19:21:09.334988,project_05,title_desc,incompleteness,cot
ISSUE-253459,how to implement nested query in java API,1,1,"Step 1: Identify the key information provided in the issue.
- The issue title mentions implementing a nested query in Java API.
- The description starts with what seems to be an incomplete MongoDB query string.

Step 2: Determine what essential information is missing.
- Steps to reproduce the problem or implement the feature are not given.
- Expected behavior of the implementation is not described.
- Acceptance criteria for the solution are absent.
- Affected components and environment details (such as Java version, database type) are not provided.

Step 3: Evaluate if a developer can act on this issue without additional information.
- The description does not provide enough context or specifics to understand what exactly needs to be implemented or fixed. A developer would need more detailed requirements to proceed effectively.

Final Answer: Yes",2bcbdf9b6228b039,qwen2.5:14b,0,2026-06-17T19:21:12.967447,project_05,title_desc,incompleteness,cot
ISSUE-255998,Tried to save too large of an object. max size: 2098176,0,1,"Step 1: Identify the key information provided in the issue.
- The user encountered an `IllegalArgumentException` when trying to save an object that is too large.
- The maximum size allowed seems to be 2098176 bytes.
- There's a reference to a previous JIRA ticket which supposedly fixed this issue in version 1.2 of the Java driver.

Step 2: Identify what essential information is missing from the issue report.
- Steps to reproduce the problem are not provided.
- Expected behavior when trying to save an object larger than the maximum size is not described.
- Actual observed behavior beyond the exception message is not detailed.
- No acceptance criteria or conditions for resolving this issue are specified.
- Environment details (such as Java version, MongoDB server version, and driver version) are missing.

Step 3: Determine if a developer can act on this issue without needing additional information.
Given the lack of specific steps to reproduce, environment details, and clear expected vs actual behavior, it would be challenging for a developer to understand the full scope of the problem or test potential fixes effectively. Additional context is necessary before proceeding with development work.

Final Answer: Yes",9e83b52152db594f,qwen2.5:14b,0,2026-06-17T19:21:18.090559,project_05,title_desc,incompleteness,cot
ISSUE-254903,REPLICA_ACKNOWLEDGED not working at the time of arbiter Node,1,-1,"Step 1: Identify the key information provided in the issue.
- The user has set up a MongoDB cluster with 3 nodes.
- There is an issue related to ""REPLICA_ACKNOWLEDGED"" not working at the time of the arbiter node.

Step 2: Determine what essential information is missing from the description.
- Steps to reproduce the problem are missing. It's unclear how one can replicate this issue in their own environment.
- Expected behavior is not described. What should be happening when ""REPLICA_ACKNOWLEDGED"" is working correctly?
- Actual observed behavior is not detailed. How does the system behave differently from what was expected?
- Acceptance criteria for resolving the issue are missing. It's unclear how one would know if the problem has been fixed.
- Affected components and environment details (such as MongoDB version, operating system, etc.) are not provided.

Step 3: Evaluate whether a developer can act on this issue without additional information.
Given the lack of detailed steps to reproduce, expected vs actual behavior, acceptance criteria, affected components, and environment details, it would be challenging for a developer to understand the full scope of the problem or how to resolve it effectively. More information is needed before any meaningful action can be taken.

Final",32fea6a839f76978,qwen2.5:14b,0,2026-06-17T19:21:23.565080,project_05,title_desc,incompleteness,cot
ISSUE-253040,mavenLocal should be first repository,0,1,"Step 1: Identify the key information provided in the issue.
- The issue title suggests that ""mavenLocal"" should be prioritized as the first repository.
- The description mentions confusion when depending on a SNAPSHOT build while debugging.

Step 2: Determine what essential information is missing from the issue.
- Steps to reproduce the problem are not given.
- Expected behavior and actual behavior are not clearly defined.
- There's no mention of acceptance criteria or how one would know if this issue has been resolved.
- No environment details (e.g., operating system, Maven version) are provided.

Step 3: Evaluate whether a developer can act on the issue without additional information.
Given the lack of specific steps to reproduce and clear definitions of expected vs. actual behavior, it is difficult for a developer to understand exactly what needs to be done or how to verify that the problem has been addressed.

Final Answer: Yes",3c5e44430b3558e0,qwen2.5:14b,0,2026-06-17T19:21:27.651028,project_05,title_desc,incompleteness,cot
ISSUE-255829,Publish maven SNAPSHOTs,0,1,"Step 1: Identify the key information provided in the issue.
- The current practice is to publish only releases of the Java driver to public Maven repositories.
- There's a request to also publish SNAPSHOT versions to a Maven repository so that improvements and fixes are available immediately.
- Mention of functionality being pulled from Morphia into the Java driver, implying a desire for similar rapid development cycles.

Step 2: Identify what essential information is missing.
- Steps to reproduce the issue or scenario (not applicable here as it's more of a feature request than an issue).
- Expected behavior after implementing this change (specific details are lacking).
- Acceptance criteria that define when the requirement has been met.
- Affected components and their current state.
- Environment details where this would be implemented.

Step 3: Determine if a developer can act on this issue without asking for more information.
Given the lack of specific acceptance criteria, environment details, and clear expected behavior, it's challenging for a developer to proceed with implementing this request. The description is vague about what exactly needs to change or how success will be measured.

Final Answer: Yes",9da43a8f66c52c62,qwen2.5:14b,0,2026-06-17T19:21:32.536933,project_05,title_desc,incompleteness,cot
ISSUE-253678,Document new Pojo updates,0,1,"Step 1: Identify the key information provided in the issue.
- The task is to document changes in PojoCodec for version 3.6.

Step 2: Determine what essential information is missing.
- Steps to reproduce or understand the context of the change are not provided.
- Expected behavior after documenting the changes is unclear.
- Acceptance criteria for completing this documentation are absent.
- Affected components and environment details are not specified.

Step 3: Evaluate if a developer can act on this issue without additional information.
- Given the lack of specific details, it would be challenging for a developer to start working on this task effectively. They would likely need more context about what changes were made in PojoCodec, why they were made, and how these should be documented.

Final Answer: Yes",0c80236e0cf9e2ef,qwen2.5:14b,0,2026-06-17T19:21:36.222132,project_05,title_desc,incompleteness,cot
ISSUE-255807,Allow bson decoder per operation (find/cusor),0,1,"Step 1: Identify the key information provided in the issue.
- The issue title suggests that there should be a bson decoder per operation such as find or cursor.
- The description mentions removing the need for DBCallbacks when decoding bson data and setting up callbacks per operation.

Step 2: Determine what essential information is missing.
- Steps to reproduce the problem are not provided. There's no clear issue being addressed, just a suggestion for improvement.
- Expected vs actual behavior is not described; it’s unclear what the current state is versus what should be achieved.
- Acceptance criteria are absent. It’s not specified how one would know when this feature has been successfully implemented.
- Affected components or environment details are missing. There's no information about which parts of the system will be impacted by this change.

Step 3: Evaluate if a developer can act on this issue without asking for more information.
Given the lack of specific details, it’s unlikely that a developer could implement this feature effectively based solely on the provided description. More clarity is needed regarding how to approach implementing the bson decoder per operation and what success looks like in terms of acceptance criteria.

Final Answer: Yes",3aae275a7e514c1e,qwen2.5:14b,0,2026-06-17T19:21:41.231910,project_05,title_desc,incompleteness,cot
ISSUE-252979,Remove CLIRR support from the build,0,1,"Step 1: Identify the key information provided in the issue.
- The title suggests that CLIRR support should be removed from the build process.
- The description states that CLIRR reports are no longer useful.

Step 2: Determine what essential information is missing.
- Steps to reproduce or verify the need for this change are not provided.
- Expected behavior after removing CLIRR support is not specified (e.g., how will builds behave differently?).
- Acceptance criteria for completing this task are absent.
- Affected components and their specific impacts are unclear.
- Environment details, such as which build systems or configurations would be impacted, are missing.

Step 3: Evaluate if a developer can act on the issue without additional information.
Given the lack of detailed instructions and verification steps, it is unlikely that a developer could implement this change confidently. They would need to know exactly what needs to be removed, how it affects other parts of the system, and what the outcome should look like.

Final Answer: Yes",85b9969d99028e4e,qwen2.5:14b,0,2026-06-17T19:21:45.672365,project_05,title_desc,incompleteness,cot
ISSUE-252775,Multiple reads of BsonBinary UUID return different results,0,1,"Step 1: Identify the key information provided in the issue.
- The issue describes that reading a BsonBinary object multiple times using the UUID codec returns different results each time.
- It mentions that the first read returns correct data.

Step 2: Determine what essential information is missing from the description.
- Steps to reproduce the issue are not provided. Without these, it's difficult for developers to replicate and verify the problem.
- Expected behavior is not clearly defined. What should happen when a BsonBinary object is read multiple times?
- Actual observed behavior beyond ""returns different results each time"" needs more detail (e.g., what kind of differences?).
- Acceptance criteria are missing, which would define how to know if the issue has been resolved.
- Affected components and environment details (such as version numbers, operating system, etc.) are not provided.

Step 3: Evaluate whether a developer can act on this issue without additional information.
Given the lack of detailed steps to reproduce, expected behavior, acceptance criteria, and environmental context, it would be challenging for developers to effectively address or investigate this issue. They would likely need more details before they could proceed with resolving it.

Final Answer: Yes",2cd7ab11e5c588e4,qwen2.5:14b,0,2026-06-17T19:21:50.840122,project_05,title_desc,incompleteness,cot
ISSUE-254111,Allow setting of standard server selection and server monitoring options in the connection string,0,1,"Step 1: Identify the key information provided in the issue.
- The issue describes three configuration options that should be specifiable via the connection string:
  - serverSelectionTimeoutMS
  - localThresholdMS
  - heartbeatFrequencyMS

Step 2: Determine what essential information is missing from the issue.
- Steps to reproduce the problem or how to test the feature are not provided.
- Expected behavior after implementing these options in the connection string is not described.
- Acceptance criteria for when this enhancement can be considered complete are absent.
- No environment details (e.g., operating system, version of software) are mentioned.

Step 3: Evaluate if a developer can act on this issue without needing additional information.
- Given that there's no clear description of how to test the implementation or what success looks like, developers would likely need more detailed instructions and criteria before they could start working on it effectively.

Final Answer: Yes",ddf3d5ac333e03fc,qwen2.5:14b,0,2026-06-17T19:21:55.115288,project_05,title_desc,incompleteness,cot
ISSUE-255459,Aggregate and mapReduce commands sent to mongos break when setting read preference,0,1,"Step 1: Identify the key information provided in the issue.
- There is an incompatibility between mongos versions 2.0 and greater with previous versions.
- The issue involves aggregate and mapReduce commands breaking when setting read preference.

Step 2: Determine what essential information is missing from the description.
- Steps to reproduce the problem are not given.
- Expected behavior vs actual behavior is not described.
- Acceptance criteria for resolving this issue are not provided.
- Affected components or specific versions of mongos are not detailed.
- Environment details (e.g., MongoDB version, operating system) are missing.

Step 3: Evaluate if a developer can act on the issue without additional information.
Given the lack of reproduction steps and environment details, it would be challenging for a developer to understand the full scope of the problem or test potential solutions effectively. The absence of expected vs actual behavior also makes it difficult to verify whether a proposed fix addresses the issue correctly.

Final Answer: Yes",56462e946696a3e6,qwen2.5:14b,0,2026-06-17T19:21:59.601799,project_05,title_desc,incompleteness,cot
ISSUE-253919,DBCollection.distinct() fails when a null value is in the result,1,1,"Step 1: Analyze the provided information.
- The title suggests that `DBCollection.distinct()` fails when there's a null value in the result.
- The description starts with ""When I execute the command } on a collection that contains a document like { """"_id"""": """"..."".

Step 2: Identify missing essential details.
- Steps to reproduce are not clearly provided. There is an incomplete command and reference to a document, but no clear steps.
- Expected behavior is not described; it's unclear what should happen when executing the distinct method with null values.
- Actual behavior is also not detailed beyond the title suggesting failure.
- No acceptance criteria or specific conditions under which this issue occurs are mentioned.
- Environment details (e.g., MongoDB version, programming language used) are missing.

Step 3: Determine if a developer can act on this information without additional context.
Given the lack of clear reproduction steps and environment details, it would be challenging for a developer to reproduce or diagnose the problem effectively. More specific information is needed before proceeding with development work.

Final Answer: Yes",bbc504e95fdf73b0,qwen2.5:14b,0,2026-06-17T19:22:04.320696,project_05,title_desc,incompleteness,cot
ISSUE-254628,Force slaveOK on a direct connection to a replica set membe,0,-1,"Step 1: Identify the key information provided in the issue.
- The issue title suggests that users should be able to connect directly to any replica set member and query data without specifying secondary read preference or setting the slaveOK bit.
- The description implies a desired feature or behavior but does not provide specific details about how this affects current functionality.

Step 2: Identify what essential information is missing from the issue.
- Steps to reproduce the problem or demonstrate the desired change are absent.
- Expected vs actual behavior is not clearly defined. It's unclear whether users currently cannot query data without specifying read preference or setting slaveOK, and if so, how this should be different in the proposed solution.
- Acceptance criteria for what would constitute a successful resolution of this issue are missing.
- Affected components (e.g., specific database drivers, versions) are not mentioned.
- Environment details such as MongoDB version, operating system, or network configurations are not provided.

Step 3: Determine if a developer can act on the issue without asking for more information.
Given the lack of detailed steps to reproduce, expected behavior, acceptance criteria, and environment specifics, it would be challenging for a developer to understand fully what needs to be done. The absence of these details means that developers cannot effectively implement",d7cda7d05ac274ee,qwen2.5:14b,0,2026-06-17T19:22:09.587464,project_05,title_desc,incompleteness,cot
ISSUE-255956,Use weakrefs for static list of Mongo instances,0,1,"Step 1: Analyze the provided information.
- The title suggests using weak references for static lists of Mongo instances.
- The description mentions a specific commit in the mongo-java-driver repository that seems to be related to the change being proposed.

Step 2: Identify missing essential information.
- Steps to reproduce the issue or demonstrate why this change is necessary are not provided.
- Expected behavior after implementing the suggested change is not described.
- Acceptance criteria for what constitutes a successful implementation of this change are absent.
- Affected components and their specific roles in the context of this issue are unclear.
- Environment details such as version numbers, operating systems, or other relevant configurations are missing.

Step 3: Determine if a developer can act on this issue without additional information.
Given the lack of detailed steps to reproduce, expected behavior, acceptance criteria, affected components, and environment details, it would be challenging for a developer to understand fully what needs to be done and how to verify that the change is effective. Therefore, more information is required before proceeding with development.

Final Answer: Yes",1919f1683ac811ea,qwen2.5:14b,0,2026-06-17T19:22:14.375308,project_05,title_desc,incompleteness,cot
ISSUE-253509,Make Java driver spec compliant - FY2019Q2,0,1,"Step 1: Identify the key information provided in the issue.
- The issue title and description indicate that it's about making Java driver specifications compliant.
- It mentions tracking tickets related to Q2 planning.

Step 2: Determine what essential information is missing.
- There are no specific steps to reproduce any issues or problems.
- No expected behavior or acceptance criteria are provided.
- No details on the affected components or environment are given.
- The description does not specify which aspects of the Java driver need to be made compliant, nor does it provide a clear list of tasks or requirements.

Step 3: Evaluate if a developer can act on this issue without additional information.
- Given the lack of specific details and actionable items, a developer would likely need more information before they could start working on this task effectively. They would require clarity on what exactly needs to be done to make the driver spec compliant, including any relevant standards or requirements.

Final Answer: Yes",5f7040f27dc91019,qwen2.5:14b,0,2026-06-17T19:22:18.662445,project_05,title_desc,incompleteness,cot
ISSUE-252673,GetMore not closing cursor after exception leading mongos to OOM,1,1,"Step 1: Identify the key information provided in the issue.
- The issue describes an apparent problem with the MongoDB Java driver where a cursor is not being closed after an exception occurs, leading to out-of-memory issues in mongos.
- It references specific code from the GitHub repository for the MongoDB Java driver.

Step 2: Determine what essential information is missing.
- Steps to reproduce the issue are not provided. Without these steps, it's difficult to verify or debug the problem.
- Expected behavior is not clearly stated. What should happen when an exception occurs during a getMore operation?
- Actual observed behavior is only partially described (cursor not closing after exception).
- Acceptance criteria for resolving this issue are missing.
- Affected components and environment details (e.g., MongoDB version, Java driver version) are not specified.

Step 3: Evaluate if the developer can act on this issue without additional information.
Given the lack of detailed steps to reproduce, expected behavior, acceptance criteria, and environmental context, a developer would likely need more information before they could effectively address or investigate this issue.

Final Answer: Yes",f5e613f391e65333,qwen2.5:14b,0,2026-06-17T19:22:23.460778,project_05,title_desc,incompleteness,cot
ISSUE-254365,Remove errant Javadoc for w = -1 in WriteConcern constructors.,0,1,"Step 1: Identify the key information provided in the issue.
- The issue mentions that there are errant Javadoc comments in WriteConcern constructors.
- These comments document `w = -1`, which is no longer supported.

Step 2: Determine what essential information is missing from the issue.
- Steps to reproduce the problem (not applicable for documentation issues, but still useful).
- Expected vs actual behavior: The expected behavior would be that Javadoc does not mention unsupported values. However, this isn't clearly stated as an expectation.
- Acceptance criteria: There are no clear acceptance criteria provided for resolving this issue.
- Affected components: While it mentions WriteConcern constructors, the scope of affected areas is unclear (e.g., other constructors or methods).
- Environment details: No specific environment details are mentioned.

Step 3: Evaluate if a developer can act on this issue without needing more information.
Given that there's no clear acceptance criteria and the extent of changes required isn't specified, it would be difficult for a developer to know exactly what needs to be done. The lack of detailed steps or expected outcomes means further clarification is needed.

Final Answer: Yes",c72c295225231cfd,qwen2.5:14b,0,2026-06-17T19:22:28.473507,project_05,title_desc,incompleteness,cot
ISSUE-253861,Add to Enum<JsonMode>,0,1,"Step 1: Identify the key information provided in the issue.
- The current Enum<JsonMode> has two values: 'STRICT' and 'SHELL'.
- A new value, 'SIMPLE', is requested to return raw BSON extended JSON values without using BSON extended datatypes as in 'SHELL', or returning a JSON document for BSON extended datatypes as in 'STRICT'.

Step 2: Identify what essential information is missing.
- Steps to reproduce the issue (not applicable here since it's a feature request, but still important for understanding).
- Expected behavior when using the new 'SIMPLE' mode.
- Acceptance criteria or specific examples of how the output should differ from existing modes.
- Affected components and environment details.

Step 3: Determine if a developer can act on this issue without asking for more information.
- The description lacks clear acceptance criteria, expected behavior in different scenarios, and concrete examples. This makes it difficult to implement the feature accurately or verify its correctness.

Final Answer: Yes",3773d7d7a6ba4c75,qwen2.5:14b,0,2026-06-17T19:22:33.091761,project_05,title_desc,incompleteness,cot
ISSUE-254940,Consider supporting writetimeout for sockets implementations that support it,0,1,"Step 1: Analyze the provided information.
- The issue mentions that there's no mechanism to set a write timeout on a `java.net.Socket`.
- It also notes that such mechanisms exist for NIO and Netty implementations.

Step 2: Identify missing essential details.
- Steps to reproduce the problem are not given.
- Expected behavior is not clearly defined (what should happen when setting a write timeout?).
- Actual observed behavior is not described.
- Acceptance criteria are absent, meaning it's unclear what needs to be done for this issue to be considered resolved.
- Affected components and environment details are missing.

Step 3: Determine if the developer can act on this information alone.
Given the lack of specific steps, expected outcomes, and clear acceptance criteria, a developer would likely need more detailed information before proceeding with implementation or investigation.

Final Answer: Yes",5e0cb7d720e3e6ea,qwen2.5:14b,0,2026-06-17T19:22:37.133903,project_05,title_desc,incompleteness,cot
ISSUE-252879,MongoClient.listCollectionNames() returns truncated names,0,1,"Step 1: Identify the key information provided in the issue.
- The issue involves MongoClient.listCollectionNames() returning truncated collection names.
- It affects version 3.10.0 and Azure CosmosDB.
- Version 3.9.1 works correctly.
- A comparison between versions suggests a regression.

Step 2: Determine what essential information is missing.
- Steps to reproduce the issue are not provided.
- Expected behavior is not clearly defined (what should MongoClient.listCollectionNames() return?).
- Acceptance criteria for resolving this issue are absent.
- Specific environment details, such as operating system or other software versions, are lacking.

Step 3: Evaluate if a developer can act on this issue without additional information.
Given the missing details about how to reproduce the problem and what constitutes correct behavior, it would be challenging for a developer to start working on this issue effectively. They would need more specific guidance to understand the scope of the problem and how to verify its resolution.

Final Answer: Yes",e87942d8155a8cc5,qwen2.5:14b,0,2026-06-17T19:22:41.602926,project_05,title_desc,incompleteness,cot
ISSUE-255508,Connection timeout is ignored in ConnectionStatus,0,1,"Step 1: Identify the key information provided in the issue.
- The default connection timeout of 20 seconds is being used instead of the specified 1 second.
- A code snippet is provided where `MongoOptions` are set with a connectTimeout of 1000 milliseconds (1 second).
- This causes the application to stop after 20 seconds rather than 1 second.

Step 2: Identify what essential information is missing from the issue report.
- Steps to reproduce the problem are not clearly outlined.
- Expected behavior and actual behavior are not explicitly stated.
- There's no mention of acceptance criteria or how success should be measured.
- No environment details (e.g., OS, Java version, MongoDB version) are provided.

Step 3: Determine if a developer can act on this issue without needing additional information.
Given the lack of clear reproduction steps and expected vs. actual behavior, it would be challenging for a developer to understand the full scope of the problem or how to verify that any changes have resolved the issue.

Final Answer: Yes",851ac609aac2b909,qwen2.5:14b,0,2026-06-17T19:22:46.282795,project_05,title_desc,incompleteness,cot
ISSUE-252730,Test that readPreferenceTags are always interpreted as an array,0,1,"Step 1: Identify the key information provided in the issue.
- The issue mentions that there's a lack of coverage when users provide only a single option in the connection string related to readPreferenceTags.
- It references another ticket, DRIVERS-989, for updated details.

Step 2: Determine what essential information is missing from the description.
- Steps to reproduce the issue are not provided.
- Expected behavior and actual observed behavior are not described.
- Acceptance criteria are not outlined.
- Affected components or specific environment details (e.g., programming language, version of software) are not mentioned.

Step 3: Evaluate if a developer can act on this issue without additional information.
Given the lack of detailed steps to reproduce, expected vs actual behavior, acceptance criteria, and environmental specifics, it would be challenging for a developer to understand the full scope of the problem or how to verify its resolution. The reference to another ticket (DRIVERS-989) does not provide enough context here.

Final Answer: Yes",4b4025c5ee6f3e83,qwen2.5:14b,0,2026-06-17T19:22:50.850238,project_05,title_desc,incompleteness,cot
ISSUE-255584,skip() throw exception with the source code version 2.7.2-141,0,1,"Step 1: Identify the key information provided in the issue.
- The issue title mentions that `skip()` throws an exception.
- The description states that the Java driver is compiled by the reporter.

Step 2: Determine what essential information is missing.
- Steps to reproduce the issue are not provided.
- Expected behavior is not described; it's unclear what should happen when `skip()` is called.
- Actual observed behavior (the nature of the exception) is not detailed.
- Acceptance criteria for resolving this issue are absent.
- Environment details such as operating system, Java version, and any other relevant configurations are missing.

Step 3: Evaluate if a developer can act on this issue without additional information.
Given the lack of specific steps to reproduce, expected behavior, environment details, and acceptance criteria, it would be challenging for a developer to understand the full scope of the problem or how to verify its resolution. Therefore, more information is needed before proceeding with development.

Final Answer: Yes",cebc99057ea0dab5,qwen2.5:14b,0,2026-06-17T19:22:55.284661,project_05,title_desc,incompleteness,cot
ISSUE-253722,Add more host types to run on in Evergreen,0,1,"Step 1: Identify the key information provided in the issue.
- The issue title and description suggest that there's a need to add more host types to Evergreen Linux variants.
- Specific recommendations from the build team are listed, including various RHEL and Ubuntu versions.

Step 2: Determine what essential information is missing.
- Steps to reproduce the problem or desired feature are not provided.
- Expected behavior after adding these new host types is not described.
- Acceptance criteria for when this issue can be considered resolved are absent.
- No details about affected components or environment specifics (e.g., version of Evergreen, current supported hosts) are given.

Step 3: Evaluate if a developer can act on the issue without additional information.
Given that there's no clear description of what needs to happen after adding these host types and no acceptance criteria, it would be challenging for a developer to know when they have successfully completed this task. Additionally, lacking reproduction steps or expected behavior means developers cannot verify whether their changes meet requirements.

Final Answer: Yes",dbb533f18b481fb2,qwen2.5:14b,0,2026-06-17T19:22:59.900132,project_05,title_desc,incompleteness,cot
ISSUE-255096,remove ensureIndex() methods,0,1,"Step 1: Identify the key information provided in the issue.
- The task is to remove all overloads of DBCollection.ensureIndex() and DBCollection.resetIndexCache().
  
Step 2: Determine what essential information is missing.
- Steps to reproduce the problem or scenario where this change is necessary are not given.
- Expected behavior after implementing the changes is not specified.
- Acceptance criteria for when the issue can be considered resolved are absent.
- Affected components and their interactions with other parts of the system are unclear.
- Environment details such as version numbers, operating systems, etc., are missing.

Step 3: Evaluate if a developer can act on this issue without additional information.
Given the lack of detailed steps to reproduce, expected behavior, acceptance criteria, affected components, and environment details, it would be challenging for a developer to fully understand the scope and implications of removing these methods. They might need clarification about why these methods are being removed, potential impacts on existing code, and how to verify that the removal has been done correctly.

Final Answer: Yes",dee529c5384ad730,qwen2.5:14b,0,2026-06-17T19:23:04.570136,project_05,title_desc,incompleteness,cot
ISSUE-252635,Replace default signatory in Gradle signing plugin with notary service,0,1,"Step 1: Identify the key information provided in the issue.
- The Gradle signing plugin uses Bouncycastle by default to sign artifacts.

Step 2: Determine what essential information is missing from the issue description.
- Steps to reproduce the problem or desired change are not provided.
- Expected behavior after implementing a notary service instead of Bouncycastle is not described.
- Acceptance criteria for resolving this issue are absent.
- Affected components and their interactions with other parts of the system are unclear.
- Environment details (e.g., operating systems, versions of Gradle) are missing.

Step 3: Evaluate if a developer can act on this issue without additional information.
Given the lack of specific steps to reproduce, expected behavior, acceptance criteria, environment details, and affected components, it is challenging for a developer to understand fully what needs to be done or how to verify that the task has been completed successfully.

Final Answer: Yes",beb44a135a0599ec,qwen2.5:14b,0,2026-06-17T19:23:08.713826,project_05,title_desc,incompleteness,cot
ISSUE-252884,Revert NPE error handling in Reactive Streams driver,0,1,"Step 1: Analyze the given information.
- The title mentions reverting an NPE error handling in Reactive Streams driver.
- The description states that JAVARS-209 can now be removed due to JAVA-3382.

Step 2: Identify missing essential information.
- There are no steps provided on how to reproduce the issue or revert the changes mentioned.
- Expected behavior after reverting is not described.
- No acceptance criteria are given for what needs to be achieved by resolving this issue.
- Affected components and environment details (such as specific versions of software, operating systems) are missing.

Step 3: Determine if a developer can act on this issue without additional information.
- Given the lack of detailed steps, expected behavior, and acceptance criteria, it would be challenging for a developer to understand exactly what needs to be done or how to verify that the task is complete.

Final Answer: Yes",cd657b59270ed6e0,qwen2.5:14b,0,2026-06-17T19:23:12.819882,project_05,title_desc,incompleteness,cot
ISSUE-252572,Median and Percentile Accumulators,0,1,"Step 1: Identify the key information provided.
- The issue title and description suggest that there's a request to add functionality in an aggregation pipeline to calculate median and percentile of numeric values during the $group stage.

Step 2: Determine what essential information is missing.
- Steps to reproduce the problem or how to implement the requested feature are not given.
- Expected behavior after implementing this feature is not clearly defined.
- Acceptance criteria for when the issue can be considered resolved are absent.
- Affected components and environment details (such as specific software version, database schema) are not provided.

Step 3: Evaluate if a developer can act on this issue without additional information.
- Given the lack of detailed requirements such as expected behavior, acceptance criteria, and reproduction steps, it would be challenging for a developer to start working on this feature effectively. They would need more specific details about what exactly needs to be implemented and how success will be measured.

Final Answer: Yes",8a6b8860a98978c9,qwen2.5:14b,0,2026-06-17T19:23:17.148756,project_05,title_desc,incompleteness,cot
ISSUE-254092,DBCollection aggregate methods that take AggregationOptions fail to set slaveOk bit when read preference demands it,0,1,"Step 1: Identify the key information provided in the issue.
- The DBCollection aggregate method overloads that take AggregationOptions fail to set slaveOk bit when read preference demands it.
- This happens specifically when connected to a replica set.

Step 2: Determine what essential information is missing from the issue report.
- Steps to reproduce the problem are not provided.
- Expected behavior and actual observed behavior are not clearly defined.
- Acceptance criteria for resolving this issue are not specified.
- Environment details (e.g., MongoDB version, Java driver version) are lacking.

Step 3: Evaluate if a developer can act on this issue without additional information.
Given the missing details such as reproduction steps, expected vs actual behavior, and environment specifics, it would be challenging for a developer to understand the full scope of the problem or how to verify its resolution. Therefore, more information is needed before proceeding with development work.

Final Answer: Yes",b23cebbd7fb80702,qwen2.5:14b,0,2026-06-17T19:23:21.334197,project_05,title_desc,incompleteness,cot
ISSUE-252719,Add tests for allowed cases when authSource is given but username is not,0,1,"Step 1: Identify the key information provided in the issue.
- The issue title suggests that tests need to be added when an `authSource` is specified but no `username` is given.
- The description mentions a Jira ticket (SPEC-1270) and refers to an authentication specification test.

Step 2: Determine what essential information is missing.
- Steps to reproduce the issue or scenario are not provided.
- Expected behavior when an `authSource` is specified but no `username` is given is not clearly stated.
- Acceptance criteria for the tests that need to be added are not detailed.
- Environment details (e.g., MongoDB version, operating system) are missing.

Step 3: Evaluate if a developer can act on this issue without additional information.
- Given the lack of specific steps, expected behavior, and acceptance criteria, it would be challenging for a developer to understand exactly what needs to be done or how to verify that the task is complete.

Final Answer: Yes",f8a2e972e8588890,qwen2.5:14b,0,2026-06-17T19:23:25.718455,project_05,title_desc,incompleteness,cot
ISSUE-254567,Regression applying read preference with tag set,0,1,"Step 1: Identify the key information provided in the issue.
- The user tried to configure replica sets with tagging and redirect reads from client to appropriate secondary nodes based on tags.
- They followed instructions from MongoDB documentation.
- There are two tag sets defined: `secondary:0` and `secondary:1`.
- The goal is to load-balance between these two secondary nodes when reading data (queries + aggregations).
- An error occurs: `com.mongodb.MongoTimeoutException`.

Step 2: Identify what essential information is missing from the issue.
- Steps to reproduce the problem are not provided.
- Expected behavior and actual observed behavior are not clearly defined.
- Acceptance criteria for the feature or fix are absent.
- Environment details (e.g., MongoDB version, Java driver version) are not specified.

Step 3: Determine if a developer can act on this issue without asking for more information.
Given the lack of detailed reproduction steps and environment specifics, it would be challenging for a developer to diagnose and resolve the issue effectively. The error message alone does not provide enough context about why the timeout is occurring or what might be causing the read preference selection to fail.

Final Answer: Yes",4e9df918d35624e3,qwen2.5:14b,0,2026-06-17T19:23:30.818826,project_05,title_desc,incompleteness,cot
ISSUE-253271,"Remove QueryBatchCursorFunctionalSpecification """"should get more from a secondary"""" test",0,1,"Step 1: Identify the key information provided in the issue.
- The test fails against MongoDB versions 3.2 and 3.4 with authentication and SSL enabled.
- The error message indicates that a collection was dropped between getMore calls, leading to a MongoQueryException.

Step 2: Determine what essential information is missing.
- Steps to reproduce the issue are not provided.
- Expected behavior is not clearly stated; it's only mentioned that the test fails in certain conditions.
- Acceptance criteria for resolving this issue are not specified.
- Environment details beyond mentioning auth and SSL enabled are lacking (e.g., specific MongoDB configurations, OS version, Java version).
- No clear description of what should happen when running against replica sets.

Step 3: Evaluate if a developer can act on the issue without additional information.
Given the lack of detailed reproduction steps, expected behavior, acceptance criteria, and comprehensive environment details, it would be challenging for a developer to fully understand and resolve this issue without further clarification.

Final Answer: Yes",e7f3acf65fe6bb04,qwen2.5:14b,0,2026-06-17T19:23:35.559746,project_05,title_desc,incompleteness,cot
ISSUE-255652,Driver does not support field negation,0,1,"Step 1: Identify the key information provided in the issue.
- The issue describes that field negation is supported by MongoDB core but not by the Java Driver.
- An example of how to set up a BasicDBObject with some fields is partially given, but it's incomplete.

Step 2: Determine what essential information is missing from the issue.
- Steps to reproduce the problem are missing. There’s no clear sequence of actions that can be taken to replicate the issue.
- Expected behavior is not clearly defined. It’s unclear what should happen when field negation works correctly in the Java Driver.
- Actual behavior is also not explicitly stated, though it's implied that field negation does not work as expected.
- Acceptance criteria are missing. There’s no clear definition of success for resolving this issue.
- Environment details such as version numbers (MongoDB and Java Driver versions) or operating system information are absent.

Step 3: Evaluate if a developer can act on the issue without needing additional information.
Given the lack of detailed steps to reproduce, expected behavior, acceptance criteria, and environment details, it would be challenging for a developer to start working on this issue effectively. They would likely need more specifics before they could begin addressing the problem.

Final Answer: Yes",168527a1fafa91b6,qwen2.5:14b,0,2026-06-17T19:23:40.975426,project_05,title_desc,incompleteness,cot
ISSUE-252711,Support package scanning for Discriminators,0,1,"Step 1: Identify the key information provided in the issue.
- The current system requires explicit registration or inclusion of package paths when using discriminators with classes.
- Users would prefer to use any discriminator and have support for scanning these discriminators automatically.

Step 2: Determine what essential information is missing from the issue description.
- Steps to reproduce the problem are not provided. There's no clear scenario where a user encounters an issue due to the current limitations.
- Expected behavior is not clearly defined. It’s unclear how the system should behave when supporting scanning for discriminators.
- Acceptance criteria are absent, meaning there's no specific condition or test that would confirm if this enhancement has been successfully implemented.
- Affected components and environment details (such as programming language, version of software being used) are not mentioned.

Step 3: Evaluate whether a developer can act on the issue without needing additional information.
Given the lack of detailed steps to reproduce, expected behavior, acceptance criteria, affected components, and environment details, it would be challenging for a developer to start working on this enhancement effectively. The description is more of an idea or suggestion rather than a concrete problem statement with actionable requirements.

Final Answer: Yes",cca9695cfde8d16f,qwen2.5:14b,0,2026-06-17T19:23:46.099819,project_05,title_desc,incompleteness,cot
ISSUE-254972,Remove deprecated methods from MapReduceOutput,0,1,"Step 1: Identify the key information provided in the issue.
- The task is to remove deprecated methods from MapReduceOutput.
- Specific methods mentioned are:
  - Constructor
  - getRaw()
  - getCommandResult()

Step 2: Determine what essential information is missing.
- Steps to reproduce the problem or verify the fix are not provided.
- Expected behavior after removing these methods is not specified (e.g., should there be any error handling, logging, or alternative method calls?).
- Acceptance criteria for completing this task are absent.
- Affected components and their interactions with other parts of the system are unclear.
- Environment details such as version numbers, operating systems, or specific configurations are missing.

Step 3: Evaluate if a developer can act on this issue without additional information.
Given the lack of detailed instructions and acceptance criteria, it would be challenging for a developer to proceed confidently. They might need clarification on how these methods should behave after removal (e.g., throwing exceptions), which components depend on them, and what tests are necessary to ensure no regressions occur.

Final Answer: Yes",a5d85e49a696fe93,qwen2.5:14b,0,2026-06-17T19:23:50.940800,project_05,title_desc,incompleteness,cot
ISSUE-255595,Add getters/setters to MongoOptions class,0,1,"Step 1: Identify the key information provided in the issue.
- The title suggests that getters and setters need to be added to the MongoOptions class.
- The description mentions making it easier to use the MongoOptions configuration class with Spring framework.

Step 2: Determine what essential information is missing from the issue.
- Steps to reproduce or a specific scenario where this change would be beneficial are not provided.
- Expected behavior after implementing getters and setters is not described.
- Acceptance criteria for when the task can be considered complete are absent.
- Affected components, such as which parts of the application will use these new methods, are unclear.
- Environment details like version numbers or specific configurations are missing.

Step 3: Evaluate if a developer can act on this issue without needing additional information.
Given the lack of detailed requirements and specifics about how to implement the change effectively, it would be challenging for a developer to proceed confidently with this task. More context is needed to understand the full scope and impact of adding getters/setters.

Final Answer: Yes",6dc40b12d8eac4fa,qwen2.5:14b,0,2026-06-17T19:23:55.544502,project_05,title_desc,incompleteness,cot
ISSUE-254357,Add .save and .saveMany to MongoCollection,0,1,"Step 1: Identify the key information provided in the issue.
- The issue mentions that saving objects has become less simple with a new API.
- It references another issue (JAVA-1840) which might provide additional context.

Step 2: Determine what essential information is missing.
- Steps to reproduce the problem are not given.
- Expected behavior and actual behavior are not described.
- No acceptance criteria or specific requirements for adding `.save` and `.saveMany` methods are provided.
- Affected components, environment details (e.g., version of MongoDB, programming language), and any other relevant technical information are missing.

Step 3: Evaluate if a developer can act on this issue without asking for more information.
- Given the lack of specific details about what needs to be done or how the current API is lacking in simplicity, it would be difficult for a developer to start working on this issue effectively. They would need clarification on exactly which functionalities are missing and how they should implement them.

Final Answer: Yes",aa100b03e043053a,qwen2.5:14b,0,2026-06-17T19:24:00.070259,project_05,title_desc,incompleteness,cot
ISSUE-253658,Name driver modules using Automatic-Module-Name,0,1,"Step 1: Analyze the given information.
- The title suggests that the issue is about naming driver modules using Automatic-Module-Name.
- The description states ""Until all the driver's dependencies commit to names for their respective modules,"" which implies there are ongoing discussions or pending actions with other modules.

Step 2: Identify missing essential information.
- Steps to reproduce the problem are not provided.
- Expected behavior is not clearly defined. It’s unclear what should happen once the module names are committed by all dependencies.
- Acceptance criteria are absent, making it difficult for a developer to know when this issue has been resolved satisfactorily.
- Affected components and environment details (such as operating system, Java version) are missing.

Step 3: Determine if a developer can act on this issue without additional information.
Given the lack of specific steps, expected behavior, acceptance criteria, affected components, and environment details, it is not clear how to proceed with resolving this issue. A developer would need more detailed instructions and context to effectively address the problem.

Final Answer: Yes",7efe038de35a6d32,qwen2.5:14b,0,2026-06-17T19:24:04.783323,project_05,title_desc,incompleteness,cot
ISSUE-254032,GridFSDownloadStream - exception when destination buffer size != file chunk size,0,1,"Step 1: Identify the key information provided in the issue.
- The issue involves GridFSDownloadStream.
- An exception occurs when the destination buffer size does not match the file chunk size.

Step 2: Determine what essential information is missing from the description.
- Steps to reproduce the issue are missing. How can someone else recreate this problem?
- Expected behavior is not specified. What should happen instead of an exception being thrown?
- Actual observed behavior is vague and lacks detail about the nature of the exception (e.g., error message, stack trace).
- Acceptance criteria for resolving the issue are absent.
- Affected components or parts of the system that contribute to this problem are unclear.
- Environment details such as version numbers, operating systems, etc., are not provided.

Step 3: Evaluate if a developer can act on this issue without needing additional information.
Given the lack of specific reproduction steps and detailed descriptions of both expected and actual behaviors, it would be challenging for a developer to understand the full scope of the problem or how to resolve it effectively. Additional details about the environment and acceptance criteria are also necessary.

Final Answer: Yes",7876e6f48a363606,qwen2.5:14b,0,2026-06-17T19:24:09.747721,project_05,title_desc,incompleteness,cot
ISSUE-256021,JSON.parse() and serialize() do not preserve the _id field across serializations as expected,0,1,"Step 1: Identify the key information provided in the issue.
- The issue mentions that JSON.parse() and serialize() do not preserve the _id field across serializations as expected.

Step 2: Determine what essential information is missing from the issue description.
- Steps to reproduce the problem are missing.
- Expected behavior is not clearly defined. It's unclear whether the preservation of the _id field should be automatic or if there are specific conditions under which it should occur.
- Actual observed behavior is vague and does not provide concrete details about what happens during serialization and deserialization.
- Acceptance criteria for resolving this issue are missing, making it difficult to know when the problem has been fixed.
- Affected components (which parts of the codebase or libraries) are not specified.
- Environment details such as programming language version, operating system, etc., are absent.

Step 3: Evaluate if a developer can act on this issue without needing additional information.
Given the lack of specific details about how to reproduce the problem and what exactly is expected versus actual behavior, it would be challenging for a developer to start working on resolving this issue effectively. More context and clarity are needed before any meaningful action can be taken.

Final Answer: Yes",7ad4ab75f5a91621,qwen2.5:14b,0,2026-06-17T19:24:15.056253,project_05,title_desc,incompleteness,cot
ISSUE-254447,Improve runCommand API documentation,0,1,"Step 1: Identify the key information provided in the issue.
- The issue title suggests that there's a need to improve documentation for the `runCommand` API.
- The description mentions clarifying the intent and read preference used by certain methods, specifically noting how commands are run based on whether a read preference is supplied.

Step 2: Identify what essential information is missing from the issue.
- Steps to reproduce the problem or clarify the improvement needed are not provided.
- Expected vs actual behavior is not described; it's unclear what exactly needs clarification in the documentation.
- No acceptance criteria are given, so there’s no clear way for a developer to know when this task is complete.
- Affected components and environment details (such as specific versions of software or operating systems) are missing.

Step 3: Determine if a developer can act on this issue without asking for more information.
Given the lack of detailed steps, expected behavior, acceptance criteria, and environmental context, it would be challenging for a developer to start working on improving the documentation effectively. They would likely need additional details before proceeding.

Final Answer: Yes",2536b1c789c50773,qwen2.5:14b,0,2026-06-17T19:24:20.162623,project_05,title_desc,incompleteness,cot
ISSUE-255432,Binary class should implements equals and hashCode,0,1,"Step 1: Identify the key information provided in the issue.
- The Binary class does not implement equals and hashCode methods.
- It is difficult to compare Binary objects.

Step 2: Determine what essential information is missing.
- Steps to reproduce the problem are missing. How can one encounter this difficulty?
- Expected behavior is not specified. What should happen when comparing Binary objects?
- Actual behavior is not described. What happens currently when trying to compare Binary objects?
- Acceptance criteria are absent. How will we know if the issue has been resolved?
- Affected components and environment details are missing. In which context does this problem occur?

Step 3: Evaluate whether a developer can act on this issue without additional information.
Given the lack of specific details, it would be challenging for a developer to implement a solution or even understand the full scope of the problem.

Final Answer: Yes",095b2b05b6c7d474,qwen2.5:14b,0,2026-06-17T19:24:24.214097,project_05,title_desc,incompleteness,cot
ISSUE-253042,Java driver 3.11 page still says 3.10,0,1,"Step 1: Identify the key information provided.
- The Java driver version 3.11 page incorrectly displays version 3.10.
- A link to the affected webpage is provided.

Step 2: Determine what essential information is missing.
- Steps to reproduce the issue are not provided (it's implied but not detailed).
- Expected behavior is not clearly stated; it should be that the page shows version 3.11 instead of 3.10.
- Actual behavior is mentioned, but there are no specific details about what exactly is wrong or how it affects users.
- No acceptance criteria are provided to define when the issue would be considered resolved.
- Affected components and environment details (such as browser type, operating system) are not specified.

Step 3: Evaluate if a developer can act on this issue without asking for more information.
Given the lack of detailed steps to reproduce, expected behavior, acceptance criteria, and environmental specifics, it is unlikely that a developer could effectively address this issue without requesting additional details. The current description does not provide enough context or clarity.

Final Answer: Yes",0017c656dd0c6ffd,qwen2.5:14b,0,2026-06-17T19:24:29.070718,project_05,title_desc,incompleteness,cot
ISSUE-253390,Change Stream startAtOperationTime MongoCommandException,0,1,"Step 1: Analyze the provided information.
- The issue title mentions ""Change Stream startAtOperationTime MongoCommandException"".
- The description states that the exception occurs every time `ChangeStreamIterable.startAtOperationTime()` is used and provides the error message: ""com.mongodb.MongoCommandException: Command failed with error 40674 (Location40674): 'Only one type of resume option is allowed'"".

Step 2: Identify missing essential information.
- Steps to reproduce the issue are not provided.
- Expected behavior before encountering the exception is not mentioned.
- Actual behavior after encountering the exception is not described in detail.
- Acceptance criteria for resolving this issue are absent.
- Affected components or specific parts of the codebase causing this issue are not detailed.
- Environment details (e.g., MongoDB version, Java/MongoDB driver version) are missing.

Step 3: Determine if a developer can act on this issue without additional information.
Given the lack of reproduction steps and environment details, it would be challenging for a developer to reproduce or diagnose the problem effectively. The error message alone does not provide enough context about why only one type of resume option is allowed and how to resolve it.

Final Answer: Yes",25f41626b17b6475,qwen2.5:14b,0,2026-06-17T19:24:34.439666,project_05,title_desc,incompleteness,cot
