issue_id,title,ground_truth,prediction,raw_response,prompt_hash,model_version,temperature,timestamp_utc,project,input_mode,task,strategy
ISSUE-38493,Review API Runtime Services Documentation,1,1,"Step 1: Analyze what the issue title conveys.
The title ""Review API Runtime Services Documentation"" suggests that there is a need to review some documentation related to API runtime services.

Step 2: Determine if the title suggests missing reproduction steps, expected behavior, or context.
- The title does not provide any specific steps to reproduce an issue.
- There is no mention of expected vs actual behavior.
- It lacks details about acceptance criteria, affected components, and environment specifics.

Step 3: Assess whether a developer can understand the full scope from the title alone.
The title is vague and does not give enough information for a developer to fully understand what needs to be done or what specific issues might exist in the documentation. A review could mean various things (fixing errors, updating outdated content, adding missing sections), but without more context, it's unclear.

Final Answer: Yes",1410484d8e84ae8b,qwen2.5:14b,0,2026-06-17T15:45:31.080176,project_02,title_only,incompleteness,cot
ISSUE-38975,Tutorial Series: Customize for Android,1,1,"Step 1: Analyze what the title conveys.
The issue title ""Tutorial Series: Customize for Android"" suggests that there is a series of tutorials aimed at customizing something for an Android environment. However, it does not specify what exactly needs to be customized or provide any context about the problem or feature request.

Step 2: Determine if the title suggests missing information.
- Steps to reproduce: Not mentioned.
- Expected vs actual behavior: Not provided.
- Acceptance criteria: No details are given on what constitutes completion of this task.
- Affected components: The affected components (if any) are not specified.
- Environment details: There is no mention of the specific environment or setup required.

Step 3: Assess if a developer can understand the full scope from the title alone.
Given only the title, it's unclear what exactly needs to be done. A developer would need more information such as which part of an application or system should be customized and how this customization is supposed to work in practice.

Final Answer: Yes",3ca8aaded881de47,qwen2.5:14b,0,2026-06-17T15:45:35.568014,project_02,title_only,incompleteness,cot
ISSUE-40855,APIDoc: Window.modalStyle and modalTransitionStyle properties are undocumented,0,1,"Step 1: Analyze what the issue title conveys.
The title ""APIDoc: Window.modalStyle and modalTransitionStyle properties are undocumented"" indicates that there is an omission in the API documentation for two specific properties of a `Window` object.

Step 2: Determine if the title suggests missing reproduction steps, expected behavior, or context.
- The title does not provide any information on how to reproduce the issue (e.g., code examples).
- It doesn't mention what the expected behavior should be compared to the actual observed behavior.
- There is no indication of acceptance criteria or environment details.

Step 3: Assess if a developer can understand the full scope from the title alone.
While the title clearly states that two properties are undocumented, it lacks critical information such as how these properties affect functionality, what platforms they might be relevant to, and whether there's an impact on user experience. A developer would need more details to fully comprehend and address this issue.

Final Answer: Yes",c2ea59629567cede,qwen2.5:14b,0,2026-06-17T15:45:39.901806,project_02,title_only,incompleteness,cot
ISSUE-40336,APIDoc: Check all deprecated API members for appropriate message,0,1,"Step 1: Analyze what the title conveys.
The title ""APIDoc: Check all deprecated API members for appropriate message"" suggests that there is a task to review deprecated API members in documentation and ensure they have proper messages.

Step 2: Determine if the title suggests missing information.
- The title does not provide steps on how to check or what exactly needs to be checked (e.g., specific criteria for ""appropriate message"").
- There's no mention of expected behavior after checking these members.
- No environment details, affected components, or acceptance criteria are mentioned.

Step 3: Assess if a developer can understand the full scope from the title alone.
Given the lack of detailed instructions and context, it would be challenging for a developer to fully grasp what needs to be done without additional information. The task is vague regarding how to proceed with checking deprecated API members and determining if their messages are appropriate.

Final Answer: Yes",d0d5804649e0449b,qwen2.5:14b,0,2026-06-17T15:45:44.059718,project_02,title_only,incompleteness,cot
ISSUE-38324,Create Appcelerator Studio Guide page,1,1,"Step 1: Analyze what the title conveys.
The issue title ""Create Appcelerator Studio Guide page"" suggests that there is a need to create a guide page for Appcelerator Studio. However, it does not provide any specific details about what this guide should include or how it should be created.

Step 2: Determine if the title suggests missing information.
- Steps to reproduce: Not mentioned (since it's not an issue but a task).
- Expected vs actual behavior: Not applicable as there is no described problem.
- Acceptance criteria: Missing. There are no clear criteria for what constitutes completion of this task.
- Affected components: Not specified. It’s unclear which parts of the system or documentation will be involved in creating this guide page.
- Environment details: Not provided. The title does not mention any specific environment requirements.

Step 3: Assess if a developer can understand the full scope from the title alone.
Given the lack of detail, it is unlikely that a developer would have enough information to fully understand what needs to be done or how to proceed with creating this guide page without additional context and specifications.

Final Answer: Yes",611531cd741f0523,qwen2.5:14b,0,2026-06-17T15:45:49.034356,project_02,title_only,incompleteness,cot
ISSUE-39589,Update Android Menu docs re: overflow (...) menu on devices with hardware menu button,0,1,"Step 1: Analyze what the issue title conveys.
The title ""Update Android Menu docs re: overflow (...) menu on devices with hardware menu button"" suggests that there is a need to update documentation related to how the overflow menu behaves on Android devices that have a dedicated hardware menu button.

Step 2: Determine if the title suggests missing reproduction steps, expected behavior, or context.
- The title does not provide any specific steps to reproduce an issue.
- It doesn't describe what the current problem is (i.e., it's not clear whether there's a bug or just outdated documentation).
- There are no details about the expected vs. actual behavior of the system.
- No acceptance criteria, affected components, or environment details are mentioned.

Step 3: Assess if a developer can understand the full scope from the title alone.
While the title gives some context regarding what needs to be updated in the documentation, it lacks specific details that would allow a developer to fully understand and address the issue. The title does not provide enough information for someone to know exactly what changes are needed or why they are necessary.

Final Answer: Yes",5534f1ad16a6b1f8,qwen2.5:14b,0,2026-06-17T15:45:53.927128,project_02,title_only,incompleteness,cot
ISSUE-38275,Rename AMPLIFY Appcelerator Services to Axway Mobile Analytics,0,1,"Step 1: Analyze what the issue title conveys.
The title ""Rename AMPLIFY Appcelerator Services to Axway Mobile Analytics"" suggests that there is a request or task to rename a service. It indicates the current name and the proposed new name.

Step 2: Determine if the title suggests missing reproduction steps, expected behavior, or context.
- The title does not provide any information on how to reproduce the issue (if it's an issue rather than just a feature request).
- There is no indication of what the expected outcome should be beyond renaming.
- No details about affected components, environment specifics, or acceptance criteria are provided.

Step 3: Assess if a developer can understand the full scope from the title alone.
While the task seems clear (rename something), it lacks critical information that would allow a developer to fully understand and implement this change. For example:
- Is there any specific reason for renaming?
- Are there dependencies or impacts on other systems or components?
- What is the expected behavior after renaming?

Given these considerations, the title alone does not provide enough detail for a complete understanding of the task.

Final Answer: Yes",b59be46b4170c685,qwen2.5:14b,0,2026-06-17T15:45:58.826936,project_02,title_only,incompleteness,cot
ISSUE-38193,Remove very outdated Ti.Map documentation,0,1,"Step 1: Analyze what the title conveys.
The title ""Remove very outdated Ti.Map documentation"" suggests that there is outdated documentation for Ti.Map that needs to be removed.

Step 2: Determine if the title suggests missing reproduction steps, expected behavior, or context.
- The title does not provide any specific steps on how to reproduce an issue.
- It doesn't describe what the current state of the documentation looks like compared to the desired state (expected vs actual behavior).
- There is no mention of acceptance criteria, affected components, or environment details.

Step 3: Assess if a developer can understand the full scope from the title alone.
While it's clear that outdated Ti.Map documentation needs to be removed, there isn't enough information for a developer to fully understand what exactly needs to be done. For example:
- Which parts of the documentation are considered outdated?
- What is the process for removing or updating this documentation?
- Are there any specific guidelines on how to handle outdated content?

Given these considerations, the issue title lacks sufficient detail and context.

Final Answer: Yes",105a2f512499b671,qwen2.5:14b,0,2026-06-17T15:46:03.540577,project_02,title_only,incompleteness,cot
ISSUE-40376,Docs: Code highlighting incorrectly applied to some example blocks,1,1,"Step 1: Analyze what the issue title conveys.
- The title indicates that there is an issue with code highlighting in documentation.
- It specifies that the problem occurs for some example blocks.

Step 2: Determine if the title suggests missing information.
- Steps to reproduce are not mentioned.
- Expected vs actual behavior is not detailed (e.g., what should be highlighted and what isn't).
- Affected components or environment details are not provided.
- Acceptance criteria are not outlined.

Step 3: Evaluate whether a developer can understand the full scope from the title alone.
- While it's clear there is an issue with code highlighting, critical information such as how to reproduce the problem, expected behavior, and specific examples of affected blocks is missing. This makes it difficult for developers to fully grasp the extent of the issue without additional context.

Final Answer: Yes",856522e9f05347c6,qwen2.5:14b,0,2026-06-17T15:46:07.495784,project_02,title_only,incompleteness,cot
ISSUE-39190,Fix link to View.touchEnabled from View.enabled,1,1,"Step 1: Analyze what the issue title conveys.
The title ""Fix link to View.touchEnabled from View.enabled"" suggests that there is an issue with how `View.touchEnabled` is linked or related to `View.enabled`. It implies a need for fixing some kind of connection or relationship between these two properties.

Step 2: Determine if the title suggests missing information.
- The title does not provide steps to reproduce the issue.
- There's no mention of expected vs actual behavior, which would help understand what is wrong and how it should be fixed.
- No acceptance criteria are mentioned that a developer could use to verify when the fix is complete.
- It doesn't specify affected components or environment details.

Step 3: Assess if a developer can understand the full scope from the title alone.
While the title gives some indication of what needs fixing, it lacks crucial information for reproducing and resolving the issue effectively. A developer would need more context to fully grasp the problem and implement an appropriate fix.

Final Answer: Yes",13ed191b088ecbde,qwen2.5:14b,0,2026-06-17T15:46:11.944217,project_02,title_only,incompleteness,cot
ISSUE-38138,Create and publish release note for SDK 7.3.1.RC,0,1,"Step 1: Analyze what the issue title conveys.
The title ""Create and publish release note for SDK 7.3.1.RC"" indicates an action to be taken, which is creating and publishing a release note for a specific version of an SDK.

Step 2: Determine if the title suggests missing reproduction steps, expected behavior, or context.
- The title does not provide any information about how to reproduce an issue, what the expected vs actual behavior should be, or acceptance criteria.
- It lacks details on which components are affected and in what environment this action needs to take place.

Step 3: Assess if a developer can understand the full scope from the title alone.
While the task is clear (creating and publishing release notes), it does not provide enough context for a developer to fully understand all aspects of the work required, such as the content that should be included in the release note or any specific guidelines for creating and publishing.

Final Answer: Yes",e4dc8c281b4d7dc1,qwen2.5:14b,0,2026-06-17T15:46:16.242460,project_02,title_only,incompleteness,cot
ISSUE-38570,Create and publish release note for Arrow 1.10.0,0,1,"Step 1: Analyze what the issue title conveys.
The title ""Create and publish release note for Arrow 1.10.0"" suggests an action to be taken, which is creating and publishing a release note for version 1.10.0 of the software called Arrow.

Step 2: Determine if the title suggests missing information such as reproduction steps, expected behavior, or context.
- The title does not provide any specific steps on how to create or publish the release notes.
- It doesn't mention what should be included in the release note (e.g., new features, bug fixes).
- There is no indication of the environment or components involved in this task.

Step 3: Assess if a developer can understand the full scope from the title alone.
A developer would likely need more details to complete this task effectively. For example:
- What information should be included in the release note?
- Which tools or platforms are used for publishing the release notes?
- Are there any specific guidelines or templates that must be followed?

Given these considerations, the issue title is missing essential information and context.

Final Answer: Yes",2e315ea48cc75cd8,qwen2.5:14b,0,2026-06-17T15:46:21.125474,project_02,title_only,incompleteness,cot
ISSUE-39606,APIDoc: Geolocation documentation - potential error add remove event listener,1,1,"Step 1: Analyze what the title conveys.
The title ""APIDoc: Geolocation documentation - potential error add remove event listener"" suggests that there is an issue related to the geolocation API documentation, specifically mentioning a possible error when adding or removing an event listener.

Step 2: Determine if the title suggests missing reproduction steps, expected behavior, or context.
- The title does not provide any specific steps to reproduce the issue.
- It doesn't mention what the actual and expected behaviors are.
- There is no information about acceptance criteria, affected components, or environment details.

Step 3: Assess whether a developer can understand the full scope from the title alone.
Given the limited information in the title, it's unlikely that a developer would have enough context to fully understand the issue without additional details such as reproduction steps and expected behavior.

Final Answer: Yes",674bd8031f8efd77,qwen2.5:14b,0,2026-06-17T15:46:25.203869,project_02,title_only,incompleteness,cot
ISSUE-40579,Doc BUG: Titanium.UI.iPad.Popover explicitly requires a View as child but in fact requires a Window,0,1,"Step 1: Analyze what information is conveyed by the title.
- The issue involves Titanium.UI.iPad.Popover.
- It mentions that this component explicitly requires a View as its child, but in fact, it requires a Window.

Step 2: Determine if the title suggests missing reproduction steps, expected behavior, or context.
- There are no details on how to reproduce the bug.
- The expected vs actual behavior is mentioned vaguely (requires View but actually needs Window), without clear specifics.
- No environment details or affected components beyond the Popover component itself are provided.

Step 3: Evaluate if a developer can understand the full scope from the title alone.
- While it hints at what might be wrong, it lacks actionable information for reproduction and resolution.
- The issue is not clearly defined enough to provide a complete understanding of the problem without additional details.

Final Answer: Yes",ce817a5e4dfa5bf8,qwen2.5:14b,0,2026-06-17T15:46:29.156415,project_02,title_only,incompleteness,cot
ISSUE-40465,APIDOC: Ti.UI.TableViewSection.borderRadius does not work,1,1,"Step 1: Analyze what the issue title conveys.
- The title mentions ""APIDOC"", which likely refers to API documentation.
- It specifies a particular component: `Ti.UI.TableViewSection.borderRadius`.
- It states that this property does not work.

Step 2: Determine if the title suggests missing information.
- Missing reproduction steps: Not mentioned in the title.
- Expected vs actual behavior: The expected behavior is implied (the borderRadius should affect the border radius of the TableViewSection), but it's not explicitly stated what the issue is or how to reproduce it.
- Acceptance criteria: No acceptance criteria are provided.
- Affected components: Only `Ti.UI.TableViewSection` is mentioned, but no other affected components are specified.
- Environment details: No environment details (like operating system, version of Titanium SDK) are given.

Step 3: Assess if a developer can understand the full scope from the title alone.
- A developer might be able to infer that there's an issue with borderRadius not functioning as expected for TableViewSection but would need more information to reproduce or fix it.

Final Answer: Yes",dc8fbeda58081b7e,qwen2.5:14b,0,2026-06-17T15:46:34.099179,project_02,title_only,incompleteness,cot
ISSUE-38497,New documentation page needed for API Builder -> Swagger Specifications,0,1,"Step 1: Analyze what the issue title conveys.
The title ""New documentation page needed for API Builder -> Swagger Specifications"" suggests that there is a need to create new documentation specifically for how to use Swagger specifications with an API builder tool.

Step 2: Determine if the title suggests missing reproduction steps, expected behavior, or context.
- The title does not provide any specific steps on how to reproduce the issue (if it's considered an issue at all).
- It doesn't describe what the current state is and what should be changed to fix it.
- There are no details about acceptance criteria or environment specifics.

Step 3: Assess if a developer can understand the full scope from the title alone.
While the title gives some context, it lacks specific requirements such as:
- What exactly needs to be documented?
- How detailed should the documentation be?
- Which parts of Swagger specifications need special attention in this API builder?

Given these considerations, the issue title is missing essential information that would allow a developer to fully understand and address the request.

Final Answer: Yes",0e91dc43f0d91716,qwen2.5:14b,0,2026-06-17T15:46:38.791857,project_02,title_only,incompleteness,cot
ISSUE-39864,ACS User - need to be able to delete user without logging in as that user,0,1,"Step 1: Analyze what information is conveyed by the title.
- The title mentions ""ACS User"" which likely refers to an application component or system.
- It states that there's a need for deleting a user account without logging in as that specific user.

Step 2: Determine if the title suggests missing reproduction steps, expected behavior, or context.
- There are no details on how to reproduce this issue or feature request.
- The expected behavior is not clearly defined (e.g., what should happen when trying to delete a user without logging in as them).
- No environment details or affected components are mentioned.

Step 3: Assess if a developer can understand the full scope from the title alone.
- A developer would likely need more information such as:
  - How this feature is supposed to work (e.g., who has permission, how it's triggered).
  - What happens currently when trying to delete a user without logging in as them.
  - Any security or access control implications.

Final Answer: Yes",8f4108d5351e2d3d,qwen2.5:14b,0,2026-06-17T15:46:43.283795,project_02,title_only,incompleteness,cot
ISSUE-38249,Create and publish release note for API Builder 3.0.0,0,1,"Step 1: Analyze what information is conveyed by the issue title.
- The title mentions creating and publishing release notes for API Builder version 3.0.0.

Step 2: Determine if the title suggests missing reproduction steps, expected behavior, or context.
- There are no details about how to create or publish the release note (steps to reproduce).
- No mention of what should be included in the release notes or any specific criteria for acceptance.
- The environment and affected components are not specified.

Step 3: Evaluate if a developer can understand the full scope from the title alone.
- While it's clear that the task involves creating and publishing release notes, critical details such as content requirements, target audience, format guidelines, and technical specifications are missing. A developer would need more information to complete this task effectively.

Final Answer: Yes",59217b75cedc9f8c,qwen2.5:14b,0,2026-06-17T15:46:47.178962,project_02,title_only,incompleteness,cot
ISSUE-38348,Improve the doc navigation,1,1,"Step 1: Analyze what the title conveys.
The issue title ""Improve the doc navigation"" suggests that there is an aspect of documentation navigation that needs improvement.

Step 2: Determine if the title suggests missing information.
- The title does not provide any specific steps to reproduce a problem or describe the current behavior and expected behavior.
- It lacks details about which components are affected, such as whether it's related to user interface elements, backend services, or API documentation.
- There is no mention of acceptance criteria that would define what ""improvement"" entails.

Step 3: Assess if a developer can understand the full scope from the title alone.
Given only this title, a developer would likely need more information to fully comprehend and address the issue. The lack of specific details makes it difficult for them to know exactly what needs improvement or how to verify that an improvement has been made.

Final Answer: Yes",b4791783ed2131c2,qwen2.5:14b,0,2026-06-17T15:46:51.288276,project_02,title_only,incompleteness,cot
ISSUE-38714,incorrect link,1,1,"Step 1: Analyze what the issue title ""incorrect link"" conveys.
- The title indicates that there is an incorrect link somewhere in the software.

Step 2: Determine if the title suggests missing reproduction steps, expected behavior, or context.
- It does not provide any specific information on how to reproduce the issue.
- There's no indication of what the correct link should be or where it can be found.
- The environment details and affected components are also unclear from this title alone.

Step 3: Assess if a developer can understand the full scope from the title alone.
- A developer would likely need more information to diagnose and fix the issue, such as which page or feature contains the incorrect link, what the correct URL should be, and how users encounter it.

Final Answer: Yes",69551c04c6cb03b1,qwen2.5:14b,0,2026-06-17T15:46:55.010296,project_02,title_only,incompleteness,cot
ISSUE-38876,404 page is (unformatted) landing page,1,0,"Step 1: Analyze what the issue title conveys.
- The title indicates that when a user encounters a 404 error, they are directed to an unformatted landing page instead of a properly designed and styled 404 page.

Step 2: Determine if the title suggests missing information.
- Missing reproduction steps: Not specified in the title how one can reproduce this issue (e.g., specific URL or action).
- Expected vs actual behavior: The expected behavior is not mentioned, but it's implied that a properly formatted and designed 404 page should be shown instead of an unformatted one.
- Acceptance criteria: No acceptance criteria are provided to define what constitutes a resolution for this issue.
- Affected components: It’s unclear which specific parts of the system (e.g., front-end, back-end) might need fixing or if it's related to configuration settings.
- Environment details: There is no mention of any environment-specific conditions that could be relevant.

Step 3: Assess whether a developer can understand the full scope from the title alone.
- Given the limited information in the title, a developer would likely require additional context and specifics about how to reproduce the issue, what the expected behavior should look like, and which components are involved",d256703ba75338a8,qwen2.5:14b,0,2026-06-17T15:47:00.327501,project_02,title_only,incompleteness,cot
ISSUE-38300,Add a migration banner to all pages in the guides2 space,1,0,"Step 1: Analyze what the issue title conveys.
The title ""Add a migration banner to all pages in the guides2 space"" suggests that there is a need to add a banner on every page within a specific space called 'guides2'. However, it does not provide any additional context or details.

Step 2: Determine if the title suggests missing information.
- Steps to reproduce: Not provided. The title doesn't describe how to implement this feature or where exactly the banner should be placed.
- Expected vs actual behavior: Missing. There is no description of what the expected outcome should look like after implementing the migration banner.
- Acceptance criteria: Absent. No clear acceptance criteria are mentioned, such as when a page is considered to have successfully had the banner added.
- Affected components: Not specified. It's unclear which specific pages or systems within 'guides2' space will be impacted by this change.
- Environment details: Missing. There is no information about the environment where this task needs to be performed, such as whether it’s a development, staging, or production environment.

Step 3: Assess if a developer can understand the full scope from the title alone.
Given the lack of detailed instructions and context provided in the title, a",a4279229a4253ec6,qwen2.5:14b,0,2026-06-17T15:47:05.754996,project_02,title_only,incompleteness,cot
ISSUE-38460,web site link doesn't exist,1,1,"Step 1: Analyze what the title conveys.
The issue title ""web site link doesn't exist"" indicates that there is a problem with a website link not being accessible or present.

Step 2: Determine if the title suggests missing information.
- Steps to reproduce: The title does not provide any steps on how to encounter this issue. It's unclear which specific link is broken and under what circumstances it occurs.
- Expected vs actual behavior: While we understand that a user expects a working link but finds it non-existent, there are no details about the expected outcome or the exact nature of the problem (e.g., 404 error).
- Acceptance criteria: The title does not provide any acceptance criteria to determine if the issue is resolved.
- Affected components: It's unclear which part of the website or system is affected by this issue.
- Environment details: There are no specifics about the environment in which this occurs (e.g., browser, device type).

Step 3: Assess whether a developer can understand the full scope from the title alone.
Given the lack of detail regarding reproduction steps, expected behavior, and environmental context, it would be challenging for a developer to fully comprehend or address the issue based on this title alone.

Final Answer: Yes",9be947e200c3ff7c,qwen2.5:14b,0,2026-06-17T15:47:11.130200,project_02,title_only,incompleteness,cot
ISSUE-40544,Android: documentation about how to handle Android app first run is missing,0,1,"Step 1: Analyze what the issue title conveys.
The title indicates that there is a lack of documentation for handling the first run of an Android app.

Step 2: Determine if the title suggests missing reproduction steps, expected behavior, or context.
- Reproduction Steps: The title does not provide any specific steps to reproduce the issue. It only mentions that documentation is missing.
- Expected vs Actual Behavior: There's no mention of what should happen versus what actually happens during the first run of an Android app.
- Context and Affected Components: While it specifies that this pertains to handling the first run of an Android app, there are no details about which components or features are affected.

Step 3: Assess if a developer can understand the full scope from the title alone.
Given only the title, a developer would not have enough information to fully understand what needs to be done. They would need additional context such as:
- What specific aspects of the first run are missing documentation?
- Which components or features are involved in this process?
- Are there any existing guidelines that should cover this topic but don't?

Final Answer: Yes",ea5161f00f1d9e82,qwen2.5:14b,0,2026-06-17T15:47:16.084327,project_02,title_only,incompleteness,cot
ISSUE-39279,iOS: createEmailDialog method doesn't work on some devices,1,0,"Step 1: Analyze what the issue title conveys.
- The title indicates that there is an issue with the `createEmailDialog` method on iOS devices.
- It suggests that this method does not work properly on some unspecified devices.

Step 2: Determine if the title suggests missing information.
- Missing reproduction steps: The title doesn't provide any specific steps to reproduce the issue, such as which actions lead up to the problem or what conditions must be met for it to occur.
- Expected vs actual behavior: While there is an indication that something isn’t working (""doesn't work""), there's no clear description of expected behavior versus what actually happens when the method fails.
- Acceptance criteria: The title does not provide any acceptance criteria, such as under which conditions the issue should be considered resolved.
- Affected components: It mentions a specific method (`createEmailDialog`) and implies it is an iOS-related problem but doesn't specify other affected parts of the system or dependencies.
- Environment details: There's no mention of what kind of devices are affected (e.g., model, OS version), which could be crucial for reproducing the issue.

Step 3: Assess if a developer can understand the full scope from the title alone.
- Given the lack of",bee0322915cdbc68,qwen2.5:14b,0,2026-06-17T15:47:21.511582,project_02,title_only,incompleteness,cot
ISSUE-38926,Update iOS Interactive Notifications guide for Apple Watch,0,1,"Step 1: Analyze what the title conveys.
The issue title ""Update iOS Interactive Notifications guide for Apple Watch"" suggests that there is a need to update documentation related to interactive notifications on an Apple Watch.

Step 2: Determine if the title suggests missing reproduction steps, expected behavior, or context.
- The title does not provide any specific steps to reproduce an issue.
- It doesn't mention what the current problem with the guide is.
- There's no indication of expected vs. actual behavior.
- No acceptance criteria are mentioned (what should be included in the updated guide).
- Environment details such as iOS version or Apple Watch model are missing.

Step 3: Assess if a developer can understand the full scope from the title alone.
Given only this title, a developer would likely need more information to fully understand what needs to be done. The task is vague and does not provide enough detail for someone to start working on it without further clarification.

Final Answer: Yes",92d9e926e28f7678,qwen2.5:14b,0,2026-06-17T15:47:25.868946,project_02,title_only,incompleteness,cot
ISSUE-40983,APIDoc: Remove click type events for mapview,0,1,"Step 1: Analyze what the issue title conveys.
The title ""APIDoc: Remove click type events for mapview"" suggests that there is an action to be taken in the APIDoc documentation related to a map view component. Specifically, it mentions removing certain types of click events from this documentation.

Step 2: Determine if the title suggests missing reproduction steps, expected behavior, or context.
- The title does not provide any information on how to reproduce the issue (if there is one).
- It doesn't specify what the expected outcome should be after the removal of these events.
- There's no mention of acceptance criteria or environment details that would help in understanding the full scope of the task.

Step 3: Assess if a developer can understand the full scope from the title alone.
Given only this title, a developer might not have enough information to fully comprehend what needs to be done. They would likely need additional context such as why these events are being removed, which specific click types should be addressed, and how this change will affect other parts of the system.

Final Answer: Yes",a89ee3424fad7cf7,qwen2.5:14b,0,2026-06-17T15:47:30.699066,project_02,title_only,incompleteness,cot
ISSUE-40873,APIDoc: ImageView Documentation clarification,1,1,"Step 1: Analyze what the issue title conveys.
The title ""APIDoc: ImageView Documentation clarification"" suggests that there is an issue with the documentation for the ImageView component in the API. It implies a need to clarify something within this documentation.

Step 2: Determine if the title suggests missing reproduction steps, expected behavior, or context.
- The title does not provide any specific steps to reproduce the issue.
- There's no indication of what the expected vs actual behavior is.
- No acceptance criteria are mentioned.
- It doesn't specify which components are affected beyond mentioning ImageView.
- Environment details such as operating system, version numbers, etc., are not provided.

Step 3: Assess if a developer can understand the full scope from the title alone.
Given only this title, a developer would likely need more information to fully understand and address the issue. The title does not provide enough context or specifics for someone to reproduce the problem or know what exactly needs clarification in the documentation.

Final Answer: Yes",4a7b9e0e66152448,qwen2.5:14b,0,2026-06-17T15:47:35.175605,project_02,title_only,incompleteness,cot
ISSUE-38583,Nodejs reset password token,1,1,"Step 1: Analyze what the issue title conveys.
The title ""Nodejs reset password token"" suggests that there is an issue related to resetting passwords using tokens in a Node.js application.

Step 2: Determine if the title suggests missing information.
- The title does not provide any specific steps to reproduce the issue.
- It doesn't mention what the expected behavior should be or what the actual behavior is.
- There's no indication of acceptance criteria, affected components, or environment details.

Step 3: Assess whether a developer can understand the full scope from the title alone.
Given only this title, a developer would likely need more information to fully understand and address the issue. The lack of specific details makes it difficult for someone to know exactly what needs fixing without further context.

Final Answer: Yes",e8009348c3caa3c2,qwen2.5:14b,0,2026-06-17T15:47:38.923304,project_02,title_only,incompleteness,cot
ISSUE-38547,Create and publish release note for Alloy 1.9.2,0,0,"Step 1: Analyze what the issue title conveys.
The title ""Create and publish release note for Alloy 1.9.2"" suggests an action to be taken, which is creating and publishing a release note for a specific version of a software product called ""Alloy"".

Step 2: Determine if the title suggests missing information.
- Steps to reproduce: Not mentioned; this isn't relevant as it's not about fixing a bug but rather administrative work.
- Expected vs actual behavior: Not applicable here since there is no reported issue or malfunction.
- Acceptance criteria: The task is clear, but acceptance criteria (what needs to be done for the task to be considered complete) are not specified in the title.
- Affected components: No specific mention of affected components; it's about a release note which typically covers all changes across the product.
- Environment details: Not provided. It doesn't specify where or how this should be published.

Step 3: Assess if a developer can understand the full scope from the title alone.
While the task is clear, understanding the full scope would require additional information such as what needs to be included in the release note (e.g., new features, bug fixes), who will review it before publishing, and where exactly",8c94b152105dfbdd,qwen2.5:14b,0,2026-06-17T15:47:44.282618,project_02,title_only,incompleteness,cot
ISSUE-39410,"Doctools: hide ACS REST API """"pseudo types"""" in API reference TOC",0,1,"Step 1: Analyze what the title conveys.
The title ""Doctools: hide ACS REST API """"pseudo types"""" in API reference TOC"" suggests that there is an issue related to hiding certain elements (""pseudo types"") from a table of contents (TOC) within documentation for an ACS REST API.

Step 2: Determine if the title suggests missing reproduction steps, expected behavior, or context.
- The title does not provide any specific steps to reproduce the issue.
- It doesn't mention what the current state is compared to the desired outcome (expected vs actual behavior).
- There's no acceptance criteria mentioned that would indicate how success can be measured.
- While it mentions ""Doctools"" and ""ACS REST API"", there are no details about which specific components or environment this issue affects.

Step 3: Assess if a developer could understand the full scope from the title alone.
Given the limited information, a developer might not fully grasp what needs to be done without additional context. The term ""pseudo types"" is vague and doesn't provide enough detail for someone unfamiliar with the system to know exactly which elements need to be hidden or why.

Final Answer: Yes",706126101db50f3b,qwen2.5:14b,0,2026-06-17T15:47:49.396030,project_02,title_only,incompleteness,cot
ISSUE-38316,Remove Mobile Web Support Reference from documentation,0,1,"Step 1: Analyze what the issue title conveys.
The title ""Remove Mobile Web Support Reference from documentation"" suggests that there is a need to remove references related to mobile web support in some form of documentation.

Step 2: Determine if the title suggests missing reproduction steps, expected behavior, or context.
- The title does not provide any information on how to reproduce an issue (if it's even an issue).
- It doesn't specify what the current state is compared to the desired state (expected vs actual behavior).
- There are no details about which documentation needs updating and whether there are specific sections or files involved.

Step 3: Assess if a developer can understand the full scope from the title alone.
Given only this title, a developer would likely need more information such as:
- Which document(s) should be updated?
- What exactly is meant by ""mobile web support reference"" (is it a feature that's being deprecated or removed entirely)?
- Are there any specific sections/pages/files to focus on?

Final Answer: Yes",0d3987a975b69e12,qwen2.5:14b,0,2026-06-17T15:47:53.983230,project_02,title_only,incompleteness,cot
ISSUE-40070,DocTools: Allow linking to guides sections by name in Cloud docs,0,1,"Step 1: Analyze what the title conveys.
The title ""DocTools: Allow linking to guides sections by name in Cloud docs"" suggests that there is a request for functionality within DocTools, which allows users to link directly to specific sections of documentation guides using names rather than URLs.

Step 2: Determine if the title suggests missing reproduction steps, expected behavior, or context.
- The title does not provide any information on how to reproduce the issue (if it's an issue) or what steps are needed to implement this feature.
- It doesn't specify the expected behavior after implementing this functionality.
- There is no mention of acceptance criteria or environment details.

Step 3: Assess if a developer can understand the full scope from the title alone.
Given only the title, a developer would likely need more information such as:
- How linking by name should work technically
- What kind of names are acceptable for sections
- Which guides and environments this feature will affect

Final Answer: Yes",5559a8cef2b4f4e3,qwen2.5:14b,0,2026-06-17T15:47:58.398538,project_02,title_only,incompleteness,cot
ISSUE-38806,Alloy Map sample code needs to be updated,1,1,"Step 1: Analyze what the issue title conveys.
- The title indicates that there is an existing sample code related to Alloy Map which needs updating.

Step 2: Determine if the title suggests missing reproduction steps, expected behavior, or context.
- The title does not provide any specific details about why the sample code needs to be updated (e.g., due to a bug, new features in Alloy Map, etc.).
- There are no steps provided on how to reproduce an issue or what changes need to be made.
- Expected vs actual behavior is not mentioned.

Step 3: Assess if a developer can understand the full scope from the title alone.
- The title does not provide enough information for a developer to fully understand the extent of the update needed, nor does it specify which parts of the sample code are outdated or why they need updating.

Final Answer: Yes",010e7e374bf24c78,qwen2.5:14b,0,2026-06-17T15:48:02.378294,project_02,title_only,incompleteness,cot
ISSUE-40752,As a Titanium developer,1,1,"Step 1: Analyze what the title conveys.
The issue title ""As a Titanium developer"" only specifies the role of the person reporting the issue but does not provide any specific information about the problem or requirements.

Step 2: Determine if the title suggests missing reproduction steps, expected behaviour, or context.
- The title lacks details on how to reproduce the issue.
- There is no mention of what the expected behavior should be compared to the actual observed behavior.
- No acceptance criteria are mentioned.
- Affected components and environment details are not provided.

Step 3: Assess if a developer can understand the full scope from the title alone.
Given only ""As a Titanium developer,"" it's impossible for another developer or stakeholder to comprehend what specific problem is being reported, how to reproduce it, or what needs fixing. The title does not provide enough context or details about the issue.

Final Answer: Yes",7857c320e48ea89b,qwen2.5:14b,0,2026-06-17T15:48:06.586742,project_02,title_only,incompleteness,cot
ISSUE-38413,Update API Builder Doc landing page on Axway Doc Portal,0,1,"Step 1: Analyze what the issue title conveys.
The title ""Update API Builder Doc landing page on Axway Doc Portal"" suggests that there is a need to update documentation for an API Builder product, specifically the landing page on the Axway Documentation portal.

Step 2: Determine if the title suggests missing reproduction steps, expected behavior, or context.
- The title does not provide any specific details about what needs to be updated (content changes, design modifications, etc.).
- There are no instructions on how to reproduce the issue or verify that an update has been made correctly.
- It lacks information about the current state of the landing page and what the expected outcome should look like after the update.

Step 3: Assess if a developer can understand the full scope from the title alone.
Given only this title, a developer would likely need additional details to fully comprehend the task at hand. The title does not provide enough context or specific requirements for someone to start working on it effectively.

Final Answer: Yes",eab3d96d7b0647a8,qwen2.5:14b,0,2026-06-17T15:48:11.074771,project_02,title_only,incompleteness,cot
ISSUE-40079,APIDoc: iOS: Sound player volume -- setting device volume,1,1,"Step 1: Analyze what information is conveyed by the issue title.
- The title mentions ""APIDoc"", which likely refers to API documentation.
- It specifies that it's related to iOS, indicating the platform.
- It talks about a sound player volume setting and device volume.

Step 2: Determine if the title suggests missing reproduction steps, expected behaviour, or context.
- There are no clear instructions on how to reproduce the issue.
- The expected behavior is not mentioned (e.g., what should happen when changing the volume).
- No acceptance criteria or specific conditions under which this issue occurs are provided.

Step 3: Assess if a developer can understand the full scope from the title alone.
- While it's clear that there's an issue with sound player volume settings on iOS, critical details such as how to reproduce the problem and what the expected outcome should be are missing. This makes it difficult for a developer to fully grasp the nature of the issue without additional information.

Final Answer: Yes",d9bc99bc07b8e962,qwen2.5:14b,0,2026-06-17T15:48:15.527058,project_02,title_only,incompleteness,cot
ISSUE-39208,Clarify 'autoStyle' docs,1,1,"Step 1: Analyze what the title conveys.
The issue title ""Clarify 'autoStyle' docs"" suggests that there is a need for better documentation regarding an 'autoStyle' feature or functionality. It implies that someone has encountered unclear or insufficient information in the existing documentation.

Step 2: Determine if the title suggests missing reproduction steps, expected behavior, or context.
The title does not provide any specific details about how to reproduce the issue, what the expected versus actual behavior is, or which components are affected. It also lacks environment details and acceptance criteria that would be necessary for a complete issue report.

Step 3: Assess if a developer can understand the full scope from the title alone.
Given only this title, a developer would likely need more information to fully understand what needs clarification in the documentation and how it impacts the system or user experience. The title is vague about specifics such as which part of the 'autoStyle' feature requires clarification, why it's unclear, and what changes are needed.

Final Answer: Yes",fac47ee247b247dc,qwen2.5:14b,0,2026-06-17T15:48:20.082329,project_02,title_only,incompleteness,cot
ISSUE-38600,Confirm and/or update Migrating Node.ACS Applications to Arrow page,0,1,"Step 1: Analyze what the issue title conveys.
The title ""Confirm and/or update Migrating Node.ACS Applications to Arrow page"" suggests that there is an action required regarding migrating applications from a source (Node.ACS) to a destination (Arrow). It implies some form of documentation or process needs confirmation or updating.

Step 2: Determine if the title suggests missing information.
- The title does not provide steps on how to reproduce any issue.
- There's no indication of expected vs actual behavior, which is crucial for understanding what needs fixing or confirming.
- No acceptance criteria are mentioned that would help in verifying when the task is complete.
- While it mentions ""Migrating Node.ACS Applications,"" there’s no detail about specific applications or components involved.
- The environment details (such as versions of software, operating systems) are not provided.

Step 3: Assess if a developer can understand the full scope from the title alone.
Given the lack of detailed information such as reproduction steps, expected behavior, and context around affected components and environments, it is unlikely that a developer would have enough clarity to fully comprehend or address this issue based on the title alone.

Final Answer: Yes",07ef228cf874981b,qwen2.5:14b,0,2026-06-17T15:48:25.224380,project_02,title_only,incompleteness,cot
ISSUE-40801,APIDoc: Background Gradient options not documented,0,1,"Step 1: Analyze what the issue title conveys.
The title ""APIDoc: Background Gradient options not documented"" suggests that there is an omission in the documentation for background gradient options within an API.

Step 2: Determine if the title suggests missing reproduction steps, expected behavior, or context.
- The title does not provide any information on how to reproduce the issue (e.g., specific API calls or configurations).
- It doesn't mention what the expected behavior should be compared to the actual observed behavior.
- There is no indication of acceptance criteria or environment details.

Step 3: Assess if a developer can understand the full scope from the title alone.
While it's clear that there is an issue with documentation, critical information such as how to reproduce the problem and what exactly needs to be documented (specific API calls, parameters, etc.) are missing. This makes it difficult for a developer to fully grasp the extent of the issue without additional details.

Final Answer: Yes",5c74a116dab921d6,qwen2.5:14b,0,2026-06-17T15:48:29.798007,project_02,title_only,incompleteness,cot
ISSUE-40937,APIDoc: Facebook code snippet not being rendered,0,1,"Step 1: Analyze what the issue title conveys.
- The title mentions ""APIDoc"", which likely refers to documentation for an API.
- It indicates that there is an issue with rendering a Facebook code snippet in this documentation.

Step 2: Determine if the title suggests missing information.
- Missing reproduction steps: Not clear how to reproduce the issue.
- Expected vs actual behavior: The expected behavior would be that the Facebook code snippet renders correctly, but what ""not being rendered"" means exactly is unclear (e.g., does it not appear at all or render incorrectly?).
- Acceptance criteria: No acceptance criteria are mentioned.
- Affected components: Only mentions APIDoc and a Facebook code snippet, which may not be enough to identify the exact component causing the issue.
- Environment details: No environment details are provided.

Step 3: Assess if a developer can understand the full scope from the title alone.
- The title does not provide sufficient information for a developer to fully understand or reproduce the issue. It lacks specific steps, expected behavior, and context about the environment or components involved.

Final Answer: Yes",8ca0b5aa3d1dce99,qwen2.5:14b,0,2026-06-17T15:48:34.665805,project_02,title_only,incompleteness,cot
ISSUE-38132,Create and publish release note for CLI 7.0.6.RC,0,1,"Step 1: Analyze what the issue title conveys.
The title ""Create and publish release note for CLI 7.0.6.RC"" suggests an action to be taken, which is creating and publishing a release note for a specific version of a command-line interface (CLI).

Step 2: Determine if the title suggests missing reproduction steps, expected behavior, or context.
- The title does not provide any information about how to reproduce an issue, what the expected vs actual behavior should be, or acceptance criteria.
- It also lacks details on which components are affected and in what environment this action needs to take place.

Step 3: Assess if a developer can understand the full scope from the title alone.
While it is clear that there's a task related to creating and publishing release notes for CLI version 7.0.6.RC, the title does not provide enough information for a developer to fully understand what needs to be done or how to accomplish this task without additional context.

Final Answer: Yes",2d76393cf7ced6f7,qwen2.5:14b,0,2026-06-17T15:48:39.196574,project_02,title_only,incompleteness,cot
ISSUE-38986,Android Themes guide needs serious updating,1,1,"Step 1: Analyze what the title conveys.
The title ""Android Themes guide needs serious updating"" suggests that there is an issue with the current Android themes documentation or guide, and it requires significant updates.

Step 2: Determine if the title suggests missing reproduction steps, expected behaviour, or context.
- The title does not provide any specific steps to reproduce a problem.
- It doesn't mention what the expected behavior should be compared to the actual behavior.
- There is no information about acceptance criteria, affected components, or environment details.

Step 3: Assess if a developer can understand the full scope from the title alone.
Given only this title, a developer would not have enough context to fully understand the issue's scope. They wouldn't know what specific parts of the guide need updating, why it needs updating (e.g., outdated information, missing features), or how users are being impacted.

Final Answer: Yes",a9f2e5d8f35cecd4,qwen2.5:14b,0,2026-06-17T15:48:43.380673,project_02,title_only,incompleteness,cot
ISSUE-38790,Update and extend guide on Transitions,1,1,"Step 1: Analyze what the title conveys.
The issue title ""Update and extend guide on Transitions"" suggests that there is an existing guide related to transitions which needs to be updated or extended. However, it does not provide specific details about what changes are needed or why these updates are necessary.

Step 2: Determine if the title suggests missing information.
- Steps to reproduce: Not mentioned.
- Expected vs actual behavior: Not provided.
- Acceptance criteria: No clear acceptance criteria are outlined.
- Affected components: The affected component (the guide) is identified, but no other specific components or areas of impact are mentioned.
- Environment details: There's no mention of the environment in which this update should be made.

Step 3: Assess if a developer can understand the full scope from the title alone.
Given only the title, it would be challenging for a developer to fully grasp what needs to be done. The task is vague and does not provide enough context or specific requirements that developers need to proceed effectively with the update.

Final Answer: Yes",ad432abe34f9761f,qwen2.5:14b,0,2026-06-17T15:48:48.008802,project_02,title_only,incompleteness,cot
ISSUE-38051,Ti.Platform.id documentation needs clarification,0,1,"Step 1: Analyze what the title conveys.
The title ""Ti.Platform.id documentation needs clarification"" suggests that there is an issue with the clarity of the documentation related to Ti.Platform.id, which likely refers to a property or method in a Titanium framework.

Step 2: Determine if the title suggests missing reproduction steps, expected behaviour, or context.
- The title does not provide any specific steps to reproduce the problem.
- It doesn't mention what the expected behavior should be compared to the actual observed behavior.
- There is no indication of affected components or environment details.
- The issue seems to be about documentation clarity rather than a functional bug.

Step 3: Assess if a developer can understand the full scope from the title alone.
While it's clear that there is an issue with the documentation, the title lacks specific information such as what exactly needs clarification and how this affects users or developers. Without these details, a developer would need more context to fully understand and address the issue.

Final Answer: Yes",d3571d0f04f8c221,qwen2.5:14b,0,2026-06-17T15:48:52.465060,project_02,title_only,incompleteness,cot
ISSUE-38667,Create and publish Studio 4.7.1.GA release note,0,1,"Step 1: Analyze what information is conveyed by the issue title.
- The title mentions ""Create and publish Studio 4.7.1.GA release note.""
- It implies an action to be taken, which is creating a release note for a specific version of software (Studio 4.7.1.GA).

Step 2: Determine if the title suggests missing reproduction steps, expected behavior, or context.
- The title does not provide any information about how to reproduce an issue, what the expected vs actual behavior should be, acceptance criteria, affected components, or environment details.
- It lacks specific instructions on what content needs to be included in the release note and under which conditions it should be published.

Step 3: Assess if a developer can understand the full scope from the title alone.
- A developer would likely need more information such as:
  - What are the key points that should be covered in the release note?
  - Is there any specific format or template to follow for this release note?
  - Are there any stakeholders who need to review/approve before publishing?

Final Answer: Yes",717a1e92c0758687,qwen2.5:14b,0,2026-06-17T15:48:57.336844,project_02,title_only,incompleteness,cot
ISSUE-38004,Link for 'Titanium.UI.iOS.SystemButton' seems to be broken,0,0,"Step 1: Analyze what the issue title conveys.
The title ""Link for 'Titanium.UI.iOS.SystemButton' seems to be broken"" suggests that there is an issue with a link related to a specific API or component in Titanium's iOS framework.

Step 2: Determine if the title suggests missing reproduction steps, expected behavior, or context.
- Reproduction Steps: The title does not provide any information on how to reproduce the issue. It doesn't mention what actions need to be taken to encounter this broken link.
- Expected vs Actual Behavior: While it's clear that a link is supposed to work but isn't, there are no details about what should happen when clicking the link or what happens instead.
- Context and Affected Components: The title mentions 'Titanium.UI.iOS.SystemButton', which gives some context about where this issue occurs. However, it doesn’t specify if other components or parts of the system might be affected.

Step 3: Assess whether a developer can understand the full scope from the title alone.
A developer would likely need more information to fully diagnose and fix the problem. The title lacks details on how to reproduce the issue, what exactly is broken (the URL, functionality, etc.), and which parts of the system might be impacted",a1ab1405283d91e1,qwen2.5:14b,0,2026-06-17T15:49:02.620035,project_02,title_only,incompleteness,cot
ISSUE-38293,Create and publish release note for SDK 6.3.0.GA,0,1,"Step 1: Analyze what the issue title conveys.
The title ""Create and publish release note for SDK 6.3.0.GA"" indicates an action to be taken, which is creating and publishing a release note for a specific version of an SDK.

Step 2: Determine if the title suggests missing reproduction steps, expected behavior, or context.
- The title does not provide any information about how to reproduce an issue, what the expected vs actual behavior should be, or acceptance criteria.
- It also lacks details on which components are affected and in what environment this action needs to take place.

Step 3: Assess if a developer can understand the full scope from the title alone.
While the task is clear (creating and publishing release notes), it does not provide enough context for a developer to fully understand all aspects of the work required, such as the content that should be included in the release note or any specific guidelines for creating the release note.

Final Answer: Yes",1ad2b9bfd7a794ef,qwen2.5:14b,0,2026-06-17T15:49:07.000389,project_02,title_only,incompleteness,cot
ISSUE-39823,Guides: Update Launch options,1,0,"Step 1: Analyze what the title conveys.
The issue title ""Guides: Update Launch options"" suggests that there is a need to update some launch options in guides, but it does not provide specific details about which guides or what changes are needed.

Step 2: Determine if the title suggests missing information.
- Steps to reproduce: Not provided. The title doesn't give any steps on how to encounter this issue or where exactly these ""launch options"" need updating.
- Expected vs actual behavior: Missing. There's no indication of what the current state is and what needs to be changed.
- Acceptance criteria: Absent. No clear acceptance criteria are mentioned that would help verify if the update has been successfully implemented.
- Affected components: Not specified. It’s unclear which specific guides or parts of the system this issue affects.
- Environment details: Missing. There's no information about the environment in which these changes need to be made.

Step 3: Assess whether a developer can understand the full scope from the title alone.
Given the lack of detail, it would be challenging for a developer to fully grasp what needs to be done or how to proceed with this update based solely on the provided title. More context and specifics are required.

Final Answer:",44c915cea6fb8ca4,qwen2.5:14b,0,2026-06-17T15:49:12.401831,project_02,title_only,incompleteness,cot
ISSUE-38256,Document required Android modules changes due to V8 changes,1,1,"Step 1: Analyze what the title conveys.
The title ""Document required Android modules changes due to V8 changes"" suggests that there are modifications in some Android modules because of changes in V8, and documentation is needed for these changes.

Step 2: Determine if the title suggests missing information.
- The title does not provide steps to reproduce any issue or describe specific behaviors (expected vs actual).
- It lacks details about acceptance criteria, affected components, or environment specifics.
- There's no clear indication of what needs to be documented or how it should be done.

Step 3: Assess if a developer can understand the full scope from the title alone.
Given only this title, a developer would likely need more information to fully grasp the extent and nature of the changes required in Android modules due to V8 updates. The task is not clearly defined enough for someone to start working on it without further details.

Final Answer: Yes",601f9d1e9f4e2749,qwen2.5:14b,0,2026-06-17T15:49:16.591996,project_02,title_only,incompleteness,cot
ISSUE-39381,Node.ACS cannot catch stdout & stderr from child processes forked by app,0,-1,"Step 1: Analyze what the issue title conveys.
The title ""Node.ACS cannot catch stdout & stderr from child processes forked by app"" suggests that there is an issue with Node.js's ACS (Application Control Service) not being able to capture standard output and error streams from child processes created by an application.

Step 2: Determine if the title suggests missing reproduction steps, expected behavior, or context.
- Reproduction Steps: The title does not provide any specific steps on how to reproduce this issue. It only states that there is a problem with capturing stdout & stderr.
- Expected vs Actual Behavior: While it's clear what the actual observed behavior is (stdout and stderr are not being captured), the expected behavior isn't explicitly stated in the title.
- Context: The context of the environment or affected components is vague. We don't know which version of Node.js, ACS, or application this issue pertains to.

Step 3: Assess if a developer can understand the full scope from the title alone.
Given the lack of specific details about how to reproduce the problem and what the expected behavior should be, it's challenging for a developer to fully grasp the extent of the issue just by reading the title. Additional information would likely be necessary.

Final Answer",12007ea0662691dd,qwen2.5:14b,0,2026-06-17T15:49:21.929880,project_02,title_only,incompleteness,cot
ISSUE-40888,APIDoc: remove from docs advice about passing functions cross-context,0,1,"Step 1: Analyze what the title conveys.
The title ""APIDoc: remove from docs advice about passing functions cross-context"" suggests that there is a need to modify documentation related to API usage. Specifically, it mentions removing guidance or advice in the documentation regarding how to pass functions across different contexts.

Step 2: Determine if the title suggests missing reproduction steps, expected behavior, or context.
- The title does not provide any information on how to reproduce an issue.
- It doesn't specify what the current behavior is or what the expected behavior should be after making changes.
- There's no mention of acceptance criteria or specific environment details.

Step 3: Assess if a developer can understand the full scope from the title alone.
While the title gives some indication about the nature of the change (removing advice in documentation), it lacks critical information that would allow a developer to fully comprehend and address the issue. For example, why is this advice being removed? What are the implications of removing this advice? Are there specific sections or pages within the documentation that need to be updated?

Final Answer: Yes",3b30c4ef8d30ce87,qwen2.5:14b,0,2026-06-17T15:49:26.689958,project_02,title_only,incompleteness,cot
ISSUE-39024,Migration: Node.ACS instructions should link new guide,0,1,"Step 1: Analyze what the title conveys.
The title ""Migration: Node.ACS instructions should link new guide"" suggests that there is an issue with migration instructions for Node.ACS, and these instructions need to be updated or linked to a new guide.

Step 2: Determine if the title suggests missing reproduction steps, expected behaviour, or context.
- The title does not provide any specific steps to reproduce the issue.
- It does not describe what the current behavior is or what the expected behavior should be.
- There are no details about which components are affected or the environment in which this occurs.

Step 3: Assess if a developer can understand the full scope from the title alone.
Given only the title, it's unclear exactly what needs to change and how. A developer would need more information such as where these instructions are located, what the new guide contains, and why linking is necessary.

Final Answer: Yes",f9ccaf8c04d8bb3e,qwen2.5:14b,0,2026-06-17T15:49:30.956467,project_02,title_only,incompleteness,cot
ISSUE-38189,Update Pull Request Guide and Building SDK From source,0,1,"Step 1: Analyze what information is conveyed by the issue title.
- The title mentions two tasks: updating a guide for pull requests and building an SDK from source.

Step 2: Determine if the title suggests missing reproduction steps, expected behavior, or context.
- There are no details about how to reproduce any issues, what the expected outcome should be after completing these tasks, or specific acceptance criteria.
- The environment details (such as which version of software this applies to) and affected components are also not mentioned.

Step 3: Evaluate if a developer can understand the full scope from the title alone.
- While it's clear that there are two tasks to complete, understanding how to perform these tasks or what the end goal is would require additional information beyond just the title. For example, updating a guide might mean adding new sections, fixing outdated instructions, etc., and building an SDK from source could involve different steps depending on the specific requirements.

Final Answer: Yes",93684cd9adf596f8,qwen2.5:14b,0,2026-06-17T15:49:35.275648,project_02,title_only,incompleteness,cot
ISSUE-38180,Ti.UI.WebView documentation broken/missing,0,1,"Step 1: Analyze what the title conveys.
The title ""Ti.UI.WebView documentation broken/missing"" suggests that there is an issue with the documentation for Ti.UI.WebView, which could mean parts of it are either incorrect or entirely absent.

Step 2: Determine if the title suggests missing reproduction steps, expected behavior, or context.
- The title does not provide any specific steps to reproduce the issue.
- It doesn't mention what the expected behavior should be compared to the actual observed behavior.
- There is no information about acceptance criteria, affected components, or environment details.

Step 3: Assess if a developer can understand the full scope from the title alone.
Given only this title, a developer would likely need more detailed information to fully comprehend and address the issue. The lack of specifics makes it difficult for someone to know exactly what needs fixing or how to verify that the problem is resolved.

Final Answer: Yes",c3ef0be332a85c92,qwen2.5:14b,0,2026-06-17T15:49:39.463706,project_02,title_only,incompleteness,cot
ISSUE-40251,"JDT install directions reference """"Helios"""" not """"Indigo"""" Eclipse platform",0,1,"Step 1: Analyze what information is conveyed by the issue title.
The title indicates that there is an inconsistency in the installation directions for JDT (Java Development Tools) within Eclipse, specifically mentioning references to ""Helios"" instead of ""Indigo"".

Step 2: Determine if the title suggests missing reproduction steps, expected behavior, or context.
- The title does not provide any information on how to reproduce the issue.
- It doesn't specify what the expected behavior should be (i.e., whether it should reference Helios or Indigo).
- There is no mention of acceptance criteria or affected components.
- No environment details are provided.

Step 3: Assess if a developer can understand the full scope from the title alone.
While the issue is clear in stating there's an inconsistency, a developer would need more information to address it properly. They would require steps on how to reproduce the problem, what the expected outcome should be, and possibly details about the environment where this occurs.

Final Answer: Yes",01802a8dc7545202,qwen2.5:14b,0,2026-06-17T15:49:43.924367,project_02,title_only,incompleteness,cot
ISSUE-38133,Create and publish release note for CLI 7.0.5.GA,0,1,"Step 1: Analyze what the issue title conveys.
The title ""Create and publish release note for CLI 7.0.5.GA"" suggests an action item to create and publish a release note for a specific version of a command-line interface tool.

Step 2: Determine if the title suggests missing reproduction steps, expected behavior, or context.
- The title does not provide any information about how to reproduce an issue, what the expected vs actual behavior is, or acceptance criteria.
- It also lacks details on which components are affected and in what environment this applies.
- There's no indication of a problem that needs solving; it appears to be more of a task than an issue.

Step 3: Assess if a developer can understand the full scope from the title alone.
While the title gives a clear action item, it does not provide enough context for a developer to fully understand what is expected in terms of content or format for the release note. It lacks details on acceptance criteria and any specific requirements that need to be met.

Final Answer: Yes",076fc9b3ed85a25f,qwen2.5:14b,0,2026-06-17T15:49:48.581948,project_02,title_only,incompleteness,cot
ISSUE-40671,APIDoc: Filesystem.File.createTimestamp returns 0 on Android for resource files,0,1,"Step 1: Analyze what information is conveyed by the issue title.
- The title mentions ""APIDoc"", indicating it's related to documentation for an API.
- It specifies that the method `Filesystem.File.createTimestamp` returns a value of `0`.
- It states this happens specifically on Android when dealing with resource files.

Step 2: Determine if the title suggests missing reproduction steps, expected behavior, or context.
- The issue does not provide any information about how to reproduce the problem (steps to reproduce).
- There is no mention of what the expected behavior should be compared to the actual observed behavior.
- No acceptance criteria are mentioned.
- While it specifies that this happens on Android for resource files, there's no detail about other affected components or environment details.

Step 3: Assess if a developer can understand the full scope from the title alone.
- A developer might have an idea of what the issue is but would likely need more information to fully diagnose and fix the problem. The lack of reproduction steps, expected behavior, and detailed context makes it difficult for developers to address this issue effectively.

Final Answer: Yes",dcad7d728960e85a,qwen2.5:14b,0,2026-06-17T15:49:53.534800,project_02,title_only,incompleteness,cot
ISSUE-40346,APIDoc: Analytics doc should mention raw data export,0,1,"Step 1: Analyze what the issue title conveys.
The title ""APIDoc: Analytics doc should mention raw data export"" suggests that there is an omission in the documentation related to analytics, specifically regarding the ability to export raw data.

Step 2: Determine if the title suggests missing reproduction steps, expected behavior, or context.
- The title does not provide any specific steps to reproduce a problem.
- It does not describe what the expected behavior should be compared to the actual behavior.
- There is no mention of acceptance criteria or affected components.
- While it mentions that raw data export should be documented, there are no details about how this feature works or its implications.

Step 3: Assess if a developer can understand the full scope from the title alone.
Given only the title, a developer would likely need more information to fully understand what needs to be done. The title does not provide enough context for someone to know exactly which parts of the documentation should be updated and how.

Final Answer: Yes",3910acd8ea7f4957,qwen2.5:14b,0,2026-06-17T15:49:57.995359,project_02,title_only,incompleteness,cot
ISSUE-39667,ACS Custom Object Documentation Needs Corrected,0,1,"Step 1: Analyze what the issue title conveys.
- The title indicates that there is an issue with documentation for ACS Custom Objects.
- It suggests that the documentation needs to be corrected.

Step 2: Determine if the title suggests missing reproduction steps, expected behaviour, or context.
- There are no details about how to reproduce the problem or what specific corrections need to be made.
- The expected vs actual behavior is not mentioned; it's unclear what exactly is incorrect in the documentation.
- No affected components or environment details are provided.

Step 3: Assess if a developer can understand the full scope from the title alone.
- A developer would likely need more information such as specific sections of the documentation that require correction, examples of inaccuracies, and possibly context about why these corrections are necessary (e.g., new features, user feedback).

Final Answer: Yes",fa762ddcb38bea72,qwen2.5:14b,0,2026-06-17T15:50:01.995894,project_02,title_only,incompleteness,cot
ISSUE-38873,Ti.UI.Android.openPreferences: Does not explain how to get a preference value,0,1,"Step 1: Analyze what the title conveys.
The title ""Ti.UI.Android.openPreferences: Does not explain how to get a preference value"" suggests that there is an issue with documentation or API functionality related to retrieving preference values in Ti.UI.Android.

Step 2: Determine if the title suggests missing information.
- The title does not provide steps to reproduce the problem.
- It doesn't specify expected vs actual behavior.
- There are no acceptance criteria mentioned.
- No affected components or environment details are provided.

Step 3: Assess whether a developer can understand the full scope from the title alone.
While the title gives some context about what is missing (an explanation of how to get preference values), it lacks critical information that would allow developers to reproduce and fix the issue effectively. Developers need more specific details such as which version of Ti.UI.Android, expected behavior, and steps to reproduce.

Final Answer: Yes",eb4459e168bdca8a,qwen2.5:14b,0,2026-06-17T15:50:06.127505,project_02,title_only,incompleteness,cot
ISSUE-39183,Please help review the error messages of on-demand-pricing node.ACS part,0,1,"Step 1: Analyze what information is conveyed by the issue title.
- The title mentions ""review the error messages"" for a specific part of the system (""on-demand-pricing node.ACS"").
- It requests help, implying there might be an issue with these error messages.

Step 2: Determine if the title suggests missing reproduction steps, expected behavior, or context.
- There are no details about how to reproduce the issue.
- The expected vs actual behavior is not mentioned.
- No acceptance criteria or environment details are provided.
- It's unclear what specific errors need reviewing and why they require review.

Step 3: Assess if a developer can understand the full scope from the title alone.
- A developer would likely need more information to fully comprehend the issue, such as which error messages are problematic, how these errors manifest, and under what conditions.

Final Answer: Yes",7969f3dfa0ac0edd,qwen2.5:14b,0,2026-06-17T15:50:10.155015,project_02,title_only,incompleteness,cot
ISSUE-38123,Create and publish release note for SDK 7.4.0.GA,0,1,"Step 1: Analyze what the issue title conveys.
The title ""Create and publish release note for SDK 7.4.0.GA"" indicates an action to be taken, which is creating and publishing a release note for a specific version of an SDK.

Step 2: Determine if the title suggests missing reproduction steps, expected behavior, or context.
- The title does not provide any information about how to reproduce an issue, what the expected vs actual behavior should be, or acceptance criteria.
- It also lacks details on which components are affected and in what environment this action needs to take place.

Step 3: Assess if a developer can understand the full scope from the title alone.
While the task is clear (creating and publishing release notes), it does not provide enough context for a developer to fully understand all aspects of the work required, such as:
- What information should be included in the release note?
- Who needs to review or approve the release note before publication?
- Where exactly should the release note be published?

Final Answer: Yes",5fd5d191f7a29ab6,qwen2.5:14b,0,2026-06-17T15:50:14.809907,project_02,title_only,incompleteness,cot
ISSUE-40183,Guides: Enhance doc for installing/using modules,1,1,"Step 1: Analyze what the issue title conveys.
The title ""Guides: Enhance doc for installing/using modules"" suggests that there is a need to improve documentation related to the installation and usage of certain modules.

Step 2: Determine if the title suggests missing reproduction steps, expected behavior, or context.
- The title does not provide any specific steps to reproduce an issue.
- It does not mention what the current problem with the documentation is (e.g., unclear instructions, missing information).
- There are no details about the expected vs. actual behavior of the modules.
- No environment details or affected components are mentioned.

Step 3: Assess if a developer can understand the full scope from the title alone.
Given only this title, a developer would not have enough context to fully understand what needs to be done. The task is vague and does not specify which parts of the documentation need enhancement, nor does it provide any criteria for determining when the enhancement is complete.

Final Answer: Yes",d2b6bcd5257f56a7,qwen2.5:14b,0,2026-06-17T15:50:19.193875,project_02,title_only,incompleteness,cot
ISSUE-38293,Create and publish release note for SDK 6.3.0.GA,0,1,"Step 1: Analyze what information is conveyed by the issue title.
- The title mentions creating and publishing release notes for SDK version 6.3.0.GA.

Step 2: Determine if the title suggests missing reproduction steps, expected behavior, or context.
- There are no details about how to reproduce an issue, what the expected vs actual behavior is, acceptance criteria, affected components, or environment details.
- The title does not provide any information on why this release note needs to be created (e.g., new features, bug fixes).

Step 3: Assess if a developer can understand the full scope from the title alone.
- While it's clear that there is an action item related to creating and publishing release notes for SDK version 6.3.0.GA, the title lacks critical details such as what information should be included in the release note, who needs to review or approve it, and any specific requirements or guidelines.

Final Answer: Yes",1ad2b9bfd7a794ef,qwen2.5:14b,0,2026-06-17T15:50:23.508272,project_02,title_only,incompleteness,cot
ISSUE-38201,Fix/Replace links to /cloud in the wiki docs,0,1,"Step 1: Analyze what the issue title conveys.
The title ""Fix/Replace links to /cloud in the wiki docs"" suggests that there are broken or outdated links within the documentation related to cloud services. It implies that these links need fixing or replacement.

Step 2: Determine if the title suggests missing information.
- Steps to reproduce: The title does not provide any specific steps on how to encounter the issue.
- Expected vs actual behavior: There is no mention of what should be expected versus what currently happens when clicking these links.
- Acceptance criteria: No acceptance criteria are mentioned, such as what the fixed or replaced links should lead to.
- Affected components: While it mentions wiki docs and /cloud, there's no detail on which specific pages or sections are affected.
- Environment details: There is no information about the environment in which this issue occurs.

Step 3: Assess if a developer can understand the full scope from the title alone.
Given the lack of detailed steps, expected behavior, acceptance criteria, and other necessary context, it would be challenging for a developer to fully grasp what needs to be done based solely on this title. They would need additional information to proceed effectively.

Final Answer: Yes",21f0402f617055f6,qwen2.5:14b,0,2026-06-17T15:50:28.788711,project_02,title_only,incompleteness,cot
ISSUE-39132,Update docs template to better match new Dashboard look and feel,0,0,"Step 1: Analyze what the issue title conveys.
The title ""Update docs template to better match new Dashboard look and feel"" suggests that there is a need to modify documentation templates so they align with the visual design of a newly updated dashboard.

Step 2: Determine if the title suggests missing reproduction steps, expected behavior, or context.
- Reproduction Steps: The title does not provide any specific steps on how to reproduce an issue or perform the update.
- Expected vs Actual Behavior: There is no mention of what the current state is and what it should be after the update. It only mentions a need for alignment with the new dashboard look, but doesn't specify what that means in terms of changes needed.
- Context: While the title gives some context about updating documentation templates to match a new dashboard's design, it lacks details on which parts of the documentation are affected and how exactly they should be updated.

Step 3: Assess if a developer can understand the full scope from the title alone.
Given only this title, a developer would likely need more information such as specific changes required in the templates, screenshots or descriptions of the new dashboard's design elements that need to be reflected in the documentation, and possibly acceptance criteria for what constitutes an acceptable update.

Final Answer",c9666e0516d7f4a5,qwen2.5:14b,0,2026-06-17T15:50:34.148062,project_02,title_only,incompleteness,cot
ISSUE-39524,Create a new method likes/query.json,1,0,"Step 1: Analyze what the title conveys.
The title ""Create a new method likes/query.json"" suggests that there is a request to create a new method related to handling 'likes' in a JSON file named 'query.json'. However, it does not provide any additional context or details about why this method needs to be created.

Step 2: Determine if the title suggests missing information.
- Steps to reproduce: Not provided. There are no instructions on how to trigger the creation of this new method or under what conditions it should be invoked.
- Expected vs actual behavior: The expected outcome is not clear from the title alone. It does not specify what the new method should do, nor does it mention any issues with existing methods that need fixing.
- Acceptance criteria: There are no acceptance criteria mentioned to verify if the task has been completed successfully.
- Affected components: While it mentions a JSON file and a method related to 'likes', there is no information about other parts of the system or dependencies involved.
- Environment details: No environment-specific details are provided, such as which programming language or framework this relates to.

Step 3: Assess if a developer can understand the full scope from the title alone.
Given the lack of detail in the title,",ce01f43562bdb59c,qwen2.5:14b,0,2026-06-17T15:50:39.596587,project_02,title_only,incompleteness,cot
ISSUE-39749,Localization of app name for Android is out-of-date,0,1,"Step 1: Analyze what the issue title conveys.
- The title indicates that there is an outdated localization of the app name for Android.

Step 2: Determine if the title suggests missing reproduction steps, expected behavior, or context.
- Missing information includes how to reproduce the issue (steps), what the current incorrect localized app name is, and what the correct localized app name should be.
- The title does not provide any details about the environment in which this occurs or acceptance criteria for resolving it.

Step 3: Assess if a developer can understand the full scope from the title alone.
- A developer would need more information to fully comprehend and address the issue, such as specific localization strings, affected languages, and steps to reproduce the problem.

Final Answer: Yes",b16cdc0bf4db661f,qwen2.5:14b,0,2026-06-17T15:50:43.288287,project_02,title_only,incompleteness,cot
ISSUE-39943,BlackBerry : Path for getting the logs from simulator is incorrect,0,1,"Step 1: Analyze what the issue title conveys.
- The title mentions ""BlackBerry"" and indicates that there is an incorrect path for getting logs from a simulator.

Step 2: Determine if the title suggests missing information.
- Missing reproduction steps: Not specified how to reproduce the issue or where exactly the incorrect path is located.
- Expected vs actual behavior: No mention of what should be happening versus what is actually occurring.
- Acceptance criteria: None provided for determining when the issue would be resolved.
- Affected components: Only mentions simulator, but no specific component or file paths are mentioned.
- Environment details: No information about the environment in which this occurs (e.g., operating system, version of BlackBerry software).

Step 3: Assess if a developer can understand the full scope from the title alone.
- The title does not provide enough detail for a developer to fully comprehend and address the issue without additional context.

Final Answer: Yes",c07f9b2d238f59ab,qwen2.5:14b,0,2026-06-17T15:50:47.562842,project_02,title_only,incompleteness,cot
ISSUE-40067,DocTools: validate script is broken due to docgen changes,0,1,"Step 1: Analyze what the issue title conveys.
- The title mentions ""DocTools"", which likely refers to a specific tool or module within a larger software system.
- It states that a ""validate script"" is broken, indicating there's an issue with a particular piece of code or functionality.
- It attributes the breakage to recent changes in ""docgen"", suggesting these changes are the cause.

Step 2: Determine if the title suggests missing information.
- The title does not provide steps to reproduce the issue.
- There is no mention of expected vs actual behavior, which would help understand what's going wrong and how it differs from normal operation.
- No acceptance criteria or environment details (such as OS version, software versions) are provided.

Step 3: Assess if a developer can fully understand the scope from just the title.
- While the title gives some context about the issue, it lacks specific details that would allow a developer to reproduce and fix the problem effectively. A developer might need additional information such as:
  - What exactly is broken in the validate script?
  - How does this affect other parts of DocTools or related systems?
  - Are there any logs or error messages associated with this issue?

Final Answer: Yes",e2f11572a5d769a4,qwen2.5:14b,0,2026-06-17T15:50:52.895336,project_02,title_only,incompleteness,cot
ISSUE-39723,Support new Node.ACS command : download,1,0,"Step 1: Analyze what the title conveys.
The issue title ""Support new Node.ACS command : download"" suggests that there is a request to add support for a new command in an existing system or tool. The command mentioned is related to downloading something using Node.ACS.

Step 2: Determine if the title suggests missing information.
- Steps to reproduce: Not provided; it's unclear how one would test this feature.
- Expected vs actual behavior: Not specified; there’s no indication of what should happen when someone uses this new command or any discrepancies with current functionality.
- Acceptance criteria: Missing; there are no details on what needs to be achieved for the issue to be considered resolved.
- Affected components: Vague; it's not clear which parts of the system will be impacted by adding support for this new command.
- Environment details: Not provided; there’s no information about the environment in which this feature should work.

Step 3: Assess if a developer can understand the full scope from the title alone.
Given the limited information, a developer would likely need more context to fully understand and implement this request. The title does not provide enough detail for a developer to know exactly what needs to be done or how it should behave in different scenarios",3d96208cd3388247,qwen2.5:14b,0,2026-06-17T15:50:58.307581,project_02,title_only,incompleteness,cot
ISSUE-38628,Specify supported Arrow Model Field data types,1,0,"Step 1: Analyze what the title conveys.
The issue title ""Specify supported Arrow Model Field data types"" suggests that there is a need to define which data types are supported by the Arrow Model Field. This implies that there might be an ambiguity or lack of clarity regarding which data types can be used with this model field.

Step 2: Determine if the title suggests missing reproduction steps, expected behavior, or context.
- Reproduction Steps: The title does not provide any information on how to reproduce a specific issue or scenario. It is more about defining supported features rather than reporting an error.
- Expected vs Actual Behavior: There's no indication of what should happen versus what actually happens with the data types in question.
- Context: While it mentions ""supported Arrow Model Field data types,"" there’s no context provided regarding why this specification is necessary, which components are involved, or under what conditions these data types would be used.

Step 3: Assess if a developer can understand the full scope from the title alone.
The title does not provide enough information for a developer to fully understand the issue's scope. It lacks details such as:
- Why this specification is needed (e.g., due to recent changes, user requests, etc.)
- Which components or modules are",9126d230ca1fd996,qwen2.5:14b,0,2026-06-17T15:51:03.666431,project_02,title_only,incompleteness,cot
ISSUE-38181,Review and revise the APS documentation,0,1,"Step 1: Analyze what the issue title conveys.
The title ""Review and revise the APS documentation"" suggests that there is a need to review existing documentation for APS (Assumed to be an acronym for some software or system) and make necessary revisions.

Step 2: Determine if the title suggests missing reproduction steps, expected behavior, or context.
- The title does not provide any specific steps to reproduce an issue.
- There are no details about what the expected vs actual behavior should be.
- It lacks information on which components of APS documentation need revision and why.
- No environment details or acceptance criteria are mentioned.

Step 3: Assess if a developer can understand the full scope from the title alone.
Given only this title, a developer would not have enough context to fully understand what needs to be done. They would require more information such as which parts of the documentation need revision, why they need revision (e.g., outdated content, unclear instructions), and how to verify that revisions are correct.

Final Answer: Yes",703572b817d831ed,qwen2.5:14b,0,2026-06-17T15:51:08.234932,project_02,title_only,incompleteness,cot
ISSUE-39239,"Android: TableView: SearchBar not working if """"filterAttribute"""" is an arbitrary property",0,1,"Step 1: Analyze what information is conveyed by the title.
- The issue seems to be related to an Android application.
- It involves a TableView component with a SearchBar feature.
- There's a problem when using an arbitrary property as the ""filterAttribute"".

Step 2: Determine if the title suggests missing reproduction steps, expected behaviour, or context.
- Missing information includes how to reproduce the issue (specific steps).
- Expected vs actual behavior is not clearly stated.
- The environment details and affected components are somewhat implied but not explicitly detailed.

Step 3: Assess whether a developer can understand the full scope from the title alone.
- While it gives some indication of what might be wrong, it lacks specific reproduction steps or clear acceptance criteria.
- A developer would likely need more information to fully diagnose and fix this issue.

Final Answer: Yes",b5d037101fd4de00,qwen2.5:14b,0,2026-06-17T15:51:12.138941,project_02,title_only,incompleteness,cot
ISSUE-38938,Docs: Ti.UI.View.add supports an array of views as well as single Ti.Ui.View,0,1,"Step 1: Analyze what the title conveys.
The title ""Docs: Ti.UI.View.add supports an array of views as well as single Ti.Ui.View"" suggests that there is documentation related to the `Ti.UI.View.add` method in a Titanium framework. It indicates that this method can accept either a single view or an array of views.

Step 2: Determine if the title suggests missing reproduction steps, expected behavior, or context.
- The title does not provide any information on how to reproduce the issue (if it is indeed an issue).
- There's no indication of what the expected vs actual behavior should be.
- It lacks details about acceptance criteria and affected components.

Step 3: Assess if a developer can understand the full scope from the title alone.
While the title gives some context regarding functionality, it does not provide enough information for a developer to fully understand or reproduce any potential issue. The title seems more like a statement of fact rather than an issue report.

Final Answer: Yes",20afd2849504e70a,qwen2.5:14b,0,2026-06-17T15:51:16.641822,project_02,title_only,incompleteness,cot
ISSUE-40941,APIDoc: remove period from platform list,0,1,"Step 1: Analyze what the issue title conveys.
The title ""APIDoc: remove period from platform list"" suggests that there is an issue with periods in the platform list within API documentation.

Step 2: Determine if the title suggests missing reproduction steps, expected behavior, or context.
- The title does not provide any specific steps to reproduce the issue.
- It doesn't mention what the current state (actual behavior) and desired outcome (expected behavior) are.
- There is no indication of acceptance criteria or affected components.

Step 3: Assess if a developer can understand the full scope from the title alone.
Given only this title, it's unclear whether:
- The period needs to be removed in all instances or specific ones.
- Which platforms are involved and how they are listed currently.
- What changes need to be made exactly (e.g., code change, documentation update).

Final Answer: Yes",890eb2fd23020a76,qwen2.5:14b,0,2026-06-17T15:51:20.820384,project_02,title_only,incompleteness,cot
ISSUE-40635,APIDoc: Update docs for medium-priority iPad modules,0,1,"Step 1: Analyze what the title conveys.
The title ""APIDoc: Update docs for medium-priority iPad modules"" suggests that there is a need to update documentation related to certain modules on an iPad. It specifies that these are medium-priority modules.

Step 2: Determine if the title suggests missing information.
- Steps to reproduce: Not mentioned; updating documentation doesn't typically require reproduction steps.
- Expected vs actual behavior: Not applicable here as it's about documentation updates, not a bug or feature malfunction.
- Acceptance criteria: The title does not provide any specific acceptance criteria for what constitutes an updated document.
- Affected components: It mentions iPad modules but does not specify which ones exactly.
- Environment details: No environment details are provided beyond mentioning the iPad.

Step 3: Assess if a developer can understand the full scope from the title alone.
While the title gives some context about updating documentation for medium-priority iPad modules, it lacks specific details such as which modules need updates and what constitutes an updated document. A developer would likely require more information to fully understand and execute this task.

Final Answer: Yes",ef80135c71cd0c39,qwen2.5:14b,0,2026-06-17T15:51:25.765460,project_02,title_only,incompleteness,cot
ISSUE-39299,Updates guides to show how to localise NSLocationAlwaysUsageDescription,0,0,"Step 1: Analyze what the title conveys.
The title ""Updates guides to show how to localise NSLocationAlwaysUsageDescription"" suggests that there is an intention to modify existing documentation or guides. The modification involves adding instructions on how to localize a specific string related to location permissions in iOS applications.

Step 2: Determine if the title suggests missing information.
- Steps to reproduce: Not mentioned; it's about updating documentation, not fixing a bug.
- Expected vs actual behavior: Not provided; this is more of an instructional update rather than reporting a discrepancy between expected and actual behaviors.
- Acceptance criteria: Not specified; there are no clear pass/fail conditions outlined for the task.
- Affected components: Only indirectly implied (iOS localization settings), but not explicitly stated which parts of the system or codebase will be impacted.
- Environment details: No specific environment is mentioned, though it's likely related to iOS development.

Step 3: Assess if a developer can understand the full scope from the title alone.
While the title gives an idea about what needs to be done (updating guides for localization), it lacks specifics on how to accomplish this task or what exactly should be included in these updates. A developer would need more information to fully understand and execute the",054dc6ca3832868f,qwen2.5:14b,0,2026-06-17T15:51:31.134705,project_02,title_only,incompleteness,cot
ISSUE-40438,Poor grammar in Ti.UI.TabGroup,1,1,"Step 1: Analyze what the title conveys.
The issue title ""Poor grammar in Ti.UI.TabGroup"" suggests that there is an issue with grammatical errors within the Ti.UI.TabGroup component of a Titanium application.

Step 2: Determine if the title suggests missing reproduction steps, expected behavior, or context.
- The title does not provide any specific steps to reproduce the issue.
- It does not describe what the actual and expected behaviors are.
- There is no mention of acceptance criteria or environment details that would help in reproducing or understanding the issue.

Step 3: Assess if a developer can understand the full scope from the title alone.
Given only this title, a developer would likely need more information to fully comprehend the nature and extent of the problem. The lack of specific details makes it difficult for developers to address the issue effectively without further clarification.

Final Answer: Yes",c38343bccc979a24,qwen2.5:14b,0,2026-06-17T15:51:35.103250,project_02,title_only,incompleteness,cot
ISSUE-38738,There is an error in Positioning and dimensions of elements section of the documentation,0,1,"Step 1: Analyze what the issue title conveys.
The title ""There is an error in Positioning and dimensions of elements section of the documentation"" indicates that there is an identified problem within a specific part of the documentation.

Step 2: Determine if the title suggests missing reproduction steps, expected behaviour, or context.
- The title does not provide any information on how to reproduce the issue.
- It doesn't mention what the actual and expected behaviors are.
- There's no acceptance criteria mentioned.
- No affected components or environment details are provided.

Step 3: Assess if a developer can understand the full scope from the title alone.
Given that the title only mentions an error in documentation, it lacks sufficient detail for a developer to fully comprehend the issue. A developer would need more information such as what kind of error (e.g., incorrect dimensions, missing elements), how this affects functionality or user experience, and steps to reproduce if applicable.

Final Answer: Yes",64d71a63165fbf4f,qwen2.5:14b,0,2026-06-17T15:51:39.433234,project_02,title_only,incompleteness,cot
ISSUE-39253,we will no longer show the listed information,1,1,"Step 1: Analyze what the title conveys.
The issue title ""we will no longer show the listed information"" suggests that there is a change in how certain information is displayed or handled, but it does not provide specific details about which information is being removed, why this change is happening, or where and when this occurs.

Step 2: Determine if the title suggests missing reproduction steps, expected behaviour, or context.
- Reproduction Steps: The title does not mention any steps to reproduce the issue. It's unclear how one would encounter this situation in practice.
- Expected vs Actual Behaviour: There is no indication of what users should expect versus what they are currently experiencing.
- Context and Affected Components: The title lacks details about which components or features are affected by this change, making it difficult for developers to understand the full scope.

Step 3: Assess if a developer can understand the full scope from the title alone.
Given the lack of specific information such as what exactly is being removed, why, and where in the system, a developer would likely need more details to fully comprehend and address this issue effectively.

Final Answer: Yes",aec2cba552b67781,qwen2.5:14b,0,2026-06-17T15:51:44.441611,project_02,title_only,incompleteness,cot
ISSUE-39534,Alloy: missing Style in the Style priorities description,0,1,"Step 1: Analyze what the issue title conveys.
The title ""Alloy: missing Style in the Style priorities description"" suggests that there is an omission of something called 'Style' within the context of a description related to style priorities for Alloy.

Step 2: Determine if the title suggests missing reproduction steps, expected behavior, or context.
- Reproduction Steps: The title does not provide any information on how to reproduce this issue. It doesn't mention specific actions that need to be taken to encounter the problem.
- Expected vs Actual Behavior: While it implies there should be a 'Style' mentioned in the description, it does not specify what the expected behavior is or what the actual outcome was when trying to find the missing information.
- Context: The title lacks details about which version of Alloy this issue affects, on which platform, and under what conditions.

Step 3: Assess if a developer can understand the full scope from the title alone.
Given only the title, it's unclear whether developers have enough context to fully comprehend the nature or extent of the problem. They would likely need more information about where exactly 'Style' is missing, why it should be there, and how this impacts functionality.

Final Answer: Yes",cd3804246a84cbb8,qwen2.5:14b,0,2026-06-17T15:51:49.776727,project_02,title_only,incompleteness,cot
ISSUE-39218,Move Cloud and CloudPush to Modules namespace,1,1,"Step 1: Analyze what the issue title conveys.
The title ""Move Cloud and CloudPush to Modules namespace"" suggests an action related to refactoring code by moving certain components or functionalities into a different namespace.

Step 2: Determine if the title suggests missing reproduction steps, expected behavior, or context.
- The title does not provide any information on how to reproduce the issue (if it is indeed an issue and not just a task).
- It doesn't specify what the current state is or what the desired outcome should be beyond moving components to another namespace.
- There's no mention of acceptance criteria, affected components, environment details, or expected vs actual behavior.

Step 3: Assess if a developer can understand the full scope from the title alone.
While developers might have some context about the project and its architecture, the title alone does not provide enough information for them to fully understand what needs to be done. It lacks specifics on why this change is necessary, which components are involved, or how it will impact other parts of the system.

Final Answer: Yes",6a43e278eb1f5730,qwen2.5:14b,0,2026-06-17T15:51:54.525696,project_02,title_only,incompleteness,cot
ISSUE-39395,Provides detailed steps to import/run ti.cloud example,0,1,"Step 1: Analyze what the title conveys.
The title ""Provides detailed steps to import/run ti.cloud example"" suggests that it is about providing instructions for importing and running an example related to ti.cloud.

Step 2: Determine if there are missing reproduction steps, expected behavior, or context.
- The title does not provide any information on what the actual issue is. It sounds like a request for documentation rather than reporting an issue.
- There's no mention of expected vs actual behavior which would be necessary to diagnose and fix an issue.
- No environment details or affected components are mentioned.

Step 3: Assess if a developer can understand the full scope from the title alone.
Given that it is asking for detailed steps, it implies there might be some confusion or difficulty in performing these actions. However, without knowing what specific problem or unexpected behavior is encountered, developers cannot fully understand the issue's context and how to resolve it.

Final Answer: Yes",bae90e660645c6fd,qwen2.5:14b,0,2026-06-17T15:51:58.705493,project_02,title_only,incompleteness,cot
ISSUE-39480,Guides: Document offline installation of Appcelerator Platform,0,1,"Step 1: Analyze what the issue title conveys.
The title ""Guides: Document offline installation of Appcelerator Platform"" suggests that there is a need to create documentation for installing the Appcelerator Platform in an offline environment.

Step 2: Determine if the title suggests missing reproduction steps, expected behavior, or context.
- The title does not provide any specific steps on how to reproduce the issue (if it's considered an issue rather than a request).
- It doesn't mention what the expected outcome should be after following these instructions.
- There is no indication of actual behavior that differs from expected behavior.
- No acceptance criteria are mentioned, such as who will review the documentation or when it needs to be completed.

Step 3: Assess if a developer can understand the full scope from the title alone.
While the title gives an idea about what needs to be done (documenting offline installation), it lacks details that would allow a developer to fully understand and execute on this task. For example, there's no mention of which parts of the platform need documentation, whether certain prerequisites are required for offline installation, or if there are any specific challenges in performing an offline installation.

Final Answer: Yes",9e5b02cc08ce61ed,qwen2.5:14b,0,2026-06-17T15:52:03.869806,project_02,title_only,incompleteness,cot
ISSUE-39599,Node.ACS organization support,1,1,"Step 1: Analyze what the title conveys.
The issue title ""Node.ACS organization support"" suggests that there is an issue related to Node.ACS and its interaction with organizations, but it does not provide specific details about the nature of the problem or how to reproduce it.

Step 2: Determine if the title suggests missing information.
- The title lacks clear reproduction steps.
- It doesn't specify expected vs actual behavior.
- There is no acceptance criteria mentioned.
- No affected components are detailed.
- Environment details such as version numbers, operating systems, etc., are not provided.

Step 3: Assess whether a developer can understand the full scope from the title alone.
Given the limited information in the title, it would be challenging for a developer to fully comprehend the issue's nature and how to address it without additional context or details.

Final Answer: Yes",6aee8b1ea1ded886,qwen2.5:14b,0,2026-06-17T15:52:07.859591,project_02,title_only,incompleteness,cot
ISSUE-38337,Create Alloy Framework How-tos page,1,1,"Step 1: Analyze what the title conveys.
The title ""Create Alloy Framework How-tos page"" suggests that there is a need to create documentation for an Alloy Framework, specifically how-to guides.

Step 2: Determine if the title suggests missing information.
- The title does not provide steps on how to reproduce any issue or feature.
- It doesn't specify what expected behavior should be achieved by creating this page.
- There are no acceptance criteria mentioned (e.g., what content needs to be included, who will review it).
- No affected components or environment details are provided.

Step 3: Assess if a developer can understand the full scope from the title alone.
Given only the title, a developer would likely need more information such as:
- What specific how-to guides should be created?
- Which parts of the Alloy Framework do these how-tos cover?
- Who is the target audience for this documentation?

Final Answer: Yes",fc4edd724cbb014c,qwen2.5:14b,0,2026-06-17T15:52:12.081225,project_02,title_only,incompleteness,cot
ISSUE-38517,Create and publish release note for SDK 6.0.2.RC,0,1,"Step 1: Analyze what the issue title conveys.
The title ""Create and publish release note for SDK 6.0.2.RC"" indicates an action to be taken, which is creating and publishing a release note for a specific version of an SDK.

Step 2: Determine if the title suggests missing reproduction steps, expected behavior, or context.
- The title does not provide any information about how to reproduce an issue, what the expected vs actual behavior should be, or acceptance criteria.
- It also lacks details on which components are affected and in what environment this action needs to take place.

Step 3: Assess if a developer can understand the full scope from the title alone.
While the task is clear (creating and publishing release notes), it does not provide enough context for a developer to fully understand all aspects of the work required, such as the content that should be included in the release note or any specific guidelines for creating these documents.

Final Answer: Yes",3f7bf2471f62812c,qwen2.5:14b,0,2026-06-17T15:52:16.439931,project_02,title_only,incompleteness,cot
ISSUE-40653,APIDoc: Ti.UI.orientationModes property should mention Ti.Gesture.orientation,0,1,"Step 1: Analyze what the issue title conveys.
The title ""APIDoc: Ti.UI.orientationModes property should mention Ti.Gesture.orientation"" suggests that there is an omission in the documentation for a specific API property. It indicates that the `Ti.UI.orientationModes` property does not currently reference or include information about the `Ti.Gesture.orientation`.

Step 2: Determine if the title suggests missing reproduction steps, expected behavior, or context.
- The title does not provide any steps to reproduce an issue.
- There is no mention of actual vs. expected behavior.
- It lacks details on how this affects functionality or what acceptance criteria should be met.

Step 3: Assess whether a developer can understand the full scope from the title alone.
While it's clear that there is a documentation omission, the title does not provide enough information for a developer to fully understand the issue. A developer would need additional context such as:
- The current state of `Ti.UI.orientationModes` in the API documentation.
- What specific changes or additions are needed regarding `Ti.Gesture.orientation`.
- Any related components or modules that might be affected.

Final Answer: Yes",6fcd680d99b3ae5c,qwen2.5:14b,0,2026-06-17T15:52:21.485921,project_02,title_only,incompleteness,cot
ISSUE-40413,Link takes you to the wiki creation page,1,1,"Step 1: Analyze what the title conveys.
The issue title ""Link takes you to the wiki creation page"" suggests that there is an unexpected behavior where clicking on a link leads to the wiki creation page instead of its intended destination.

Step 2: Determine if the title suggests missing information.
- The title does not provide steps to reproduce the issue.
- It does not specify what the expected behavior should be (e.g., it should take you to another specific page or perform an action).
- There is no mention of acceptance criteria, affected components, or environment details.

Step 3: Assess if a developer can understand the full scope from the title alone.
Given the limited information in the title, a developer would likely need more context and specifics about the issue to effectively address it. The lack of clear expected behavior and reproduction steps makes it difficult for developers to fully comprehend the problem without additional details.

Final Answer: Yes",a5d095757b2a1b55,qwen2.5:14b,0,2026-06-17T15:52:25.668606,project_02,title_only,incompleteness,cot
ISSUE-40608,Guides: MW overview should reference MW limitations page,0,1,"Step 1: Analyze what the title conveys.
The issue title ""Guides: MW overview should reference MW limitations page"" suggests that there is a guide for MW (likely standing for Middleware) and it currently does not include a reference to a separate page detailing MW limitations.

Step 2: Determine if the title suggests missing reproduction steps, expected behavior, or context.
- The title does not provide any specific steps to reproduce an issue.
- It doesn't describe what the current state is (actual behavior).
- There's no mention of expected behavior after implementing the suggested change.
- No acceptance criteria are mentioned.
- Environment details and affected components are also missing.

Step 3: Assess if a developer can understand the full scope from the title alone.
Given only this title, a developer would likely need more information to fully understand what needs to be done. The title suggests an enhancement or documentation update but lacks specifics on how to implement it or verify its correctness.

Final Answer: Yes",ad256f8ac21c0c6d,qwen2.5:14b,0,2026-06-17T15:52:30.049082,project_02,title_only,incompleteness,cot
ISSUE-40894,APIDoc: Documentation missing for MaskedImage,0,1,"Step 1: Analyze what the title conveys.
The issue title ""APIDoc: Documentation missing for MaskedImage"" indicates that there is a lack of documentation in the API documentation for a component or class named `MaskedImage`.

Step 2: Determine if the title suggests missing reproduction steps, expected behavior, or context.
- The title does not provide any information on how to reproduce the issue.
- It doesn't mention what the expected behavior should be compared to the actual behavior.
- There is no indication of acceptance criteria, affected components, or environment details.

Step 3: Assess if a developer can understand the full scope from the title alone.
Given only this title, a developer would not have enough information to fully understand the issue's context, reproduce it, or know what needs to be done to resolve it. The title is essentially stating that documentation is missing but does not provide details on which parts of `MaskedImage` are undocumented or how they should be documented.

Final Answer: Yes",e9d6b24a86742989,qwen2.5:14b,0,2026-06-17T15:52:34.524274,project_02,title_only,incompleteness,cot
