issue_id,title,ground_truth,prediction,raw_response,prompt_hash,model_version,temperature,timestamp_utc,project,input_mode,task,strategy
ISSUE-2087,CLI error when not specifying module type in module commands is cryptic an not helpful,0,1,"Here's the step-by-step reasoning:

* The issue title clearly describes a specific problem with CLI module commands and mentions a cryptic exception message.
* However, upon closer inspection, the description uses vague language to describe the expected behavior (""fairly cryptic exception"", ""can confuse end users""). It does not specify what exactly is expected from the CLI error message or how it should be improved.
* The issue description also lacks clear context. What are the specific module commands that require a module type? Are there any specific use cases where this error occurs?
* Additionally, the scope of the issue is unclear. Is the goal to improve the exception message itself, or is it to change the behavior of the CLI module commands to handle missing module types differently?
* The description can be interpreted in multiple ways, such as improving the error message, changing the CLI command syntax, or adding additional validation checks.

Final Answer: Yes",a3f8cf27b9a64ba9,llama3.1:8b,0,2026-06-17T09:26:48.685791,project_01,title_desc,ambiguity,few_shot_cot
ISSUE-2338,Error in correlation strategy in aggregator.xml,0,1,"Here's the step-by-step reasoning:

* The issue title mentions ""Error in correlation strategy"", which is specific and indicates that there is a problem with a particular component.
* However, the description of the error is vague - it only shows the corrected value of the attribute, but does not explain why the original value was incorrect or what behavior is expected from this attribute.
* The issue also mentions adding a test to ensure correlation expressions work, which suggests that there may be multiple possible interpretations of how the correlation strategy should behave.
* There is no clear context provided for when and under what conditions the error occurs.
* Overall, while the title is specific, the description lacks clarity and can be interpreted in multiple ways.

Final Answer: Yes",7cbe45945cfa49e9,llama3.1:8b,0,2026-06-17T09:26:51.126556,project_01,title_desc,ambiguity,few_shot_cot
ISSUE-0972,deploy-working-dir is set to to root directory when container is started as service,0,1,"Here's the step-by-step reasoning:

* The issue title clearly states the problem and its context: ""deploy-working-dir is set to root directory when container is started as service"".
* The description provides a detailed stack trace that indicates where the error occurs, which component is involved (GemFire module), and what exception is thrown.
* However, upon closer inspection, I notice that the description does not explicitly state what the expected behavior should be. It only mentions that ""deploy-working-dir"" should be set to a directory writable by the spring-xd user, but it doesn't specify which directory or how it should be configured.
* The issue seems to be focused on resolving the deploy-working-dir path to a writable location, and the description suggests using java.io.tmpdir as a possible solution. However, this is not explicitly stated as the expected behavior, leaving room for interpretation.
* Overall, while the issue has clear context and provides a detailed stack trace, it lacks explicit clarity on what the expected behavior should be, which could lead to multiple interpretations of how to resolve the problem.

Final Answer: Yes",f9a5cd8388aea318,llama3.1:8b,0,2026-06-17T09:26:54.557829,project_01,title_desc,ambiguity,few_shot_cot
ISSUE-2665,Spike to model the cluster nodes.,0,-1,"Here's my step-by-step reasoning:

* The issue title ""Spike to model the cluster nodes"" suggests that the goal is to create a prototype or proof-of-concept for modeling cluster nodes. However, it doesn't specify what exactly needs to be modeled or what the desired outcome is.
* The description provides some context about how cluster nodes advertise themselves and how an admin node creates groups out of them. However, it's not entirely clear what specific problem or requirement this is trying to address.
* The mention of a specific project (https://github.com/spring-projects/spring-data-grid) suggests that the issue may be related to implementing a particular technology or framework for cluster modeling. However, it's not clear how this project relates to the current system or what specific features need to be implemented.
* Upon closer reading, I notice that the description mentions ""deployment of jobs and stream processing"" which implies that there is some kind of data processing or workflow involved. However, the scope of this issue is unclear - is it just about modeling cluster nodes, or is it also about implementing a specific feature related to job deployment?
* Overall, while the issue provides some context and mentions specific technologies, it lacks clear specificity about what needs to be done, how it will be",dd3f8cdd13e3882f,llama3.1:8b,0,2026-06-17T09:26:58.203188,project_01,title_desc,ambiguity,few_shot_cot
ISSUE-1414,Rename metrics repositories setValue(x,1,1,"Here's my analysis:

* The issue title mentions renaming a specific method `setValue(x, y, z)` but the description only talks about making it ""less 'javabean'"" which is subjective and unclear. What does ""less 'javabean'"" mean? Is it about following JavaBean naming conventions or avoiding certain keywords?
* There's no context provided about why this renaming is necessary, what benefits it will bring, or how it will affect the system.
* The scope of the change is also unclear - is it just a simple rename, or are there other implications (e.g. changes to method signatures, dependencies, etc.) that need to be considered?
* The description uses quotes around ""javabean"" which could imply that it's a specific term with a clear meaning, but without further context, it's unclear what the author means by this.
* Overall, the issue seems to lack clarity and specificity, making it difficult to understand what needs to be done.

Final Answer: Yes",df10ab99cd1a64c2,llama3.1:8b,0,2026-06-17T09:27:01.140612,project_01,title_desc,ambiguity,few_shot_cot
ISSUE-0394,Tasks Launcher should be able to record status to a central repository,0,-1,"Here's the step-by-step reasoning:

* The issue title is clear and specific: ""Tasks Launcher should be able to record status to a central repository"". This suggests that the problem is well-defined.
* However, upon reading the description, I notice that it refers to external documents (Google Docs) for further information. While this might seem like a minor issue, it could indicate that the requirements are not fully captured in the issue itself and may require additional context or clarification.
* The description mentions ""the environment (lattice, local)"" and ""the cloud environment"", which suggests that there might be multiple contexts or scenarios to consider. This could lead to ambiguity if not properly clarified.
* Upon closer inspection, I notice that the description refers to specific tables in a database (""task_execution table"") and enumerated states, which implies that the requirements are somewhat technical and may require specialized knowledge to fully understand.
* However, despite these potential complexities, the overall tone of the issue seems clear: it's asking for a specific feature or functionality to be implemented. The language used is not overly vague, and the context is generally well-defined.

Considering these points, I conclude that while there are some minor issues with clarity and specificity, the overall issue is still relatively clear and well-defined. Therefore",337655345c47b902,llama3.1:8b,0,2026-06-17T09:27:04.585569,project_01,title_desc,ambiguity,few_shot_cot
ISSUE-2850,Richer module options metadata,0,0,"Here's my step-by-step reasoning:

* The issue description provides a clear problem statement and proposes a solution, including an example XML representation of the richer model for module options.
* The description also mentions specific benefits of the proposed solution, such as providing help metadata, listing available option names, specifying defaults/computations, and enabling better type checking / combinations / optionality support.
* However, upon closer inspection, I notice that the description is quite lengthy and includes several implementation details, which may make it difficult to understand the core issue without reading through the entire text.
* Additionally, some of the language used in the description is somewhat technical and assumes a certain level of familiarity with the underlying system (e.g. ""PropertySourcesPlaceholderConfigurer"", ""SpEL"", etc.).
* However, I don't see any clear ambiguity or multiple possible interpretations of the issue itself. The problem statement is specific and well-defined.

Final Answer: No",e94c18d544a1c5af,llama3.1:8b,0,2026-06-17T09:27:07.513153,project_01,title_desc,ambiguity,few_shot_cot
ISSUE-0549,Port FTP as s-c-s source module,0,1,"Here's the step-by-step reasoning:

* The issue title mentions ""Port FTP"", but it's unclear what ""FTP"" refers to in this context. Is it a specific module or component? Or is it an acronym for something else?
* The description mentions ""s-c-s source module"", which is also unclear. What does ""s-c-s"" stand for, and what is the scope of this module?
* The issue seems to be related to Spring XD development, but there's no clear context about why this porting is necessary or what benefits it will bring.
* The description mentions using these modules as ""s-c-s modules"", which implies that there are multiple types of modules. However, it's unclear how these new modules will interact with the existing system.
* Overall, the issue lacks clear context and has unclear scope, making it difficult to understand what is being asked.

Final Answer: Yes",9feb6e8842b84c9e,llama3.1:8b,0,2026-06-17T09:27:10.291665,project_01,title_desc,ambiguity,few_shot_cot
ISSUE-2979,Change url to access UI from browser,0,1,"Here's my step-by-step reasoning:

* The issue title is clear and concise, indicating a specific change to be made.
* However, upon reading the description, I notice that it uses vague language such as ""feels messy and dated"", which doesn't provide a clear justification for the proposed change.
* Additionally, the description mentions two different URLs: one with index.html and another without. It's unclear why this is necessary or what the expected behavior should be in each case.
* The issue lacks context about the current implementation, such as how users are currently accessing the UI and what problems they're experiencing.
* Overall, while the issue title suggests a specific change, the description raises more questions than it answers, making it ambiguous.

Final Answer: Yes",8484ffe397d523a0,llama3.1:8b,0,2026-06-17T09:27:12.711454,project_01,title_desc,ambiguity,few_shot_cot
ISSUE-0714,Add Logging to ZooKeeperContainerRepository,0,0,"Here are the 5 steps to determine whether the issue is AMBIGUOUS:

• **Step 1: Identify key elements**: The issue title mentions adding logging to a specific repository class. This suggests that the scope of the issue is relatively clear.

• **Step 2: Analyze the description**: The description provides context about the problem, including a stack trace and a reference to a specific build failure. This helps to clarify the conditions under which the problem occurs.

• **Step 3: Check for vagueness**: The description does not use vague language; instead, it specifies the exact class, method, and line numbers where the issue arises.

• **Step 4: Evaluate scope**: While the issue is focused on a specific repository class, there is no indication that the scope of the issue is unclear or too broad.

• **Step 5: Consider multiple interpretations**: The description provides enough information to understand the problem and its context. There are no obvious ways in which the issue could be interpreted differently.

Final Answer: No",b6b745d644922a96,llama3.1:8b,0,2026-06-17T09:27:15.687767,project_01,title_desc,ambiguity,few_shot_cot
ISSUE-1907,DefaultContainerMatcher - Improve Logging and mention affected Module,0,0,"Here's my step-by-step reasoning:

* The issue mentions a specific class (`DefaultContainerMatcher`) and a specific logging message. This suggests that the context is clear.
* However, the description uses the phrase ""the logging is ambiguous"", which implies that there may be some confusion about what is meant by ""ambiguous"" in this case.
* Upon closer inspection, it appears that the issue is actually complaining about the lack of clarity in the logging message itself. Specifically, it wants to see the affected module mentioned.
* While the issue does mention a specific scenario (deploying a definition with a container match criteria), it's not entirely clear what the expected behavior or outcome should be in this case.
* However, upon further review, I realize that the issue is actually quite specific and well-defined. The problem is that the logging message doesn't include information about the affected module, which could be useful for debugging purposes.

Final Answer: No",d3f78911da42cc87,llama3.1:8b,0,2026-06-17T09:27:18.459112,project_01,title_desc,ambiguity,few_shot_cot
ISSUE-1146,http-client Improvement (userDefinedHeaderPrefix),0,1,"Here's the step-by-step reasoning:

* The issue title mentions ""http-client Improvement"", which is specific and clear about what component is being addressed.
* However, the description uses vague language - it says ""you cannot suppress (or change) the } prefix on user-defined headers"", but doesn't specify what exactly this means or how it's supposed to be fixed. The mention of a Stack Overflow question link also adds ambiguity, as it implies that the issue is related to an external resource rather than being clearly defined within the system.
* There is no clear context provided about when this problem occurs, under what conditions, or what behavior is expected.
* The description seems to imply that there's a specific prefix (""} prefix"") that needs to be suppressed or changed, but it's not clear why this is necessary or how it affects the overall functionality of the system.
* Overall, the issue lacks clear context and has unclear scope, making it difficult to determine what exactly needs to be fixed.

Final Answer: Yes",b8adf81e4223a025,llama3.1:8b,0,2026-06-17T09:27:21.352866,project_01,title_desc,ambiguity,few_shot_cot
ISSUE-3079,Deploy a new job module *after* XD-singlenode container has started.,0,1,"Here's my analysis of the issue:

* The title mentions deploying a new job module after a specific container has started, which gives some context. However, it doesn't specify what exactly needs to be deployed or how it should work.
* The description provides more details about creating a new job with dependencies not already in the parent application context and then running another job that uses the new module. It also includes implementation suggestions and verification steps.
* However, upon closer inspection, I notice that the description is quite verbose and includes multiple unrelated pieces of information (e.g., the GitHub link, the JUnit test case). This makes it difficult to discern what the actual requirements are.
* The description also uses vague language, such as ""create a new job"" without specifying what kind of job or how it should be created. Similarly, ""deploy a new job module"" is not clear about what exactly needs to be deployed.
* Overall, while the issue provides some context and details, its ambiguity stems from the lack of clarity in certain aspects (e.g., what needs to be deployed, how it should work) and the inclusion of unrelated information.

Final Answer: Yes",17cd7eb42de3b27b,llama3.1:8b,0,2026-06-17T09:27:24.616768,project_01,title_desc,ambiguity,few_shot_cot
ISSUE-0367,Spike: Study scope to add support for hdfs commands in shell,0,1,"Here's my step-by-step reasoning:

* The issue title mentions ""Spike: Study scope"", which implies that this is a research or investigation task rather than a specific bug fix. This already raises some red flags about the clarity of the request.
* The description uses vague language, such as ""add support for hadoop commands in shell"". What does it mean to ""add support"" exactly? Are we talking about implementing new functionality, fixing an existing issue, or something else?
* There is no clear context provided. Who is the user that will be using this feature? What are their specific needs and requirements?
* The description mentions a desire to ""query the hadoop file system"", but it's not clear what kind of queries are expected, or under what conditions they would occur.
* Overall, the issue seems to lack specificity and clarity, making it difficult to determine exactly what is being asked for.

Final Answer: Yes",86876912bba4ecc5,llama3.1:8b,0,2026-06-17T09:27:27.438930,project_01,title_desc,ambiguity,few_shot_cot
ISSUE-3374,Documentation for AggregateCounter,0,1,"Here's my step-by-step reasoning:

* The issue title is specific and clear: ""Documentation for AggregateCounter"". This suggests that the problem is well-defined.
* However, upon reading the description, I notice that it mentions adding a section to the Analytics chapter. But what if there are multiple chapters or sections in the documentation? Is this a single, well-defined task?
* The issue also mentions creating an example using the shell to create a tap that uses AggregateCounter. This introduces another layer of complexity: what is the expected behavior of this tap, and how does it relate to AggregateCounter?
* Upon closer inspection, I realize that the description assumes some knowledge about the existing documentation structure, the purpose of AggregateCounter, and the requirements for creating a tap using the shell.
* Given these ambiguities, I conclude that the issue can be interpreted in multiple ways, making it difficult to determine what exactly needs to be done.

Final Answer: Yes",882f8101aee14833,llama3.1:8b,0,2026-06-17T09:27:30.305691,project_01,title_desc,ambiguity,few_shot_cot
ISSUE-0460,First deploy/launch of Pig job that includes yarn-site.xml file fails,0,1,"Here's my step-by-step reasoning:

* The issue title mentions a specific scenario: ""First deploy/launch of Pig job that includes yarn-site.xml file fails"". This provides some context and clarity on what is happening.
* However, the description uses vague language such as ""fails consistently"" without specifying what exactly happens when it fails (e.g. error message, stack trace).
* The issue also mentions a workaround (""un-deploying and re-deploying the job seems to fix the problem""), which suggests that there may be multiple possible causes for the failure.
* There is no clear explanation of what ""XD"" refers to or how it relates to the deployment process. This lack of context makes it harder to understand the issue.
* The description also mentions a specific error message, but it's not entirely clear why this error message is relevant to the problem at hand.

Based on these observations, I would conclude that the issue is ambiguous due to its use of vague language and unclear context.

Final Answer: Yes",319ff848bdff3bc2,llama3.1:8b,0,2026-06-17T09:27:33.233888,project_01,title_desc,ambiguity,few_shot_cot
ISSUE-0456,Refactor Task parsing,0,1,"Here's my step-by-step reasoning:

* The issue title ""Refactor Task parsing"" is clear about the specific component that needs refactoring.
* However, the description mentions a comparison to another component (""streams"") and implies that there are multiple components involved. This could lead to confusion about which components should be refactored.
* The description also uses vague language such as ""a lot of duplication"", which doesn't specify what exactly is duplicated or how much code is affected.
* Additionally, the description mentions removing explicit references to either streams or tasks in common code, but it's unclear what this means and whether it's a necessary part of the refactoring effort.
* Overall, while the issue title is clear, the description lacks specific details about the problem, its scope, and the desired outcome.

Final Answer: Yes",fb35c5ad45c73ea4,llama3.1:8b,0,2026-06-17T09:27:35.719732,project_01,title_desc,ambiguity,few_shot_cot
ISSUE-3038,Add Spring XD Build Plan for Java 8 to Bamboo,0,1,"Here's the step-by-step reasoning:

* The issue title mentions a specific task (""Add Spring XD Build Plan for Java 8 to Bamboo""), which suggests that it is clear what needs to be done.
* However, the description only provides a link to another issue (XD-761) without explaining how this new build plan relates to the existing one or what changes are expected.
* The link provided does not provide enough context about the requirements for the new build plan, such as any specific features or functionality that need to be included.
* Without clear context and scope, it's unclear whether the issue is asking for a simple update or a more significant overhaul of the existing build process.
* Given these ambiguities, it seems likely that the issue could be interpreted in multiple ways.

Final Answer: Yes",87528313061d2326,llama3.1:8b,0,2026-06-17T09:27:38.074930,project_01,title_desc,ambiguity,few_shot_cot
ISSUE-0976,Create a gpload batch job,0,1,"Here's the step-by-step reasoning:

* The issue title is clear and specific: ""Create a gpload batch job"". This suggests that the requestor knows what they want to achieve.
* However, upon reading the description, I notice that the term ""_gpload_ tasklet"" is used. While this might be a technical term familiar to some developers, it's not immediately clear what a ""_gpload_ tasklet"" is or how it differs from other types of batch jobs.
* The description mentions ""ingest data from various sources into GPDB in an efficient manner"", which suggests that the requestor has a specific goal in mind. However, the term ""efficient manner"" is vague and could be interpreted in multiple ways (e.g., faster execution time, reduced memory usage, etc.).
* There's no clear context or scope provided for what constitutes ""various sources"" or how much data needs to be ingested.
* Overall, while the issue title is specific, the description uses some technical jargon and vague language that could lead to multiple interpretations.

Final Answer: Yes",6d60da9f79fcb592,llama3.1:8b,0,2026-06-17T09:27:41.174734,project_01,title_desc,ambiguity,few_shot_cot
ISSUE-1548,Document the configuration of the JobRepository,0,1,"Here's my step-by-step reasoning:

* The issue title is specific and clearly states what needs to be done: documenting the configuration of the JobRepository.
* However, upon reading the description, I notice that it mentions ""various properties"" without specifying which ones. This lack of clarity might lead to confusion about what exactly needs to be documented.
* Additionally, the description mentions two possible locations for the documentation (Application Configuration section or Batch Job section), but it's not clear why these specific sections were chosen and whether they are the only acceptable places for this information.
* The issue does provide a reference to another ticket (XD-2172) which might help clarify some details, but it doesn't directly address what needs to be documented in this particular issue.
* Overall, while the title is clear, the description uses vague language and lacks specific context, making it possible for multiple interpretations of what exactly needs to be done.

Final Answer: Yes",8915af51a59bf2d5,llama3.1:8b,0,2026-06-17T09:27:43.890936,project_01,title_desc,ambiguity,few_shot_cot
ISSUE-1672,Add Basic Auth support,0,0,"Here's my analysis of the issue:

* The title ""Add Basic Auth support"" is clear and concise, indicating a specific feature to be implemented.
* The description provides context from the user's perspective, which helps in understanding the requirement. However, it uses some vague language - what exactly does ""_challenged to provide_"" mean? Is it an error message, a prompt, or something else?
* The technical implementation section is detailed and specific, mentioning the exact dependency to be added, the configuration property, and its default value.
* While the description has some unclear language, the overall context and scope of the issue are clear - we're talking about adding Basic Auth support using Spring Boot security features.

Considering these points, I would say that the issue is not entirely ambiguous. The technical implementation section provides a clear direction on how to implement the feature, which helps mitigate any ambiguity in the description.

Final Answer: No",2723d831243eb861,llama3.1:8b,0,2026-06-17T09:27:46.619282,project_01,title_desc,ambiguity,few_shot_cot
ISSUE-1002,Remove Reactor Stream processor from ref docs to spring-xd-modules,0,-1,"Here's my analysis of the given software issue:

* The title mentions a specific component (""Reactor Stream processor"") and its intended removal from reference documentation. This suggests that the issue is focused on a particular aspect of the system.
* However, the description only states ""Not going to integrate with Reactor for stream processing."" without providing any context or explanation about why this integration was planned in the first place, what benefits it would have brought, or how its removal will impact the system. This lack of context makes it difficult to understand the scope and implications of the change.
* Furthermore, the description does not specify which reference documentation is being updated, or whether there are any specific requirements or constraints that need to be considered during this update.
* The issue seems to imply a change in direction for the project, but it's unclear what triggered this decision, or whether there were any alternatives considered before deciding against integrating with Reactor.

Based on these observations, I conclude that the issue is AMBIGUOUS because:

* It lacks clear context about why the integration was planned and why it's being removed.
* The description does not specify which reference documentation is being updated, or what specific changes are required.
* The scope of the change is unclear, as it's not specified whether",8dd2c1ece8711137,llama3.1:8b,0,2026-06-17T09:27:50.079133,project_01,title_desc,ambiguity,few_shot_cot
ISSUE-0927,Add support to deploy stream in a single container,0,1,"Here's my step-by-step reasoning:

* The issue title is clear and specific: ""Add support to deploy stream in a single container"". This suggests that the requirement is well-defined.
* However, upon reading the description, I notice that it mentions two separate features: deploying a stream in a single container, and building leader election within modules. These are distinct requirements, but they seem to be related to each other.
* The language used in the description is somewhat vague - what does ""colocated"" mean in this context? Is it about physical deployment or logical grouping of components?
* Furthermore, the phrase ""perhaps also consider"" suggests that there might be additional features or requirements that are not clearly defined. This could indicate a lack of clear scope.
* Finally, I notice that the description mentions two different goals: deploying a stream in a single container, and automatically failovering the application from one container to another. These goals seem to be related, but they could also be interpreted as separate requirements.

Based on these observations, I conclude that the issue is ambiguous due to its vague language, unclear scope, and multiple possible interpretations.

Final Answer: Yes",97a88b4e18a3d783,llama3.1:8b,0,2026-06-17T09:27:53.315094,project_01,title_desc,ambiguity,few_shot_cot
ISSUE-0336,[Int Tests] Enhance test coverage for Lattice SPI,0,1,"Here's the step-by-step reasoning:

* The issue title mentions ""Enhance test coverage"", which is a clear goal. However, it doesn't specify what aspects of test coverage need to be enhanced.
* The description uses vague language such as ""continuously evaluate functionalities"" and ""s-c-d developer"". It's unclear what specific features or components are being referred to.
* There is no mention of any specific metrics or targets for the desired level of test coverage. This makes it difficult to determine when the goal has been achieved.
* The issue mentions a CI pipeline, which suggests that there may be some context about how testing is currently done and what tools are in use. However, this information is not explicitly stated.
* Overall, while the issue title is clear, the description lacks specific details and uses language that can be interpreted in multiple ways.

Final Answer: Yes",6af269bee0416b91,llama3.1:8b,0,2026-06-17T09:27:55.979766,project_01,title_desc,ambiguity,few_shot_cot
ISSUE-2604,JobPlugin - Use containsKey when checking for Parameters,0,1,"Here's my analysis:

* The issue title mentions a specific class and method (""JobPlugin"" and ""containsKey""), which suggests that the problem is related to a particular piece of code.
* However, the description only provides a vague instruction (""Use containsKey when checking for Parameters"") without explaining why this is necessary or what the expected outcome should be.
* The description also mentions adding tests, but it's unclear what kind of tests are needed or how they will address the issue at hand.
* There is no context provided about the current behavior of the code, such as any errors or unexpected results that occur when checking for parameters in this way.
* Overall, while the issue title provides some specificity, the description lacks clear context and scope, making it difficult to understand what exactly needs to be done.

Final Answer: Yes",e500fac9f254118c,llama3.1:8b,0,2026-06-17T09:27:58.521785,project_01,title_desc,ambiguity,few_shot_cot
ISSUE-1900,Enable FtpHdfsTest,0,1,"Here's the step-by-step reasoning:

* The issue title is clear and specific: ""Enable FtpHdfsTest"". This suggests that the issue has a well-defined scope.
* However, upon reading the description, it becomes apparent that there are multiple requirements mentioned:
	+ Setting up an FTP server on EC2
	+ Configuring security for the FTP server
	+ Possibly other changes to run the test on EC2
* The description also mentions a specific pull request (https://github.com/spring-projects/spring-xd/pull/1005) and a GitHub link, which may not be relevant to the issue at hand.
* The description lacks clear context about what ""some changes"" means in terms of technical requirements or implementation details.
* Overall, the description uses vague language (""some changes"") and implies multiple tasks that need to be performed, making it unclear how to proceed with resolving the issue.

Final Answer: Yes",8da02507c5f753eb,llama3.1:8b,0,2026-06-17T09:28:01.323072,project_01,title_desc,ambiguity,few_shot_cot
ISSUE-0514,Add PHD HDFS as s-c-s module,0,1,"Here's my step-by-step reasoning:

* The issue title mentions adding PHD HDFS as a s-c-s module, but it's unclear what ""PHD"" stands for and what specific functionality is being added. This suggests that the language used might be vague.
* The description mentions porting something to support another module from XD, which implies that there are multiple components involved (s-c-s, PHD HDFS, XD). However, the relationships between these components are not clearly defined, making it difficult to understand the scope of the issue.
* The description also uses technical jargon (""provider"", ""handling of HDFS dependencies"", ""loaded and available in root CP at runtime""), which might be unfamiliar to non-experts. This could lead to misinterpretation or confusion about what is being asked.
* Upon closer reading, it seems that the issue is asking for advice on how to approach a specific technical problem (porting something to support another module). However, the description does not provide enough context about the current state of the system, the desired outcome, or any relevant constraints.
* Overall, I believe that this issue uses vague language, lacks clear context, and has unclear scope, making it ambiguous.

Final Answer: Yes",858112ef7adbcecc,llama3.1:8b,0,2026-06-17T09:28:04.672795,project_01,title_desc,ambiguity,few_shot_cot
ISSUE-1536,CompositeModuleDefinition should contain more than List<ModuleDefinition>,0,1,"Here's my step-by-step reasoning:

* The issue description mentions ""CompositeModuleDefinition"" and its expected behavior, which suggests a clear context.
* However, the description also uses vague language such as ""more than List<ModuleDefinition>"", which could be interpreted in multiple ways (e.g., what exactly is meant by ""more than""?).
* Additionally, the description proposes creating an intermediate entity between ModuleDefinition and ModuleDescriptor, but it's unclear why this is necessary or how it would address the issue.
* The scope of the change is also unclear - is it just a matter of adding fields to CompositeModuleDefinition, or does it involve more significant changes to the module definition structure?
* Overall, while the description mentions specific classes and entities, its language and proposed solution are ambiguous enough that multiple interpretations are possible.

Final Answer: Yes",5cea6fcd827447ff,llama3.1:8b,0,2026-06-17T09:28:07.312524,project_01,title_desc,ambiguity,few_shot_cot
ISSUE-2545,Provide a clean way to get a reference to the MessageBus running in SingleNodeApplication,0,-1,"Here's my step-by-step reasoning:

* The issue title is clear and specific about what needs to be improved: getting a reference to the MessageBus in SingleNodeApplication.
* However, upon reading the description, I notice that it uses some technical jargon (""Module.getComponent"", ""stream flow control"") without providing any context or explanation for non-experts. This might make it difficult for someone who is not familiar with the codebase to understand what's being asked.
* The issue description also mentions a specific problem (getting a deployed module instance is expensive) and proposes a solution (asking the container for its MessageBus). However, I'm not convinced that this solution is universally applicable or that there might be other ways to achieve the same goal.
* Upon closer reading, I notice that the issue description uses some ambiguous language (""any stream flow control uses the MessageBus directly""). What does ""directly"" mean in this context? Is it a requirement that the MessageBus must be used directly, or is it just one possible way to use it?
* Overall, while the issue title and description are clear about what needs to be improved, I think there might be some ambiguity in the language used and the proposed solution. Therefore, I conclude that this issue is ambiguous.

Final",919c8d09ceaacb1c,llama3.1:8b,0,2026-06-17T09:28:10.698374,project_01,title_desc,ambiguity,few_shot_cot
ISSUE-3424,Final review of REST API structure document for streams,1,1,"Here's my step-by-step reasoning:

* The issue title mentions a specific task (""Final review of REST API structure document""), but the description is somewhat vague. It mentions ""open discussion points"" without specifying what those points are or how they relate to the REST API.
* The description also uses abbreviations (""taps"", ""jobs"") without explaining their meaning in this context, which could lead to confusion about what needs to be reviewed.
* There's no clear indication of what specific aspects of the REST API structure document need review, or what criteria will be used to evaluate the document.
* The issue description doesn't provide any context for why a final review is necessary, such as whether there are upcoming deadlines or stakeholders who need to approve the document.
* Overall, the issue description seems to lack clear scope and specificity, which could lead to multiple interpretations of what needs to be done.

Final Answer: Yes",7ee5d292cb3de566,llama3.1:8b,0,2026-06-17T09:28:13.674229,project_01,title_desc,ambiguity,few_shot_cot
ISSUE-2913,Change default admin port from 8080,0,1,"Here's my analysis:

* The issue title clearly states what needs to be changed: the default admin port from 8080.
* However, the description introduces a new piece of information that is not directly related to the original request: an ""out of the box"" hadoop installation uses 8080 as the 'map reduce shuffle port'. This suggests that there may be other considerations or constraints at play.
* The description also asks for confirmation on whether using 8088 would be acceptable, which implies that there is some uncertainty or ambiguity about what the correct solution should be.
* There is no clear context provided about why this change is necessary, such as any specific requirements or constraints that need to be met.
* Overall, while the issue title is clear and concise, the description introduces ambiguity by introducing new information and asking for confirmation on a potential solution.

Final Answer: Yes",17db16607d97ad2b,llama3.1:8b,0,2026-06-17T09:28:16.257003,project_01,title_desc,ambiguity,few_shot_cot
ISSUE-2866,Find runtime modules by type and/or name,0,1,"Here's my step-by-step reasoning:

* The issue title is clear and specific about what needs to be done: finding runtime modules.
* However, the description uses vague language - ""We need a way to..."" implies that there might be multiple ways to achieve this goal, but it doesn't specify which one is required. Additionally, the phrase ""by module type"" could be interpreted in different ways (e.g., what exactly does ""module type"" mean?).
* The description also mentions finding modules by name, which adds another layer of complexity and potential ambiguity.
* There's no clear context or scope for this requirement - are we talking about a specific use case, a particular part of the system, or something else?
* Overall, while the issue title is clear, the description raises several red flags that suggest it could be interpreted in multiple ways.

Final Answer: Yes",748b19c762acf1e6,llama3.1:8b,0,2026-06-17T09:28:18.873878,project_01,title_desc,ambiguity,few_shot_cot
ISSUE-1470,User wants to package and deploy an XD application,0,1,"Here's my step-by-step reasoning:

* The issue title mentions a specific action (""package and deploy"") but doesn't specify what exactly needs to be deployed or how it should be done.
* The description mentions ""custom modules"", ""stream and job definitions"", and possibly ""specific configuration"", which are vague terms that don't provide clear context.
* There is no mention of any specific requirements, constraints, or conditions under which the deployment should occur.
* The issue also mentions exporting and importing deployable resources, but it's unclear what this means in practice and how it relates to the initial goal of packaging and deploying an XD application.
* Overall, the language used is vague and open-ended, allowing for multiple interpretations of what needs to be done.

Final Answer: Yes",ed2a5e28327a9c3d,llama3.1:8b,0,2026-06-17T09:28:21.240730,project_01,title_desc,ambiguity,few_shot_cot
ISSUE-0697,Create a spark standalone cluster on CI to run spark streaming tests,0,1,"Here's my step-by-step reasoning:

* The issue title mentions creating a Spark standalone cluster on CI to run Spark streaming tests. This gives some context about what is being asked.
* However, the description lacks clarity on what specific requirements or constraints need to be met for this setup. For example, it doesn't specify how many nodes should be in the cluster, what resources are available on the CI environment, or what exactly needs to be done to ""setup"" the Spark standalone cluster.
* The issue also mentions running Spark streaming tests along with local mode, but it's unclear what specific changes need to be made to support this setup. Is it a matter of modifying existing code, adding new configuration files, or something else?
* Furthermore, the description uses somewhat vague language, such as ""setup"" and ""run"", which don't provide enough detail about the specific actions required.
* Overall, while the issue title gives some context, the description lacks clear requirements, constraints, and scope, making it difficult to interpret what exactly needs to be done.

Final Answer: Yes",6f5b7f5bf686e022,llama3.1:8b,0,2026-06-17T09:28:24.223535,project_01,title_desc,ambiguity,few_shot_cot
ISSUE-0518,Port Redis counter as s-c-s sink,0,0,"Here's the step-by-step reasoning:

* The issue title mentions ""Port Redis counter as s-c-s sink"", which suggests a specific technical task. However, I need to examine the description for clarity.
* The description starts with ""As a s-c-s developer..."", which implies that the issue is related to a specific technology stack (s-c-s). This gives me some context, but I still need to check if the language used is clear and unambiguous.
* Upon closer inspection, I notice that the description uses technical terms like ""XD"", ""s-c-s modules"", and ""simple counters"". While these terms are likely familiar to developers in this domain, they may not be universally understood. This could lead to misinterpretation or confusion if not clarified.
* The issue statement also mentions adapting Redis from one system (XD) to another (s-c-s), which implies a change in architecture or infrastructure. However, the description does not provide enough information about the expected outcome, success criteria, or potential edge cases.
* Overall, while the issue title is specific and the context is somewhat clear, the language used in the description is still somewhat technical and may be open to interpretation. Additionally, there are no clear metrics or success criteria mentioned, which could lead to ambiguity in",b01205c030fab473,llama3.1:8b,0,2026-06-17T09:28:27.655128,project_01,title_desc,ambiguity,few_shot_cot
ISSUE-1072,Large number of required options in jdbc sink definition,0,1,"Here's the step-by-step reasoning:

* The issue title mentions a specific component (""jdbc sink definition"") and a specific problem (""Large number of required options"").
* However, upon reading the description, it becomes clear that the user is asking for an exception to be made in the configuration, rather than requesting a change to the underlying code or behavior.
* The description also includes some implementation details (e.g. the need to add certain options) and notes about specific edge cases (e.g. the validatorClassName cannot be empty).
* While the issue is clearly stated, it does not provide enough context for someone else to understand why these exceptions are being requested. Is this a one-time fix or a general configuration change? Are there any security implications?
* The description also uses some vague language (""it seems like some or all of these should not be necessary""), which could lead to different interpretations.

Final Answer: Yes",89515cfad6a66725,llama3.1:8b,0,2026-06-17T09:28:30.471865,project_01,title_desc,ambiguity,few_shot_cot
ISSUE-1097,Temp files for stream create not being cleaned,0,1,"Here's my step-by-step reasoning:

* The issue title is specific and clearly states a problem with temporary files not being cleaned up.
* However, upon reading the description, I notice that it mentions ""During testing for Spring XD for PivotalCF"", which implies that this issue might be specific to a particular environment or configuration. This could lead to ambiguity if the solution is not clear-cut and depends on the specific setup.
* The description also mentions multiple technical details, such as inode limits, file systems, and Java exceptions, which are relevant but might make it harder for someone without expertise in these areas to understand the issue clearly.
* Furthermore, the description does not provide a clear definition of what ""temp files"" refers to or how they should be cleaned up. This lack of clarity could lead to multiple interpretations of the solution.
* Finally, while the description provides some context about the problem's impact (test system failure), it does not specify any specific requirements or constraints that must be met in order to resolve the issue.

Based on these observations, I conclude that the issue is ambiguous due to its lack of clear context and unclear scope. 

Final Answer: Yes",e46f6e8ac1a091bd,llama3.1:8b,0,2026-06-17T09:28:33.739122,project_01,title_desc,ambiguity,few_shot_cot
ISSUE-2832,The HDFS Sink should support compressing files as they are copied,0,1,"Here's the step-by-step reasoning:

* The issue title is clear about what component is affected (HDFS Sink) and what functionality is desired (support for compressing files).
* However, upon reading the description, I notice that it mentions ""Could be text or binary"", which introduces ambiguity. What does this mean? Are we talking about file types, or something else?
* The issue also references two other issues (XD-277 and XD-279), but without providing any context or explanation of how they relate to this issue.
* Furthermore, the description mentions ""third party codecs"" without specifying which ones are supported or what the requirements for support are.
* Finally, the list of initial supported compression formats is provided, but it's unclear why these specific formats were chosen and whether there are other formats that should also be supported.

Based on this analysis, I conclude that the issue is ambiguous due to the lack of clear context, unclear scope, and multiple possible interpretations.

Final Answer: Yes",e4962a4080525d88,llama3.1:8b,0,2026-06-17T09:28:36.672193,project_01,title_desc,ambiguity,few_shot_cot
ISSUE-1088,HDFS StoreMessageHandlers are not very resilient,0,1,"Here are my step-by-step reasoning:

* The issue title mentions ""HDFS StoreMessageHandlers"", which is specific about the component and technology involved. This suggests that the issue has clear context.
* However, the description uses vague language such as ""not very resilient"" to describe the problem. This phrase does not specify what exactly is meant by ""resilient"" in this context.
* The description also mentions a specific scenario where a RemoteException occurs, but it's unclear whether this is the only scenario or if there are other cases that need to be addressed.
* Additionally, the description proposes potential solutions (closing and re-opening the stream or triggering a rollover strategy), which suggests that the issue has multiple possible interpretations.
* Overall, while the issue mentions specific technology and components, the language used to describe the problem is vague and open to interpretation.

Final Answer: Yes",57bd967261c3e8f2,llama3.1:8b,0,2026-06-17T09:28:39.271019,project_01,title_desc,ambiguity,few_shot_cot
ISSUE-0993,XD on Lattice POC,0,1,"Here's my step-by-step reasoning:

* The issue title mentions ""XD on Lattice POC"", which suggests a specific context and project. However, I need to verify if the description provides enough clarity.
* Upon reviewing the description, I notice that it uses technical terms like ""SPI"" (Service Provider Interface) and ""Receptor API"". While these terms are specific, they might not be universally understood by all developers or stakeholders.
* The issue mentions a desire to make the design more generally applicable than Lattice, but it doesn't specify what exactly needs to change or how the current implementation is insufficient. This lack of clarity about the problem statement makes me question the ambiguity of the issue.
* However, I do see that the description provides some context about the project and the specific aspect being worked on (designing a pluggable SPI). This suggests that there might be enough information to understand what needs to be done.
* Upon closer inspection, I notice that the description mentions ""one implementation option"" for the Receptor API. This phrase implies that there are multiple possible implementations, which could lead to different interpretations of how to proceed.

Final Answer: Yes",a8ebdea2b2bf9606,llama3.1:8b,0,2026-06-17T09:28:42.514515,project_01,title_desc,ambiguity,few_shot_cot
ISSUE-3212,Parsing stream definition with parameter containing single quotes not working,0,1,"Here's the step-by-step reasoning:

* The issue title is specific and clearly describes a problem with parsing a stream definition that contains single quotes.
* However, upon reading the description, I notice that it includes a link to an external resource (a GitHub wiki page) without providing any context about why this example is relevant or how it relates to the current issue.
* The description also mentions two different command outputs, which might indicate that there are multiple issues at play here. However, the language used does not clearly distinguish between these different scenarios.
* Furthermore, the description includes a stack trace, but it's not entirely clear what specific part of the stack trace is relevant to the issue at hand.
* Overall, while the title and some parts of the description provide useful information, the lack of clear context, the inclusion of external links without explanation, and the ambiguity around multiple command outputs all contribute to my conclusion that this issue is ambiguous.

Final Answer: Yes",b874807cb8f4e6a8,llama3.1:8b,0,2026-06-17T09:28:45.418010,project_01,title_desc,ambiguity,few_shot_cot
ISSUE-0131,Support partitioning for Kafka even if count == 1,0,1,"Here's my step-by-step reasoning:

* The issue title mentions ""partitioning for Kafka"", which suggests a specific technical context. This is a good start.
* However, the description uses the phrase ""even if count == 1"", which could be interpreted in multiple ways. What does ""count"" refer to? Is it the number of downstream modules, or something else?
* The issue also mentions ""taking advantage of native Kafka partitioning and message ordering support"". This suggests that the developer wants to use a specific feature of Kafka, but it's not entirely clear why this is necessary or what benefits are expected.
* Upon closer reading, I notice that the description uses the phrase ""so that I can..."". This implies a goal or motivation for the change, which could be seen as vague. What exactly does the developer hope to achieve by enabling partitioning even when there's only one downstream module?
* Overall, while the issue title suggests a specific technical context, the description is somewhat ambiguous due to the use of unclear language and multiple possible interpretations.

Final Answer: Yes",c3d14b0fccf29785,llama3.1:8b,0,2026-06-17T09:28:48.421558,project_01,title_desc,ambiguity,few_shot_cot
ISSUE-2806,User should be able to view the list of all the job definitions,0,1,"Here's my step-by-step reasoning:

* The issue title clearly states what functionality is expected: ""User should be able to view the list of all the job definitions"". This provides a clear context and scope for the issue.
* However, upon reading the description, I notice that there are multiple suggestions and questions embedded within it. For example, ""Deployed Jobs?"" and ""Job Instances"" vs ""Runtime Jobs"" suggest that there is some ambiguity in the naming conventions or requirements.
* Additionally, the description mentions several technical details such as REST layer, QueryOptions, and shell command implementation. While these may be relevant to the solution, they also introduce complexity and potential for misinterpretation.
* The use of phrases like ""we can have"" and ""especially"" suggests that there is some flexibility or uncertainty in how the issue should be addressed.
* Overall, while the title provides a clear context, the description introduces multiple sources of ambiguity, including unclear requirements, technical complexities, and potential for misinterpretation.

Final Answer: Yes",eb83326a7061ded9,llama3.1:8b,0,2026-06-17T09:28:51.413204,project_01,title_desc,ambiguity,few_shot_cot
ISSUE-3281,Create proper test coverage for Controllers,0,1,"Here's my analysis:

* The issue title mentions ""Controllers"", which is a specific component of the software. This suggests that the issue has some clear context.
* However, the description only says ""Create proper test coverage for Controllers"" without specifying what kind of test coverage is needed (e.g., unit tests, integration tests), or how much coverage is required (e.g., 80%).
* There's no mention of any specific problems or issues with the current test coverage, which makes it unclear what needs to be done.
* The description doesn't provide any context about the expected behavior, such as what happens if the test coverage is not sufficient.

Based on these points, I conclude that the issue is ambiguous because it lacks clear context and can be interpreted in multiple ways (e.g., how much test coverage is ""proper""?).

Final Answer: Yes",9854589453e4bc85,llama3.1:8b,0,2026-06-17T09:28:54.062312,project_01,title_desc,ambiguity,few_shot_cot
ISSUE-0114,Spring flo issue with unexpected char,0,1,"Here's my analysis:

* The issue title mentions ""Spring flo issue"", which is unclear - what does ""flo"" refer to? Is it a project name, a component, or something else?
* The description mentions an unexpected character when creating a stream in Flo, but doesn't specify what kind of error occurs (e.g. runtime error, compilation error) or under what conditions this happens.
* However, the description does mention that using an asterisk is the specific cause of the issue, which provides some context.
* The attachment of an image might provide additional information about the problem, but it's not clear if the image will clarify the issue or just provide more confusion.

Based on these points, I would say that the issue is ambiguous because:

* It uses vague language (""Spring flo issue"") and lacks a clear component name.
* It doesn't specify what kind of error occurs or under what conditions this happens.
* While it mentions a specific cause (using an asterisk), it's not clear if this is the only possible cause or how to reproduce the issue.

Final Answer: Yes",4398ec4444ba1dc3,llama3.1:8b,0,2026-06-17T09:28:57.152767,project_01,title_desc,ambiguity,few_shot_cot
ISSUE-2819,Create OOTB batch job for export and processing multiple files from HDFS to MongoDB,0,1,"Here's my step-by-step reasoning:

* The issue title is clear and specific about creating an out-of-the-box batch job for export and processing multiple files from HDFS to MongoDB.
* However, upon reading the description, I notice that there are some unclear points. For example, what exactly does ""a TupleToDBObject converter will need to be developed"" mean? Is it a new component, or is it an existing one that needs modification?
* Additionally, the issue mentions that the ItemProcessor will be a no-op groovy script, but what does this mean in practice? What are the expected inputs and outputs of this script?
* The issue also mentions that ""the sample job should be documented"", which seems like a separate task from creating the batch job itself.
* Overall, while the issue title is clear, the description contains some unclear language and assumptions about existing components or processes.

Final Answer: Yes",004c6281a3202036,llama3.1:8b,0,2026-06-17T09:28:59.907886,project_01,title_desc,ambiguity,few_shot_cot
ISSUE-3583,Creating a tap throws an exception,0,1,"Here's the step-by-step reasoning:

* The issue title clearly states what is happening (""Creating a tap throws an exception""), which is good.
* However, the description mentions two different scenarios: one in ""local mode"" and another when using Redis. This could indicate that there are multiple issues at play here, but it doesn't necessarily make the issue ambiguous.
* The description also provides some context about what's happening in each scenario (e.g., a bean definition exception), which is helpful for understanding the problem.
* However, upon closer inspection, I notice that the description mentions two different error messages: one related to a Spring bean definition exception and another related to Redis. This could indicate that there are multiple issues at play here, but it doesn't necessarily make the issue ambiguous.
* The key phrase ""But also fails when using redis"" suggests that the issue is not just about the local mode scenario, but also about the behavior when using Redis. However, this phrase does not provide clear context or scope for what is expected to happen in each scenario.

Final Answer: Yes",4d0cbde17c6a6dbe,llama3.1:8b,0,2026-06-17T09:29:02.985620,project_01,title_desc,ambiguity,few_shot_cot
ISSUE-1320,Upgrade CI Acceptance AMI to HVM,0,1,"Here's my step-by-step reasoning:

* The issue title mentions ""Upgrade CI Acceptance AMI to HVM"", which is specific about what needs to be done. However, I need to examine the description for clarity.
* The description mentions that paravirtual AMIs are being phased out by Amazon and that a HVM-based AMI is needed to utilize VPC and placement groups in the future. This provides context about why the upgrade is necessary.
* However, upon closer inspection, I notice that the description does not specify what exactly needs to be done with the current paravirtual AMI (e.g., update it, replace it entirely, etc.). It also assumes that the reader knows what VPC and placement groups are and how they relate to the upgrade.
* The issue lacks clear scope - it's unclear whether this is a one-time task or an ongoing process. Is the entire CI pipeline affected, or just specific components?
* Overall, while the description provides some context about why the upgrade is necessary, it still uses vague language and assumes prior knowledge of certain concepts.

Final Answer: Yes",0dec04d988e68fc2,llama3.1:8b,0,2026-06-17T09:29:06.153529,project_01,title_desc,ambiguity,few_shot_cot
ISSUE-3683,Sonar build is failing,0,0,"Here's the step-by-step reasoning:

* The issue title is clear and specific: ""Sonar build is failing"". This suggests that the problem is well-defined.
* The issue description includes a link to a specific build failure report on a Sonar server, which provides additional context about the error. However, this link may not be accessible or understandable by everyone who needs to work on the issue.
* Upon reviewing the stack trace provided in the description, it appears that there is a clear and specific error message: ""java.lang.ClassNotFoundException: org.sonar.api.Plugin"". This suggests that the problem is well-defined and can be replicated.
* However, upon closer inspection of the stack trace, I notice that it includes a long list of nested class loading errors. While this provides additional context about the issue, it may also make it harder to understand or reproduce the error without further investigation.

Considering these points, I would conclude that:

Final Answer: No",78e5cafa44fd22b4,llama3.1:8b,0,2026-06-17T09:29:09.023352,project_01,title_desc,ambiguity,few_shot_cot
ISSUE-0297,Port Mail as s-c-s sink,0,1,"Here's the step-by-step reasoning:

* The issue title ""Port Mail as s-c-s sink"" is somewhat unclear. What does ""s-c-s"" stand for? Is it a specific technology or acronym that needs to be looked up?
* The description mentions moving a module from XD to an s-c-s repo, but what exactly is being moved? A code file? A configuration setting? Something else entirely?
* The issue mentions using the module as a ""sink"" in a streaming pipeline. What does this mean in the context of Spring XD and streaming pipelines?
* There's no clear context or background information provided about why this change is needed, what problems it will solve, or how it fits into the larger project goals.
* Overall, while the issue seems to be related to software development, it uses technical jargon that may not be immediately clear to non-experts, and lacks sufficient detail to understand the specific requirements.

Final Answer: Yes",68bf59b0b1879e4a,llama3.1:8b,0,2026-06-17T09:29:11.906337,project_01,title_desc,ambiguity,few_shot_cot
ISSUE-2837,User requires wiki page on how to use the XD EC2 Installer,0,1,"Here's my analysis:

* The issue title mentions a specific user requirement for a wiki page, which is clear and concise.
* However, upon reading the description, I notice that it only mentions adding instructions to the GitHub wiki without specifying what those instructions should cover or how they should be presented.
* There is no context provided about the XD EC2 Installer, such as its purpose, functionality, or any specific issues with its usage.
* The issue does not mention any specific requirements, constraints, or assumptions that need to be considered when creating the wiki page.
* Overall, while the title and description provide some information, they lack clarity on what exactly needs to be done and how it should be done.

Final Answer: Yes",fd422740e0a2296c,llama3.1:8b,0,2026-06-17T09:29:14.197383,project_01,title_desc,ambiguity,few_shot_cot
ISSUE-0692,Document the new analytics tab features,0,1,"Here's my step-by-step reasoning:

* The issue title is clear and specific: ""Document the new analytics tab features"". This suggests that the analyst has a good understanding of what needs to be done.
* However, upon reading the description, I notice that it uses vague language. Instead of specifying exactly which widgets from the streaming pipeline need documentation, it simply mentions ""various widgets"".
* Additionally, there is no clear context provided about how these widgets are used in the analytics tab or what specific features need to be documented.
* The issue also lacks a clear scope: Are we talking about user-facing documentation, developer documentation, or both? What level of detail is required?
* Finally, I can see that this issue could be interpreted in multiple ways. For example, one person might think it's just about documenting the widgets themselves, while another person might believe it's also about explaining how to integrate these widgets with other features.

Final Answer: Yes",1285018f7ed267e0,llama3.1:8b,0,2026-06-17T09:29:17.022372,project_01,title_desc,ambiguity,few_shot_cot
ISSUE-1393,Workaround latest boot snapshot issue,0,1,"Here's the step-by-step reasoning:

* The issue title mentions a ""workaround"", which implies that there is already an existing problem or bug. However, the specific nature of this problem is not clearly stated.
* The description provides some context about what needs to be done: updating spring-core and merging application.yml documents under the spring key. However, it also introduces ambiguity with phrases like ""at least for now"" and references to external issues (spring-projects/spring-boot#2022), which may or may not be relevant.
* The description does not provide a clear explanation of why these changes are necessary or what specific problems they will solve. It seems to be more of a workaround than a solution to a well-defined problem.
* The issue description also uses vague language, such as ""latest boot needs it"" and ""Boot may go back"", which suggests that the requirements are not clearly defined.
* Overall, the issue description lacks clear context, has unclear scope, and can be interpreted in multiple ways.

Final Answer: Yes",c4c835a8313ed319,llama3.1:8b,0,2026-06-17T09:29:19.930066,project_01,title_desc,ambiguity,few_shot_cot
ISSUE-1213,Add test coverage for 'complex objects' as payload,0,1,"Here's my step-by-step reasoning:

* The issue mentions ""complex objects"" as payload, which is vague. What constitutes a complex object? Is it an object with nested variables or a tree of objects? The description doesn't specify.
* The description also uses the phrase ""so that I can evaluate and document the performance characteristics"", but what specific metrics are we talking about? How will we measure performance?
* There's no clear context for what kind of system this is, what protocols are being used, or what specific components need test coverage.
* The term ""protocol buffers"" is mentioned, which suggests a specific technology, but it's not clear if that's the only relevant one.
* Overall, the issue lacks clear scope and can be interpreted in multiple ways.

Final Answer: Yes",18832b7a66dfa724,llama3.1:8b,0,2026-06-17T09:29:22.383300,project_01,title_desc,ambiguity,few_shot_cot
ISSUE-2096,Create documentation section for the shell,0,1,"Here's my analysis:

* The issue title is clear and specific: ""Create documentation section for the shell"". This suggests that the scope of the issue is well-defined.
* However, upon reading the description, I notice that it mentions several related topics, such as:
	+ Representing single and double quotes
	+ Basic commands to manipulate streams, jobs, and list modules
	+ Passing in a file that can be executed when the shell starts up
	+ Pointing to spring-shell ref docs for extensibility
* While these topics are all related to the shell, some of them seem to have different priorities or requirements. For example, ""representing single and double quotes"" might be a minor detail, while ""passing in a file that can be executed when the shell starts up"" seems like a more significant feature.
* The description also uses vague language, such as ""regarding shell usage"", which doesn't provide clear context or scope for the issue.
* Overall, I think this issue is ambiguous because it has unclear scope and multiple related topics that might have different priorities.

Final Answer: Yes",2ad78fe12c8c422c,llama3.1:8b,0,2026-06-17T09:29:25.548394,project_01,title_desc,ambiguity,few_shot_cot
ISSUE-0695,Example hashtag-count MR job fails when running XD on YARN with PHD 3.0,0,1,"Here's the step-by-step reasoning:

* The issue title is specific and mentions a particular job (hashtag-count MR), environment (XD on YARN with PHD 3.0), and error message.
* The description provides a detailed stack trace, which helps to identify the exact problem and its context.
* However, upon closer inspection, I notice that the description does not specify what exactly is failing - is it the job submission, the execution, or something else? This lack of clarity might lead to different interpretations of the issue.
* Additionally, the description mentions that ""Same example jar works fine when submitted from XD cluster"", which implies that there might be some differences between the two environments (Ambari install vs. XD cluster) that are not explicitly stated.

Considering these points, I would conclude that the issue is ambiguous due to the unclear scope and potential for multiple interpretations of the problem.

Final Answer: Yes",f8ee8bd5cb9395cc,llama3.1:8b,0,2026-06-17T09:29:28.609402,project_01,title_desc,ambiguity,few_shot_cot
ISSUE-1859,Investigate deployed module context close upon container shutdown,0,1,"Here's my step-by-step reasoning:

* The issue title mentions a specific context and scenario (""container shutdown""), which suggests that it is not entirely vague.
* However, upon closer inspection, I notice that the description uses some technical terms like ""Stream/JobModuleWatcher"" without providing any clear explanation of what these components are or how they relate to the problem at hand. This lack of clarity could lead to multiple interpretations of the issue.
* The description also mentions two different types of modules (""stream/job modules"") and their respective behaviors, which might indicate that there is some ambiguity in the scope of the issue.
* Upon further review, I realize that the description does not provide any clear information about what specific problem or error occurs when the contexts are closed before the undeployment process. This lack of specificity could lead to multiple possible solutions and interpretations.
* Considering these points, I conclude that the issue is ambiguous due to its unclear scope, vague technical terms, and lack of specificity regarding the problem at hand.

Final Answer: Yes",bfead79b60978f81,llama3.1:8b,0,2026-06-17T09:29:31.571042,project_01,title_desc,ambiguity,few_shot_cot
ISSUE-2486,Add XD deployment for YARN,0,1,"Here's the step-by-step reasoning:

* The issue title mentions ""Add XD deployment for YARN"", which is specific and clear about what needs to be done.
* However, upon reading the description, it becomes apparent that there are multiple components involved: YARN Client, AppMaster implementations, startup config files, shell scripts, and command-line args/env variables. This suggests a lack of clear scope.
* The issue mentions ""Test working on Apache 2.2 distribution"", which implies that the solution should work with this specific version of Apache, but it's not clear if this is a requirement or just an example.
* The description also includes a specific command-line argument (`./xd-yarn-deploy --zipFile /tmp/spring-xd-yarn.zip --config /tmp/spring-xd-yarn.yml`), which suggests that the solution should be able to deploy XD using this particular configuration. However, it's not clear if this is the only way to deploy XD or just one possible way.
* Overall, while the issue title and description provide some context, there are multiple components involved, unclear scope, and specific requirements that may not be universally applicable.

Final Answer: Yes",50ec7216d2151711,llama3.1:8b,0,2026-06-17T09:29:34.834163,project_01,title_desc,ambiguity,few_shot_cot
ISSUE-1473,Document Kafka message bus,0,1,"Here's the step-by-step reasoning:

* The issue title is clear and specific: ""Document Kafka message bus"".
* However, the description uses vague language: ""refer to documentation in wiki"" could mean accessing existing documentation or creating new documentation. It also lacks a clear context for what needs to be documented.
* There is no mention of any specific component, behavior, or condition that requires documentation.
* The issue mentions a recommendation, but it's unclear who made the recommendation and under what circumstances.

Based on these observations, I conclude that the issue is ambiguous because it uses vague language and lacks clear context.

Final Answer: Yes",2ab068ebe5d6f16e,llama3.1:8b,0,2026-06-17T09:29:37.032915,project_01,title_desc,ambiguity,few_shot_cot
ISSUE-1928,Module option validation not happening anymore,0,1,"Here's the step-by-step reasoning:

* The issue title mentions a specific behavior (""Module option validation not happening anymore""), which is good.
* However, the description uses vague language: ""It seems that no option validation... is happening anymore"". This phrase implies uncertainty and doesn't provide clear evidence of the problem.
* Additionally, the description mentions two possible causes (Spring or jsr 303) without specifying which one is relevant to this issue. This lack of clarity makes it difficult to determine the root cause.
* The example provided in the description (""eg stream create foo --definition """"http --port=bar | log"""""") seems to be a specific scenario, but it's not clear whether this is a representative example or just an isolated case.
* Overall, while the issue title provides some context, the description lacks clarity and specificity, making it difficult to understand what exactly is happening.

Final Answer: Yes",305bec4d989059aa,llama3.1:8b,0,2026-06-17T09:29:39.678883,project_01,title_desc,ambiguity,few_shot_cot
ISSUE-2209,Validate existence of batch job at the admin side,0,1,"Here's my step-by-step reasoning:

* The issue title mentions ""Validate existence of batch job at the admin side"", which suggests a specific context and scope. However, I need to examine the description for further clarity.
* Upon reading the description, I notice that it mentions two related but distinct concepts: the batch job repository and the batch job definition in XD (XD likely stands for some system or platform). The issue seems to be about ensuring consistency between these two entities when creating a new job definition.
* However, upon closer inspection, I realize that the description is not entirely clear. It mentions ""a validation"" without specifying what kind of validation is required or how it should work. Additionally, the phrase ""when the batch job repository is updated during the deployment"" suggests that there might be some implicit assumptions about the system's behavior.
* The issue also lacks a clear definition of success or failure criteria. What exactly does it mean for the validation to succeed or fail? Are there any specific error messages or behaviors expected?
* Given these ambiguities, I conclude that the issue is not clearly defined and can be interpreted in multiple ways.

Final Answer: Yes",d19c7c9594f8a53f,llama3.1:8b,0,2026-06-17T09:29:42.833958,project_01,title_desc,ambiguity,few_shot_cot
ISSUE-2118,Stream-lib - analytics operators,0,0,"Here are the 5 steps to determine whether the issue is AMBIGUOUS:

• **Step 1: Identify key elements**: The issue mentions ""Stream-lib"", a specific library, and its intended use in Spring XD's analytics feature-set. This suggests that the issue has some clear context.

• **Step 2: Check for vagueness**: The description does not contain vague language such as ""something is broken"" or ""the app needs to be faster"". Instead, it specifies a particular library and its desired functionality.

• **Step 3: Evaluate scope**: The issue seems to have a clear scope - integrating the specified library into Spring XD's analytics feature-set. There are no unclear boundaries or multiple possible interpretations of what needs to be done.

• **Step 4: Consider multiple interpretations**: While there might be some debate about how exactly to integrate ""stream-lib"" into Spring XD, the issue does not seem to allow for multiple, equally valid interpretations of its requirements.

• **Step 5: Assess overall clarity**: Overall, the issue appears to have a clear and specific description of what needs to be done. The mention of a specific library and its intended use suggests that there is no ambiguity in the requirements.

Final Answer: No",3889f3aca64f6e55,llama3.1:8b,0,2026-06-17T09:29:46.301179,project_01,title_desc,ambiguity,few_shot_cot
ISSUE-1678,Preserve partition state on container restarts,0,1,"Here's my step-by-step reasoning:

* The issue title is clear and specific: ""Preserve partition state on container restarts"". This suggests that the problem is well-defined.
* However, upon reading the description, I notice that it uses some technical jargon (""data partitioning state"", ""_hashCode()_"", etc.) without providing a clear explanation of what these terms mean in this context. This might indicate ambiguity.
* The issue mentions a specific behavior (losing the partitioning strategy on restarts) and proposes a potential solution (deriving the ""partition index"" from container info). However, it's not entirely clear why relying on _hashCode()_ is problematic or how deriving the partition index would solve the issue.
* The description also includes a design consideration that seems to be an afterthought. While this might provide some context, it doesn't necessarily clarify the original problem statement.
* Overall, while the issue title and description are specific, they lack clear context and explanation of technical terms, which could lead to multiple interpretations.

Final Answer: Yes",25421c017f24abd5,llama3.1:8b,0,2026-06-17T09:29:49.331488,project_01,title_desc,ambiguity,few_shot_cot
ISSUE-2005,Paging support for ModuleMetadata/Container repositories,0,1,"Here's my analysis:

* The issue title mentions ""Paging support"" which is a clear requirement. However, I need to check if it's specific enough.
* The description mentions adding paging support for the ""appropriate accessor methods in ModuleMetadata/Container repositories"". This seems clear, but I need to verify that the scope of the change is well-defined.
* Upon closer inspection, I see that the issue doesn't specify which accessor methods are affected or what behavior is expected when using these methods with pagination. This lack of clarity might indicate ambiguity.
* However, the mention of ""ModuleMetadata/Container repositories"" suggests a specific context and scope for the change, which could help mitigate ambiguity.
* Overall, while the issue seems clear in terms of its intent (adding paging support), it lacks specificity regarding the affected methods and behavior, making it potentially ambiguous.

Final Answer: Yes",c4f4121d1167cc0f,llama3.1:8b,0,2026-06-17T09:29:51.973068,project_01,title_desc,ambiguity,few_shot_cot
ISSUE-0138,Upgrade to SHDP 2.2.1.GA,0,1,"Here's the step-by-step reasoning:

* The issue title is clear: it specifies a specific version of SHDP to be upgraded to.
* However, upon reading the description, I notice that there are multiple requirements mentioned:
	+ Leveraging the latest improvements
	+ Avoiding breaking backwards compatibility
	+ Upgrading Spring and Hadoop versions to more recent ones
* The description also mentions ""backported any improvements that we need"", which implies that some features from a newer version (SHDP 2.3.0) are being applied to the older version (SHDP 2.2.1).
* This suggests that there may be multiple ways to interpret what exactly needs to be done, and how the upgrade should be performed.
* The description also lacks clear context about why this specific version is chosen over others, or what specific improvements are expected from the upgrade.

Final Answer: Yes",091180449d6c42ee,llama3.1:8b,0,2026-06-17T09:29:54.758663,project_01,title_desc,ambiguity,few_shot_cot
ISSUE-1267,Add in-memory based Aggregate Field Value Counters,0,1,"Here's the step-by-step reasoning:

* The issue title is specific and clear about what needs to be implemented: in-memory based Aggregate Field Value Counters.
* However, upon reading the description, I notice that it mentions ""Redis based aggregation"" which seems to introduce an additional requirement or assumption. This might indicate a potential ambiguity.
* The scope section provides some context by mentioning porting specs from a previous implementation and identifying gaps. While this is helpful, it's not entirely clear what specific requirements are being referenced or how they relate to the original request.
* Upon closer inspection, I notice that the description mentions ""as we ingest more data"", which implies a specific use case or scenario. However, it's not explicitly stated what kind of data is being ingested or under what conditions this aggregation would occur.
* Overall, while the issue title and some parts of the description are clear, there are enough ambiguities and unclear assumptions (e.g., ""Redis based aggregation"", ""as we ingest more data"") to make me question whether the issue can be interpreted in multiple ways.

Final Answer: Yes",5f540e1e4ab27599,llama3.1:8b,0,2026-06-17T09:29:58.081746,project_01,title_desc,ambiguity,few_shot_cot
ISSUE-2220,Support Groovy bean definitions as XD extensions,0,1,"Here's my analysis of the given software issue:

* The title mentions ""Groovy bean definitions"" and ""XD extensions"", which suggests that the issue is related to a specific technology or framework. However, without further context, it's unclear what XD stands for or what its relationship is with Groovy.
* The description mentions modifying an existing class, PluginContextExtensionsInitializer, but doesn't specify why this modification is necessary or what benefits it will bring.
* There is no mention of any specific requirements, constraints, or assumptions that need to be taken into account when implementing the change.
* The issue can be interpreted in multiple ways - for example, does ""consume"" mean read and process, or simply allow as an option? Is this a new feature or a bug fix?
* Overall, while the issue mentions specific classes and technologies, it lacks clear context and scope, making it difficult to determine what exactly needs to be done.

Final Answer: Yes",b614a68131f0a60a,llama3.1:8b,0,2026-06-17T09:30:00.863757,project_01,title_desc,ambiguity,few_shot_cot
ISSUE-0982,Harmonize poller configuration,0,1,"Here's the step-by-step reasoning:

* The issue title ""Harmonize poller configuration"" is clear and specific about what needs to be done.
* However, upon reading the description, it becomes apparent that there are multiple sources of information: a GitHub conversation, another pull request, and several code files. This could lead to confusion about which context or version of the code is being referred to.
* The description mentions ""PeriodicTriggerMixin"" as a solution, but it's not clear why this mixin should be applied to all modules, or what specific benefits it provides over the existing configuration.
* There are multiple code snippets showing different poller configurations, but it's unclear which one is the desired outcome or how they relate to each other.
* Overall, while the issue title and some parts of the description are clear, the lack of a single, coherent explanation for what needs to be done and why makes it difficult to understand the scope and requirements of the issue.

Final Answer: Yes",907bbda1efb6e6b1,llama3.1:8b,0,2026-06-17T09:30:03.735277,project_01,title_desc,ambiguity,few_shot_cot
ISSUE-3457,Retrieve information for an aggregate counter,0,1,"Here's my step-by-step reasoning:

* The issue title ""Retrieve information for an aggregate counter"" is clear and specific about what needs to be done.
* However, the description mentions a TODO item that refers to another issue (XD-537), which implies that this issue depends on the resolution of XD-537. This could lead to ambiguity if the context of XD-537 is not fully understood or if its resolution does not directly address the requirements of this issue.
* The description also contains subjective opinions and suggestions, such as ""so-called Service layer"" and ""logic would better live in the 'Handler' IMO"", which may be open to interpretation and could lead to different implementation approaches.
* There is no clear definition of what an ""aggregate counter"" is or how it should behave, which could lead to ambiguity if not properly defined.
* The description mentions that REST controllers should depend on XRepository, but it does not specify the requirements for this dependency or how it relates to the retrieval of information for the aggregate counter.

Based on these points, I conclude that the issue is ambiguous due to its dependence on another issue (XD-537), subjective opinions and suggestions, lack of clear definition of key terms, and unclear scope.

Final Answer: Yes",7402c73fb74a8703,llama3.1:8b,0,2026-06-17T09:30:07.157625,project_01,title_desc,ambiguity,few_shot_cot
ISSUE-0753,Spring XD admin fails to redeploy modules after Spring XD container successfully reconnectes to Zookeeper,0,-1,"Here's my step-by-step reasoning:

* The issue title clearly describes the problem: Spring XD admin fails to redeploy modules after Spring XD container successfully reconnects to Zookeeper. This suggests that the issue is specific and well-defined.
* The description provides a detailed scenario, including the versions of Spring XD and Zookeeper being used, the cluster setup in both production and test environments, and steps to reproduce the error. This level of detail suggests that the issue is not vague or ambiguous.
* However, upon closer inspection, I notice that the description mentions ""we have also observed this on two node Spring XD admin cluster"", which implies that there may be multiple scenarios or configurations where the problem occurs. While this does introduce some ambiguity, it's not necessarily a deal-breaker.
* The description also includes a reference to an existing issue (XD-1983) and its resolution (XD-2004), which suggests that there may be some prior knowledge or context that is assumed but not explicitly stated in the current issue. This could potentially introduce some ambiguity for someone who is not familiar with these issues.
* However, upon reviewing the entire description again, I realize that it's actually quite detailed and specific about the problem, its symptoms, and the steps to reproduce it. While",2a5519c1ca774976,llama3.1:8b,0,2026-06-17T09:30:10.877237,project_01,title_desc,ambiguity,few_shot_cot
ISSUE-1005,"Composite Modules should inherit """"xd.*"""" properties",0,1,"Here's the step-by-step reasoning:

* The issue title mentions ""Composite Modules"" and a specific property inheritance problem. This suggests that the issue is related to a specific component or feature.
* However, the description does not specify what properties are being referred to by ""xd.*"". This lack of clarity could lead to multiple interpretations of which properties should be inherited.
* The link provided in the description points to a wiki page about Spring XD modules. While this provides some context, it's still unclear whether the issue is specific to a particular version or configuration of Spring XD.
* There is no mention of any specific requirements, constraints, or goals that the solution must meet. This lack of clear scope could lead to multiple possible solutions.
* The description does not provide enough information to determine what constitutes ""inheriting"" properties in this context. Is it a matter of copying values, overriding defaults, or something else entirely?

Based on these points, I conclude that the issue is ambiguous due to its use of vague language and unclear scope.

Final Answer: Yes",cfe9dd1701f6aad9,llama3.1:8b,0,2026-06-17T09:30:13.996492,project_01,title_desc,ambiguity,few_shot_cot
ISSUE-0247,Move Kafka @Rule to a separate repo,0,1,"Here's my step-by-step reasoning:

* The issue title is clear and specific: ""Move Kafka @Rule to a separate repo"". This suggests that the problem is well-defined.
* However, upon reading the description, I notice that it uses vague language. What does ""s-c-d developer"" mean? Is it a typo or an abbreviation for something?
* Additionally, the description mentions ""kafka}"" which seems to be a typo. It should probably say ""Kafka @Rule"".
* The issue also lacks clear context. Why is moving Kafka @Rule to a separate repo necessary? What are the benefits or consequences of doing so?
* Finally, I'm not sure what ""consume the test fixtures in different projects"" means. Is this a requirement or a goal?

Based on these observations, I conclude that the issue is ambiguous due to its use of vague language and lack of clear context.

Final Answer: Yes",dfe582a35e6d682f,llama3.1:8b,0,2026-06-17T09:30:16.650009,project_01,title_desc,ambiguity,few_shot_cot
ISSUE-2390,Create RPM for distribution,0,1,"Here's the step-by-step reasoning:

* The issue title ""Create RPM for distribution"" is clear and specific.
* However, upon reviewing the description, I notice that it mentions multiple requirements such as:
	+ Package SpringXD into an RPM with a specific install path
	+ Create symlinks to init.d scripts
	+ Support different operating systems (RHEL/CentOS 5 and 6), bit versions (32 and 64 bits), and Java versions (1.6 and 1.7)
* While the description is detailed, it's not entirely clear what the primary goal of this issue is. Is it to create a single RPM package that meets all these requirements, or are there multiple RPM packages needed for each combination of OS, bit version, and Java version?
* The description also mentions ""Support RHEL/CentOS version 5 and 6? (tested on latest updates)"", which implies that the issue is not just about creating an RPM package, but also about testing it on different versions of the operating system.
* Overall, while the description is detailed, its scope appears to be too broad, making it ambiguous.

Final Answer: Yes",81a4a30b910e50f0,llama3.1:8b,0,2026-06-17T09:30:19.844693,project_01,title_desc,ambiguity,few_shot_cot
ISSUE-3476,Add Spring/Integration MBean Exporters to Module ApplicationContexts,1,1,"Here's my analysis of the given software issue:

* The title mentions specific technologies (Spring/Integration) and components (MBean Exporters, Module ApplicationContexts), which suggests that the issue is related to a particular aspect of the system.
* However, the description raises questions about the scope of the change: ""Global option?"" implies that there might be a need for a system-wide configuration, while ""Override for individual modules"" and ""module types?"" suggest that some level of customization or flexibility is required. This ambiguity in scope could lead to multiple interpretations of what needs to be done.
* The description also uses vague language (""Global option?"", ""individual modules"", ""module types""), which can make it difficult to understand the exact requirements or constraints of the issue.
* There is no clear context provided for why this change is needed, such as a specific problem or requirement that it addresses.
* Overall, the description seems to be asking multiple questions rather than stating a clear requirement, which could lead to confusion and misinterpretation.

Final Answer: Yes",966a6493ca5b8030,llama3.1:8b,0,2026-06-17T09:30:22.834850,project_01,title_desc,ambiguity,few_shot_cot
ISSUE-2808,Add documentation for gemfire cache-listener source,0,1,"Here's the step-by-step reasoning:

* The issue title mentions a specific component (""gemfire cache-listener source"") and a related GitHub repository, which provides context.
* However, the description only asks for ""sample usage"" and ""docs"", without specifying what kind of documentation is needed (e.g., user manual, API docs, code comments).
* There's no clear indication of what specific aspects of the component require documentation or what problems the current lack of documentation causes.
* The issue seems to be focused on a specific component, but it lacks clarity around the scope and requirements for the documentation.

Final Answer: Yes",e0bcef5333743d83,llama3.1:8b,0,2026-06-17T09:30:24.943976,project_01,title_desc,ambiguity,few_shot_cot
ISSUE-2171,Add a 'rank' expression to be used by the container matcher,0,0,"Here's the step-by-step reasoning:

* The issue title is clear and specific, indicating a request to add a 'rank' expression to be used by the container matcher.
* However, upon reading the description, I notice that it provides a detailed explanation of how the rank expression works in the HTCondor model, including examples. This suggests that the author has done their research and is familiar with the concept.
* The description also mentions specific details about how the rank expression is evaluated, such as using a higher number to prefer certain machines over others. This provides context and clarity on what is being requested.
* However, I notice that the issue description does not specify any particular requirements or constraints for implementing this feature in the software. For example, it does not mention anything about performance considerations, scalability, or how this feature will be integrated with existing code.
* Despite these omissions, the description provides a clear and concise explanation of what is being requested, and the examples provided help to illustrate the concept.

Final Answer: No",840ded3821d68a7f,llama3.1:8b,0,2026-06-17T09:30:27.894191,project_01,title_desc,ambiguity,few_shot_cot
ISSUE-0332,[Unit Tests] Enhance test coverage for YARN SPI,0,1,"Here's the step-by-step reasoning:

* The issue title mentions ""Enhance test coverage"", which is a clear goal. However, it doesn't specify what aspects of YARN SPI need to be covered.
* The description uses vague language such as ""continuously evaluate functionalities"" and ""s-c-d developer"". It's unclear who or what an ""s-c-d developer"" is, and the phrase ""continuously evaluate functionalities"" could mean different things depending on interpretation.
* There is no clear context for what specific features or components of YARN SPI need to be tested. The description seems to focus more on the process of testing rather than the specifics of what needs to be covered.
* The issue doesn't mention any specific metrics, targets, or baselines for test coverage, making it difficult to determine whether the current level of coverage is sufficient.
* Overall, the issue uses vague language and lacks clear context, which makes it ambiguous.

Final Answer: Yes",82ef4ebd1fee4dac,llama3.1:8b,0,2026-06-17T09:30:30.987290,project_01,title_desc,ambiguity,few_shot_cot
ISSUE-0424,Prevent external libraries from overriding uber-jar dependencies,0,1,"Here's my step-by-step reasoning:

* The issue title is specific and clearly states what the problem is: preventing external libraries from overriding dependencies in the uber-jar.
* However, upon closer inspection of the description, I notice that it uses a vague term ""s-c-d developer"" which doesn't specify who or what this refers to. It's unclear whether this is a typo or an abbreviation for something specific.
* The description also lacks clear context about what exactly happens when external libraries override dependencies in the uber-jar. What are the consequences of this? Are there any specific requirements or constraints that need to be met?
* Additionally, the description uses the phrase ""enforce"", which can be interpreted in multiple ways. Does it mean preventing overrides altogether, or allowing them under certain conditions?
* Overall, while the issue title is clear and specific, the description lacks clarity and context, making it ambiguous.

Final Answer: Yes",ca9bb05e8f48559f,llama3.1:8b,0,2026-06-17T09:30:33.630615,project_01,title_desc,ambiguity,few_shot_cot
ISSUE-0373,Remove hardcoded yarn app version jars,0,1,"Here's the step-by-step reasoning:

* The issue title is specific: ""Remove hardcoded yarn app version jars"". This suggests that the problem is well-defined.
* However, upon reading the description, I notice that it mentions two different requirements: making the version define during a build and allowing to override the location of those files. These are two separate tasks, but they seem to be related to the same issue.
* The description also uses some technical terms like ""yml files"" and ""BUILD-SNAPSHOT.jar"", which might not be familiar to non-technical stakeholders. However, this is not necessarily a problem, as it's clear that the issue is related to configuration management.
* Upon closer inspection, I realize that the description does not provide enough context about what happens if these hardcoded paths are not removed. Are there any downstream effects? What are the consequences of not addressing this issue?
* However, the main concern here is that the description mentions two separate tasks (defining version during build and overriding location) without clearly specifying which one is the primary goal or how they relate to each other.

Final Answer: Yes",a4ff8cf5ac119f1a,llama3.1:8b,0,2026-06-17T09:30:36.892263,project_01,title_desc,ambiguity,few_shot_cot
ISSUE-0586,Replace spring-xd-messagebus-* dependencies with SCS,0,1,"Here's my step-by-step reasoning:

* The issue title is specific and mentions a replacement of dependencies, which suggests that it has a clear scope.
* However, the description uses some vague language, such as ""obsolete/orphaned"" and ""pruning"", which may not be immediately clear to all readers.
* Additionally, the description mentions multiple components (XD 2.0, s-c-s Binder, MB, Admin SPI) without providing a clear explanation of their relationships or how they interact with each other.
* The issue also implies that there are trade-offs involved in replacing the dependencies, such as the impact on integration tests and the need for further refactoring.
* Overall, while the issue has some specific details, it lacks clear context and can be interpreted in multiple ways, particularly regarding the scope of changes required.

Final Answer: Yes",57be1670e32b68b3,llama3.1:8b,0,2026-06-17T09:30:39.769394,project_01,title_desc,ambiguity,few_shot_cot
ISSUE-1621,Create CompositeModuleRegistry,0,1,"Here's my step-by-step reasoning:

* The issue title ""Create CompositeModuleRegistry"" is clear and specific about what needs to be created.
* However, the description mentions that there is no ModuleRegistry contract for composite modules, which implies a requirement or expectation. But it doesn't clearly state what this contract should look like or how it should behave.
* The description also mentions ZooKeeperModuleDefinitionRepository, but it's not clear why this repository needs to be converted to a ModuleRegistry or what benefits this conversion would bring.
* There is no mention of any specific requirements, constraints, or context that might help clarify the scope of the issue.
* Overall, while the issue title is clear, the description uses vague language and lacks clear context, which makes it difficult to understand exactly what needs to be done.

Final Answer: Yes",8d313925113f0895,llama3.1:8b,0,2026-06-17T09:30:42.307955,project_01,title_desc,ambiguity,few_shot_cot
ISSUE-0407,"Add """"module list"""" command",0,1,"Here's my step-by-step reasoning:

* The issue title mentions adding a ""module list"" command, which suggests a specific feature or functionality. However, it doesn't specify what this command should do exactly.
* The description mentions that the user wants to be able to query and list all modules supported within the system. This is still somewhat vague - what does ""query and list"" mean? What information should be displayed?
* There's no clear context or scope for this feature. Is it a high-priority requirement, or can it wait? Are there any specific use cases or scenarios where this command would be particularly useful?
* The description uses some technical terms (e.g. ""s-c-d developer"", ""} shell command""), but they're not clearly defined or explained.
* Overall, the issue seems to lack clear specificity and context, which makes it difficult to understand what exactly is being asked for.

Final Answer: Yes",961ca5dd8bb3232f,llama3.1:8b,0,2026-06-17T09:30:45.033290,project_01,title_desc,ambiguity,few_shot_cot
ISSUE-0597,Remove XML REST Endpoints,0,1,"Here's my analysis of the given software issue:

* The title ""Remove XML REST Endpoints"" is clear and specific about what needs to be done.
* However, the description uses vague language: ""* are not working correctly *"" could mean different things depending on the context. What does it mean for an endpoint to ""not work correctly""? Is it a functional error, a performance issue, or something else?
* The description also mentions that the XML REST endpoints ""interfere with security"", but this is a subjective claim and may not be universally agreed upon.
* Furthermore, the description states that the XML REST endpoints are ""not used"". However, this could be a matter of interpretation - what constitutes ""use""? Is it just about being called by clients, or does it also involve configuration, logging, or other factors?
* Overall, while the title is clear and specific, the description uses vague language and lacks clear context, making it ambiguous.

Final Answer: Yes",8cf4ac52b5c65c93,llama3.1:8b,0,2026-06-17T09:30:47.871080,project_01,title_desc,ambiguity,few_shot_cot
ISSUE-0814,RemoteFileToHadoopTests fails on 1.1.x,0,1,"Here's the step-by-step analysis:

* The issue title clearly states that the problem is with RemoteFileToHadoopTests on the 1.1.x branch.
* The description provides a detailed explanation of what happened: the test was disabled due to a fix, then reactivated and now it's failing on the 1.1.x branch but not on master.
* The stack trace is provided, which shows the exact error message and the line numbers where the error occurs.
* However, upon closer inspection, I notice that the issue description mentions ""recently"" as a timeframe for when the problem surfaced, which could be interpreted in different ways (e.g., how recent is ""recently""?).
* Additionally, the description mentions that the test runs OK on master, but it doesn't specify what exactly is different between the 1.1.x branch and master.

Considering these points, I would say that the issue has some ambiguity due to the vague timeframe (""recently"") and the lack of clear context about what's different between the two branches.

Final Answer: Yes",ff1f87e389597dcb,llama3.1:8b,0,2026-06-17T09:30:51.558386,project_01,title_desc,ambiguity,few_shot_cot
ISSUE-1955,Can't use webhdfs with hdfs sink,0,0,"Here's my analysis:

* The issue title is specific and clearly states a problem with using webhdfs with hdfs sink.
* The description provides details about the error message, including the stack trace, which indicates that there is a clear context for the problem.
* However, the description also mentions a potential solution (adding specific jar files to the xd/lib directory), which could be seen as ambiguous because it implies that the issue might not be with the code itself, but rather with the dependencies or configuration.
* Upon closer inspection, I notice that the error message is quite specific and points to a known issue in Jersey library. This suggests that the problem is well-defined and can be addressed through a specific solution.
* Considering all these factors, I conclude that while there might be some minor ambiguity around the potential solution, the overall description provides sufficient context and clarity about the problem itself.

Final Answer: No",4fd64614f5e608b1,llama3.1:8b,0,2026-06-17T09:30:54.507321,project_01,title_desc,ambiguity,few_shot_cot
ISSUE-2908,Create an easier short-cut for launching adhoc Batch Jobs,0,1,"Here's the step-by-step reasoning:

* The issue title suggests a specific feature or functionality (""Create an easier short-cut""), but the description is more general and open-ended. It mentions current behavior and proposes a ""nice to have"" improvement.
* The description lacks clear context, such as what specific problem it solves, how often it occurs, or what are the expected benefits of the proposed change.
* The issue description also uses vague language (""easier short-cut"", ""simpler way"") without specifying what exactly is meant by these terms. It's unclear whether the goal is to reduce clicks, improve user experience, or something else.
* The description mentions two different approaches (using `stream create` and using an HTTP source), which could indicate multiple possible solutions or interpretations of the issue.
* Overall, the issue lacks clear scope and can be interpreted in multiple ways, making it difficult to determine what exactly is being asked for.

Final Answer: Yes",fdc11cc6ea89be93,llama3.1:8b,0,2026-06-17T09:30:57.280010,project_01,title_desc,ambiguity,few_shot_cot
ISSUE-2746,Add support for Hortonworks Data Platform 2.0,0,1,"Here's my step-by-step reasoning:

* The issue title is clear and specific: ""Add support for Hortonworks Data Platform 2.0"". This suggests that the issue has a well-defined scope.
* However, upon reading the description, I notice that it contains vague language such as ""How hard would it be to add these Distro's in?"" and ""Is it just a matter of dropping in a lib folder...?"". These phrases suggest uncertainty and lack of clear expectations.
* The issue also lacks clear context: what are the specific requirements or constraints for supporting HDP 2.0? What are the expected benefits or outcomes?
* Furthermore, the description contains multiple questions (e.g., ""How hard would it be?"", ""Is it just a matter of..."") that can be interpreted in different ways.
* Finally, while the issue mentions a specific tutorial and sandbox environment, this context is not sufficient to clarify the requirements for supporting HDP 2.0.

Final Answer: Yes",0636cbd57dbd38b8,llama3.1:8b,0,2026-06-17T09:31:00.226076,project_01,title_desc,ambiguity,few_shot_cot
ISSUE-0945,Provide an option for hdfs sink to not use tmp extension,0,1,"Here's my step-by-step reasoning:

* The issue title clearly states a specific requirement for the hdfs sink.
* The description provides context and explains why this feature is useful. It also mentions a potential problem that would require an explicit rename operation without this option.
* However, upon closer inspection, I notice that the description uses the phrase ""Instead we should write using the filename specified directly."" This could be interpreted in multiple ways, such as whether it's referring to writing the file with the original name or generating a new name. 
* Additionally, the description mentions ""Syncable"" writes and the sink failing while the file is open, which might not be immediately clear to someone unfamiliar with these concepts.
* Overall, while the issue title is specific, the description uses language that could be interpreted in multiple ways, making it ambiguous.

Final Answer: Yes",073f2e49ca535b19,llama3.1:8b,0,2026-06-17T09:31:02.884217,project_01,title_desc,ambiguity,few_shot_cot
ISSUE-3110,"Simplify """"instance"""" deployment code",0,1,"Here's my step-by-step reasoning:

* The issue title mentions ""Simplify"" which is a clear goal, but it doesn't specify what exactly needs simplification.
* The description explains the problem with AbstractDeployer and its subclasses, but uses technical terms like ""boilerplate factorization"" that might be unclear to non-experts in this domain.
* However, the description does provide specific examples of classes (Stream, Tap, Job) that are affected by the issue, which gives some context.
* The description also mentions a potential solution (introducing an intermediate class), but it's not clear if this is the only possible solution or if there are other ways to address the problem.
* Overall, while the description provides more information than the examples in Examples 1 and 3, it still lacks clarity on what exactly needs simplification and how to measure success.

Final Answer: Yes",8af604e047d88d7f,llama3.1:8b,0,2026-06-17T09:31:05.489681,project_01,title_desc,ambiguity,few_shot_cot
ISSUE-0623,Change in file source breaks backward compatibility,0,0,"Here's my step-by-step reasoning:

* The issue title mentions ""Change in file source breaks backward compatibility"", which suggests that the problem is related to a specific change made in version 1.2.0.
* However, upon reading the description, I notice that it provides additional context and references (XD-2850 and PR https://github.com/spring-projects/spring-xd/pull/1624) that help clarify the situation.
* The description also mentions specific details about the change made to the file source options (removal of ""ref"" option and introduction of a new ""mode"" option).
* While the description does express some frustration with the approach taken, it is clear that the issue is related to backward compatibility and provides enough context for someone to understand the problem.
* The only potential ambiguity is in the last sentence, where the author expresses regret over not leaving the ""ref"" option in place and emitting a deprecation warning. However, this does not seem to be a critical part of the issue description, but rather an opinion on how things could have been done differently.

Final Answer: No",6d0ced347d15cc49,llama3.1:8b,0,2026-06-17T09:31:08.639956,project_01,title_desc,ambiguity,few_shot_cot
ISSUE-2217,Make transport configuration extensible.,0,1,"Here's the step-by-step reasoning:

• The issue title ""Make transport configuration extensible"" is clear and concise. It specifies a specific requirement.
• However, upon reading the description, I notice that it provides a specific implementation detail (""Change message-bus.xml to read..."") rather than explaining what needs to be done in general terms.
• This implementation detail might be subject to interpretation, as there could be multiple ways to achieve extensibility. For example, is the goal to allow new transports to be added dynamically at runtime, or just to make it easier for users to configure existing transports?
• The description also uses a specific technical term (""classpath*:/META-INF/spring-xd/transports/$-bus.xml"") that might not be familiar to all readers. This could lead to confusion about what exactly needs to be changed.
• Overall, while the issue title is clear, the description provides too much implementation detail and lacks clarity on the underlying requirement.

Final Answer: Yes",ca91643ee0d240ee,llama3.1:8b,0,2026-06-17T09:31:11.487645,project_01,title_desc,ambiguity,few_shot_cot
ISSUE-2661,With Partitioned Jobs,1,1,"Here's my analysis:

* The issue title mentions ""Partitioned Jobs"", which suggests a specific context. However, it doesn't specify what exactly is wrong or what behavior is expected.
* The description mentions wiring two components (""Partitioner"" and ""StepExecutionHandlers"") with another component (""MessageBus""). This implies that the issue is related to integration or configuration of these components.
* However, there's no clear indication of what problem occurs when these components are wired together. Is it an error message, a performance issue, or something else?
* The description also lacks any context about the expected behavior or outcome when these components interact with each other.
* Overall, while the description mentions specific components and their interaction, it doesn't provide enough information to understand what problem needs to be solved.

Final Answer: Yes",699d689aaa2e6b28,llama3.1:8b,0,2026-06-17T09:31:13.996949,project_01,title_desc,ambiguity,few_shot_cot
ISSUE-3656,Create TCP source module,0,1,"Here's my step-by-step reasoning:

* The issue title ""Create TCP source module"" is clear and specific about what needs to be created.
* However, the description mentions that it will be based on an existing SI tcp inbound adapter. This implies that there may be some assumptions or dependencies not explicitly stated in the issue.
* The description also mentions event forwarding and selecting among serialized/deserializer options, which suggests a level of complexity and nuance that might not be immediately clear without additional context.
* Upon closer reading, I notice that the description doesn't specify what exactly needs to be created (e.g. is it a new class, a configuration file, etc.), or how it will interact with other components in the system.
* Overall, while the issue title is clear and specific, the description raises more questions than answers, and could potentially be interpreted in multiple ways.

Final Answer: Yes",1192cee3a3966e95,llama3.1:8b,0,2026-06-17T09:31:16.570561,project_01,title_desc,ambiguity,few_shot_cot
ISSUE-1872,No main manifest attribute in xd-yarn-client jar,0,0,"Here's the step-by-step reasoning:

* The issue title mentions a specific error message (""No main manifest attribute"") and a file name (""xd-yarn-client jar""), which suggests that it is related to a specific component or module.
* However, the description does not provide clear context for what ""Error deploying to YARN"" means. What are the expected deployment steps? What are the possible causes of this error?
* The description also mentions a command line (""$ ./spring-xd-1.0.0.BUILD-SNAPSHOT-yarn/bin/xd-yarn push -p spring-xd-1.0.0.BUILD-SNAPSHOT-yarn"") and a specific version number, which could be relevant to the issue but is not clearly explained.
* The description also mentions ""probably related to boot changes"", which suggests that there may be some underlying change or update that has caused this issue, but it's not clear what those changes are or how they relate to the error.

Based on these points, I would conclude that the issue is ambiguous because:

* It uses vague language (""Error deploying to YARN"" could mean many things)
* Lacks clear context (what does ""deploying to YARN"" entail?)
* Has unclear scope (which",a8749925e15d1d20,llama3.1:8b,0,2026-06-17T09:31:20.019835,project_01,title_desc,ambiguity,few_shot_cot
