issue_id,title,ground_truth,prediction,raw_response,prompt_hash,model_version,temperature,timestamp_utc,project,input_mode,task,strategy
ISSUE-2087,CLI error when not specifying module type in module commands is cryptic an not helpful,0,1,"Let's analyze the issue step by step:

1. The issue provides:
	* A clear description of the problem: CLI error when not specifying module type in module commands.
	* An example of the command that causes the error: 'module display mqtt'.
	* The exception message: java.lang.StringIndexOutOfBoundsException...
2. However, the following essential information is missing:
	* Steps to reproduce the issue (e.g., what are the exact steps to follow to encounter this error?).
	* Expected vs actual behavior (what should happen when a user forgets to specify the module type?).
	* Acceptance criteria (what constitutes a ""non-cryptic"" exception message?).
	* Affected components or environment details (which specific modules, versions, or configurations are affected by this issue?).
3. Without additional information, it's difficult for a developer to act on this issue without asking for more clarification. They may need to ask questions like:
	* Can you provide the exact steps to reproduce this error?
	* What is the expected behavior when a user forgets to specify the module type?

Based on this analysis, I conclude that the issue is INCOMPLETE.

Final Answer: Yes",457330ee65a6a031,llama3.1:8b,0,2026-06-17T09:37:48.091319,project_01,title_desc,incompleteness,cot
ISSUE-2338,Error in correlation strategy in aggregator.xml,0,1,"Let's analyze the issue step by step:

1. The issue title and description provide some context about the problem with the aggregator.xml file, specifically regarding the correlation strategy expression.
2. Upon reviewing the issue, I notice that it is missing essential information such as:
	* Steps to reproduce the error (e.g., what specific actions trigger the issue)
	* Expected vs actual behavior (e.g., what should happen versus what actually happens when the correlation strategy expression is modified)
	* Acceptance criteria (e.g., how will we know if the fix is successful?)
	* Affected components (e.g., which parts of the system are impacted by this change)
	* Environment details (e.g., specific versions, configurations, or settings that might be relevant to the issue)
3. Without additional information, a developer may struggle to understand the root cause of the problem and create an effective fix.

Based on this analysis, I conclude that the issue is INCOMPLETE because it lacks essential information for a developer to act on it effectively.

Final Answer: Yes",008ec865ab9f4410,llama3.1:8b,0,2026-06-17T09:37:51.106866,project_01,title_desc,incompleteness,cot
ISSUE-0972,deploy-working-dir is set to to root directory when container is started as service,0,1,"Let's analyze the issue step by step:

1. The issue provides:
	* A clear description of the problem: `deploy-working-dir` is set to the root directory when Spring XD is started as a service, causing an exception.
	* A stacktrace that indicates where the error occurs and what classes are involved.
	* A suggested solution: setting `deploy-working-dir` to a writable directory (e.g., `java.io.tmpdir`).
2. The essential information missing from this issue is:
	* Steps to reproduce the problem, so a developer can verify the issue and test the proposed solution.
	* Expected behavior vs actual behavior, which would help clarify what's happening when `deploy-working-dir` is set to the root directory.
3. A developer cannot act on this issue without asking for more information because:
	* They need to know how to reproduce the problem to verify that the suggested solution works.
	* They may want to investigate further why `deploy-working-dir` is being set to the root directory in the first place.

Therefore, I conclude that the issue is INCOMPLETE.

Final Answer: Yes",815a851466d131e3,llama3.1:8b,0,2026-06-17T09:37:54.485326,project_01,title_desc,incompleteness,cot
ISSUE-2665,Spike to model the cluster nodes.,0,1,"Let's analyze the issue step by step:

1. The issue title and description provide some context about the problem being addressed, which is to model cluster nodes.
2. Upon reviewing the issue description, I notice that it lacks essential information such as:
	* Steps to reproduce: There are no clear instructions on how to replicate the issue or what specific actions should be taken.
	* Expected vs actual behaviour: The description does not specify what the expected outcome is and how it differs from the current actual behavior.
	* Acceptance criteria: There are no clear criteria for determining whether the solution meets the requirements.
	* Affected components: It's unclear which specific components or modules of the system will be impacted by this change.
	* Environment details: The description does not provide any information about the environment in which this issue is occurring, such as the operating system, version of software, etc.

3. Without additional information, a developer may struggle to understand how to proceed with resolving the issue. They would likely need to ask for more context or clarification before attempting to implement a solution.

Based on this analysis, I conclude that the issue is missing essential information and cannot be considered complete.

Final Answer: Yes",8b31ad3b4f65da3a,llama3.1:8b,0,2026-06-17T09:37:57.919929,project_01,title_desc,incompleteness,cot
ISSUE-1414,Rename metrics repositories setValue(x,1,1,"Let's analyze the issue step by step:

1. The issue title and description provide some context about what needs to be done: renaming a method in a metrics repository.
2. Upon reviewing the issue, I notice that it lacks essential information such as:
	* Steps to reproduce the problem or scenario where this change is needed
	* Expected vs actual behavior (what's wrong with the current ""setValue(x, y, z)"" method?)
	* Acceptance criteria for the renamed method (how will we know if the rename was successful?)
	* Affected components or modules that rely on this method
	* Environment details (e.g., which specific metrics repository is being modified)
3. Without this essential information, a developer would likely need to ask for clarification before attempting to implement the change.

Based on this analysis, I conclude that the issue is missing critical details and cannot be acted upon without further investigation.

Final Answer: Yes",39d16ff3a2d9cd6a,llama3.1:8b,0,2026-06-17T09:38:00.738700,project_01,title_desc,incompleteness,cot
ISSUE-0394,Tasks Launcher should be able to record status to a central repository,0,1,"Let's analyze the issue step by step:

1. The issue provides some key information:
	* A clear description of what needs to be done: Tasks Launcher should record status to a central repository.
	* A reference to an external document that specifies the enumerated state for task states.
2. Upon reviewing the issue, I notice that essential information is missing:
	* Steps to reproduce the problem or scenario where this feature is needed are not provided.
	* Expected behavior vs actual behavior is not clearly described.
	* Acceptance criteria are not specified.
	* Affected components (e.g., specific modules or services) are not mentioned.
	* Environment details (e.g., specific versions of software, hardware configurations) are not provided.
3. Based on the missing information, a developer would likely need to ask for more clarification before acting on this issue.

Therefore, considering the essential information that is missing, I conclude:

Final Answer: Yes",267b36ab33cd39fe,llama3.1:8b,0,2026-06-17T09:38:03.433491,project_01,title_desc,incompleteness,cot
ISSUE-2850,Richer module options metadata,0,0,"Let's analyze the issue step by step:

1. The issue provides some key information:
	* A description of the current implementation and its limitations.
	* A proposed solution, including an XML representation of the richer model for module options.
	* Some benefits of the proposed solution, such as providing help metadata and easy listing of available option names.
2. Upon reviewing the issue, I notice that some essential information is missing:
	* Steps to reproduce the problem or demonstrate the need for a richer model.
	* Expected behavior vs actual behavior (what happens currently and what should happen with the proposed solution).
	* Acceptance criteria (how will we know if the proposed solution meets the requirements?).
	* Affected components (which parts of the system will be impacted by this change?).
	* Environment details (are there any specific environments or configurations where this issue is relevant?).
3. Based on the missing information, a developer would likely need to ask for more clarification before acting on this issue.

Final Answer: No",a4b2537764077766,llama3.1:8b,0,2026-06-17T09:38:06.471965,project_01,title_desc,incompleteness,cot
ISSUE-0549,Port FTP as s-c-s source module,0,1,"Let's analyze the issue step by step:

1. The issue title and description provide some context about what the reporter wants to achieve: porting certain modules from Spring XD to another repository.
2. Upon reviewing the issue, I notice that it lacks essential information such as:
	* Steps to reproduce the desired outcome (e.g., how to use the ported modules in a streaming pipeline).
	* Expected vs actual behavior (what should happen when using the ported modules?).
	* Acceptance criteria (what conditions must be met for the porting effort to be considered successful?).
	* Affected components or environment details (which specific components or environments will be impacted by this change?).
3. Without more information, a developer may struggle to understand what needs to be done and how to verify that the issue is resolved.

Based on this analysis, I conclude that the issue is missing essential information.

Final Answer: Yes",e3c5b707c78bb11e,llama3.1:8b,0,2026-06-17T09:38:09.230118,project_01,title_desc,incompleteness,cot
ISSUE-2979,Change url to access UI from browser,0,1,"Let's break down the issue step-by-step:

1. The key information provided in this issue is:
	* Current URL: http://localhost:8080/admin-ui/index.html
	* Desired change: to access the UI without explicitly including index.html, like this: http://localhost:8080/admin-ui
2. Essential information that is missing:
	* Steps to reproduce the current behavior (e.g., how to access the UI with the current URL)
	* Expected vs actual behavior (what exactly is ""messy and dated"" about the current URL?)
	* Acceptance criteria (what are the specific requirements for accessing the UI without index.html?)
	* Affected components (which parts of the system will be impacted by this change?)
	* Environment details (e.g., what browsers or devices should be tested?)
3. Can a developer act on this issue without asking for more information? No, because they would need to clarify several aspects before implementing the change.

Final Answer: Yes",1d9a771ebedd863a,llama3.1:8b,0,2026-06-17T09:38:12.168750,project_01,title_desc,incompleteness,cot
ISSUE-0714,Add Logging to ZooKeeperContainerRepository,0,1,"Let's analyze the issue step by step:

1. Key information provided:
	* The issue title clearly states what needs to be done: ""Add Logging"" to specific classes.
	* The description provides a stacktrace and a link to a build failure, which suggests that the problem is related to a CI test build failure.
2. Essential information missing:
	* Steps to reproduce the issue are not provided. It's unclear how to trigger the error or what conditions lead to it.
	* Expected vs actual behavior is not explicitly stated. What should happen when the cache is closed, and why does the ""cache not initialized"" message appear?
	* Acceptance criteria are not mentioned. How will we know if the logging has been successfully added and is working as expected?
	* Affected components are partially identified (ZooKeeperContainerRepository), but it's unclear what other classes or modules might be involved.
	* Environment details are not provided. What version of Spring XD, ZooKeeper, or other dependencies are being used?
3. Can a developer act on this issue without asking for more information? No, the lack of reproduction steps and expected behavior makes it difficult to determine if the proposed solution will actually fix the problem.

Final Answer: Yes",fe59437176736a12,llama3.1:8b,0,2026-06-17T09:38:15.643808,project_01,title_desc,incompleteness,cot
ISSUE-1907,DefaultContainerMatcher - Improve Logging and mention affected Module,0,1,"Let's analyze the issue step by step:

1. The issue provides:
	* A clear description of the problem
	* A specific scenario where the logging is ambiguous
	* A mention of the affected module (DefaultContainerMatcher)
2. However, the following essential information is missing:
	* Steps to reproduce the issue (e.g., how to deploy a definition with container match criteria specified)
	* Expected vs actual behavior (what should happen when no containers match the criteria?)
	* Acceptance criteria (what are the desired outcomes for this improvement?)
	* Environment details (which environment(s) is this issue relevant to?)
3. Without additional information, it's difficult for a developer to fully understand the context and requirements of the issue. They may need to ask questions or seek clarification before acting on the issue.

Therefore, based on the analysis:

Final Answer: Yes",b16afb5931a6caa3,llama3.1:8b,0,2026-06-17T09:38:18.302050,project_01,title_desc,incompleteness,cot
ISSUE-1146,http-client Improvement (userDefinedHeaderPrefix),0,1,"Let's analyze the issue step by step:

1. The issue title and description provide some context about the problem with user-defined headers in the http-client.
2. Upon reviewing the issue, I notice that it is missing essential information such as:
	* Steps to reproduce the issue (e.g., how to configure the http-client to demonstrate the problem)
	* Expected vs actual behavior (e.g., what happens when a user-defined header is added with a prefix)
	* Acceptance criteria (e.g., what constitutes a successful fix for this issue)
	* Affected components or environment details (e.g., which specific version of the http-client or operating system is affected)
3. Without these essential pieces of information, it would be challenging for a developer to act on this issue without asking for more clarification.

Therefore, based on the analysis, I conclude that the issue is INCOMPLETE.

Final Answer: Yes",8937b8d97e8e0876,llama3.1:8b,0,2026-06-17T09:38:21.026686,project_01,title_desc,incompleteness,cot
ISSUE-3079,Deploy a new job module *after* XD-singlenode container has started.,0,0,"Let's analyze the issue step by step:

1. Key information provided:
	* The issue title clearly states what needs to be done.
	* The issue description provides some context and implementation suggestions, including a link to a GitHub repository with sample code.
	* There is also a section on ""How to verify it works"", which describes the steps to test the new job module.
2. Essential information missing:
	* Steps to reproduce: While there are some general instructions on how to create and run a new job, they are not specific enough to be considered complete reproduction steps.
	* Expected vs actual behaviour: The issue description does not clearly state what is expected to happen when the new job module is deployed after the XD-singlenode container has started.
	* Acceptance criteria: There is no clear statement of what constitutes success or failure in this scenario.
	* Affected components: While it's mentioned that the ModuleRegistry will pick up the new dependencies, there is no explicit mention of which components are affected by this change.
	* Environment details: The issue description assumes a specific environment (e.g., test tree) but does not provide any information about the production environment or how this change might impact it.
3. Can a developer act on this issue",5afc5c2efe91b072,llama3.1:8b,0,2026-06-17T09:38:24.554653,project_01,title_desc,incompleteness,cot
ISSUE-0367,Spike: Study scope to add support for hdfs commands in shell,0,1,"Let's break down the issue step by step:

1. The key information provided in this issue is:
	* A brief description of what the developer wants to achieve: add support for hadoop commands in shell.
	* The goal is to query the hadoop file system, which implies a specific use case or requirement.
2. Essential information that is missing includes:
	* Steps to reproduce the desired functionality (e.g., how to trigger the hadoop command in the shell).
	* Expected vs actual behavior: what should happen when the developer uses the hadoop command in the shell?
	* Acceptance criteria: what specific conditions or outcomes would indicate that the feature is working as expected?
	* Affected components: which parts of the system will be impacted by this change (e.g., specific modules, APIs)?
	* Environment details: under what circumstances should the developer test the new functionality (e.g., specific versions of software, hardware configurations)?
3. Without additional information, a developer may struggle to act on this issue without asking for more context or clarification.

Based on these observations, I conclude that the issue is missing essential information, making it INCOMPLETE.

Final Answer: Yes",d3eb57ffe4a8880d,llama3.1:8b,0,2026-06-17T09:38:27.897589,project_01,title_desc,incompleteness,cot
ISSUE-3374,Documentation for AggregateCounter,0,1,"Let's break down the issue step-by-step:

1. The key information provided in this issue is:
	* Issue Title: Documentation for AggregateCounter
	* Issue Description: Add section to Analytics chapter on use of AggregateCounter. The example should show the use of the shell to create the tap that uses the AggregateCounter.
2. Essential information missing from this issue includes:
	* Steps to reproduce (how to create a tap using the AggregateCounter)
	* Expected vs actual behaviour (what is the desired outcome of using the AggregateCounter?)
	* Acceptance criteria (what are the conditions for considering the documentation complete?)
	* Affected components (which specific components or modules will be impacted by this change?)
	* Environment details (in which environment(s) will this documentation be used?)
3. Without additional information, a developer may struggle to understand how to implement the requested changes, and may need to ask for clarification before acting on the issue.

Based on these observations, I conclude that the issue is missing essential information, making it INCOMPLETE.

Final Answer: Yes",701d07ce4327ed54,llama3.1:8b,0,2026-06-17T09:38:31.005314,project_01,title_desc,incompleteness,cot
ISSUE-0460,First deploy/launch of Pig job that includes yarn-site.xml file fails,0,1,"Let's analyze the issue step by step:

1. The issue provides:
	* A clear problem statement: ""Deploying and launching a Pig job that contains a yarn-site.xml config file fails...""
	* An error message: ""...Error: Could not find or load main class org.apache.hadoop.mapreduce.v2.app.MRAppMaster""
	* A workaround: ""Un-deploying and re-deploying the job seems to fix the problem.""
2. The essential information missing is:
	* Steps to reproduce the issue (e.g., how to deploy and launch the Pig job, what specific actions trigger the error)
	* Expected behavior vs actual behavior (what should happen when deploying a Pig job with a yarn-site.xml file?)
	* Acceptance criteria (what conditions must be met for the deployment to be considered successful?)
	* Affected components (which specific components or services are impacted by this issue?)
	* Environment details (e.g., what version of Hadoop, Pig, and other relevant software is being used?)
3. Without additional information, a developer may struggle to reproduce the issue, understand the root cause, or verify that their fix addresses the problem.

Final Answer: Yes",49b7231136b46b2d,llama3.1:8b,0,2026-06-17T09:38:34.311020,project_01,title_desc,incompleteness,cot
ISSUE-0456,Refactor Task parsing,0,1,"Let's break down the issue step-by-step:

1. The key information provided in this issue includes:
	* A description of the current implementation (DSL parsing for tasks is a copy and paste of what it is for streams)
	* An explanation of the problem (duplication and explicit references to either streams or tasks in common code)
	* A proposed solution (refactoring to remove duplication)
2. Upon reviewing the issue, I notice that essential information such as:
	* Steps to reproduce the issue
	* Expected vs actual behavior
	* Acceptance criteria
	* Affected components
	* Environment details
are missing.
3. Without additional context or clarification, a developer may struggle to understand how to act on this issue. They would need more information about what specific changes are required and how they should be implemented.

Based on the analysis, I conclude that the issue is INCOMPLETE because it lacks essential information for a developer to take action.

Final Answer: Yes",5a7273a280c70ddf,llama3.1:8b,0,2026-06-17T09:38:37.268731,project_01,title_desc,incompleteness,cot
ISSUE-3038,Add Spring XD Build Plan for Java 8 to Bamboo,0,1,"Let's analyze the issue step by step:

1. The issue title and description provide some context about the dependency of another issue (XD-761) and a link to it.
2. Upon reviewing the essential information that is typically required for an issue, I notice that:
	* Steps to reproduce are missing.
	* Expected vs actual behavior is not described.
	* Acceptance criteria are not specified.
	* Affected components are not mentioned.
	* Environment details (e.g., specific versions of software or hardware) are not provided.

3. Without the necessary information, a developer would likely need to ask for clarification before attempting to resolve the issue.

Based on this analysis, I conclude that the issue is missing essential information and cannot be acted upon without further clarification.

Final Answer: Yes",4268dd4c0d3bfd85,llama3.1:8b,0,2026-06-17T09:38:39.735575,project_01,title_desc,incompleteness,cot
ISSUE-0976,Create a gpload batch job,0,1,"Let's break down the issue step by step:

1. The key information provided in this issue is:
	* A brief description of what the user wants to achieve: create a gpload batch job.
	* A vague mention of ingesting data from various sources into GPDB, but no specific details on how or why.
2. Upon reviewing the issue, I notice that essential information is missing:
	* Steps to reproduce the desired functionality are not provided.
	* Expected vs actual behavior is not described.
	* Acceptance criteria for what constitutes a successful creation of the gpload batch job are not specified.
	* Affected components (e.g., specific modules or systems) are not mentioned.
	* Environment details (e.g., specific versions, configurations) are not provided.
3. Based on this analysis, I conclude that a developer would likely need to ask for more information before acting on this issue.

Final Answer: Yes",13e2a1a21b1cf1f3,llama3.1:8b,0,2026-06-17T09:38:42.535300,project_01,title_desc,incompleteness,cot
ISSUE-1548,Document the configuration of the JobRepository,0,1,"Let's break down the issue step-by-step:

1. The key information provided in this issue is:
	* A reference to an existing issue XD-2172
	* A mention of a custom BatchConfigurer and its purpose
	* A suggestion for where the documentation should be placed (Application Configuration section or Batch Job section)
2. Essential information that is missing includes:
	* Steps to reproduce the issue (if any)
	* Expected vs actual behavior (what's supposed to happen vs what's happening now)
	* Acceptance criteria (what constitutes a successful fix)
	* Affected components (which parts of the system are impacted)
	* Environment details (where this issue occurs, e.g., specific versions or configurations)
3. A developer cannot act on this issue without asking for more information because:
	* They don't know what they're supposed to do with the custom BatchConfigurer
	* They can't reproduce the issue or understand its impact without further context

Based on these observations, I conclude that the issue is INCOMPLETE.

Final Answer: Yes",76695ad824a07e01,llama3.1:8b,0,2026-06-17T09:38:45.624927,project_01,title_desc,incompleteness,cot
ISSUE-1672,Add Basic Auth support,0,1,"Let's analyze the issue step by step:

1. The issue provides some key information:
	* A clear description of the desired functionality (Basic Auth support)
	* Technical implementation details, including the dependency to add and the configuration property
2. However, upon closer inspection, we can see that essential information is missing:
	* Steps to reproduce: How will a user trigger this feature? What specific actions should they take?
	* Expected vs actual behaviour: What exactly does the developer expect to happen when Basic Auth is enabled or disabled?
	* Acceptance criteria: What conditions must be met for this feature to be considered complete and functional?
	* Affected components: Which parts of the system will be impacted by this change?
	* Environment details: Are there any specific environment variables, configurations, or dependencies that need to be taken into account?
3. Without these essential pieces of information, a developer may struggle to implement the feature correctly or even understand what is being asked of them.

Therefore, based on our analysis, I conclude:

Final Answer: Yes",90b924da88156b68,llama3.1:8b,0,2026-06-17T09:38:48.715491,project_01,title_desc,incompleteness,cot
ISSUE-1002,Remove Reactor Stream processor from ref docs to spring-xd-modules,0,1,"Let's analyze the issue step by step:

1. The issue title and description provide some context about the problem: removing a Reactor Stream processor from reference documentation.
2. Upon reviewing the issue, I notice that it lacks essential information such as:
	* Steps to reproduce the issue (e.g., how to trigger the removal of the Reactor Stream processor).
	* Expected vs actual behavior (e.g., what should happen when the processor is removed).
	* Acceptance criteria (e.g., what conditions must be met for the removal to be considered successful).
	* Affected components or environment details (e.g., which specific modules, versions, or configurations are impacted).
3. Without this essential information, a developer may struggle to understand the context and requirements of the issue, making it challenging to act on the problem without asking for more clarification.

Based on this analysis, I conclude that the issue is missing critical information, making it INCOMPLETE.

Final Answer: Yes",db9ba3d8b195acff,llama3.1:8b,0,2026-06-17T09:38:51.625713,project_01,title_desc,incompleteness,cot
ISSUE-0927,Add support to deploy stream in a single container,0,1,"Let's break down the issue step-by-step:

1. The key information provided in this issue includes:
	* A clear description of the desired functionality
	* A potential additional feature to consider (leader election and failover)
2. Upon reviewing the issue, I notice that essential information is missing:
	* Steps to reproduce the current deployment process or the specific problem being addressed
	* Expected behavior vs actual behavior (what happens currently when deploying a stream?)
	* Acceptance criteria for what constitutes successful deployment of a stream in a single container
	* Affected components (which modules, services, or systems are impacted by this change)
	* Environment details (e.g., specific containerization platform, cloud provider, or on-premises setup)
3. Without the missing information, it's challenging for a developer to fully understand the context and requirements of the issue. They may need to ask follow-up questions or seek additional clarification before acting on this request.

Considering these points, I conclude that the issue is INCOMPLETE due to the lack of essential details.

Final Answer: Yes",ba2ebf717e53bdcd,llama3.1:8b,0,2026-06-17T09:38:54.731091,project_01,title_desc,incompleteness,cot
ISSUE-0336,[Int Tests] Enhance test coverage for Lattice SPI,0,1,"Let's break down the issue step-by-step:

1. The key information provided in this issue is:
	* A brief description of what the issue is about: enhancing integration test coverage for Lattice SPI.
	* The role of the person who submitted the issue: a s-c-d developer (which seems to be an abbreviation, but it's unclear what it stands for).
2. Upon reviewing the issue, I notice that essential information is missing:
	* Steps to reproduce the issue are not provided. It's unclear how to test or evaluate the current integration test coverage.
	* Expected vs actual behavior is not described. What specific functionalities need to be tested, and what are the expected outcomes?
	* Acceptance criteria are not specified. What constitutes ""enhanced"" test coverage, and how will it be measured?
	* Affected components are not mentioned. Which parts of the system or codebase will be impacted by this change?
	* Environment details are not provided. In which environment (e.g., development, staging, production) should these tests be run?
3. Based on the missing information, a developer would likely need to ask for more clarification before acting on this issue.

Final Answer: Yes",d2ee3ad36a3614d4,llama3.1:8b,0,2026-06-17T09:38:58.103261,project_01,title_desc,incompleteness,cot
ISSUE-2604,JobPlugin - Use containsKey when checking for Parameters,0,1,"Let's analyze the issue step by step:

1. The issue title and description provide some context about the problem with the JobPlugin code.
2. Upon reviewing the issue, I notice that it is missing essential information such as:
	* Steps to reproduce the issue
	* Expected vs actual behavior (what happens when using containsKey instead of checking for Parameters)
	* Acceptance criteria (what constitutes a successful fix)
	* Affected components or environment details
3. Without this crucial information, a developer may struggle to understand the context and requirements of the issue, making it challenging to act on the issue without asking for more clarification.

Based on this analysis, I conclude that the issue is missing essential information, which makes it INCOMPLETE.

Final Answer: Yes",2eb117f1327eff09,llama3.1:8b,0,2026-06-17T09:39:00.601494,project_01,title_desc,incompleteness,cot
ISSUE-1900,Enable FtpHdfsTest,0,1,"Let's analyze the issue step by step:

1. The issue title and description provide some context about the FtpHdfsTest being added but excluded due to requirements for running it on ec2.
2. Upon reviewing the issue, I notice that:
	* Steps to reproduce are not provided.
	* Expected vs actual behavior is not explicitly stated.
	* Acceptance criteria are not mentioned.
	* Affected components (e.g., specific classes or modules) are not identified.
	* Environment details (e.g., specific versions of software or hardware requirements) are not specified.

Given this analysis, I conclude that the issue is missing essential information to allow a developer to act on it without asking for more clarification.

Final Answer: Yes",e3a1dc10c74e3036,llama3.1:8b,0,2026-06-17T09:39:02.979108,project_01,title_desc,incompleteness,cot
ISSUE-0514,Add PHD HDFS as s-c-s module,0,1,"Let's break down the issue step-by-step:

1. The key information provided in this issue includes:
	* A vague goal of porting something as an s-c-s module
	* A mention of HDFS dependencies and their handling
2. Essential information that is missing includes:
	* Steps to reproduce the problem or scenario (e.g., what specific actions need to be taken)
	* Expected vs actual behavior (e.g., what should happen, but doesn't, when trying to port this module)
	* Acceptance criteria (e.g., what conditions must be met for the issue to be considered resolved)
	* Affected components or modules (e.g., which specific parts of the system are impacted by this issue)
	* Environment details (e.g., specific configurations, versions, or settings that might affect the issue)
3. Without additional information, a developer would likely struggle to understand the context and requirements of the issue, making it difficult to act on it without asking for more clarification.

Based on these observations, I conclude that this issue is INCOMPLETE due to the lack of essential information.

Final Answer: Yes",fa6b94ca0d194c66,llama3.1:8b,0,2026-06-17T09:39:06.189019,project_01,title_desc,incompleteness,cot
ISSUE-1536,CompositeModuleDefinition should contain more than List<ModuleDefinition>,0,1,"Let's analyze the issue step by step:

1. The issue provides some key information:
	* A specific class or component (CompositeModuleDefinition) is mentioned.
	* A requirement is stated: it should contain more than just a list of ModuleDefinitions.
	* An idea for a solution is proposed: creating an intermediate class between ModuleDefinition and ModuleDescriptor.
2. Upon reviewing the issue, I notice that some essential information is missing:
	* Steps to reproduce the problem or scenario are not provided.
	* Expected vs actual behavior is not described.
	* Acceptance criteria are not specified.
	* Affected components (beyond CompositeModuleDefinition) are not mentioned.
	* Environment details (e.g., specific versions of software, hardware configurations) are not provided.
3. Based on the missing information, a developer would likely need to ask for clarification or additional details before acting on this issue.

Therefore, considering the absence of essential information such as reproduction steps, expected behavior, acceptance criteria, affected components, and environment details, I conclude that:

Final Answer: Yes",75ba5cd2b8725ea3,llama3.1:8b,0,2026-06-17T09:39:09.364672,project_01,title_desc,incompleteness,cot
ISSUE-2545,Provide a clean way to get a reference to the MessageBus running in SingleNodeApplication,0,0,"Let's analyze the issue step by step:

1. The issue provides some key information:
	* A problem statement: ""Provide a clean way to get a reference to the MessageBus running in SingleNodeApplication""
	* Context: The current method of obtaining the message bus is via Module.getComponent(MessageBus.class), which has limitations
	* Proposed solution: Ask the container for its MessageBus implementation
2. Upon reviewing the issue, I notice that some essential information is missing:
	* Steps to reproduce the problem or scenario where this improvement is needed
	* Expected behavior vs actual behavior (what happens currently and what should happen with the proposed solution)
	* Acceptance criteria (how will we know if the proposed solution meets the requirements?)
	* Affected components (which parts of the system are impacted by this issue?)
	* Environment details (is this specific to a certain deployment scenario or configuration?)
3. Based on the missing information, I would say that a developer cannot act on this issue without asking for more clarification or details.

Final Answer: No",307c71436f55986a,llama3.1:8b,0,2026-06-17T09:39:12.510106,project_01,title_desc,incompleteness,cot
ISSUE-3424,Final review of REST API structure document for streams,0,1,"Let's break down the issue step-by-step:

1. The key information provided in this issue is:
	* A request to review a document
	* Specific topics related to streams, taps, and jobs that need closure
2. Essential information missing from this issue includes:
	* Steps to reproduce (how to trigger or replicate the situation)
	* Expected vs actual behavior (what the desired outcome should be)
	* Acceptance criteria (specific conditions for determining if the review is successful)
	* Affected components (which parts of the system are impacted by the REST API structure document)
	* Environment details (where and how the review will take place, e.g., in a specific IDE or on a particular server)
3. Without additional information, it's unlikely that a developer can act on this issue without asking for more clarification.

Based on these observations:

Final Answer: Yes",b247cf3c83241b01,llama3.1:8b,0,2026-06-17T09:39:15.255494,project_01,title_desc,incompleteness,cot
ISSUE-2913,Change default admin port from 8080,0,1,"Let's analyze the issue step by step:

1. The issue title and description provide some context about the problem, but it's not clear what specific behavior or functionality is being requested to change.
2. Upon reviewing the issue, I notice that the following essential information is missing:
	* Steps to reproduce: How can a developer replicate this issue?
	* Expected vs actual behaviour: What should happen when the default admin port is changed from 8080? What happens currently?
	* Acceptance criteria: What are the specific conditions under which the change will be considered successful?
	* Affected components: Which parts of the system will be impacted by this change?
	* Environment details: Are there any specific configurations or settings that need to be taken into account when making this change?
3. Without more information, a developer may struggle to understand the scope and implications of the requested change, which could lead to misunderstandings or misimplementation.

Based on this analysis, I conclude that the issue is INCOMPLETE because it lacks essential details for a developer to act on it effectively.

Final Answer: Yes",6b86763a500309c1,llama3.1:8b,0,2026-06-17T09:39:18.315519,project_01,title_desc,incompleteness,cot
ISSUE-2866,Find runtime modules by type and/or name,0,1,"Let's break down the issue step-by-step:

1. The key information provided in this issue is:
	* A clear description of what needs to be done: ""Find runtime modules by type and/or name""
	* Specific details about the types of runtime modules that need to be found (""source"", ""sink"", ""processor"", ""job"")
2. Upon reviewing the issue, I notice that the following essential information is missing:
	* Steps to reproduce the desired functionality (e.g., how a user would interact with the system to find these runtime modules)
	* Expected vs actual behavior (what should happen when the feature is implemented, and what happens currently)
	* Acceptance criteria (specific conditions that must be met for the feature to be considered complete)
	* Affected components (which parts of the system will be impacted by this change)
	* Environment details (e.g., which platforms or configurations are relevant for this issue)
3. Based on the missing information, a developer would likely need to ask for more clarification before acting on this issue.

Final Answer: Yes",ed9ba36d4b3be38b,llama3.1:8b,0,2026-06-17T09:39:21.345275,project_01,title_desc,incompleteness,cot
ISSUE-1470,User wants to package and deploy an XD application,0,0,"Let's break down the issue step by step:

1. The key information provided in this issue includes:
	* A clear description of what the user wants to achieve (package and deploy an XD application)
	* Some details on how to install a boot uberjar containing custom modules, stream and job definitions, and possibly specific configuration
2. Upon reviewing the issue, I notice that some essential information is missing:
	* Steps to reproduce: The issue doesn't provide any guidance on how to replicate the problem or what specific actions to take.
	* Expected vs actual behaviour: There's no clear description of what the user expects to happen when packaging and deploying the XD application, nor what actually happens instead.
	* Acceptance criteria: The issue doesn't specify what constitutes a successful deployment or what conditions would indicate that the deployment was unsuccessful.
	* Affected components: While it mentions custom modules, streams, and job definitions, it's unclear which specific components are involved in this process.
	* Environment details: There's no information on the environment where this issue is occurring (e.g., development, testing, production).
3. Based on the missing essential information, a developer would likely need to ask for more clarification or details before acting on this issue.

Final Answer:",3bb8343f0ee80148,llama3.1:8b,0,2026-06-17T09:39:24.855390,project_01,title_desc,incompleteness,cot
ISSUE-0697,Create a spark standalone cluster on CI to run spark streaming tests,0,1,"Let's break down the issue step-by-step:

1. The key information provided in this issue is:
	* A high-level description of what needs to be done: setting up a Spark standalone cluster on CI.
	* A mention of running Spark streaming tests on the standalone cluster, along with local mode.
2. Essential information that is missing includes:
	* Steps to reproduce the setup and configuration of the Spark standalone cluster on CI (e.g., specific commands or scripts).
	* Expected behavior vs actual behavior: what should happen when the Spark streaming tests are run on the standalone cluster?
	* Acceptance criteria: what conditions must be met for the issue to be considered resolved?
	* Affected components: which parts of the system will be impacted by this change?
	* Environment details: specific requirements or constraints related to the CI environment (e.g., hardware, software versions).
3. Without additional information, a developer may struggle to act on this issue without asking for more clarification or context.

Based on these observations, I conclude that the issue is missing essential information and cannot be fully understood or acted upon in its current state.

Final Answer: Yes",ab7766266b6b7d8f,llama3.1:8b,0,2026-06-17T09:39:28.033566,project_01,title_desc,incompleteness,cot
ISSUE-0518,Port Redis counter as s-c-s sink,0,1,"Let's break down the issue step-by-step:

1. The key information provided in this issue includes:
	* A brief description of what is being requested: adapting Redis to work with s-c-s.
	* A high-level goal: building streaming pipes using s-c-s modules with simple counters to feed dashboards.
2. Upon reviewing the issue, I notice that essential information is missing:
	* Steps to reproduce the desired functionality or the specific problem being addressed.
	* Expected vs actual behavior of the adapted Redis counter as an s-c-s sink.
	* Acceptance criteria for what constitutes a successful adaptation.
	* Affected components or modules in the system.
	* Environment details (e.g., specific versions, configurations).
3. Without this essential information, it's challenging for a developer to understand the requirements and act on the issue without asking for more clarification.

Based on these observations, I conclude that the issue is missing critical details necessary for its resolution.

Final Answer: Yes",a80edf6e6462299c,llama3.1:8b,0,2026-06-17T09:39:30.924067,project_01,title_desc,incompleteness,cot
ISSUE-1072,Large number of required options in jdbc sink definition,0,1,"Let's analyze the issue step by step:

1. The issue provides:
	* A specific problem description
	* A command used to define a stream in Spring XD
	* Additional options that need to be added to make it work
	* Notes about the validatorClassName and initSQL properties
2. However, the following essential information is missing:
	* Steps to reproduce the issue (e.g., what happens when you try to create the stream without these options?)
	* Expected vs actual behavior (what exactly goes wrong when you don't add these options?)
	* Acceptance criteria (what should happen if these options are not added?)
	* Affected components (which specific parts of Spring XD or the jdbc sink definition are impacted?)
	* Environment details (is this a specific version of Spring XD, or is it a general issue?)
3. Without more information, a developer may struggle to understand the root cause of the problem and how to fix it. They might need to ask for clarification on these missing points before acting on the issue.

Final Answer: Yes",1a27bb633c51e437,llama3.1:8b,0,2026-06-17T09:39:34.089513,project_01,title_desc,incompleteness,cot
ISSUE-1097,Temp files for stream create not being cleaned,0,1,"Let's analyze the issue step by step:

1. Key information provided:
	* The issue is related to Spring XD for PivotalCF.
	* Temp files are not being cleaned up, causing inode limit issues on a volume.
	* A Java exception is thrown due to ""No space left on device"".
2. Essential information missing:
	* Steps to reproduce the issue (e.g., how many streams were created, what specific actions triggered the problem).
	* Expected behavior vs actual behavior (what should happen when temp files are cleaned up?).
	* Acceptance criteria for resolving the issue (how will we know if the fix is successful?).
	* Affected components (which specific modules or services are impacted by this issue?).
	* Environment details (e.g., what version of Spring XD, PivotalCF, and other relevant software is being used?).
3. Can a developer act on this issue without asking for more information?
	No, the developer would likely need to ask for additional context or clarification before attempting to resolve the issue.

Final Answer: Yes",4f6f5a716a712d47,llama3.1:8b,0,2026-06-17T09:39:37.272319,project_01,title_desc,incompleteness,cot
ISSUE-2832,The HDFS Sink should support compressing files as they are copied,0,1,"Let's analyze the issue step by step:

1. The issue provides some key information:
	* A specific requirement: compressing files as they are copied
	* A reference to related issues (XD-277, XD-279)
	* A list of supported codecs (bzip2 and LZO)
2. Upon reviewing the issue, I notice that essential information is missing:
	* Steps to reproduce the issue or scenario where compression is required
	* Expected behavior vs actual behavior when compressing files in HDFS
	* Acceptance criteria for what constitutes successful compression
	* Affected components (e.g., specific Hadoop versions, third-party libraries)
	* Environment details (e.g., operating system, HDFS configuration)
3. Based on the missing information, a developer would likely need to ask for clarification or additional details before acting on this issue.

Final Answer: Yes",484117ac4f5984b7,llama3.1:8b,0,2026-06-17T09:39:40.045765,project_01,title_desc,incompleteness,cot
ISSUE-1088,HDFS StoreMessageHandlers are not very resilient,0,0,"Let's analyze the issue step by step:

1. The issue provides some key information:
	* A specific component (HDFS StoreMessageHandlers) is mentioned.
	* A problem description: ""will keep a broken datawriter's stream open"" and ""Subsequent writes will always fail"".
	* A potential solution idea: ""The MessageHandler could potentially try to close and re-open the stream or trigger a rollover strategy to occur (creating a new stream)"".
2. Upon reviewing the issue, I notice that some essential information is missing:
	* Steps to reproduce the problem are not provided.
	* Expected vs actual behavior is not clearly described.
	* Acceptance criteria for resolving this issue are not mentioned.
	* Affected components or modules beyond HDFS StoreMessageHandlers are not specified.
	* Environment details (e.g., specific versions of software, configuration settings) are not provided.
3. Based on the missing information, a developer may struggle to act on this issue without asking for more clarification or details.

Final Answer: No",227f278c9e2f4e37,llama3.1:8b,0,2026-06-17T09:39:43.121755,project_01,title_desc,incompleteness,cot
ISSUE-0993,XD on Lattice POC,0,1,"Let's analyze the issue step by step:

1. The issue title and description provide some context about the project and the goal of continuing the XD-on-Lattice/Diego PoC.
2. Upon reviewing the issue, I notice that it is missing essential information such as:
	* Steps to reproduce: There is no clear explanation on how to replicate the issue or what specific actions are required to trigger the problem.
	* Expected vs actual behaviour: The description does not specify what the expected outcome should be or what the actual observed behavior is.
	* Acceptance criteria: There is no clear definition of what constitutes a successful implementation or completion of the task.
	* Affected components: It's unclear which specific components or systems will be impacted by this change.
	* Environment details: The issue does not specify any relevant environment settings, dependencies, or constraints that might affect the development process.

3. Without additional information, it would be challenging for a developer to act on this issue without asking for more clarification. They may need to reach out to the reporter for further details before proceeding with the task.

Based on this analysis, I conclude that the issue is missing essential information and cannot be considered complete.

Final Answer: Yes",e3ca7e67741e66d7,llama3.1:8b,0,2026-06-17T09:39:46.471600,project_01,title_desc,incompleteness,cot
ISSUE-3212,Parsing stream definition with parameter containing single quotes not working,0,0,"Let's analyze the issue step by step:

1. The issue provides:
	* A clear title that describes the problem
	* A detailed description of the issue, including a specific example with code snippets and error messages
2. However, upon closer inspection, we can see that some essential information is missing:
	* Steps to reproduce: While there's an example provided, it's not explicitly stated how to reproduce the issue.
	* Expected vs actual behavior: The description mentions a ""Bad Request"" error, but it's unclear what the expected behavior should be in this scenario.
	* Acceptance criteria: There are no clear acceptance criteria for what constitutes a successful or failed parsing of the stream definition with parameters containing single quotes.
	* Affected components: While the issue is related to a specific gemfire-cq example, it's not explicitly stated which components are affected by this issue.
	* Environment details: The description mentions a local environment (localhost), but there's no information about the specific version of the software or any other relevant environmental factors.

3. Based on the missing information, a developer would likely need to ask for more clarification before acting on this issue. Without clear reproduction steps, expected behavior, and acceptance criteria, it's difficult to determine whether",343e0530ce5a9c94,llama3.1:8b,0,2026-06-17T09:39:50.006509,project_01,title_desc,incompleteness,cot
ISSUE-0131,Support partitioning for Kafka even if count == 1,0,1,"Let's break down the issue step-by-step:

1. The issue title and description provide some context about the problem and the desired functionality.
2. Upon reviewing the issue, I notice that it lacks essential information such as:
	* Steps to reproduce: How can a developer replicate this issue?
	* Expected vs actual behaviour: What is the expected outcome when setting a partitioning key for Kafka with a single downstream module, and what happens instead?
	* Acceptance criteria: What specific conditions or scenarios should be met for this feature to be considered complete?
	* Affected components: Which parts of the system are impacted by this issue?
	* Environment details: Are there any specific configurations or settings that contribute to this problem?

3. Without additional information, a developer may struggle to understand the root cause of the issue and how to address it effectively.

Based on these observations, I conclude that the issue is missing essential information.

Final Answer: Yes",bd2d86e8a9de04e6,llama3.1:8b,0,2026-06-17T09:39:52.850307,project_01,title_desc,incompleteness,cot
ISSUE-2806,User should be able to view the list of all the job definitions,0,1,"Let's analyze the issue step by step:

1. The issue provides some key information:
	* A clear description of what needs to be implemented: ""Create a tab view with tabs... and display a table view of job definitions on clicking 'Job Definitions' tab.""
	* References to existing REST layer functionality (""/jobs"" endpoint) and code components (JobsController).
2. However, the issue is missing some essential information:
	* Steps to reproduce the problem or how to verify that the implementation is correct.
	* Expected vs actual behavior: What should happen when a user clicks on the ""Job Definitions"" tab? How will it differ from the current behavior?
	* Acceptance criteria: What specific conditions must be met for this feature to be considered complete?
	* Affected components: Which parts of the system will be impacted by this change (e.g., UI, backend, database)?
	* Environment details: Are there any specific environment or configuration requirements for testing this feature?
3. Without additional information, a developer may struggle to implement the feature correctly and might need to ask questions or seek clarification.

Based on this analysis, I conclude that the issue is INCOMPLETE.

Final Answer: Yes",0b7e9ba4b84c61f2,llama3.1:8b,0,2026-06-17T09:39:56.196626,project_01,title_desc,incompleteness,cot
ISSUE-3281,Create proper test coverage for Controllers,1,1,"Let's analyze the issue step by step:

1. The issue title and description are brief, but they do provide some context about what is being asked.
2. Upon reviewing the issue, I notice that several essential pieces of information are missing:
	* Steps to reproduce: How should a developer test for proper test coverage in Controllers?
	* Expected vs actual behaviour: What specific behavior or outcome is expected from this task?
	* Acceptance criteria: What conditions must be met for the task to be considered complete?
	* Affected components: Which specific Controllers are affected by this issue?
	* Environment details: Are there any specific environments (e.g., development, staging, production) where this test coverage should be implemented?
3. Without more information, a developer would likely need to ask questions or seek clarification before attempting to act on the issue.

Based on this analysis, I conclude that the issue is missing essential information and cannot be acted upon without further clarification.

Final Answer: Yes",10a7c3fd7e8cee22,llama3.1:8b,0,2026-06-17T09:39:59.117665,project_01,title_desc,incompleteness,cot
ISSUE-0114,Spring flo issue with unexpected char,0,1,"Let's break down the issue step-by-step:

1. The issue title and description provide some context about the problem: it's related to creating a stream in Flo with an asterisk character, which results in an error.
2. Upon reviewing the issue, I notice that:
	* Reproduction steps are not explicitly mentioned (e.g., ""How do you create a stream in Flo?"", ""What exactly happens when you use an asterisk?"").
	* Expected behavior is not clearly stated (e.g., ""What should happen when using an asterisk?"" or ""Is this expected behavior for the application?"").
	* Environment details are missing (e.g., ""Which version of Flo is being used?"", ""Are there any specific configuration settings that might be relevant?"").
3. Without reproduction steps, expected behavior, and environment details, a developer may struggle to understand how to reproduce the issue or what exactly is going wrong. They would likely need to ask for more information before attempting to resolve the problem.

Considering these points, I conclude that the issue is missing essential information.

Final Answer: Yes",d72663df97f81522,llama3.1:8b,0,2026-06-17T09:40:02.219877,project_01,title_desc,incompleteness,cot
ISSUE-2819,Create OOTB batch job for export and processing multiple files from HDFS to MongoDB,0,1,"Let's analyze the issue step by step:

1. Key information provided:
	* The issue title clearly states what needs to be done.
	* The ItemReader, ItemProcessor, and ItemWriter components are mentioned, along with their respective functions.
	* A TupleToDBObject converter is required, which implies some custom development work.
2. Essential information missing:
	* Steps to reproduce the issue or the batch job creation process are not provided.
	* Expected vs actual behavior is not clearly stated (e.g., what should happen when the batch job runs?).
	* Acceptance criteria for the batch job's success are not specified.
	* Affected components (beyond the specific components mentioned) and environment details are not provided.
3. Can a developer act on this issue without asking for more information?
	* While a developer might be able to create a basic batch job based on the provided information, they would likely need clarification on several aspects, such as reproduction steps, expected behavior, and acceptance criteria.

Considering these points, I conclude that the issue is INCOMPLETE because essential information is missing. 

Final Answer: Yes",5111f243c809cf98,llama3.1:8b,0,2026-06-17T09:40:05.496822,project_01,title_desc,incompleteness,cot
ISSUE-3583,Creating a tap throws an exception,0,1,"Let's break down the issue step-by-step:

1. The key information provided in this issue is:
	* A symptom of the problem: ""Creating a tap throws an exception""
	* An error message with some technical details
2. Essential information that is missing includes:
	* Steps to reproduce the issue (e.g., what actions trigger the exception)
	* Expected vs actual behavior (what should happen when creating a tap, and how does it differ from what's happening now?)
	* Acceptance criteria (what are the requirements for creating a tap successfully?)
	* Affected components (which specific parts of the system are involved in this issue?)
	* Environment details (e.g., is this issue only reproducible on certain platforms or configurations?)
3. Without more information, it's unlikely that a developer can act on this issue without asking for clarification. The error message provides some technical context, but it doesn't provide enough information to diagnose and fix the problem.

Final Answer: Yes",0aeb421968f5e780,llama3.1:8b,0,2026-06-17T09:40:08.427903,project_01,title_desc,incompleteness,cot
ISSUE-1320,Upgrade CI Acceptance AMI to HVM,0,1,"Let's break down the issue step-by-step:

1. Key information provided:
	* The current AMI used for CI tests is paravirtual and needs to be replaced.
	* The replacement AMI should be HVM-based.
	* Paravirtual is being phased out by Amazon, and a HVM-based AMI will allow future utilization of VPC and placement groups.

2. Essential information missing:
	* Steps to reproduce the issue (if any) are not mentioned.
	* Expected vs actual behavior is not described.
	* Acceptance criteria for the upgrade are not specified.
	* Affected components or systems are not identified.
	* Environment details, such as which CI tests will be impacted and what specific VPCs or placement groups will be used in the future, are not provided.

3. Can a developer act on this issue without asking for more information?
	* No, a developer would likely need to ask for clarification on several aspects of the issue before proceeding with the upgrade.

Based on these observations:

Final Answer: Yes",ec14a1613fd4db78,llama3.1:8b,0,2026-06-17T09:40:11.468144,project_01,title_desc,incompleteness,cot
ISSUE-3683,Sonar build is failing,0,1,"Let's analyze the issue step by step:

1. The issue provides:
	* A link to the build failure report
	* A stacktrace with relevant error messages
2. However, essential information is missing:
	* Steps to reproduce the issue are not provided
	* Expected vs actual behavior is not clearly described (e.g., what should happen during a Sonar build?)
	* Acceptance criteria for the Sonar build process are not specified
	* Affected components or modules are not identified
	* Environment details, such as Java version, operating system, or plugin versions, are not mentioned
3. Without additional information, it's challenging for a developer to act on this issue:
	* They may need to investigate the stacktrace and build report further
	* They might require more context about the expected behavior of the Sonar build process

Considering these points, I conclude that the issue is INCOMPLETE.

Final Answer: Yes",6c7c3bffcadc66fc,llama3.1:8b,0,2026-06-17T09:40:14.331798,project_01,title_desc,incompleteness,cot
ISSUE-0297,Port Mail as s-c-s sink,0,1,"Let's analyze the issue step by step:

1. The issue title and description provide some context about what the user wants to achieve: moving a module from Spring XD to an s-c-s repository, so it can be used as a sink in a streaming pipeline.
2. Upon reviewing the issue, I notice that several essential pieces of information are missing:
	* Steps to reproduce the desired behavior or the problem being addressed (e.g., how to move the module, what specific issues are encountered).
	* Expected vs actual behavior: What should happen when the module is moved and used as a sink? What problems does the user expect to encounter?
	* Acceptance criteria: What conditions must be met for this change to be considered successful?
	* Affected components: Which parts of the system will be impacted by this change (e.g., other modules, pipelines, or repositories)?
	* Environment details: Are there any specific environment settings, configurations, or dependencies that are relevant to this issue?
3. Without more information, a developer cannot confidently act on this issue without asking for clarification or additional context.

Based on the analysis, I conclude that the issue is missing essential information and therefore:

Final Answer: Yes",84ad6e979538f0bb,llama3.1:8b,0,2026-06-17T09:40:17.651321,project_01,title_desc,incompleteness,cot
ISSUE-2837,User requires wiki page on how to use the XD EC2 Installer,0,1,"Let's break down the issue step by step:

1. The key information provided in this issue is:
	* A request to add instructions to the GitHub wiki
	* The topic of the instructions: usage of the XD EC2 Installer
2. Essential information that is missing includes:
	* Steps to reproduce (how to use the installer)
	* Expected vs actual behavior (what should happen when using the installer)
	* Acceptance criteria (what constitutes a successful implementation of the wiki page)
	* Affected components (which parts of the system will be impacted by this change)
	* Environment details (where and how the wiki page will be hosted, accessed, etc.)
3. Without additional information, it's difficult for a developer to fully understand what is required and whether they can implement the solution correctly.

Therefore, based on the provided steps, I conclude that:

Final Answer: Yes",a0f4aacae2cc6026,llama3.1:8b,0,2026-06-17T09:40:20.401548,project_01,title_desc,incompleteness,cot
ISSUE-0692,Document the new analytics tab features,0,1,"Let's break down the issue step by step:

1. The key information provided in this issue is:
	* A user story: ""As a user, I'd like to refer to the analytics tab docs...""
	* A goal: understanding how to use various widgets from streaming pipeline.
2. Essential information that is missing includes:
	* Steps to reproduce the issue (e.g., what actions trigger the need for documentation)
	* Expected vs actual behavior (what's the problem with the current state of the analytics tab?)
	* Acceptance criteria (how will we know when the documentation is complete and satisfactory?)
	* Affected components (which specific widgets or features are being documented?)
	* Environment details (e.g., which browsers, devices, or operating systems need to be supported)
3. Without additional information, a developer cannot act on this issue without asking for more context. They would likely need clarification on what specifically needs documentation and how the current state of the analytics tab is inadequate.

Final Answer: Yes",6fc05530e2da38b9,llama3.1:8b,0,2026-06-17T09:40:23.391699,project_01,title_desc,incompleteness,cot
ISSUE-1393,Workaround latest boot snapshot issue,0,1,"Let's analyze the issue step by step:

1. The issue title and description provide some context about the problem and its solution.
2. Upon reviewing the issue, I notice that it lacks essential information such as:
	* Steps to reproduce the issue
	* Expected vs actual behavior (what happens when the workaround is applied?)
	* Acceptance criteria (how will we know if the workaround is successful?)
	* Affected components or environment details (which specific components or environments are impacted by this issue?)
3. Without these essential pieces of information, a developer may struggle to understand the context and implement the workaround correctly.

Based on this analysis, I conclude that the issue is missing critical information, making it difficult for developers to act on it without further clarification.

Final Answer: Yes",5ab73746d2851030,llama3.1:8b,0,2026-06-17T09:40:25.888978,project_01,title_desc,incompleteness,cot
ISSUE-1213,Add test coverage for 'complex objects' as payload,0,1,"Let's break down the issue step by step:

1. The key information provided in this issue is:
	* A specific feature request: ""Add test coverage for 'complex objects' as payload""
	* A brief description of what the feature should accomplish: evaluating and documenting performance characteristics
2. Upon reviewing the issue, I notice that some essential information is missing:
	* Steps to reproduce the scenario where complex objects are used as payload (e.g., how to create such an object, how it's sent/received)
	* Expected behavior vs actual behavior (what should happen when testing complex objects as payload?)
	* Acceptance criteria (what specific performance characteristics need to be evaluated and documented?)
	* Affected components (which parts of the system will be impacted by this change?)
	* Environment details (e.g., which environments will be used for testing, any specific configuration requirements)
3. Based on the missing information, a developer would likely need to ask for more clarification or details before acting on this issue.

Final Answer: Yes",adee6430aff84200,llama3.1:8b,0,2026-06-17T09:40:28.858757,project_01,title_desc,incompleteness,cot
ISSUE-2096,Create documentation section for the shell,0,1,"Let's analyze the issue step by step:

1. The issue provides some key information:
	* A clear description of what needs to be done: creating a new documentation section.
	* Specific topics that need to be covered in the documentation, such as shell usage, single and double quotes, basic commands, and passing files for execution.
2. Upon reviewing the issue, I notice that essential information is missing:
	* Steps to reproduce the problem or scenario (e.g., what specific use cases should be documented).
	* Expected vs actual behavior (what are the desired outcomes of this documentation section?).
	* Acceptance criteria (how will we know when this task is complete?).
	* Affected components (which parts of the system will be impacted by this change?).
	* Environment details (in which environment(s) should this documentation be created?).
3. Based on the missing information, a developer would likely need to ask for clarification or additional details before acting on this issue.

Final Answer: Yes",5f245c5b30363462,llama3.1:8b,0,2026-06-17T09:40:31.939807,project_01,title_desc,incompleteness,cot
ISSUE-0695,Example hashtag-count MR job fails when running XD on YARN with PHD 3.0,0,1,"Let's analyze the issue step by step:

1. The issue provides:
	* A clear title that describes the problem
	* A detailed description of the error message and its context
	* Information about the environment (Ambari install, PHD 3.0)
2. However, the following essential information is missing:
	* Steps to reproduce the issue (e.g., how to upload and submit a custom job)
	* Expected behavior vs actual behavior (what should happen when running XD on YARN with PHD 3.0?)
	* Acceptance criteria (what are the conditions for considering this issue resolved?)
	* Affected components (which specific components or modules are involved in this issue?)
	* Environment details (e.g., what is the exact configuration of the Ambari install, PHD version, etc.)
3. Without additional information, a developer may struggle to act on this issue without asking for more context. They might need to ask questions like ""Can you provide more details about how to reproduce this issue?"" or ""What are the expected results when running XD on YARN with PHD 3.0?""

Based on this analysis, I conclude that the issue is INCOMPLETE.

Final Answer: Yes",7c066e9e4df945e7,llama3.1:8b,0,2026-06-17T09:40:35.502396,project_01,title_desc,incompleteness,cot
ISSUE-1859,Investigate deployed module context close upon container shutdown,0,1,"Let's break down the issue step by step:

1. The issue title and description provide some context about the problem: it's related to the behavior of deployed modules when a container shuts down.
2. Upon reviewing the issue, I notice that:
	* There are no reproduction steps (e.g., ""Steps to reproduce: 1. Start the container with..."").
	* The expected vs actual behavior is not explicitly stated (e.g., ""Expected behavior: ... Actual behavior: ..."").
	* Acceptance criteria are missing (e.g., ""Acceptance criteria: ..."").
	* Affected components are not specified (e.g., ""Affected components: ..."").
	* Environment details are also absent (e.g., ""Environment: ..."").
3. Without the essential information, a developer may struggle to understand how to reproduce the issue, what the expected behavior should be, and whether their changes meet the acceptance criteria.

Based on this analysis, I conclude that the issue is missing critical information for a developer to act on it effectively.

Final Answer: Yes",60402f92ea5b1a48,llama3.1:8b,0,2026-06-17T09:40:38.629497,project_01,title_desc,incompleteness,cot
ISSUE-2486,Add XD deployment for YARN,0,0,"Let's analyze the issue step by step:

1. The issue provides some key information:
	* A specific task: Add YARN specific code
	* A reference to Janne's prototyping work
	* Implementation details: adding Client and AppMaster implementations, startup config files, shell scripts
	* Testing environment: Apache 2.2 distribution
	* Command-line arguments for deployment: `./xd-yarn-deploy --zipFile /tmp/spring-xd-yarn.zip --config /tmp/spring-xd-yarn.yml`
2. Essential information that is missing:
	* Steps to reproduce the issue or task (e.g., how to deploy XD to YARN)
	* Expected behavior vs actual behavior (what should happen when deploying XD to YARN?)
	* Acceptance criteria (what are the conditions for considering this task complete?)
	* Affected components (which specific code, config files, etc. will be impacted by this change?)
	* Environment details (e.g., what versions of software or hardware are required to deploy XD to YARN?)
3. Can a developer act on this issue without asking for more information? No, the missing information makes it difficult for a developer to understand how to proceed with implementing the task.",bccdcf285f963efe,llama3.1:8b,0,2026-06-17T09:40:42.178191,project_01,title_desc,incompleteness,cot
ISSUE-1473,Document Kafka message bus,0,1,"Let's break down the issue step-by-step:

1. The key information provided in this issue is:
	* A user goal: ""As a user, I'd like to refer to documentation in wiki...""
	* A specific task: ""...so that I can setup and configure Kafka as a message bus as recommended.""
2. Essential information missing from the issue includes:
	* Steps to reproduce (how to set up and configure Kafka)
	* Expected vs actual behaviour (what is the desired outcome of setting up Kafka?)
	* Acceptance criteria (what are the conditions for considering this task complete?)
	* Affected components (which parts of the system will be impacted by this change?)
	* Environment details (in which environment(s) should this setup/configure process work?)
3. Without additional information, a developer cannot act on this issue without asking for more clarification or details.

Based on these steps, I conclude that the issue is missing essential information to proceed with development.

Final Answer: Yes",9e748a1a25b78779,llama3.1:8b,0,2026-06-17T09:40:45.185947,project_01,title_desc,incompleteness,cot
ISSUE-1928,Module option validation not happening anymore,0,1,"Let's analyze the issue step by step:

1. The issue title and description provide some context about the problem: ""Module option validation not happening anymore"" and an example of a stream creation command that fails to validate options.
2. Upon reviewing the issue, I notice that:
	* Reproduction steps are partially provided (an example command is given), but it's unclear what specific actions should be taken to reproduce the issue.
	* Expected behavior is mentioned as ""option validation"" not happening, but it's not clear what the expected outcome should be in this scenario.
	* Actual behavior is described as ""no option validation"" occurring, which implies that something has changed or broken.
	* Acceptance criteria are not explicitly stated.
	* Affected components are not specified (e.g., which modules or classes might be involved).
	* Environment details are missing (e.g., what version of the software, operating system, or other relevant factors might be contributing to the issue).
3. Based on this analysis, a developer would likely need to ask for more information before acting on this issue. Without clear reproduction steps, expected behavior, and acceptance criteria, it's difficult to determine how to reproduce and fix the problem.

Final Answer: Yes",1e05be79113c55d3,llama3.1:8b,0,2026-06-17T09:40:48.598273,project_01,title_desc,incompleteness,cot
ISSUE-2209,Validate existence of batch job at the admin side,0,1,"Let's analyze the issue step by step:

1. The issue provides:
	* A clear problem statement: ""batch job repository is not intended to be deleted""
	* A description of the current behavior and the desired behavior
	* A specific requirement for validation when creating a new job definition
2. However, the following essential information is missing:
	* Steps to reproduce the issue (e.g., how to create a batch job definition that exists in both XD and the batch job repository)
	* Expected vs actual behavior: while we know what the desired behavior is, it's not explicitly stated what happens currently when a new job definition is created
	* Acceptance criteria: there are no clear conditions for determining whether the validation requirement has been met
	* Affected components: although it mentions ""batch job repository"" and ""XD"", it's unclear which specific components or systems are involved
	* Environment details: there's no information about the environment in which this issue occurs (e.g., development, testing, production)
3. Without additional information, a developer may struggle to understand how to implement the required validation, as they would need to know more about the current behavior and the specific requirements for the new job definition.

Final Answer: Yes",e5a50b50c8036644,llama3.1:8b,0,2026-06-17T09:40:51.966402,project_01,title_desc,incompleteness,cot
ISSUE-2118,Stream-lib - analytics operators,0,0,"Let's break down the issue step by step:

1. The key information provided in this issue is:
	* A reference to an external library (stream-lib) that the team wants to experiment with.
	* A link to the GitHub repository of the library.
2. Essential information missing from the issue includes:
	* Steps to reproduce: There's no clear explanation on how to integrate or test the stream-lib library in Spring XD.
	* Expected vs actual behaviour: The issue doesn't specify what specific analytics feature-set enhancements are expected from using stream-lib, nor does it mention any known issues with the current implementation.
	* Acceptance criteria: There's no clear definition of what constitutes a successful integration and testing of the stream-lib library in Spring XD.
	* Affected components: It's unclear which specific components or modules of Spring XD will be impacted by this change.
	* Environment details: The issue doesn't specify any environment-specific requirements, such as supported versions of Spring XD or external dependencies.
3. A developer cannot act on this issue without asking for more information because:
	* They would need to understand the context and purpose of integrating stream-lib in Spring XD.
	* They would require additional guidance on how to reproduce the integration process.
	* They",f4502ece57a18374,llama3.1:8b,0,2026-06-17T09:40:55.365485,project_01,title_desc,incompleteness,cot
ISSUE-1678,Preserve partition state on container restarts,0,1,"Let's analyze the issue step by step:

1. The issue provides:
	* A clear problem statement: ""the state is not preserved; hence, on restarts the definition of partitioning strategy is lost due to different _hashCode()_""
	* A proposed solution: ""Mine through the container info to derive the """"partition index"""" instead of relying on _hashCode()_""
2. The essential information missing from this issue are:
	* Steps to reproduce the problem (e.g., how to trigger a restart and observe the loss of partitioning state)
	* Expected behavior vs actual behavior (e.g., what should happen when containers restart, and what is currently happening)
	* Acceptance criteria (e.g., specific conditions that must be met for the solution to be considered successful)
	* Affected components or environment details (e.g., which specific containers, services, or environments are impacted by this issue)
3. Without additional information, a developer may struggle to fully understand the context and requirements of the issue. However, they might still attempt to design a solution based on the provided problem statement and proposed solution.

Considering these points, I would conclude that the issue is INCOMPLETE due to the missing essential information.

Final Answer: Yes",565a858468a9de5f,llama3.1:8b,0,2026-06-17T09:40:58.862700,project_01,title_desc,incompleteness,cot
ISSUE-2005,Paging support for ModuleMetadata/Container repositories,0,1,"Let's analyze the issue step by step:

1. The issue title and description provide some context about what needs to be done: adding paging support for specific accessor methods in ModuleMetadata/Container repositories.
2. Upon reviewing the issue, I notice that it lacks essential information such as:
	* Steps to reproduce the problem or how the feature will be tested
	* Expected vs actual behavior (what should happen with paging support and what happens currently)
	* Acceptance criteria for determining when the feature is complete
	* Affected components (which classes, methods, or modules will be impacted by this change)
	* Environment details (e.g., specific versions of software or hardware that need to be considered)
3. Without these essential pieces of information, a developer may struggle to understand how to implement the feature correctly and might even introduce unintended consequences.

Based on this analysis, I conclude that the issue is missing critical information for a developer to act on it effectively.

Final Answer: Yes",243cf59d69da8c63,llama3.1:8b,0,2026-06-17T09:41:01.746260,project_01,title_desc,incompleteness,cot
ISSUE-0138,Upgrade to SHDP 2.2.1.GA,0,1,"Let's analyze the issue step by step:

1. The issue title and description provide some context about the problem and the desired outcome.
2. Upon reviewing the issue, I notice that it is missing essential information such as:
	* Steps to reproduce: How will a developer know when to perform this upgrade?
	* Expected vs actual behaviour: What are the expected benefits of upgrading to SHDP 2.2.1.GA, and what are the potential risks or consequences if not done correctly?
	* Acceptance criteria: What specific conditions must be met for the upgrade to be considered successful?
	* Affected components: Which specific components will be impacted by this upgrade (e.g., code repositories, databases, etc.)?
	* Environment details: In what environments should this upgrade be performed (e.g., development, testing, production)?
3. Without additional information, a developer may not be able to act on this issue confidently or effectively.

Based on the analysis, I conclude that the issue is missing essential information and cannot be considered complete.

Final Answer: Yes",e6ba74a506619b96,llama3.1:8b,0,2026-06-17T09:41:04.824788,project_01,title_desc,incompleteness,cot
ISSUE-1267,Add in-memory based Aggregate Field Value Counters,0,0,"Let's analyze the issue step by step:

1. The issue provides some key information:
	* A clear description of what the user wants to achieve.
	* A scope section that outlines specific tasks, such as porting specs from a previous implementation and updating reference documentation.
2. Upon reviewing the issue, I notice that essential information is missing:
	* Steps to reproduce: The issue doesn't provide any details on how to replicate the problem or test the proposed solution.
	* Expected vs actual behavior: There's no clear description of what the expected outcome should be versus what the current behavior is.
	* Acceptance criteria: The issue doesn't specify what conditions must be met for the feature to be considered complete.
	* Affected components: It's unclear which specific components or systems will be impacted by this change.
	* Environment details: There's no information about the environment in which this feature should work (e.g., production, development, testing).
3. Based on the missing essential information, a developer would likely need to ask for more clarification before acting on this issue.

Final Answer: No",d9a3ad18ddd3e1a3,llama3.1:8b,0,2026-06-17T09:41:07.985327,project_01,title_desc,incompleteness,cot
ISSUE-2220,Support Groovy bean definitions as XD extensions,0,1,"Let's analyze the issue step by step:

1. The issue title and description provide some context about what needs to be modified in the PluginContextExtensionsInitializer class.
2. Upon reviewing the issue, I notice that it lacks essential information such as:
	* Steps to reproduce: How can a developer replicate the issue or verify the fix?
	* Expected vs actual behavior: What are the expected and actual outcomes of modifying the PluginContextExtensionsInitializer to consume .groovy bean definitions?
	* Acceptance criteria: What specific conditions must be met for the modification to be considered complete?
	* Affected components: Which other parts of the system might be impacted by this change?
	* Environment details: Are there any specific environments or configurations where this issue is relevant?

3. Without additional information, a developer may struggle to understand the scope and requirements of the task, which could lead to misunderstandings or incomplete implementation.

Based on this analysis, I conclude that the issue is missing essential information, making it INCOMPLETE.

Final Answer: Yes",9943068736979600,llama3.1:8b,0,2026-06-17T09:41:11.011802,project_01,title_desc,incompleteness,cot
ISSUE-0982,Harmonize poller configuration,0,1,"Let's analyze the issue step by step:

1. The issue provides some key information:
	* A link to a GitHub conversation related to the issue
	* Links to specific pull requests and files that demonstrate the problem
	* Code snippets showing the poller configuration in different modules
2. However, essential information is missing:
	* Steps to reproduce the issue (e.g., how to trigger the poller)
	* Expected vs actual behavior (what should happen when the poller is triggered?)
	* Acceptance criteria (what constitutes a successful fix?)
	* Affected components (which specific modules or classes are impacted?)
	* Environment details (which versions of Spring XD, Java, etc. are relevant?)
3. Without additional information, it's unlikely that a developer can act on this issue without asking for more context.

Final Answer: Yes",a42698e153d3ef20,llama3.1:8b,0,2026-06-17T09:41:13.792521,project_01,title_desc,incompleteness,cot
ISSUE-3457,Retrieve information for an aggregate counter,0,1,"Let's analyze the issue step by step:

1. The issue title and description provide some context about the problem, but it doesn't clearly state what needs to be done.
2. Upon closer inspection, I notice that the issue mentions ""TODO"" which implies that there is more work to be done, but it doesn't specify what that work is or how to accomplish it. The reference to XD-537 provides some additional context, but it's not clear what specific steps are required to address this issue.
3. Without clear reproduction steps, expected behavior, acceptance criteria, affected components, or environment details, a developer would likely need to ask for more information before they can act on this issue.

Based on the analysis, I conclude that the issue is missing essential information such as steps to reproduce and expected vs actual behavior.

Final Answer: Yes",90a81557bea833c9,llama3.1:8b,0,2026-06-17T09:41:16.454541,project_01,title_desc,incompleteness,cot
ISSUE-0753,Spring XD admin fails to redeploy modules after Spring XD container successfully reconnectes to Zookeeper,0,1,"Let's analyze the issue step by step:

1. Key information provided:
	* Issue title and description
	* Affected versions of Spring XD and Zookeeper
	* Cluster setup in PROD and TEST environments
	* Steps to reproduce the error (12 steps)
	* Error messages and logs attached
2. Essential information missing:
	* Expected behavior: What should happen when a container is removed from the cluster? Should modules be automatically redeployed?
	* Actual behavior: The issue description mentions that modules are not redeployed, but it's not clear what the expected behavior is.
	* Acceptance criteria: What conditions must be met for this issue to be considered resolved?
3. Can a developer act on this issue without asking for more information?
	* No, because the essential information missing (expected behavior and acceptance criteria) would require additional clarification or investigation.

However, the reproduction steps are provided, which is a significant part of the analysis process.

Considering these points, I would conclude that:

Final Answer: Yes",3c4ffabfb7166b35,llama3.1:8b,0,2026-06-17T09:41:19.690586,project_01,title_desc,incompleteness,cot
ISSUE-1005,"Composite Modules should inherit """"xd.*"""" properties",0,1,"Let's break down the issue step-by-step:

1. The key information provided in this issue is:
	* A description of the problem: properties are not inherited when modules are composed.
	* A link to a relevant wiki page, which provides some context about placeholders available to all modules.
2. Essential information that is missing includes:
	* Steps to reproduce the issue (e.g., how to compose modules and what specific properties are not being inherited).
	* Expected vs actual behavior (e.g., what should happen when properties are inherited, and what actually happens now).
	* Acceptance criteria (e.g., what conditions must be met for this issue to be considered resolved).
	* Affected components or environment details (e.g., which specific modules or environments are impacted by this issue).
3. Without additional information, a developer may struggle to understand the root cause of the problem and how to reproduce it. They may need to ask questions like ""What properties are not being inherited?"" or ""Can you provide an example of how to compose modules?""

Based on these observations, I conclude that the issue is INCOMPLETE.

Final Answer: Yes",6936015e7386670f,llama3.1:8b,0,2026-06-17T09:41:22.981458,project_01,title_desc,incompleteness,cot
ISSUE-0247,Move Kafka @Rule to a separate repo,0,1,"Let's break down the issue step by step:

1. The key information provided in this issue is:
	* A clear statement of what the user wants to achieve: ""move kafka @Rule to a separate repo""
	* A brief explanation of why they want to do it: ""so I can consume the test fixtures in different projects""
2. Upon reviewing the issue, we notice that some essential information is missing:
	* Steps to reproduce the current state or the desired outcome are not provided.
	* Expected vs actual behavior is not described.
	* Acceptance criteria for what constitutes a successful move of the Kafka @Rule to a separate repo are not specified.
	* Affected components (e.g., which projects, services, or systems will be impacted) are not mentioned.
	* Environment details (e.g., specific versions of software, hardware configurations) are not provided.
3. Based on this analysis, it is likely that a developer would need to ask for more information before acting on this issue.

Final Answer: Yes",9857539b344abfd5,llama3.1:8b,0,2026-06-17T09:41:26.071513,project_01,title_desc,incompleteness,cot
ISSUE-2390,Create RPM for distribution,0,1,"Let's analyze the issue step by step:

1. Key information provided:
	* Issue title and description are clear.
	* Specific requirements are mentioned, such as package structure, init.d scripts, user/group, host repository, supported platforms, and Java versions.
2. Essential information missing:
	* Steps to reproduce the issue (e.g., how to create an RPM for distribution).
	* Expected vs actual behavior is not explicitly stated.
	* Acceptance criteria are not mentioned.
	* Affected components or modules are not specified.
	* Environment details, such as specific versions of SpringXD, RHEL/CentOS, and Java, are provided but could be more detailed.
3. Can a developer act on this issue without asking for more information?
	* No, the developer would likely need to ask for clarification on several points, such as steps to reproduce, expected behavior, and acceptance criteria.

Based on these observations:

Final Answer: Yes",705c1c8b228976d2,llama3.1:8b,0,2026-06-17T09:41:28.927270,project_01,title_desc,incompleteness,cot
ISSUE-3476,Add Spring/Integration MBean Exporters to Module ApplicationContexts,1,1,"Let's analyze the issue step by step:

1. The issue title and description provide some context about what needs to be done: adding Spring/Integration MBean Exporters to Module ApplicationContexts. However, it doesn't specify any concrete steps or details.
2. Upon reviewing the issue, I notice that essential information is missing:
	* Steps to reproduce: There's no clear explanation of how to replicate the problem or what specific actions need to be taken.
	* Expected vs actual behaviour: The description doesn't mention what the expected outcome should be or what the current actual behavior is.
	* Acceptance criteria: There are no clear criteria for determining whether the issue has been resolved successfully.
	* Affected components: While it mentions ""Module ApplicationContexts"", it's unclear which specific modules, components, or systems will be impacted.
	* Environment details: The description doesn't provide any information about the environment in which this issue needs to be addressed (e.g., development, testing, production).
3. Based on the missing essential information, a developer would likely need to ask for clarification before attempting to resolve the issue.

Final Answer: Yes",8e9469af67d8133c,llama3.1:8b,0,2026-06-17T09:41:32.141464,project_01,title_desc,incompleteness,cot
ISSUE-2808,Add documentation for gemfire cache-listener source,0,1,"Let's break down the issue step by step:

1. The key information provided in this issue is:
	* A link to a specific GitHub repository
	* A request for sample usage and documentation
2. Essential information that is missing includes:
	* Steps to reproduce the issue (e.g., how to set up the gemfire cache-listener source)
	* Expected vs actual behavior (what should happen when using this feature, and what's currently happening instead)
	* Acceptance criteria (specific conditions that must be met for the feature to be considered complete)
	* Affected components (which specific parts of the system are impacted by this issue)
	* Environment details (e.g., which operating systems, versions of software, or configurations are relevant to this issue)
3. Without additional information, a developer may struggle to understand how to address this issue, as they would need to ask for more context and clarification.

Based on these observations, I conclude that the issue is missing essential information, making it INCOMPLETE.

Final Answer: Yes",c0badc941dd6bdaf,llama3.1:8b,0,2026-06-17T09:41:35.237480,project_01,title_desc,incompleteness,cot
ISSUE-2171,Add a 'rank' expression to be used by the container matcher,0,1,"Let's analyze the issue step by step:

1. The issue provides some key information:
	* A description of how the 'rank' expression works in HTCondor.
	* Examples of rank expressions with their explanations.
2. However, upon closer inspection, we can see that essential information is missing:
	* Steps to reproduce: There's no indication of how to trigger or test this feature.
	* Expected vs actual behaviour: The issue doesn't specify what the expected outcome should be when using a 'rank' expression.
	* Acceptance criteria: There are no clear conditions for determining whether the implementation meets the requirements.
	* Affected components: It's unclear which specific parts of the system will be impacted by this change.
	* Environment details: The issue doesn't mention any specific environment or configuration that might affect how the 'rank' expression works.

3. Without more information, a developer would likely need to ask for clarification before attempting to implement the feature. This is because they wouldn't know what specific requirements to meet or how to test their implementation effectively.

Therefore, based on this analysis:

Final Answer: Yes",72e3afb934d3c9c4,llama3.1:8b,0,2026-06-17T09:41:38.605690,project_01,title_desc,incompleteness,cot
ISSUE-0332,[Unit Tests] Enhance test coverage for YARN SPI,0,-1,"Let's break down the issue step-by-step:

1. The key information provided in this issue is:
	* A vague description of what needs to be done (""Enhance unit test coverage"")
	* A mention of a specific component (""YARN SPI"")
	* A goal or motivation for doing so (""so I can continuously evaluate functionalities via CI pipeline"")
2. Essential information that is missing includes:
	* Steps to reproduce the issue (if there's an existing problem) or steps to implement the enhancement
	* Expected vs actual behavior (what should happen after the enhancement, and what currently happens)
	* Acceptance criteria (specific conditions that must be met for the enhancement to be considered complete)
	* Affected components (beyond just ""YARN SPI"", which component(s) will be impacted by this change?)
	* Environment details (in which environment or environments should these unit tests be run?)
3. Without additional information, a developer cannot act on this issue without asking for more clarification. They would need to ask questions like:
	* What specific areas of YARN SPI require enhanced test coverage?
	* Are there any existing unit tests that can be built upon or modified?
	* How will the CI pipeline be configured to run these new unit tests",845aa924a89acf06,llama3.1:8b,0,2026-06-17T09:41:42.150765,project_01,title_desc,incompleteness,cot
ISSUE-0424,Prevent external libraries from overriding uber-jar dependencies,0,1,"Let's break down the analysis step-by-step:

1. The key information provided in this issue is:
	* A clear problem statement
	* A specific goal (enforcing external libraries from overriding existing library dependencies)
2. Upon reviewing the issue, I notice that essential information is missing:
	* Steps to reproduce the issue: How can a developer replicate the problem and verify the solution?
	* Expected vs actual behavior: What are the expected and actual outcomes when an external library overrides an existing dependency in the uber-jar?
3. Without additional information, it's challenging for a developer to act on this issue confidently:
	* They may need clarification on what constitutes ""overriding"" dependencies
	* They might require more context about the specific libraries involved and their versions

Considering these points, I conclude that the issue is missing essential details.

Final Answer: Yes",7ab4810a80d235b3,llama3.1:8b,0,2026-06-17T09:41:44.862286,project_01,title_desc,incompleteness,cot
ISSUE-0373,Remove hardcoded yarn app version jars,0,1,"Let's analyze the issue step by step:

1. The issue provides some key information:
	* A problem statement: hardcoded yarn app version jars
	* A description of the current situation: fixed paths in yml files
	* A desired outcome: define version during build and allow override location
2. Upon reviewing the issue, I notice that essential information is missing:
	* Steps to reproduce the issue (e.g., how to trigger the problem)
	* Expected vs actual behavior (what happens when the hardcoded paths are used?)
	* Acceptance criteria (what constitutes a successful resolution of this issue?)
	* Affected components or environment details (which specific components, systems, or environments are impacted by this issue?)
3. Based on the missing information, it's unlikely that a developer can act on this issue without asking for more clarification or details.

Final Answer: Yes",61fbbb3a865888ec,llama3.1:8b,0,2026-06-17T09:41:47.556756,project_01,title_desc,incompleteness,cot
ISSUE-0586,Replace spring-xd-messagebus-* dependencies with SCS,0,1,"Let's analyze the issue step by step:

1. The issue provides some context about the change in XD 2.0 and its impact on dependencies.
2. Upon reviewing the issue, I notice that it lacks essential information such as:
	* Steps to reproduce: There is no clear indication of how to replicate the problem or what specific scenarios are affected by this change.
	* Expected vs actual behaviour: The issue doesn't specify what the expected outcome should be after replacing the dependencies and what the actual outcome is currently.
	* Acceptance criteria: There are no clear acceptance criteria defined for this change, making it difficult to determine when the issue is resolved.
	* Affected components: While the issue mentions that some message bus code is required for integration tests, it doesn't specify which specific components or modules are affected by this change.
	* Environment details: The issue doesn't provide any information about the environment in which this change should be made (e.g., development, testing, production).
3. Without additional information, a developer may struggle to understand the scope of the change and how to implement it correctly. They might need to ask for more context or clarification before proceeding.

Based on this analysis, I conclude that the issue is INCOMPLETE.

Final Answer: Yes",9f80f1d968b3af64,llama3.1:8b,0,2026-06-17T09:41:51.153469,project_01,title_desc,incompleteness,cot
ISSUE-1621,Create CompositeModuleRegistry,0,1,"Let's break down the issue step by step:

1. The key information provided in this issue includes:
	* A problem statement: ""Currently there is no ModuleRegistry contract for composite modules.""
	* An explanation of the current implementation: ""The composed module definition is maintained in ZooKeeperModuleDefinitionRepository which delegates to the ModuleRegistry...""
	* A proposed solution: ""The repository should be converted to a ModuleRegistry.""

2. Upon reviewing the issue, I notice that the following essential information is missing:
	* Steps to reproduce the problem (e.g., what specific actions trigger the issue)
	* Expected vs actual behavior (e.g., how does the current implementation differ from the desired outcome?)
	* Acceptance criteria (e.g., what conditions must be met for the proposed solution to be considered successful?)
	* Affected components or environment details (e.g., which modules, services, or environments are impacted by this issue?)

3. Based on the missing information, a developer may struggle to fully understand and address the issue without asking for more context.

Therefore, I conclude that the issue is INCOMPLETE.

Final Answer: Yes",f2cc16f6ca59f5cd,llama3.1:8b,0,2026-06-17T09:41:54.425678,project_01,title_desc,incompleteness,cot
ISSUE-0407,"Add """"module list"""" command",0,1,"Let's break down the issue step-by-step:

1. The key information provided in this issue is:
	* A feature request to add a ""module list"" command
	* The context of who would use this feature (""s-c-d developer"")
2. Essential information that is missing includes:
	* Steps to reproduce the desired functionality (e.g., how does one trigger the module list command?)
	* Expected behavior vs actual behavior (what should happen when the command is executed?)
	* Acceptance criteria (what conditions must be met for this feature to be considered complete?)
	* Affected components (which parts of the system would need to be modified or updated?)
	* Environment details (in which context would this feature be used, e.g., development, testing, production?)
3. Without additional information, a developer may struggle to understand how to implement this feature correctly and might need to ask for clarification.

Based on these observations:

Final Answer: Yes",9b2275358bf1b27a,llama3.1:8b,0,2026-06-17T09:41:57.309972,project_01,title_desc,incompleteness,cot
ISSUE-0597,Remove XML REST Endpoints,0,1,"Let's analyze the issue step by step:

1. The issue title and description provide some context about the problem with XML REST endpoints.
2. Upon reviewing the issue, I notice that it lacks essential information such as:
	* Steps to reproduce the problem
	* Expected vs actual behavior (what exactly is not working correctly?)
	* Acceptance criteria (how will we know when this issue is resolved?)
	* Affected components (which specific components are impacted by these endpoints?)
	* Environment details (in which environment or environments does this issue occur?)

3. Without the missing information, a developer may struggle to understand the scope of the problem and how to address it effectively.

Based on this analysis, I conclude that the issue is INCOMPLETE because it lacks essential information for a developer to act on it confidently.

Final Answer: Yes",efb269ed5826c22c,llama3.1:8b,0,2026-06-17T09:41:59.991300,project_01,title_desc,incompleteness,cot
ISSUE-0814,RemoteFileToHadoopTests fails on 1.1.x,0,1,"Let's analyze the issue step by step:

1. **What key information is provided in this issue?**

The issue provides:
	* A clear title: ""RemoteFileToHadoopTests fails on 1.1.x""
	* A detailed description of the problem, including:
		+ The test that failed
		+ The error message and stack trace
		+ Information about a recent fix to a bug in HostNotWindowsRule
	* A comparison between expected and actual behavior (exit code and exit description)

2. **What essential information is missing?**

The issue is missing:
	* Reproduction steps: While the test that failed is mentioned, it's not clear how to reproduce the error or what specific actions are required to trigger it.
	* Expected behavior: Although there is a comparison between expected and actual behavior (exit code and exit description), it would be helpful to have more context on what was expected in this scenario.

3. **Can a developer act on this issue without asking for more information?**

Yes, a developer can likely act on this issue without asking for more information. The error message and stack trace provide enough detail to identify the problem as related to ThreadPoolTaskExecutor not being initialized. Additionally, the comparison between",3ff3755c1e4eee5f,llama3.1:8b,0,2026-06-17T09:42:04.233510,project_01,title_desc,incompleteness,cot
ISSUE-1955,Can't use webhdfs with hdfs sink,0,1,"Let's analyze the issue step by step:

1. The issue provides:
	* A specific error message: java.lang.NoClassDefFoundError: javax/ws/rs/core/MediaType
	* A proposed solution: including two specific JAR files in the xd/lib directory
2. However, the following essential information is missing:
	* Steps to reproduce the issue (e.g., what configuration settings are used, how is the HDFS sink set up)
	* Expected vs actual behavior (what should happen when using webhdfs with hdfs sink, and what's happening instead)
	* Acceptance criteria (what conditions must be met for the issue to be considered resolved)
	* Affected components or environment details (e.g., specific versions of Spring, Hadoop, or other dependencies)
3. Without additional information, a developer may struggle to reproduce the issue, understand its root cause, and verify whether the proposed solution is effective.

Final Answer: Yes",ab367eb920a2ac7b,llama3.1:8b,0,2026-06-17T09:42:07.239689,project_01,title_desc,incompleteness,cot
ISSUE-2908,Create an easier short-cut for launching adhoc Batch Jobs,0,1,"Let's analyze the issue step by step:

1. The issue provides some key information:
	* A problem statement: launching adhoc Batch jobs is cumbersome.
	* A description of the current process and a suggestion for improvement.
2. Upon reviewing the provided information, I notice that the following essential details are missing:
	* Steps to reproduce the issue (e.g., what specific actions lead to the problem).
	* Expected vs actual behavior (what happens when launching adhoc Batch jobs currently, and what should happen with the proposed shortcut).
	* Acceptance criteria (what constitutes a successful implementation of the shortcut).
	* Affected components or environment details (which systems, services, or environments are impacted by this issue).
3. Based on the missing information, it's unlikely that a developer can act on this issue without asking for more clarification.

Final Answer: Yes",2161ac3b21488f8f,llama3.1:8b,0,2026-06-17T09:42:09.973750,project_01,title_desc,incompleteness,cot
ISSUE-2746,Add support for Hortonworks Data Platform 2.0,0,-1,"Let's analyze the issue step by step:

1. The issue provides some key information:
	* The problem: Hortonworks Data Platform 2.0 is not supported by Spring XD.
	* A possible solution: adding a lib folder for hadoop22 and/or hdp20, and allowing options to be passed in via the --hadoopDistro option.
	* Context: the issue mentions a tutorial being followed using the HDP 1.3 sandbox instead of the 2.0 sandbox.
2. However, some essential information is missing:
	* Steps to reproduce the problem (e.g., how to set up the Hortonworks Data Platform 2.0 sandbox and what exactly doesn't work).
	* Expected vs actual behavior (what should happen when using HDP 2.0 with Spring XD, and what actually happens).
	* Acceptance criteria (what specific requirements need to be met for this feature to be considered complete).
	* Affected components (which parts of the code or system are impacted by this issue).
	* Environment details (e.g., which versions of Spring XD and Hortonworks Data Platform are involved).
3. Without more information, a developer may struggle to act on this issue without asking for clarification:
	* They",edf0cb4e9c020c98,llama3.1:8b,0,2026-06-17T09:42:13.486252,project_01,title_desc,incompleteness,cot
ISSUE-0945,Provide an option for hdfs sink to not use tmp extension,0,0,"Let's analyze the issue step by step:

1. The issue provides:
	* A clear description of the problem and its context.
	* A specific feature request: an option to not use a temporary suffix in HDFS sink.
	* An explanation of why this feature is useful (avoiding file renaming).
2. However, the following essential information is missing:
	* Steps to reproduce the issue or scenario where this feature would be beneficial.
	* Expected behavior vs actual behavior (what happens currently and what should happen with the new option).
	* Acceptance criteria for the new feature (e.g., how will it be tested?).
	* Affected components (which parts of the system need to be updated).
	* Environment details (e.g., specific HDFS configurations or versions).
3. Without additional information, a developer might struggle to understand the context and requirements of this issue. They may need to ask for more clarification before acting on it.

Final Answer: No",0523b1574c387e0c,llama3.1:8b,0,2026-06-17T09:42:16.478803,project_01,title_desc,incompleteness,cot
ISSUE-3110,"Simplify """"instance"""" deployment code",0,0,"Let's break down the analysis step-by-step:

1. The key information provided in this issue includes:
	* A description of the problem with the current code
	* A suggestion to introduce an intermediate class to simplify deployment code
2. Upon reviewing the issue, I notice that it is missing essential information such as:
	* Steps to reproduce the problem (e.g., how to trigger the issue)
	* Expected vs actual behavior (what happens when the code is deployed in its current state?)
	* Acceptance criteria (what are the desired outcomes of the simplified deployment code?)
	* Affected components (which specific classes or modules are impacted by this change?)
	* Environment details (is this a problem that occurs only in certain environments, such as production or development?)
3. Based on the missing information, it is likely that a developer would need to ask for more clarification before acting on this issue.

Final Answer: No",f9ffb3bb260720c7,llama3.1:8b,0,2026-06-17T09:42:19.334904,project_01,title_desc,incompleteness,cot
ISSUE-0623,Change in file source breaks backward compatibility,0,1,"Let's analyze the issue step by step:

1. The issue provides some key information:
	* A specific change was made in version 1.2.0.
	* The change involved removing an option (""ref"") and introducing a new one (""mode"").
	* There is a reference to another issue (XD-2850) and a pull request on GitHub (PR https://github.com/spring-projects/spring-xd/pull/1624).
	* A suggestion for how the change could have been handled differently.
2. Upon reviewing the issue, I notice that some essential information is missing:
	* Steps to reproduce the problem are not provided.
	* Expected vs actual behavior is not clearly described.
	* Acceptance criteria are not specified.
	* Affected components or environment details are not mentioned.
3. Based on the missing information, a developer would likely need to ask for more clarification before acting on this issue.

Therefore, considering the essential information that is missing, I conclude:

Final Answer: Yes",4f07289466fb8376,llama3.1:8b,0,2026-06-17T09:42:22.360154,project_01,title_desc,incompleteness,cot
ISSUE-2217,Make transport configuration extensible.,0,1,"Let's analyze the issue step by step:

1. The issue provides some key information:
	* A specific change to be made to message-bus.xml
	* A brief explanation of how new transports can be configured in external jars
2. Upon reviewing the issue, I notice that essential information is missing:
	* Steps to reproduce: How should a developer test this change? What are the exact steps to verify its functionality?
	* Expected vs actual behaviour: What specific behavior is expected from this change? How will it differ from the current behavior?
	* Acceptance criteria: What conditions must be met for this change to be considered successful?
	* Affected components: Which parts of the system will be impacted by this change?
	* Environment details: Are there any specific environment settings or configurations that are relevant to this issue?
3. Based on the missing information, a developer may struggle to act on this issue without asking for more clarification. They would need additional context and guidance to implement the proposed change.

Final Answer: Yes",8170c229d8af9f5d,llama3.1:8b,0,2026-06-17T09:42:25.400042,project_01,title_desc,incompleteness,cot
ISSUE-2661,With Partitioned Jobs,1,1,"Let's analyze the issue step by step:

1. The issue title and description provide some context about the problem, but it's not clear what specific issue is being reported.
2. Upon closer inspection, I notice that the following essential information is missing:
	* Steps to reproduce: How can a developer replicate the issue?
	* Expected vs actual behaviour: What are the expected and actual outcomes of the current implementation versus the desired outcome?
	* Acceptance criteria: What specific conditions must be met for this issue to be considered resolved?
	* Affected components: Which parts of the system are impacted by this issue?
	* Environment details: Are there any specific environment or configuration requirements that need to be taken into account?

3. Without more information, a developer would likely struggle to understand the root cause of the problem and how to address it effectively.

Based on this analysis, I conclude that the issue is INCOMPLETE.

Final Answer: Yes",14ffd830177b6a82,llama3.1:8b,0,2026-06-17T09:42:28.267296,project_01,title_desc,incompleteness,cot
ISSUE-3656,Create TCP source module,0,1,"Let's break down the issue step by step:

1. The key information provided in this issue includes:
	* A brief description of what the new module is supposed to do.
	* A reference to an existing component (SI tcp inbound adapter) that it will be based on.
2. Upon reviewing the issue, I notice that some essential information is missing:
	* Steps to reproduce: There's no clear indication of how to test or verify the functionality of this new module.
	* Expected vs actual behaviour: The issue doesn't specify what the expected outcome should be when using this new module.
	* Acceptance criteria: There are no clear conditions that must be met for the module to be considered complete and functional.
	* Affected components: While it mentions being based on an existing component, there's no indication of which other components might be impacted by this change.
	* Environment details: The issue doesn't specify any specific environment or configuration requirements for testing or deployment.
3. Based on the missing information, a developer would likely need to ask for clarification or additional details before acting on this issue.

Final Answer: Yes",0dda72ccf7eb87a1,llama3.1:8b,0,2026-06-17T09:42:31.534570,project_01,title_desc,incompleteness,cot
ISSUE-1872,No main manifest attribute in xd-yarn-client jar,0,0,"Let's analyze the issue step by step:

1. The issue provides some key information:
	* A specific error message (""no main manifest attribute"")
	* A command that reproduces the issue (`$ ./spring-xd-1.0.0.BUILD-SNAPSHOT-yarn/bin/xd-yarn push -p spring-xd-1.0.0.BUILD-SNAPSHOT-yarn`)
	* A possible cause related to ""boot changes""
2. However, some essential information is missing:
	* Steps to reproduce the issue in more detail (e.g., what are the exact steps to deploy to YARN?)
	* Expected vs actual behavior (what should happen when deploying to YARN, and what's happening instead?)
	* Acceptance criteria (what conditions must be met for the deployment to be considered successful?)
	* Affected components (which specific components or modules are involved in this issue?)
	* Environment details (e.g., which operating system, Java version, etc. is being used?)
3. Without more information, a developer may struggle to act on this issue without asking for clarification. For example, they might not know what specific changes were made related to ""boot changes"" or how to reproduce the issue in their own environment",85b53df6cba7e722,llama3.1:8b,0,2026-06-17T09:42:35.268077,project_01,title_desc,incompleteness,cot
