issue_id,title,ground_truth,prediction,raw_response,prompt_hash,model_version,temperature,timestamp_utc,project,input_mode,task,strategy
ISSUE-253177,Inconsistent output between java driver and mongo shell,0,1,"Step 1: Analyze what the title conveys.
- The issue is about inconsistent output between Java driver and MongoDB shell.
- It implies there's a discrepancy in how data or operations are handled differently by these two interfaces.

Step 2: Determine if the title suggests missing information.
- Missing reproduction steps: Not clear from the title alone how to reproduce this inconsistency.
- Expected vs actual behavior: The title does not specify what the expected output should be and what the actual inconsistent output is.
- Acceptance criteria: No acceptance criteria are mentioned, such as conditions under which the issue would be resolved.
- Affected components: While it mentions Java driver and MongoDB shell, specific affected components or modules within these interfaces are unclear.
- Environment details: The title does not provide any information about the environment in which this inconsistency occurs (e.g., version numbers of Java driver and MongoDB).

Step 3: Assess if a developer can understand the full scope from the title alone.
- A developer would likely need more detailed information to diagnose and resolve the issue, such as specific scenarios or test cases that demonstrate the inconsistency.

Final Answer: Yes",62a97a2c9ee8e4ab,qwen2.5:14b,0,2026-06-17T18:46:51.409043,project_05,title_only,incompleteness,cot
ISSUE-253467,size not accepting $numberlong argument,1,1,"Step 1: Analyze what the title conveys.
The title ""size not accepting $numberlong argument"" suggests that there is an issue with a function or method called `size` which does not accept an argument of type `$numberlong`.

Step 2: Determine if the title suggests missing information.
- The title lacks details on how to reproduce the issue, such as specific steps or scenarios where this occurs.
- It doesn't provide expected behavior compared to actual observed behavior.
- There is no mention of acceptance criteria or environment details that might be relevant.

Step 3: Assess whether a developer can understand the full scope from the title alone.
Given only the title, it's challenging for a developer to fully grasp the issue without additional context. The title does not provide enough information about where this occurs (e.g., in which module or function), what the expected behavior should be, or how one might reproduce the problem.

Final Answer: Yes",f5934fc75fd18a9e,qwen2.5:14b,0,2026-06-17T18:46:55.599382,project_05,title_only,incompleteness,cot
ISSUE-253452,MongoCollection.insertOne throws NullPointerException with WriteConcern.UNACKNOWLEDGED & retryWrites=true,0,1,"Step 1: Analyze what information is conveyed by the issue title.
- The title mentions that `MongoCollection.insertOne` throws a `NullPointerException`.
- It specifies conditions under which this occurs, namely when using `WriteConcern.UNACKNOWLEDGED` and setting `retryWrites=true`.

Step 2: Determine if the title suggests missing reproduction steps, expected behavior, or context.
- While it provides some specific details about the error condition, it does not provide clear instructions on how to reproduce the issue.
- The title lacks information about what the expected behavior should be when these conditions are met.
- It also doesn't mention any acceptance criteria or affected components.

Step 3: Assess whether a developer can understand the full scope from the title alone.
- A developer might have an idea of what could be wrong based on the provided details, but they would likely need more information to fully diagnose and fix the issue.
- The absence of reproduction steps, expected behavior, or additional context makes it difficult for developers to address this issue effectively.

Final Answer: Yes",0d2f019716e1ae35,qwen2.5:14b,0,2026-06-17T18:47:00.181168,project_05,title_only,incompleteness,cot
ISSUE-253505,Add an option to toggle SSL certificate validation,0,1,"Step 1: Analyze what the issue title conveys.
The title ""Add an option to toggle SSL certificate validation"" suggests that there is a request for functionality in software where users can choose whether or not SSL certificate validation should be performed.

Step 2: Determine if the title suggests missing reproduction steps, expected behavior, or context.
- Reproduction Steps: The title does not provide any information on how to reproduce an issue or scenario. It only states what feature is requested.
- Expected vs Actual Behavior: There's no indication of what the current behavior is and what should be changed to meet expectations.
- Context: While it mentions SSL certificate validation, there are no details about which components this affects (e.g., API calls, web requests), or in which environments this might be relevant.

Step 3: Assess if a developer can understand the full scope from the title alone.
A developer would likely need more information to implement such a feature effectively. They would require specifics on how toggling SSL certificate validation should work, under what conditions it should be enabled/disabled, and any potential security implications or best practices that must be considered.

Final Answer: Yes",097b3f27e79c7a72,qwen2.5:14b,0,2026-06-17T18:47:05.167016,project_05,title_only,incompleteness,cot
ISSUE-255080,JSON parser parses braces incorrectly,0,1,"Step 1: Analyze what the title conveys.
The title ""JSON parser parses braces incorrectly"" suggests that there is an issue with how a JSON parser handles braces in the JSON data.

Step 2: Determine if the title suggests missing information.
- The title does not provide steps to reproduce the issue.
- It doesn't specify expected vs actual behavior beyond mentioning incorrect parsing of braces.
- There's no mention of acceptance criteria, affected components, or environment details.

Step 3: Assess whether a developer can understand the full scope from the title alone.
Given only this title, a developer would likely need more information to fully comprehend and address the issue. The lack of specific steps, expected behavior, and context makes it difficult for them to start working on resolving the problem effectively.

Final Answer: Yes",885d454d2917020a,qwen2.5:14b,0,2026-06-17T18:47:08.915254,project_05,title_only,incompleteness,cot
ISSUE-255534,Looking for performance tips loading results from a find() with the java driver.,0,1,"Step 1: Analyze what the title conveys.
The title ""Looking for performance tips loading results from a find() with the java driver"" suggests that someone is seeking advice on improving the performance of their Java application when using MongoDB's `find()` method to load query results.

Step 2: Determine if the title suggests missing information.
- The title does not provide steps to reproduce an issue, which would be necessary for debugging or fixing a problem.
- It lacks expected vs actual behavior details that are crucial for understanding what needs improvement.
- There is no acceptance criteria mentioned indicating what success looks like in terms of performance enhancement.
- While it mentions the Java driver and `find()`, specific affected components or environment details (like MongoDB version, Java version) are not provided.

Step 3: Assess if a developer can understand the full scope from just the title.
Given only this title, a developer would likely need more information to provide meaningful performance tips. The context is somewhat clear but lacks specifics that could help in giving targeted advice or reproducing any issues mentioned.

Final Answer: Yes",b3581edcbdb3fef6,qwen2.5:14b,0,2026-06-17T18:47:13.575809,project_05,title_only,incompleteness,cot
ISSUE-255332,Binary field $type is represented in JSON as a number instead of a two-byte hex string,0,1,"Step 1: Analyze what information is conveyed by the issue title.
- The title mentions that a binary field named `$type` is being represented incorrectly in JSON format.
- It specifies that instead of being a two-byte hex string, it's being represented as a number.

Step 2: Determine if the title suggests missing reproduction steps, expected behavior, or context.
- Missing information includes how to reproduce the issue (steps), what the correct representation should be beyond just mentioning ""two-byte hex string"", and in which environment or under what conditions this occurs.
- The expected vs actual behavior is somewhat clear but lacks detail on what exactly constitutes a two-byte hex string versus a number.

Step 3: Assess if a developer can understand the full scope from the title alone.
- While it's clear there's an issue with how binary data is being serialized, critical details such as steps to reproduce and environment specifics are missing. This makes it difficult for developers to fully grasp or address the problem without additional information.

Final Answer: Yes",9f4e7dd6a8db6b9f,qwen2.5:14b,0,2026-06-17T18:47:18.128131,project_05,title_only,incompleteness,cot
ISSUE-254781,Iterable Codec,1,1,"Step 1: Analyze what the title ""Iterable Codec"" conveys.
- The term ""Iterable"" suggests something that can be iterated over in programming, like an array or list.
- ""Codec"" typically refers to a piece of software that encodes and/or decodes data.

Step 2: Determine if the title suggests missing reproduction steps, expected behavior, or context.
- There are no specific actions mentioned (e.g., ""crashes when...""), which would indicate how to reproduce an issue.
- The title does not specify what the expected behavior should be compared to the actual observed behavior.
- No environment details or affected components are provided.

Step 3: Assess if a developer can understand the full scope from the title alone.
- Without additional context, it's unclear whether this is describing a problem, feature request, or enhancement.
- The term ""Iterable Codec"" could refer to many different scenarios and lacks specificity about what needs fixing or improving.

Final Answer: Yes",ae15eba851ce5a9b,qwen2.5:14b,0,2026-06-17T18:47:22.456988,project_05,title_only,incompleteness,cot
ISSUE-254021,NettyStream does not handle clean socket closures from the server,0,1,"Step 1: Analyze what the title conveys.
The title ""NettyStream does not handle clean socket closures from the server"" suggests that there is an issue with how NettyStream handles certain types of network events, specifically when a server closes a connection cleanly.

Step 2: Determine if the title suggests missing information.
- The title lacks specific steps to reproduce the problem.
- It doesn't provide expected behavior or acceptance criteria.
- There's no mention of affected components beyond ""NettyStream.""
- No environment details are provided (e.g., versions, operating systems).

Step 3: Assess whether a developer can understand the full scope from the title alone.
While the title gives some indication of what might be wrong, it does not provide enough information for a developer to fully comprehend or address the issue. A detailed description would be necessary to reproduce and fix this problem.

Final Answer: Yes",f401fd9bee71183f,qwen2.5:14b,0,2026-06-17T18:47:26.555482,project_05,title_only,incompleteness,cot
ISSUE-255615,Include cursor-id in CursorNotFound exception,0,1,"Step 1: Analyze what the issue title conveys.
The title ""Include cursor-id in CursorNotFound exception"" suggests that there is an existing exception called `CursorNotFound` and it is being proposed to include a `cursor-id` within this exception.

Step 2: Determine if the title suggests missing reproduction steps, expected behavior, or context.
- The title does not provide any information on how to reproduce the issue.
- It doesn't specify what the current behavior of the system is when encountering a `CursorNotFound` exception.
- There's no mention of acceptance criteria or environment details that would be necessary for developers to understand and address this issue fully.

Step 3: Assess if a developer can understand the full scope from the title alone.
Given only the title, a developer might not have enough information to implement the change correctly. They would need additional context such as:
- Why is including `cursor-id` important?
- What are the current contents of the `CursorNotFound` exception?
- How should this new inclusion affect existing error handling or logging mechanisms?

Final Answer: Yes",368695782dd42464,qwen2.5:14b,0,2026-06-17T18:47:31.320429,project_05,title_only,incompleteness,cot
ISSUE-254855,Discrimination in Jackson-Codec,1,1,"Step 1: Analyze what the title conveys.
The title ""Discrimination in Jackson-Codec"" suggests that there is an issue related to discrimination within the Jackson-Codec library, which could imply some form of bias or incorrect handling of certain data types or structures.

Step 2: Determine if the title suggests missing reproduction steps, expected behavior, or context.
- The title does not provide any specific steps to reproduce the issue.
- It does not describe what the expected behavior should be compared to the actual observed behavior.
- There is no mention of acceptance criteria, affected components, or environment details.

Step 3: Assess if a developer can understand the full scope from the title alone.
Given only this title, it would be challenging for a developer to fully grasp the nature and extent of the issue. The term ""discrimination"" could refer to various problems within the library's functionality without providing specifics on what exactly is being discriminated against or how.

Final Answer: Yes",a20268ac61f59def,qwen2.5:14b,0,2026-06-17T18:47:35.635470,project_05,title_only,incompleteness,cot
ISSUE-256012,Add w/wtimeout to WriteConcern (getLastError),0,1,"Step 1: Analyze what the title conveys.
The title ""Add w/wtimeout to WriteConcern (getLastError)"" suggests that there is a request to add functionality related to write concerns in some software system, specifically mentioning 'w' and 'wtimeout'. It also references 'getLastError', which typically refers to an operation used to check if a previous command was successful.

Step 2: Determine if the title suggests missing information.
- The title does not provide steps to reproduce any issue or describe how to test the proposed change.
- There is no mention of expected behavior after implementing this feature.
- No acceptance criteria are outlined in the title.
- It's unclear what components would be affected by adding this functionality.
- Environment details, such as specific versions or configurations, are not mentioned.

Step 3: Assess if a developer can understand the full scope from the title alone.
Given the limited information provided, it is unlikely that a developer could fully grasp the requirements and implications of implementing 'w/wtimeout' in WriteConcern without additional context. The title lacks clarity on why this change is necessary, how it should be tested, and what its impact will be.

Final Answer: Yes",b1b9fb8382417552,qwen2.5:14b,0,2026-06-17T18:47:40.698287,project_05,title_only,incompleteness,cot
ISSUE-253265,Provide an option to use pooled NIO direct buffers to minimise impact on GC,0,0,"Step 1: Analyze what the issue title conveys.
The title ""Provide an option to use pooled NIO direct buffers to minimise impact on GC"" suggests that there is a request for adding functionality related to Java's NIO (Non-blocking I/O) and garbage collection (GC). It implies that using pooled NIO direct buffers could help reduce the overhead of garbage collection.

Step 2: Determine if the title suggests missing reproduction steps, expected behavior, or context.
- Reproduction Steps: The title does not provide any specific steps to reproduce an issue. It is more about a feature request rather than reporting a bug.
- Expected vs Actual Behavior: There's no mention of what should happen versus what currently happens.
- Context and Affected Components: While the title mentions NIO direct buffers and GC, it lacks details on which components are affected or how this change would be implemented.

Step 3: Assess if a developer can understand the full scope from the title alone.
The title is somewhat vague. A developer might need more information to fully grasp the requirements such as:
- Why pooled NIO direct buffers should be used?
- What specific impact on GC are we trying to minimize?
- How does this feature interact with existing code or systems?

Final Answer:",c1b60fd31e48fe4c,qwen2.5:14b,0,2026-06-17T18:47:46.085560,project_05,title_only,incompleteness,cot
ISSUE-254440,DocumentCodec and DBObjectCodec treat nested Maps/Iterables differently,0,1,"Step 1: Analyze what the title conveys.
The title ""DocumentCodec and DBObjectCodec treat nested Maps/Iterables differently"" suggests that there is a discrepancy in how two specific components, DocumentCodec and DBObjectCodec, handle nested data structures like Maps or Iterables.

Step 2: Determine if the title suggests missing information.
- The title does not provide steps to reproduce the issue.
- It doesn't specify expected vs actual behavior.
- There's no mention of acceptance criteria or affected environment details.
- While it hints at a difference in handling nested data structures, it lacks specifics on what exactly is different and why this might be problematic.

Step 3: Assess if a developer can understand the full scope from the title alone.
Given only the title, a developer would likely need more information to fully grasp the issue's context, reproduce the problem, or determine its impact. The title raises questions about specifics of the discrepancy and how it affects functionality but does not provide enough detail for a complete understanding.

Final Answer: Yes",5ccb80c01899a456,qwen2.5:14b,0,2026-06-17T18:47:50.645661,project_05,title_only,incompleteness,cot
ISSUE-255480,Secondary reads on lists of mongos fail until first write,0,0,"Step 1: Analyze what the issue title conveys.
- The title mentions ""Secondary reads on lists of mongos fail until first write.""
- It implies there is an issue with secondary read operations in a MongoDB environment, specifically when dealing with lists through mongos.

Step 2: Determine if the title suggests missing information.
- Missing reproduction steps: How to reproduce this issue is not mentioned. We don't know what specific actions or conditions are required to trigger the problem.
- Expected vs actual behavior: The title hints at a failure of secondary reads until there's a first write, but it doesn’t clearly state what should be happening instead (expected behavior).
- Acceptance criteria: There’s no indication of what would constitute resolving this issue.
- Affected components: While it mentions ""mongos"" and implies MongoDB is involved, the exact affected components are not detailed.
- Environment details: No information about the environment or setup where this occurs is provided.

Step 3: Assess if a developer can understand the full scope from the title alone.
- A developer might have some understanding of what the issue generally entails but would need more specific details to diagnose and fix it effectively. The lack of clear reproduction steps, expected behavior, acceptance criteria, detailed affected components, and",eaec18896e9ca1a8,qwen2.5:14b,0,2026-06-17T18:47:55.972769,project_05,title_only,incompleteness,cot
ISSUE-255171,Saved extra fields for Gridfs does not go in metadata sub-document,0,1,"Step 1: Analyze what the issue title conveys.
- The title suggests that there is an issue with ""Saved extra fields for Gridfs"" not being stored in the metadata sub-document as expected.

Step 2: Determine if the title suggests missing information.
- The title does not provide steps to reproduce the issue, expected behavior compared to actual behavior, acceptance criteria, affected components, or environment details. It lacks context on how this affects the system and what the desired outcome should be.

Step 3: Evaluate whether a developer can understand the full scope from the title alone.
- A developer would likely need more information such as specific steps to reproduce the issue, expected behavior, actual observed behavior, and possibly affected components or environment details. The current title is vague and does not provide enough context for a developer to fully understand the problem.

Final Answer: Yes",7524f6234e62ef2c,qwen2.5:14b,0,2026-06-17T18:47:59.950660,project_05,title_only,incompleteness,cot
ISSUE-254446,Repeated connection with expected authentication errors is not deterministic,0,1,"Step 1: Analyze what the title conveys.
- The issue is about repeated connections with authentication errors.
- It mentions that these errors are not deterministic.

Step 2: Determine if there's missing information.
- Missing reproduction steps: How to reproduce this issue isn't mentioned in the title.
- Expected vs actual behavior: While it hints at non-deterministic expected behavior, specifics of what is expected and what actually happens aren’t clear from just the title.
- Acceptance criteria: Not provided.
- Affected components: Not specified.
- Environment details: No environment or setup information is given.

Step 3: Assess if a developer can understand the full scope from the title alone.
- The title does not provide enough detail for a developer to fully grasp the issue's nature, reproduce it, or know what constitutes a resolution.

Final Answer: Yes",9b6656470fa218df,qwen2.5:14b,0,2026-06-17T18:48:03.879673,project_05,title_only,incompleteness,cot
ISSUE-254233,Custom logging implementation,1,1,"Step 1: Analyze what the issue title conveys.
- The title ""Custom logging implementation"" suggests that there is an effort to implement custom logging in some software system.

Step 2: Determine if the title suggests missing information.
- The title does not provide any specific details about the problem or desired outcome. It lacks steps to reproduce, expected vs actual behavior, acceptance criteria, affected components, and environment details.
- There's no indication of what is wrong with the custom logging implementation or what needs to be fixed.

Step 3: Assess if a developer can understand the full scope from the title alone.
- A developer would likely need more information to fully understand the issue. The title does not provide enough context for a developer to reproduce, diagnose, or fix the problem effectively.

Final Answer: Yes",85a981f9ee0427ff,qwen2.5:14b,0,2026-06-17T18:48:07.769879,project_05,title_only,incompleteness,cot
ISSUE-252701,Update documentation for Text Search,1,1,"Step 1: Analyze what the issue title conveys.
The title ""Update documentation for Text Search"" suggests that there is a need to update some existing documentation related to text search functionality.

Step 2: Determine if the title suggests missing reproduction steps, expected behavior, or context.
- The title does not provide any specific steps to reproduce an issue.
- It does not mention what the current problem with the documentation is (e.g., outdated information, unclear instructions).
- There are no details about the expected outcome after updating the documentation.
- No environment details or affected components are mentioned.

Step 3: Assess if a developer can understand the full scope from the title alone.
Given only this title, a developer would likely need more context to fully understand what needs to be done. They might not know which parts of the documentation require updates, why these changes are necessary, and how to verify that the update is correct.

Final Answer: Yes",e81581f8550b01bb,qwen2.5:14b,0,2026-06-17T18:48:12.005014,project_05,title_only,incompleteness,cot
ISSUE-255572,Morphia Integration in java driver,0,1,"Step 1: Analyze what the title conveys.
The issue title ""Morphia Integration in java driver"" suggests that there is an attempt to integrate Morphia with a Java driver, likely for MongoDB.

Step 2: Determine if the title suggests missing information.
- The title does not provide any specific steps to reproduce the problem or describe the expected vs actual behavior.
- There are no details about acceptance criteria, affected components, or environment specifics mentioned in the title.
- It is unclear what exactly the issue is; it could be a request for help with integration rather than an identified bug.

Step 3: Assess if a developer can understand the full scope from the title alone.
Given only this title, a developer would likely need more information to fully comprehend and address the issue. The lack of specific details makes it difficult to determine whether there is a problem or what steps are needed to resolve it.

Final Answer: Yes",67a76ddfba44625f,qwen2.5:14b,0,2026-06-17T18:48:16.125405,project_05,title_only,incompleteness,cot
ISSUE-255511,Respect the QueryFailure response flag in OP_REPLY,0,1,"Step 1: Analyze what the title conveys.
The title ""Respect the QueryFailure response flag in OP_REPLY"" suggests that there is an issue related to handling a specific response flag called `QueryFailure` within a protocol or message type called `OP_REPLY`. This implies that when a query fails, the system should properly handle and respect this failure by setting the appropriate flag.

Step 2: Determine if the title suggests missing information.
- The title does not provide steps to reproduce the issue.
- It doesn't specify what the expected behavior is or how it differs from the actual behavior.
- There are no acceptance criteria mentioned.
- No affected components or environment details are provided.

Step 3: Assess whether a developer can understand the full scope of the issue from the title alone.
Given only this title, a developer would likely need additional context to fully understand and address the issue. They might require more information such as:
- What is `OP_REPLY`?
- How should the system behave when encountering a `QueryFailure` flag?
- In which scenarios does this failure occur?

Final Answer: Yes",3588321c91cc242c,qwen2.5:14b,0,2026-06-17T18:48:20.967964,project_05,title_only,incompleteness,cot
ISSUE-254614,2.12.x breaks compatibility with mongoDB v1.8,0,1,"Step 1: Analyze what the issue title conveys.
- The title indicates that version 2.12.x of some software is incompatible with MongoDB v1.8.

Step 2: Determine if the title suggests missing information.
- Missing details include:
  - Steps to reproduce the incompatibility issue.
  - Expected behavior when using version 2.12.x with MongoDB v1.8.
  - Actual observed behavior that differs from expected.
  - Affected components within the software or specific features causing issues.
  - Environment details such as operating system, other dependencies, etc.

Step 3: Assess if a developer can understand the full scope of the issue from the title alone.
- The title does not provide enough information for a developer to reproduce the problem or understand its impact fully. It lacks specifics about what exactly breaks compatibility and under which conditions.

Final Answer: Yes",c8fd172482201454,qwen2.5:14b,0,2026-06-17T18:48:25.076717,project_05,title_only,incompleteness,cot
ISSUE-253354,Deprecate DBCursor#addSpecial,1,1,"Step 1: Analyze what the title conveys.
The title ""Deprecate DBCursor#addSpecial"" suggests that there is a proposal to deprecate a method called `addSpecial` in a class named `DBCursor`.

Step 2: Determine if the title suggests missing information.
- The title does not provide any steps to reproduce an issue, expected behavior, or actual behavior.
- It lacks details about why this method should be deprecated (e.g., reasons such as security concerns, performance issues, or better alternatives).
- There is no mention of acceptance criteria, affected components, or environment details.

Step 3: Assess if a developer can understand the full scope from the title alone.
Given only the title, a developer would likely need more context to fully understand why this method should be deprecated and what impact it might have on existing codebases. The lack of detailed information makes it difficult for developers to assess the implications or provide an informed response.

Final Answer: Yes",be75d85d4267d8fb,qwen2.5:14b,0,2026-06-17T18:48:29.476218,project_05,title_only,incompleteness,cot
ISSUE-255153,update description of fsync write concern flag,0,1,"Step 1: Analyze what the title conveys.
The issue title ""update description of fsync write concern flag"" suggests that there is a need to modify the documentation or explanation related to the 'fsync' write concern flag in some software system, likely a database management system.

Step 2: Determine if the title suggests missing information.
- The title does not provide steps on how to reproduce an issue.
- It doesn't specify what the expected behavior should be after updating the description.
- There is no mention of acceptance criteria or affected components.
- No environment details are provided (e.g., version, operating system).

Step 3: Assess if a developer can understand the full scope from the title alone.
Given only this title, a developer would likely need more information to fully understand what needs to be done. The task is vague and does not provide enough context for someone to start working on it without further details.

Final Answer: Yes",a996f858b60bbc94,qwen2.5:14b,0,2026-06-17T18:48:33.768120,project_05,title_only,incompleteness,cot
ISSUE-255938,DBCursor.copy() does not copy batch size,0,1,"Step 1: Analyze what the issue title conveys.
The title ""DBCursor.copy() does not copy batch size"" suggests that there is an issue with the `copy()` method of the `DBCursor` class, which apparently fails to replicate or maintain the batch size setting when copying.

Step 2: Determine if the title suggests missing reproduction steps, expected behavior, or context.
- The title lacks specific details on how to reproduce the issue (e.g., code snippet).
- It does not specify what the expected behavior should be compared to the actual observed behavior.
- There is no mention of affected components or environment details.

Step 3: Assess if a developer can understand the full scope from the title alone.
Given only this title, a developer would likely need more information such as:
- How to reproduce the issue (steps).
- Expected vs. actual behavior.
- Affected versions/components.
- Environment setup.

Final Answer: Yes",213e16e1f423c043,qwen2.5:14b,0,2026-06-17T18:48:38.049594,project_05,title_only,incompleteness,cot
ISSUE-253697,"upload mo artifacts"""" Evergreen post-task is failing",1,1,"Step 1: Analyze what the issue title conveys.
- The title mentions ""upload mo artifacts"" which seems to be an action related to uploading some kind of artifact files.
- It also states that this is happening in relation to an ""Evergreen post-task"", suggesting it's part of a specific process or workflow.

Step 2: Determine if the title suggests missing information.
- The title does not provide any steps to reproduce the issue, which would be helpful for debugging and testing purposes.
- There is no mention of expected vs actual behavior, making it unclear what exactly is failing.
- No acceptance criteria are mentioned, so it's uncertain what success looks like in this context.
- While ""Evergreen post-task"" provides some context, there is no detail about the environment or affected components.

Step 3: Assess if a developer can understand the full scope from just the title.
- Given the lack of specific details such as reproduction steps and expected behavior, it would be challenging for a developer to fully grasp what needs to be addressed without additional information.

Final Answer: Yes",064e21fb29ae5a95,qwen2.5:14b,0,2026-06-17T18:48:42.702452,project_05,title_only,incompleteness,cot
ISSUE-253111,minWireVersion is 1 but it should be 2,0,1,"Step 1: Analyze what the issue title conveys.
- The title indicates that there is an incorrect value for `minWireVersion`.
- It states that the current value is 1, but it should be 2.

Step 2: Determine if the title suggests missing information.
- Missing reproduction steps: Not clear how to reproduce this issue.
- Expected vs actual behavior: Only mentions what the value should be (expected) and what it currently is (actual), but no context on why or where this affects functionality.
- Acceptance criteria: No acceptance criteria are mentioned.
- Affected components: It's not specified which component or part of the system is affected by this issue.
- Environment details: There are no environment details provided.

Step 3: Assess if a developer can understand the full scope from the title alone.
- A developer would need more information to fully understand and address the issue, such as where `minWireVersion` should be set, how it impacts system functionality, and steps to reproduce or verify the fix.

Final Answer: Yes",05ebf827e54c9bf9,qwen2.5:14b,0,2026-06-17T18:48:47.411974,project_05,title_only,incompleteness,cot
ISSUE-252640,Documentation links 404,1,1,"Step 1: Analyze what the title conveys.
- The title ""Documentation links 404"" indicates that some documentation links are not working and return a 404 error.

Step 2: Determine if the title suggests missing information.
- The title does not provide steps to reproduce the issue, expected behavior, acceptance criteria, affected components, or environment details. It lacks context on which specific documentation links are broken and where they can be found within the system.

Step 3: Assess whether a developer can understand the full scope from the title alone.
- A developer would need more information such as which pages or sections of documentation have broken links, what the intended functionality is supposed to be, and possibly environment details (e.g., version of software, browser used).

Final Answer: Yes",779a37786a8ef181,qwen2.5:14b,0,2026-06-17T18:48:51.124809,project_05,title_only,incompleteness,cot
ISSUE-255236,DBObject.equals can fail when binary data exists,0,1,"Step 1: Analyze what the title conveys.
The title ""DBObject.equals can fail when binary data exists"" suggests that there is an issue with the `equals` method of a class called `DBObject`. The problem arises specifically in scenarios where binary data is involved.

Step 2: Determine if the title suggests missing information.
- Steps to reproduce: Not provided. We don't know under what conditions or how this failure occurs.
- Expected vs actual behavior: Not clear from the title alone. It doesn't specify what should happen versus what does happen when `equals` fails with binary data.
- Acceptance criteria: Missing. There's no indication of what would constitute a solution or successful resolution.
- Affected components: Only mentions DBObject and its equals method, but it’s unclear if other parts of the system are involved.
- Environment details: No information about the environment in which this issue occurs (e.g., database type, programming language version).

Step 3: Assess whether a developer can understand the full scope from the title alone.
Given the lack of specific steps to reproduce and detailed expected behavior, it would be challenging for a developer to fully grasp the extent or nature of the problem without additional context.

Final Answer: Yes",81c4274d0cb607cf,qwen2.5:14b,0,2026-06-17T18:48:56.543561,project_05,title_only,incompleteness,cot
ISSUE-255324,Increase GridFS max chunk size,0,1,"Step 1: Analyze what the title conveys.
The title ""Increase GridFS max chunk size"" suggests that there is a request to modify the maximum chunk size in GridFS, which is a specification for storing and retrieving files that exceed the BSON-document size limit in MongoDB.

Step 2: Determine if the title suggests missing information.
- The title does not provide steps on how to reproduce an issue or any specific problem scenario.
- It doesn't mention expected behavior after increasing the max chunk size.
- There is no indication of acceptance criteria, affected components, or environment details.
- No context about why this change is necessary or what issues it aims to resolve.

Step 3: Assess if a developer can understand the full scope from the title alone.
Given only the title, a developer would likely need more information such as:
- Why increasing the max chunk size is required (e.g., due to larger file sizes).
- The current and proposed values for the max chunk size.
- Any potential impacts on performance or storage requirements.

Final Answer: Yes",04d84563b1019510,qwen2.5:14b,0,2026-06-17T18:49:01.145802,project_05,title_only,incompleteness,cot
ISSUE-254743,Server selection exception should chain exceptions from server monitors,0,1,"Step 1: Analyze what the title conveys.
The title ""Server selection exception should chain exceptions from server monitors"" suggests that there is an issue related to how exceptions are handled in a software system, specifically when dealing with server selection and monitoring.

Step 2: Determine if the title suggests missing reproduction steps, expected behavior, or context.
- The title does not provide any specific steps to reproduce the issue.
- It does not clearly state what the expected behavior should be compared to the actual observed behavior.
- There is no mention of acceptance criteria, affected components, or environment details.

Step 3: Assess if a developer can understand the full scope from the title alone.
Given only this title, it would be challenging for a developer to fully grasp the issue's context and requirements. The title lacks specific details that are typically necessary for reproducing and resolving an issue effectively.

Final Answer: Yes",4fac5c499cc79be2,qwen2.5:14b,0,2026-06-17T18:49:05.126916,project_05,title_only,incompleteness,cot
ISSUE-253069,Remove mongodb-driver-embedded-android package,0,1,"Step 1: Analyze what the title conveys.
The issue title ""Remove mongodb-driver-embedded-android package"" suggests that there is a request to remove a specific package named `mongodb-driver-embedded-android`.

Step 2: Determine if the title suggests missing information.
- The title does not provide any steps to reproduce an issue or describe a problem.
- It lacks details about why this removal is necessary (e.g., expected behavior after removal, issues caused by the presence of the package).
- There are no acceptance criteria mentioned that would indicate what success looks like for resolving this issue.
- No affected components or environment details are provided.

Step 3: Assess if a developer can understand the full scope from the title alone.
Given only the title, a developer might not have enough context to fully understand why the package needs to be removed and how it impacts other parts of the system. They would likely need additional information such as the reason for removal, potential side effects, or acceptance criteria.

Final Answer: Yes",51e51e516629207b,qwen2.5:14b,0,2026-06-17T18:49:09.573804,project_05,title_only,incompleteness,cot
ISSUE-254867,Add type-safe jsMode support in MapReduceCommand,0,1,"Step 1: Analyze what the issue title conveys.
The title ""Add type-safe jsMode support in MapReduceCommand"" suggests that there is a request to add functionality for type-safe jsMode support within the context of the MapReduceCommand component.

Step 2: Determine if the title suggests missing reproduction steps, expected behavior, or context.
- The title does not provide any specific steps to reproduce an issue.
- It doesn't describe what the current behavior is and what the expected behavior should be.
- There's no mention of acceptance criteria or environment details that would help in understanding how this feature should work.

Step 3: Assess if a developer can understand the full scope from the title alone.
While the title gives an idea about the intended change, it lacks critical information such as:
- How to implement type-safe jsMode support.
- What specific changes are needed within MapReduceCommand.
- The impact of this addition on existing functionalities.

Given these considerations, the issue title is missing essential details that would allow a developer to fully understand and address the request effectively.

Final Answer: Yes",77c0955134a3c3c1,qwen2.5:14b,0,2026-06-17T18:49:14.369058,project_05,title_only,incompleteness,cot
ISSUE-252707,Storing unsigned integer to Mongodb from java,0,1,"Step 1: Analyze what the issue title conveys.
- The title mentions storing an unsigned integer to MongoDB using Java.
- It implies there is some problem related to this operation.

Step 2: Determine if the title suggests missing information.
- There are no details about steps to reproduce, expected vs actual behavior, acceptance criteria, affected components, or environment details.
- The issue does not specify what exactly is wrong with storing an unsigned integer in MongoDB from Java. Is it a type mismatch? A data loss issue? An error message?

Step 3: Evaluate if the developer can understand the full scope of the problem from just the title.
- Without additional context, developers would need to make assumptions about the nature and specifics of the issue.
- The lack of details makes it difficult for someone to fully grasp what needs to be addressed or tested.

Final Answer: Yes",0d5d2eaf9c09c876,qwen2.5:14b,0,2026-06-17T18:49:18.253827,project_05,title_only,incompleteness,cot
ISSUE-255700,Possible bug with JSON parser,1,1,"Step 1: Analyze what the issue title conveys.
- The title ""Possible bug with JSON parser"" suggests that there might be an issue related to the software's JSON parsing functionality.

Step 2: Determine if the title suggests missing information.
- The title does not provide specific steps to reproduce the issue, expected behavior, actual behavior, acceptance criteria, affected components, or environment details. It only indicates a potential problem with the JSON parser without any concrete details.

Step 3: Assess whether a developer can understand the full scope from the title alone.
- A developer would likely need more information to diagnose and fix the issue since the title is vague and does not provide enough context for reproduction or verification of the bug.

Final Answer: Yes",08699b38f6ba9c8b,qwen2.5:14b,0,2026-06-17T18:49:21.807631,project_05,title_only,incompleteness,cot
ISSUE-253917,$geoNear Aggregation pipeline in Mongo JAVA driver,0,1,"Step 1: Analyze what the title conveys.
The issue title ""$geoNear Aggregation pipeline in Mongo JAVA driver"" suggests that there is an issue related to using the $geoNear aggregation stage within the MongoDB Java driver. It indicates a specific feature or functionality of the MongoDB Java driver.

Step 2: Determine if the title suggests missing information.
- The title does not provide any steps to reproduce the issue.
- There is no mention of expected vs actual behavior, which would be crucial for understanding what the problem is.
- No acceptance criteria are mentioned.
- While it specifies that this involves the MongoDB Java driver and $geoNear aggregation pipeline, there's no indication about affected components or environment details.

Step 3: Assess if a developer can understand the full scope from the title alone.
Given only the title, a developer would likely need more information to fully comprehend the issue. The title does not provide enough context for reproducing the problem or understanding what specific behavior is being observed versus expected.

Final Answer: Yes",69125ebb18db5ed5,qwen2.5:14b,0,2026-06-17T18:49:26.298604,project_05,title_only,incompleteness,cot
ISSUE-254894,The aggregation method is inaccurately showing type,0,1,"Step 1: Analyze what the issue title conveys.
- The title indicates that there is an inaccuracy with how the aggregation method displays type information.

Step 2: Determine if the title suggests missing reproduction steps, expected behaviour, or context.
- The title does not provide any specific steps to reproduce the issue.
- It doesn't mention the expected behavior compared to the actual observed behavior.
- There's no indication of which components are affected or what environment details might be relevant.

Step 3: Assess if a developer can understand the full scope from the title alone.
- The title is vague and does not provide enough information for a developer to fully comprehend the issue without additional context such as steps to reproduce, expected vs actual behavior, acceptance criteria, etc.

Final Answer: Yes",daacc653e9029d82,qwen2.5:14b,0,2026-06-17T18:49:30.136706,project_05,title_only,incompleteness,cot
ISSUE-253334,Deprecate MongoIterable#forEach,0,1,"Step 1: Analyze what the title conveys.
The title ""Deprecate MongoIterable#forEach"" suggests that there is a proposal to deprecate a specific method in a Java driver for MongoDB, namely `MongoIterable#forEach`.

Step 2: Determine if the title suggests missing reproduction steps, expected behavior, or context.
- The title does not provide any information on how to reproduce an issue.
- It doesn't describe what the current behavior is or what the expected behavior should be after deprecation.
- There's no mention of acceptance criteria, affected components, or environment details.

Step 3: Assess if a developer can understand the full scope from the title alone.
While developers might infer that this involves modifying or removing functionality in a MongoDB driver, they would need more information to fully grasp why this change is necessary and how it should be implemented. The title lacks context about the reasons for deprecation and the implications of such an action.

Final Answer: Yes",a3bba4b4e7512b02,qwen2.5:14b,0,2026-06-17T18:49:34.536670,project_05,title_only,incompleteness,cot
ISSUE-255443,Errors when DBRef's $id is Object instead of simple value,0,1,"Step 1: Analyze what the issue title conveys.
- The title mentions ""Errors when DBRef's $id is Object instead of simple value.""
- It indicates that there are errors occurring under specific conditions related to a database reference ($id) being an object rather than a simple value.

Step 2: Determine if the title suggests missing information.
- The title does not provide steps to reproduce the issue, expected behavior, or acceptance criteria.
- There is no mention of affected components or environment details such as operating system, version numbers, etc.
- It lacks context on what constitutes an error (e.g., specific error messages, logs).

Step 3: Assess if a developer can understand the full scope from the title alone.
- While the issue seems clear in terms of the condition that triggers it, understanding how to reproduce or fix this issue would require additional information not provided by the title.

Final Answer: Yes",f2e4fe4576e8ebd4,qwen2.5:14b,0,2026-06-17T18:49:38.830165,project_05,title_only,incompleteness,cot
ISSUE-253221,mongodb+srv schema can cause NullPointerException,0,1,"Step 1: Analyze what the title conveys.
- The issue is related to MongoDB with a specific connection string format (`mongodb+srv`).
- A `NullPointerException` can occur due to this schema.

Step 2: Determine if the title suggests missing information.
- Missing details on how to reproduce the issue (e.g., steps, code snippet).
- No mention of expected behavior or actual observed behavior.
- Lack of context about which components are affected and in what environment the error occurs.

Step 3: Evaluate whether a developer can understand the full scope from the title alone.
- The title does not provide enough information for a developer to fully comprehend the issue's nature, reproduce it, or know how to fix it without additional details.

Final Answer: Yes",38318b47137f1973,qwen2.5:14b,0,2026-06-17T18:49:42.416518,project_05,title_only,incompleteness,cot
ISSUE-253502,Re-enable write concern tests for dropDatabase command,0,1,"Step 1: Analyze what the issue title conveys.
The title ""Re-enable write concern tests for dropDatabase command"" suggests that there is an intention to re-enable certain tests related to write concerns when using the `dropDatabase` command in a database system.

Step 2: Determine if the title suggests missing information.
- The title does not provide steps on how to reproduce the issue or any specific scenario where this needs to be done.
- It doesn't mention what the expected behavior should be after re-enabling these tests.
- There is no indication of acceptance criteria, affected components, or environment details.

Step 3: Assess if a developer can understand the full scope from the title alone.
Given only the title, it's unclear whether:
- The current state (whether the tests are currently disabled).
- Why they were disabled in the first place.
- What specific changes need to be made to re-enable them.
- Whether there are any risks or considerations involved.

Final Answer: Yes",d653982291a37f59,qwen2.5:14b,0,2026-06-17T18:49:46.764424,project_05,title_only,incompleteness,cot
ISSUE-255435,Thread Locals not being freed in thread pool,0,1,"Step 1: Analyze what the issue title conveys.
- The title mentions ""Thread Locals not being freed in thread pool.""
- This suggests there is an issue with memory management or resource cleanup related to Thread Local Storage and a thread pool.

Step 2: Determine if the title suggests missing information.
- Missing reproduction steps: The title does not provide any specific steps to reproduce the problem.
- Expected vs actual behavior: There's no indication of what should be happening versus what is actually occurring.
- Acceptance criteria: No acceptance criteria are mentioned, such as conditions for resolving the issue.
- Affected components: While it mentions thread pool and Thread Locals, there’s no detail on which specific parts or classes are involved.
- Environment details: There's no mention of any environment specifics like operating system, version numbers, etc.

Step 3: Assess if a developer can understand the full scope from the title alone.
- A developer might have some idea about what could be wrong but would need more information to diagnose and fix the issue effectively. The lack of specific details makes it difficult for someone else to fully grasp the problem without additional context.

Final Answer: Yes",b67ed5c49817710b,qwen2.5:14b,0,2026-06-17T18:49:51.848266,project_05,title_only,incompleteness,cot
ISSUE-255744,authentication for replica set fails frequently because 'getnonce' and 'authenticate' command is issued to different server,0,1,"Step 1: Analyze what information is conveyed by the issue title.
- The title mentions that authentication for a replica set fails frequently.
- It specifies that the 'getnonce' and 'authenticate' commands are being issued to different servers, which seems to be causing the failure.

Step 2: Determine if the title suggests missing reproduction steps, expected behavior, or context.
- Reproduction Steps: The title does not provide any specific steps on how to reproduce the issue. It only mentions that authentication fails frequently but doesn't explain under what conditions this happens.
- Expected vs Actual Behavior: While it hints at an unexpected behavior (authentication failing), there is no clear distinction between expected and actual behaviors provided in the title.
- Context: The context of the issue seems somewhat limited as it does not specify which environment or components are affected, nor does it provide any acceptance criteria.

Step 3: Assess if a developer can understand the full scope from the title alone.
- A developer might have some understanding that there is an authentication problem in a replica set setup. However, without knowing how to reproduce the issue and what the expected behavior should be, they would likely need more information to fully diagnose and resolve it.

Final Answer: Yes",5098c4caeb9ab9ad,qwen2.5:14b,0,2026-06-17T18:49:56.987623,project_05,title_only,incompleteness,cot
ISSUE-255326,No Such Method Exception When Instantiating Mongo Client,1,1,"Step 1: Analyze what the title conveys.
- The issue title ""No Such Method Exception When Instantiating Mongo Client"" indicates that there is an exception related to a method not being found when trying to create an instance of a MongoDB client.

Step 2: Determine if the title suggests missing information.
- The title does not provide steps to reproduce the issue, expected behavior, acceptance criteria, affected components beyond mentioning the MongoDB client, or environment details such as version numbers or operating system specifics.

Step 3: Evaluate whether a developer can understand the full scope from the title alone.
- While the title gives some indication of what is happening (an exception when creating a Mongo Client), it lacks critical information that would allow a developer to fully diagnose and resolve the issue. A developer would need additional details such as which method is missing, under what conditions this occurs, and in which environment.

Final Answer: Yes",236a5f9188ba865a,qwen2.5:14b,0,2026-06-17T18:50:01.641368,project_05,title_only,incompleteness,cot
ISSUE-255548,Stackoverflow when querying document with cycle reference using DBRef,0,1,"Step 1: Analyze what the issue title conveys.
- The title mentions ""Stackoverflow"" which indicates an error condition.
- It specifies that this occurs when querying a document with a cycle reference using DBRef.

Step 2: Determine if the title suggests missing information.
- Missing from the title are steps to reproduce, expected vs actual behavior, acceptance criteria, affected components beyond just the database query context, and environment details (e.g., version of software, operating system).

Step 3: Evaluate whether a developer can understand the full scope from the title alone.
- While it gives an idea about what might be going wrong, it lacks sufficient detail for a developer to fully comprehend or reproduce the issue without additional information.

Final Answer: Yes",be18d385299c16b5,qwen2.5:14b,0,2026-06-17T18:50:05.157693,project_05,title_only,incompleteness,cot
ISSUE-254528,Add MongoCollection.dropIndex(Bson keys),0,1,"Step 1: Analyze what the title conveys.
The title ""Add MongoCollection.dropIndex(Bson keys)"" suggests an action to be taken in code, specifically calling the `dropIndex` method on a MongoDB collection with Bson keys as parameters.

Step 2: Determine if the title suggests missing information.
- The title does not provide any steps to reproduce or expected behavior.
- It lacks context about why this change is necessary and what problem it solves.
- There's no mention of acceptance criteria, affected components, or environment details.

Step 3: Assess whether a developer can understand the full scope from the title alone.
Given only the title, a developer would likely need additional information to fully understand the issue. The title does not provide enough context for a developer to know what problem this action is intended to solve or how it fits into the larger system.

Final Answer: Yes",4481f8b9a7e829f1,qwen2.5:14b,0,2026-06-17T18:50:09.115233,project_05,title_only,incompleteness,cot
ISSUE-254203,Add equals() and toString() to Updates,0,1,"Step 1: Analyze what the title conveys.
The issue title ""Add equals() and toString() to Updates"" suggests that there is a need to implement two Java methods, `equals()` and `toString()`, in some class or module related to 'Updates'.

Step 2: Determine if the title suggests missing reproduction steps, expected behaviour, or context.
- The title does not provide any information on how to reproduce an issue.
- It doesn't describe what the expected behavior should be after implementing these methods.
- There is no mention of acceptance criteria, affected components, or environment details.

Step 3: Assess if a developer can understand the full scope from the title alone.
While it's clear that there is a task to implement two specific Java methods, the title lacks critical information such as why these methods are needed (e.g., for testing purposes, serialization, debugging), where exactly they should be added, and what impact their addition might have on existing functionality.

Final Answer: Yes",623679dca964ea3f,qwen2.5:14b,0,2026-06-17T18:50:13.519734,project_05,title_only,incompleteness,cot
ISSUE-254082,Connection and thread leakage in DefaultServerMonitor,0,1,"Step 1: Analyze what the title conveys.
- The issue is related to ""Connection and thread leakage"" in ""DefaultServerMonitor"".
- It implies there might be an issue with connections or threads not being properly managed or closed, leading to potential resource leaks.

Step 2: Determine if the title suggests missing information.
- The title does not provide steps to reproduce the issue.
- There is no mention of expected vs actual behavior.
- No acceptance criteria are mentioned.
- It doesn't specify affected components beyond ""DefaultServerMonitor"".
- Environment details such as operating system, version numbers, or specific configurations are absent.

Step 3: Assess if a developer can understand the full scope from the title alone.
- While it gives an idea of what might be wrong (connection and thread leakage), it lacks specifics that would allow a developer to reproduce or fix the issue effectively. More context is needed for a thorough understanding.

Final Answer: Yes",a6f1357bfbf2d8f1,qwen2.5:14b,0,2026-06-17T18:50:17.731435,project_05,title_only,incompleteness,cot
ISSUE-253763,Reduce size of Evergreen matrix,0,0,"Step 1: Analyze what the title conveys.
The title ""Reduce size of Evergreen matrix"" suggests an action to be taken on something called the ""Evergreen matrix"". It implies that there is a need or request to make this matrix smaller in some way.

Step 2: Determine if the title suggests missing information.
- Steps to reproduce: The title does not provide any steps to reproduce the issue, which would typically involve specific actions and conditions.
- Expected vs actual behavior: There's no indication of what the current state is or what the expected outcome should be after reducing the size.
- Acceptance criteria: No acceptance criteria are mentioned that a developer could use to verify if the task has been completed successfully.
- Affected components: The title does not specify which parts of the system will be impacted by this change.
- Environment details: There is no information about the environment or context in which this matrix exists.

Step 3: Assess whether a developer can understand the full scope from the title alone.
Given the lack of specific details, it would be challenging for a developer to fully grasp what needs to be done without additional information. The term ""reduce size"" could mean different things depending on the context and the nature of the Evergreen matrix.

Final Answer",65ff1b563071bb88,qwen2.5:14b,0,2026-06-17T18:50:23.051352,project_05,title_only,incompleteness,cot
ISSUE-254130,Ensure Loggers are past to ErrorHandlingCallbacks,0,1,"Step 1: Analyze what the title conveys.
The title ""Ensure Loggers are past to ErrorHandlingCallbacks"" suggests that there is an issue related to loggers not being properly passed or utilized in error handling callbacks. However, it does not provide specific details about how this affects functionality or what needs to be done to resolve it.

Step 2: Determine if the title suggests missing information.
- Steps to reproduce: Not provided.
- Expected vs actual behavior: Not clear from the title alone.
- Acceptance criteria: Missing.
- Affected components: Only vaguely mentioned (loggers and error handling callbacks).
- Environment details: None given.

Step 3: Assess whether a developer can understand the full scope of the issue from the title alone.
Given the lack of specific information about what needs to be done, how it affects functionality, or where exactly this problem occurs within the system, a developer would likely need more context and detail to fully understand and address the issue.

Final Answer: Yes",eebacb4ad6ffa92a,qwen2.5:14b,0,2026-06-17T18:50:27.391519,project_05,title_only,incompleteness,cot
ISSUE-253459,how to implement nested query in java API,0,1,"Step 1: Analyze what the title conveys.
The issue title ""how to implement nested query in java API"" is asking for guidance on how to write code that involves nested queries within a Java API. It does not describe an existing problem or bug but rather seeks information on implementation.

Step 2: Determine if the title suggests missing reproduction steps, expected behavior, or context.
- Reproduction Steps: The title doesn't provide any specific scenario or steps to reproduce something; it's more of a question about how to do something.
- Expected vs Actual Behavior: There is no mention of what should happen versus what actually happens. It’s asking for guidance on implementation rather than reporting an issue.
- Context: While the title mentions Java API and nested queries, it lacks details such as which specific part of the API or what kind of data structure is involved.

Step 3: Assess if a developer can understand the full scope from the title alone.
A developer would likely need more information to provide a comprehensive answer. The title does not specify the exact nature of the nested query (e.g., SQL, GraphQL), the specific Java framework being used, or any constraints on performance or complexity.

Final Answer: Yes",1750f69e1f79bfef,qwen2.5:14b,0,2026-06-17T18:50:32.468749,project_05,title_only,incompleteness,cot
ISSUE-255998,Tried to save too large of an object. max size: 2098176,0,1,"Step 1: Analyze what information is conveyed by the title.
- The user attempted to save an object that exceeded the maximum allowed size of 2098176 bytes.

Step 2: Determine if the title suggests missing reproduction steps, expected behaviour, or context.
- Missing details include:
  - Steps to reproduce the issue
  - Expected behavior (what should happen when trying to save a large object)
  - Actual observed behavior
  - Affected components of the software
  - Environment details where this occurred

Step 3: Evaluate if a developer can understand the full scope from the title alone.
- The title does not provide enough information for a developer to fully comprehend or reproduce the issue. It lacks critical details such as how to trigger the problem, what happens when an attempt is made to save an oversized object, and under which conditions this occurs.

Final Answer: Yes",1dbe636b3abdaccf,qwen2.5:14b,0,2026-06-17T18:50:36.626313,project_05,title_only,incompleteness,cot
ISSUE-254903,REPLICA_ACKNOWLEDGED not working at the time of arbiter Node,0,1,"Step 1: Analyze what the title conveys.
- The issue is related to ""REPLICA_ACKNOWLEDGED"" not functioning correctly.
- It mentions an ""arbiter Node,"" which suggests this might be a database replication or cluster environment.

Step 2: Determine if the title suggests missing information.
- Missing reproduction steps: How can one reproduce the problem? Not clear from the title alone.
- Expected vs actual behavior: What should happen when REPLICA_ACKNOWLEDGED is working correctly versus what happens now that it's not working. This isn't specified in the title.
- Acceptance criteria: No acceptance criteria are mentioned or implied by this title.
- Affected components: While ""arbiter Node"" is mentioned, other potentially affected components (like database nodes, clients) aren't detailed.
- Environment details: The environment setup and configurations that might be relevant to reproduce the issue are not provided.

Step 3: Assess if a developer can understand the full scope from just the title.
- A developer would likely need more information about how to replicate the problem, what exactly is happening when it occurs, and in which specific scenarios or environments this issue arises.

Final Answer: Yes",c98c38a3519c3749,qwen2.5:14b,0,2026-06-17T18:50:41.854997,project_05,title_only,incompleteness,cot
ISSUE-253040,mavenLocal should be first repository,0,1,"Step 1: Analyze what the title conveys.
The title ""mavenLocal should be first repository"" suggests that there is an issue related to Maven configuration where the local repository (`mavenLocal`) needs to be prioritized as the primary repository.

Step 2: Determine if the title suggests missing reproduction steps, expected behavior, or context.
- The title does not provide any specific steps on how to reproduce the issue.
- It doesn't describe what the current behavior is and what the expected behavior should be.
- There's no mention of affected components or environment details.

Step 3: Assess if a developer can understand the full scope from the title alone.
Given only this title, it would be challenging for a developer to fully grasp the issue without additional context such as:
- Why `mavenLocal` needs to be first.
- What problems arise when it is not first.
- The environment or setup where this configuration change is necessary.

Final Answer: Yes",766bc1de0eb210f5,qwen2.5:14b,0,2026-06-17T18:50:46.132402,project_05,title_only,incompleteness,cot
ISSUE-255829,Publish maven SNAPSHOTs,0,1,"Step 1: Analyze what the title conveys.
The issue title ""Publish maven SNAPSHOTs"" suggests an action related to publishing Maven artifacts that are in development and not yet finalized.

Step 2: Determine if the title suggests missing information.
- The title does not provide steps on how to reproduce the issue or any specific problem encountered.
- There is no indication of expected vs. actual behavior, which would be crucial for understanding what needs fixing or improving.
- No acceptance criteria are mentioned that a developer could use to verify completion.
- Affected components and environment details (such as Java version, Maven version) are not specified.

Step 3: Assess if the title provides enough context for a developer.
Given only this title, a developer would likely need additional information such as:
- What is failing or what needs improvement?
- In which development phase or build process does this issue occur?
- Which specific components or modules are involved?

Final Answer: Yes",4085ab7063bcd808,qwen2.5:14b,0,2026-06-17T18:50:50.293537,project_05,title_only,incompleteness,cot
ISSUE-253678,Document new Pojo updates,0,1,"Step 1: Analyze what the title conveys.
The title ""Document new Pojo updates"" suggests that there are recent changes to some POJOs (Plain Old Java Objects) and these need to be documented.

Step 2: Determine if the title suggests missing information.
- The title does not provide any steps on how to reproduce an issue or verify a change.
- It doesn't specify what the expected behavior should be after documenting the updates.
- There is no mention of acceptance criteria, affected components, or environment details.
- The scope and impact of these updates are unclear from just this title.

Step 3: Assess if a developer can understand the full scope from the title alone.
Given only the title ""Document new Pojo updates,"" it's not clear what specific POJOs have been updated, why they were updated, or how extensive the documentation should be. A developer would likely need more information to fully understand and address this task.

Final Answer: Yes",58bbabfd170f1f03,qwen2.5:14b,0,2026-06-17T18:50:54.681672,project_05,title_only,incompleteness,cot
ISSUE-255807,Allow bson decoder per operation (find/cusor),0,1,"Step 1: Analyze what the title conveys.
The title ""Allow bson decoder per operation (find/cursor)"" suggests that there is a request to implement functionality for BSON decoders specific to certain operations, such as 'find' and 'cursor'.

Step 2: Determine if the title suggests missing information.
- The title does not provide steps to reproduce an issue or describe any unexpected behavior.
- It lacks details about expected vs actual behavior, acceptance criteria, affected components, or environment specifics.

Step 3: Assess whether a developer can understand the full scope from the title alone.
While it is clear that there's a request for functionality related to BSON decoders and specific operations, the title does not provide enough context for a developer to fully understand what needs to be done without additional information. The purpose of allowing per-operation BSON decoding isn't explained, nor are any acceptance criteria or environment details provided.

Final Answer: Yes",06bd80f4d68113f1,qwen2.5:14b,0,2026-06-17T18:50:58.876808,project_05,title_only,incompleteness,cot
ISSUE-252979,Remove CLIRR support from the build,0,1,"Step 1: Analyze what the issue title conveys.
The title ""Remove CLIRR support from the build"" suggests that there is a request to remove some form of support for CLIRR (Check License Interoperability and Reporting) in the software's build process.

Step 2: Determine if the title suggests missing reproduction steps, expected behavior, or context.
- The title does not provide any specific steps on how to reproduce the issue or implement the change.
- It doesn't describe what the expected outcome should be after removing CLIRR support from the build.
- There is no mention of acceptance criteria, affected components, or environment details.

Step 3: Assess if a developer can understand the full scope from the title alone.
Given only this title, a developer would likely need additional information to fully understand and implement the change. They might require:
- Why CLIRR support needs to be removed (rationale).
- Which parts of the build process are affected by CLIRR.
- How to modify the build configuration or scripts to remove CLIRR support.
- What tests should be run after making changes.

Final Answer: Yes",3453641260027605,qwen2.5:14b,0,2026-06-17T18:51:03.794570,project_05,title_only,incompleteness,cot
ISSUE-252775,Multiple reads of BsonBinary UUID return different results,0,1,"Step 1: Analyze what the issue title conveys.
- The title indicates that there is an inconsistency in how BsonBinary UUIDs are read multiple times.
- It suggests that repeated reads of the same UUID yield different results.

Step 2: Determine if the title suggests missing information.
- Steps to reproduce the issue are not provided.
- Expected vs actual behavior is only partially described (different results on subsequent reads).
- No acceptance criteria, affected components, or environment details are mentioned.

Step 3: Evaluate whether a developer can understand the full scope from the title alone.
- While the title gives an idea of what the problem might be, it lacks crucial information for reproducing and understanding the issue fully.
- A developer would need more context to diagnose and fix this issue effectively.

Final Answer: Yes",4be9529070e896cf,qwen2.5:14b,0,2026-06-17T18:51:07.536521,project_05,title_only,incompleteness,cot
ISSUE-254111,Allow setting of standard server selection and server monitoring options in the connection string,0,1,"Step 1: Analyze what the issue title conveys.
The title ""Allow setting of standard server selection and server monitoring options in the connection string"" suggests that there is a request to add functionality for configuring server settings through a connection string.

Step 2: Determine if the title suggests missing reproduction steps, expected behavior, or context.
- The title does not provide any specific steps to reproduce the issue.
- It doesn't describe what the current behavior is and what the expected behavior should be.
- There's no mention of acceptance criteria, affected components, or environment details.

Step 3: Assess if a developer can understand the full scope from the title alone.
While the title gives an idea about the requested feature, it lacks crucial information that would allow a developer to fully understand and implement the requirement. The absence of detailed steps, expected behavior, acceptance criteria, affected components, or environment details makes this issue incomplete.

Final Answer: Yes",d7f771c8907194f8,qwen2.5:14b,0,2026-06-17T18:51:11.788527,project_05,title_only,incompleteness,cot
ISSUE-255459,Aggregate and mapReduce commands sent to mongos break when setting read preference,0,1,"Step 1: Analyze what the title conveys.
The title ""Aggregate and mapReduce commands sent to mongos break when setting read preference"" suggests that there is an issue with specific MongoDB operations (aggregate and mapReduce) failing under certain conditions (when a read preference is set).

Step 2: Determine if the title suggests missing information.
- The title does not provide steps to reproduce the issue.
- It doesn't specify what the expected behavior should be compared to the actual observed behavior.
- There's no mention of acceptance criteria or environment details.

Step 3: Assess whether a developer can understand the full scope from the title alone.
While the title gives some context about the problem, it lacks critical information that would allow a developer to fully comprehend and address the issue. A detailed description including steps to reproduce, expected vs actual behavior, affected components, and environment details is necessary.

Final Answer: Yes",2734eb555969d6bc,qwen2.5:14b,0,2026-06-17T18:51:15.863545,project_05,title_only,incompleteness,cot
ISSUE-253919,DBCollection.distinct() fails when a null value is in the result,0,0,"Step 1: Analyze what the title conveys.
The title ""DBCollection.distinct() fails when a null value is in the result"" indicates that there's an issue with the distinct method of DBCollection class, which seems to be part of a MongoDB driver or similar database interaction library. The problem occurs specifically when the result set includes a null value.

Step 2: Determine if the title suggests missing information.
- Steps to reproduce: Not provided in the title; it's unclear how one would encounter this issue.
- Expected vs actual behavior: While there is an indication of failure, what exactly happens (e.g., exception thrown, incorrect result set) isn't specified.
- Acceptance criteria: Missing. There are no details about what success looks like or what needs to be fixed.
- Affected components: The title mentions DBCollection.distinct(), but it doesn’t specify if other parts of the system are involved.
- Environment details: No information is given regarding the environment in which this issue occurs (e.g., specific MongoDB version, programming language used).

Step 3: Assess whether a developer can understand the full scope from the title alone.
Given the lack of detailed steps and expected behavior, it's challenging for a developer to fully grasp the",4c60d711eb197529,qwen2.5:14b,0,2026-06-17T18:51:21.225836,project_05,title_only,incompleteness,cot
ISSUE-254628,Force slaveOK on a direct connection to a replica set membe,1,1,"Step 1: Analyze what the title conveys.
The title ""Force slaveOK on a direct connection to a replica set membe"" suggests that there is an issue related to MongoDB's replica sets and possibly a configuration or behavior involving the `slaveOk` option. It implies that there might be a problem with how connections are handled when directly connecting to a replica set member.

Step 2: Determine if the title suggests missing information.
- The title does not provide steps to reproduce the issue.
- There is no mention of expected vs actual behavior, which would help in understanding what the user expects versus what they are experiencing.
- No acceptance criteria or environment details (such as MongoDB version, operating system) are provided.

Step 3: Assess if a developer can understand the full scope from the title alone.
Given the limited information in the title, it is unlikely that a developer would have enough context to fully understand and address the issue without additional details. The term ""Force slaveOK"" implies there might be an unusual or problematic configuration, but without more specifics about what needs to be forced and why, the scope of the problem remains unclear.

Final Answer: Yes",2ded9ff150404efa,qwen2.5:14b,0,2026-06-17T18:51:26.277306,project_05,title_only,incompleteness,cot
ISSUE-255956,Use weakrefs for static list of Mongo instances,0,1,"Step 1: Analyze what the issue title conveys.
The title ""Use weakrefs for static list of Mongo instances"" suggests that there is a recommendation to use weak references in managing a static list of MongoDB instance objects. This implies an optimization or change in how these instances are stored and managed.

Step 2: Determine if the title suggests missing reproduction steps, expected behavior, or context.
- The title does not provide any specific steps to reproduce an issue.
- There is no mention of what the current behavior is or what the expected outcome should be after implementing this suggestion.
- It lacks details about why weak references are necessary and how they will improve the situation.

Step 3: Assess if a developer can understand the full scope from the title alone.
Given only the title, it's unclear whether:
- The issue is actually an enhancement request or a bug report.
- What specific problems this change aims to solve (e.g., memory leaks, performance issues).
- How existing code should be modified and what tests need to be written.

Final Answer: Yes",95e686404e15767c,qwen2.5:14b,0,2026-06-17T18:51:30.966442,project_05,title_only,incompleteness,cot
ISSUE-253509,Make Java driver spec compliant - FY2019Q2,0,1,"Step 1: Analyze what the issue title conveys.
- The title ""Make Java driver spec compliant - FY2019Q2"" suggests that there is an intention to make a Java driver conform to some specification or standard.
- It also indicates a timeframe (FY2019Q2).

Step 2: Determine if the title suggests missing information.
- There are no steps provided on how to reproduce any issue, nor does it specify what the current non-compliant behavior is.
- The expected outcome of making the driver spec compliant is implied but not explicitly stated.
- No acceptance criteria or specific details about affected components or environment are mentioned.

Step 3: Assess if a developer can understand the full scope from the title alone.
- While the goal (making the Java driver spec compliant) is clear, it lacks specifics on what needs to be done and how compliance will be verified.
- A developer would likely need more details about which specification or standard applies, what aspects of the driver are currently non-compliant, and specific acceptance criteria.

Final Answer: Yes",3e40db58064b269a,qwen2.5:14b,0,2026-06-17T18:51:35.708374,project_05,title_only,incompleteness,cot
ISSUE-252673,GetMore not closing cursor after exception leading mongos to OOM,0,1,"Step 1: Analyze what the issue title conveys.
- The title mentions ""GetMore not closing cursor after exception"".
- It indicates that there is an issue with a MongoDB operation called ""GetMore"" which fails to close its cursor when an exception occurs.
- This leads to mongos (a component in MongoDB) running out of memory (OOM).

Step 2: Determine if the title suggests missing information.
- The title does not provide steps to reproduce the problem.
- It doesn't specify what the expected behavior should be compared to the actual observed behavior.
- There is no mention of acceptance criteria or environment details.

Step 3: Assess whether a developer can understand the full scope from the title alone.
- While the issue seems clear, understanding how to fix it would require more information such as steps to reproduce and specific context about the environment where this occurs.

Final Answer: Yes",163fd53e5f297f71,qwen2.5:14b,0,2026-06-17T18:51:39.898948,project_05,title_only,incompleteness,cot
ISSUE-254365,Remove errant Javadoc for w = -1 in WriteConcern constructors.,0,1,"Step 1: Analyze what the issue title conveys.
- The title mentions ""Remove errant Javadoc"" which implies there is incorrect or unnecessary documentation in the code comments for JavaDoc.
- It specifies a particular condition (""w = -1"") related to WriteConcern constructors.

Step 2: Determine if the title suggests missing information.
- The title does not provide steps to reproduce the issue, expected behavior after fixing it, acceptance criteria, affected components beyond mentioning Javadoc and constructors, or environment details.
- There is no indication of what ""errant"" means in this context (e.g., why it's incorrect or unnecessary).

Step 3: Assess if a developer can understand the full scope from the title alone.
- While the title gives some information about the nature of the issue, it lacks sufficient detail for a developer to fully comprehend and address the problem without additional context.

Final Answer: Yes",40ec0109bb4af772,qwen2.5:14b,0,2026-06-17T18:51:44.005860,project_05,title_only,incompleteness,cot
ISSUE-253861,Add to Enum<JsonMode>,1,1,"Step 1: Analyze what the title conveys.
The title ""Add to Enum<JsonMode>"" suggests that there is a need to add something to an existing enumeration called JsonMode, which likely deals with modes or configurations related to JSON handling in software.

Step 2: Determine if the title suggests missing information.
- The title does not provide any steps to reproduce the issue.
- It doesn't describe expected vs actual behavior.
- There is no acceptance criteria mentioned.
- No affected components are specified.
- Environment details are completely absent.

Step 3: Assess whether a developer can understand the full scope from the title alone.
Given only this title, it's unclear what exactly needs to be added to the enum and why. A developer would need more context about the purpose of adding something to JsonMode, the impact on existing functionality, and how this change should be tested.

Final Answer: Yes",2e202ff3340e79a1,qwen2.5:14b,0,2026-06-17T18:51:48.066889,project_05,title_only,incompleteness,cot
ISSUE-254940,Consider supporting writetimeout for sockets implementations that support it,0,1,"Step 1: Analyze what the issue title conveys.
The title ""Consider supporting writetimeout for sockets implementations that support it"" suggests an enhancement request to add a feature called `writetimeout` in socket implementations where this feature is supported.

Step 2: Determine if the title suggests missing reproduction steps, expected behavior, or context.
- The title does not provide any specific steps to reproduce the issue (if there even is one).
- It doesn't describe what the expected behavior should be after implementing `writetimeout`.
- There's no mention of acceptance criteria or environment details.

Step 3: Assess if a developer can understand the full scope from the title alone.
Given only this title, a developer would likely need more information to fully understand and implement the feature request. The title lacks specifics about how `writetimeout` should be implemented, what its impact will be on existing functionality, or any acceptance criteria that must be met.

Final Answer: Yes",b7c9e5d710a625e0,qwen2.5:14b,0,2026-06-17T18:51:52.410042,project_05,title_only,incompleteness,cot
ISSUE-252879,MongoClient.listCollectionNames() returns truncated names,0,1,"Step 1: Analyze what the title conveys.
The title ""MongoClient.listCollectionNames() returns truncated names"" indicates that there is an issue with the `listCollectionNames()` method of MongoClient, which is returning collection names in a shortened or incomplete form.

Step 2: Determine if the title suggests missing reproduction steps, expected behavior, or context.
- The title does not provide any information on how to reproduce the issue (e.g., specific database setup, code snippet).
- It doesn't mention what the expected output should be compared to the actual output.
- There is no indication of which version of MongoDB/MongoClient this affects or under what conditions it occurs.

Step 3: Assess if a developer can understand the full scope from the title alone.
Given only the title, a developer would need additional information such as:
- The exact circumstances under which the issue happens (e.g., specific database configurations).
- Expected vs. actual behavior details.
- Steps to reproduce the problem.
Without these details, it's challenging for a developer to fully understand and address the issue.

Final Answer: Yes",08f444731f3b1bff,qwen2.5:14b,0,2026-06-17T18:51:57.217970,project_05,title_only,incompleteness,cot
ISSUE-255508,Connection timeout is ignored in ConnectionStatus,0,1,"Step 1: Analyze what the title conveys.
The title ""Connection timeout is ignored in ConnectionStatus"" suggests that there's an issue where connection timeouts are not being properly handled or recognized within some part of the system related to ConnectionStatus.

Step 2: Determine if the title suggests missing information.
- The title does not provide steps to reproduce the problem.
- It doesn't specify what the expected behavior should be compared to the actual observed behavior.
- There's no mention of acceptance criteria, affected components, or environment details.
- The context and scope of the issue are vague.

Step 3: Assess if a developer can understand the full scope from the title alone.
Given the limited information in the title, it is unlikely that a developer would have enough context to fully understand the nature and extent of the problem without additional details. They would need more specifics about how to reproduce the issue, what the expected behavior should be, which components are affected, etc.

Final Answer: Yes",6185c95d914dc564,qwen2.5:14b,0,2026-06-17T18:52:01.556186,project_05,title_only,incompleteness,cot
ISSUE-252730,Test that readPreferenceTags are always interpreted as an array,0,1,"Step 1: Analyze what the title conveys.
The title ""Test that readPreferenceTags are always interpreted as an array"" suggests that there is some functionality related to how `readPreferenceTags` should be treated in a software system. It implies that these tags should consistently be handled as arrays.

Step 2: Determine if the title suggests missing information.
- The title does not provide any steps to reproduce the issue or test case details.
- There's no mention of expected vs actual behavior, which is crucial for understanding what needs to be fixed or verified.
- No acceptance criteria are mentioned that would indicate how success can be measured.
- It doesn't specify affected components or environment details.

Step 3: Assess if a developer could understand the full scope from just the title.
Given only this title, it's unclear whether there is an actual issue or simply a request for testing. The title lacks specifics about what needs to change or how the system should behave differently.

Final Answer: Yes",6b68cd507a49c59b,qwen2.5:14b,0,2026-06-17T18:52:05.949180,project_05,title_only,incompleteness,cot
ISSUE-255584,skip() throw exception with the source code version 2.7.2-141,0,1,"Step 1: Analyze what information is conveyed by the issue title.
- The title mentions that `skip()` throws an exception.
- It specifies the source code version as 2.7.2-141.

Step 2: Determine if the title suggests missing reproduction steps, expected behavior, or context.
- Missing details include how to reproduce the issue (specific actions or conditions).
- Expected vs actual behavior is not clear from this title alone.
- No information about acceptance criteria or affected components is provided.
- The environment in which the exception occurs is also unclear.

Step 3: Evaluate if a developer can understand the full scope of the issue from the title alone.
- A developer would need more details to reproduce and fix the issue, such as specific scenarios where `skip()` fails and what kind of exception it throws.

Final Answer: Yes",f621180ede86f261,qwen2.5:14b,0,2026-06-17T18:52:09.978830,project_05,title_only,incompleteness,cot
ISSUE-253722,Add more host types to run on in Evergreen,0,1,"Step 1: Analyze what the issue title conveys.
The title ""Add more host types to run on in Evergreen"" suggests that there is a request to expand the variety of host types supported by the software called Evergreen. However, it does not provide specific details about which host types are needed or why they are necessary.

Step 2: Determine if the title suggests missing information.
The title lacks several critical pieces of information:
- Specific host types that need to be added
- The current limitations with existing host types
- Why these additional host types are required (e.g., performance, compatibility)
- Steps to reproduce any issues related to this request or how to test new features

Step 3: Assess if a developer can understand the full scope from the title alone.
A developer would likely need more context and details to fully understand what is being requested. The title does not provide enough information for developers to start working on the issue effectively.

Final Answer: Yes",e1e6772ea6cc792c,qwen2.5:14b,0,2026-06-17T18:52:14.370950,project_05,title_only,incompleteness,cot
ISSUE-255096,remove ensureIndex() methods,0,1,"Step 1: Analyze what the title conveys.
The title ""remove ensureIndex() methods"" suggests that there is an intention to remove certain methods related to ensuring indexes in some software code.

Step 2: Determine if the title suggests missing information.
- The title does not provide any steps on how to reproduce a problem or scenario.
- It doesn't mention what the expected behavior should be after removing these methods.
- There's no indication of acceptance criteria, affected components, or environment details.
- No context is provided about why these methods need to be removed.

Step 3: Assess if a developer can understand the full scope from the title alone.
Given only this title, a developer would likely have questions such as:
- Why are these methods being removed?
- What impact will their removal have on existing functionality?
- Are there any specific conditions or environments where this change is necessary?

Final Answer: Yes",99be388c8d804e99,qwen2.5:14b,0,2026-06-17T18:52:18.487711,project_05,title_only,incompleteness,cot
ISSUE-252635,Replace default signatory in Gradle signing plugin with notary service,0,0,"Step 1: Analyze what the issue title conveys.
The title ""Replace default signatory in Gradle signing plugin with notary service"" suggests that there is an intention to modify how signatures are handled in a specific part of a software build process. It indicates that the current setup uses a default signatory within the Gradle signing plugin, and it proposes replacing this mechanism with a notary service.

Step 2: Determine if the title suggests missing reproduction steps, expected behavior, or context.
- Reproduction Steps: The title does not provide any information on how to reproduce the issue. It doesn't describe specific actions that need to be taken to encounter the problem.
- Expected vs Actual Behavior: There is no indication of what the current behavior is (default signatory) and what the expected new behavior should be (notary service). While it's clear there's a change proposed, the specifics of how this affects functionality are not detailed.
- Context: The title does provide some context about which part of the system needs to be changed (Gradle signing plugin), but it lacks details on why this change is necessary and what impact it might have.

Step 3: Assess if a developer can understand the full scope from the title alone.
While developers may understand that",0cf57b26575097b1,qwen2.5:14b,0,2026-06-17T18:52:23.843720,project_05,title_only,incompleteness,cot
ISSUE-252884,Revert NPE error handling in Reactive Streams driver,0,1,"Step 1: Analyze what the title conveys.
- The title mentions ""Revert NPE error handling in Reactive Streams driver.""
- It suggests that there is an issue with NullPointerException (NPE) error handling in a specific component of software, namely the Reactive Streams driver.

Step 2: Determine if the title suggests missing information.
- The title does not provide steps to reproduce the issue.
- There's no mention of expected vs actual behavior or acceptance criteria.
- It lacks details about affected components beyond mentioning the Reactive Streams driver.
- No environment details are provided (e.g., specific version, operating system).

Step 3: Assess if a developer can understand the full scope from the title alone.
- While it gives some context about what needs to be reverted and where the issue lies, it does not provide enough information for a developer to fully comprehend or address the problem without additional details.

Final Answer: Yes",4c78c4efdefc6f99,qwen2.5:14b,0,2026-06-17T18:52:27.954739,project_05,title_only,incompleteness,cot
ISSUE-252572,Median and Percentile Accumulators,1,1,"Step 1: Analyze what the title conveys.
The issue title ""Median and Percentile Accumulators"" suggests that there is an issue related to some functionality involving median and percentile calculations in accumulators. However, it does not provide any specific details about the nature of the problem or how one might reproduce it.

Step 2: Determine if the title suggests missing information.
- Steps to Reproduce: The title does not mention any steps needed to replicate the issue.
- Expected vs Actual Behaviour: There is no indication of what should be happening versus what actually happens.
- Acceptance Criteria: No criteria are mentioned for determining when the issue would be resolved.
- Affected Components: While it suggests that accumulators related to median and percentile calculations might be involved, specific components or modules are not identified.
- Environment Details: The title does not provide any information about the environment in which this issue occurs.

Step 3: Assess if a developer can understand the full scope from the title alone.
Given the lack of detail provided by the title, it is unlikely that a developer would have enough context to fully understand the nature and extent of the problem without additional details.

Final Answer: Yes",1fba9aa07a816319,qwen2.5:14b,0,2026-06-17T18:52:32.981525,project_05,title_only,incompleteness,cot
ISSUE-254092,DBCollection aggregate methods that take AggregationOptions fail to set slaveOk bit when read preference demands it,0,-1,"Step 1: Analyze what the issue title conveys.
The title mentions ""DBCollection aggregate methods that take AggregationOptions"", indicating it's related to specific methods in a database collection class, likely part of a MongoDB or similar database API. It also states these methods fail to set the ""slaveOk bit"" when certain conditions are met (read preference demands).

Step 2: Determine if the title suggests missing reproduction steps, expected behaviour, or context.
- Reproduction Steps: The title does not provide any specific steps to reproduce the issue.
- Expected vs Actual Behaviour: While it hints at what should happen (""should set slaveOk bit""), it doesn't clearly state what is actually happening (the failure).
- Context and Affected Components: It mentions ""AggregationOptions"" and ""read preference"", but lacks details on which exact methods are affected or the full context of when this issue occurs.

Step 3: Assess if a developer can understand the full scope from the title alone.
While the title gives some indication of what is happening, it does not provide enough detail for a developer to fully understand and reproduce the issue. The lack of specific method names, exact conditions under which the failure happens, or clear expected vs actual behavior makes this an incomplete description.

Final",1f9b9aef8f4a62af,qwen2.5:14b,0,2026-06-17T18:52:38.341430,project_05,title_only,incompleteness,cot
ISSUE-252719,Add tests for allowed cases when authSource is given but username is not,0,0,"Step 1: Analyze what the issue title conveys.
The title ""Add tests for allowed cases when authSource is given but username is not"" suggests that there are specific scenarios where an authentication source is provided without a corresponding username, and these scenarios need to be tested.

Step 2: Determine if the title suggests missing reproduction steps, expected behavior, or context.
- Reproduction Steps: The title does not provide any information on how to reproduce the scenario it mentions. It only states that tests should be added for certain cases but doesn't explain how to set up these cases in a test environment.
- Expected Behavior: There is no mention of what the expected outcome should be when an authSource is given without a username. The title does not clarify whether this situation should result in an error, a warning, or some other specific behavior.
- Context and Affected Components: While it mentions ""authSource"" and implies that there might be a system handling authentication, no further context about the environment or affected components is provided.

Step 3: Assess if a developer can understand the full scope from the title alone.
Given the limited information in the title, a developer would likely need additional details to fully comprehend what needs to be done. The title does not provide enough specifics",92c2b949b2f427ae,qwen2.5:14b,0,2026-06-17T18:52:43.804206,project_05,title_only,incompleteness,cot
ISSUE-254567,Regression applying read preference with tag set,0,1,"Step 1: Analyze what the title conveys.
The title ""Regression applying read preference with tag set"" suggests that there is an issue related to a regression problem when using a specific feature or configuration in software, namely ""read preference with tag set"". This implies that previously working functionality has stopped working as expected.

Step 2: Determine if the title suggests missing information.
- The title does not provide steps to reproduce the issue.
- It doesn't specify what the actual behavior is compared to the expected behavior.
- There's no mention of acceptance criteria or environment details (such as version numbers, operating system, etc.).
- No affected components are mentioned.

Step 3: Assess if a developer can understand the full scope from the title alone.
Given the limited information in the title, it would be challenging for a developer to fully comprehend the issue's nature and reproduce it without additional details such as steps to reproduce, expected vs actual behavior, environment setup, etc.

Final Answer: Yes",a053f317dc76a651,qwen2.5:14b,0,2026-06-17T18:52:48.240422,project_05,title_only,incompleteness,cot
ISSUE-253271,"Remove QueryBatchCursorFunctionalSpecification """"should get more from a secondary"""" test",0,0,"Step 1: Analyze what the title conveys.
The title ""Remove QueryBatchCursorFunctionalSpecification """"should get more from a secondary"""" test"" suggests that there is a specific test case within a functional specification document or codebase related to `QueryBatchCursor`. The phrase ""should get more from a secondary"" implies that this test checks whether the system can retrieve additional data from a secondary source.

Step 2: Determine if the title suggests missing information.
- Steps to reproduce: Not provided in the title. It's unclear how one would go about reproducing or addressing the issue described by the title.
- Expected vs actual behavior: The title does not specify what the expected outcome is, nor does it mention any discrepancy between expected and actual behavior.
- Acceptance criteria: There are no acceptance criteria mentioned that a developer could use to verify if the issue has been resolved.
- Affected components: While `QueryBatchCursor` is mentioned, there's no detail about other affected parts of the system or environment specifics.

Step 3: Assess whether a developer can understand the full scope from the title alone.
Given the limited information in the title, it would be challenging for a developer to fully grasp what needs to be done without additional context. The task seems vague and",8d1cf6d619214fe0,qwen2.5:14b,0,2026-06-17T18:52:53.575431,project_05,title_only,incompleteness,cot
ISSUE-255652,Driver does not support field negation,0,1,"Step 1: Analyze what the title conveys.
The title ""Driver does not support field negation"" suggests that there is an issue with a driver component which fails to handle or process some form of data or query involving negation in fields.

Step 2: Determine if the title suggests missing information.
- The title lacks specific steps on how to reproduce the issue.
- It doesn't provide expected behavior compared to actual behavior.
- There's no mention of acceptance criteria, affected components, or environment details.
- The context and scope are somewhat vague without additional explanation.

Step 3: Assess if a developer can understand the full scope from the title alone.
Given only this title, it would be challenging for a developer to fully grasp the issue's extent. They would need more information such as how field negation is supposed to work, what kind of data or queries are involved, and in which environment or context this problem occurs.

Final Answer: Yes",02f01f4754ba3bed,qwen2.5:14b,0,2026-06-17T18:52:57.830742,project_05,title_only,incompleteness,cot
ISSUE-252711,Support package scanning for Discriminators,0,1,"Step 1: Analyze what the title conveys.
The title ""Support package scanning for Discriminators"" suggests that there is a request to add functionality related to scanning packages for something called ""Discriminators.""

Step 2: Determine if the title suggests missing information.
- The title does not provide steps on how to reproduce any issue or feature.
- It doesn't specify what expected behavior should be when this support is implemented.
- There's no mention of acceptance criteria, affected components, or environment details.

Step 3: Assess whether a developer can understand the full scope from the title alone.
Given only the title, it would be challenging for a developer to fully grasp the requirements without additional context. The term ""Discriminators"" is not defined in the title, and there are no specifics about what kind of support or scanning is required.

Final Answer: Yes",0b7c31f2c3ca9fe8,qwen2.5:14b,0,2026-06-17T18:53:01.865584,project_05,title_only,incompleteness,cot
ISSUE-254972,Remove deprecated methods from MapReduceOutput,0,1,"Step 1: Analyze what the title conveys.
The title ""Remove deprecated methods from MapReduceOutput"" suggests that there is a task to remove certain methods that are no longer recommended or supported in the context of MapReduceOutput.

Step 2: Determine if the title suggests missing reproduction steps, expected behavior, or context.
- The title does not provide any specific steps on how to reproduce an issue or verify its resolution.
- It doesn't describe what the current behavior is and what should be the expected outcome after removal.
- There's no mention of acceptance criteria, affected components, or environment details.

Step 3: Assess if a developer can understand the full scope from the title alone.
While the task is clear (removing deprecated methods), understanding how to identify which methods are deprecated, where they are used, and what impact their removal might have would require additional information. The title lacks specifics that could help in fully comprehending the issue's context or requirements.

Final Answer: Yes",62ddd0986ed0e017,qwen2.5:14b,0,2026-06-17T18:53:06.477953,project_05,title_only,incompleteness,cot
ISSUE-255595,Add getters/setters to MongoOptions class,0,1,"Step 1: Analyze what the issue title conveys.
The title ""Add getters/setters to MongoOptions class"" suggests that there is a need for adding getter and setter methods to an existing Java or similar language class named `MongoOptions`.

Step 2: Determine if the title suggests missing reproduction steps, expected behavior, or context.
- The title does not provide any information on how to reproduce the issue (if it's considered an issue rather than just a feature request).
- There is no mention of what the expected behavior should be after adding these getters and setters.
- No environment details or affected components are mentioned.

Step 3: Assess if a developer can understand the full scope from the title alone.
While the title gives a clear task to add getter and setter methods, it lacks context on why they are needed, how they will be used, and what impact their addition might have. A developer would likely need more information to fully understand the requirements.

Final Answer: Yes",e9a7588aa5c434ef,qwen2.5:14b,0,2026-06-17T18:53:10.745663,project_05,title_only,incompleteness,cot
ISSUE-254357,Add .save and .saveMany to MongoCollection,0,1,"Step 1: Analyze what the issue title conveys.
The title ""Add .save and .saveMany to MongoCollection"" suggests that there is a request to add two methods, `.save` and `.saveMany`, to an existing `MongoCollection` class or interface. This implies some kind of enhancement or feature addition in software related to MongoDB.

Step 2: Determine if the title suggests missing reproduction steps, expected behavior, or context.
- The title does not provide any information on how to reproduce the issue (if it's considered a bug).
- It doesn't specify what the expected behavior should be after adding these methods.
- There is no mention of acceptance criteria, affected components, environment details, or specific use cases.

Step 3: Assess if a developer can understand the full scope from the title alone.
While developers might have an idea that this involves extending functionality for MongoDB operations, they would need more information to fully comprehend and implement the feature. The lack of detail about what these methods should do specifically makes it difficult to proceed without further clarification.

Final Answer: Yes",c24e19481d32dc26,qwen2.5:14b,0,2026-06-17T18:53:15.432798,project_05,title_only,incompleteness,cot
ISSUE-253658,Name driver modules using Automatic-Module-Name,0,1,"Step 1: Analyze what the title conveys.
The issue title ""Name driver modules using Automatic-Module-Name"" suggests that there is an intention to name certain driver modules in a specific way, likely related to Java's module system or similar naming conventions used in software development.

Step 2: Determine if the title suggests missing information.
- The title does not provide steps on how to reproduce the issue.
- It doesn't specify what the expected behavior should be compared to the actual observed behavior.
- There is no mention of acceptance criteria, affected components, or environment details that would help in understanding and resolving the issue.

Step 3: Assess if a developer can understand the full scope from the title alone.
Given only this title, it's unclear whether there are specific steps involved, what the problem actually entails beyond naming conventions, or which parts of the system might be affected. A developer would likely need more information to fully grasp and address the issue.

Final Answer: Yes",0c1efcd1c5c82c07,qwen2.5:14b,0,2026-06-17T18:53:19.791297,project_05,title_only,incompleteness,cot
ISSUE-254032,GridFSDownloadStream - exception when destination buffer size != file chunk size,0,1,"Step 1: Analyze what the title conveys.
The title ""GridFSDownloadStream - exception when destination buffer size != file chunk size"" suggests that there is an issue with the GridFSDownloadStream component where an exception occurs if the size of the destination buffer does not match the size of a file chunk.

Step 2: Determine if the title suggests missing information.
- The title mentions an exception but doesn't provide details on what kind of exception it is (e.g., error message, type).
- It doesn't specify steps to reproduce the issue or describe the expected behavior when the buffer and chunk sizes match.
- There's no mention of acceptance criteria, affected components beyond GridFSDownloadStream, or environment details.

Step 3: Assess if a developer can understand the full scope from the title alone.
While the title gives some context about what might be going wrong (an exception due to mismatched sizes), it lacks crucial information that would allow a developer to fully diagnose and fix the issue. A developer would need more specifics such as error messages, expected behavior under different conditions, affected components beyond GridFSDownloadStream, and environment details.

Final Answer: Yes",f270a3d97d24e08c,qwen2.5:14b,0,2026-06-17T18:53:24.837992,project_05,title_only,incompleteness,cot
ISSUE-256021,JSON.parse() and serialize() do not preserve the _id field across serializations as expected,0,1,"Step 1: Analyze what the title conveys.
- The issue is about JSON.parse() and serialize() functions not preserving the _id field across serializations as expected.

Step 2: Determine if the title suggests missing information.
- Missing reproduction steps: Not clear from the title alone how to reproduce this issue.
- Expected vs actual behavior: It mentions that the _id field should be preserved but isn't, which is somewhat implied.
- Acceptance criteria: No specific acceptance criteria are mentioned in the title.
- Affected components: JSON.parse() and serialize() functions are mentioned, but it's unclear if other parts of the system are involved.
- Environment details: The environment or context where this issue occurs is not specified.

Step 3: Evaluate whether a developer can understand the full scope from the title alone.
- While the title gives some indication of what the problem might be, it lacks specific steps to reproduce and detailed information about expected behavior and acceptance criteria. A developer would need more details to fully understand and address this issue.

Final Answer: Yes",61405ba5569ea8b5,qwen2.5:14b,0,2026-06-17T18:53:29.572510,project_05,title_only,incompleteness,cot
ISSUE-254447,Improve runCommand API documentation,0,1,"Step 1: Analyze what the issue title conveys.
The title ""Improve runCommand API documentation"" suggests that there is an existing API called `runCommand` and its documentation needs improvement.

Step 2: Determine if the title suggests missing reproduction steps, expected behaviour, or context.
- The title does not provide any specific details about how to reproduce a problem with the documentation.
- It doesn't mention what exactly is wrong with the current documentation (e.g., unclear methods, missing examples).
- There are no acceptance criteria mentioned for what constitutes ""improved"" documentation.
- No affected components or environment details are provided.

Step 3: Assess if a developer can understand the full scope from the title alone.
Given only this title, a developer would likely need more information to fully understand and address the issue. The title lacks specifics about which parts of the documentation need improvement, what improvements should be made, and how success will be measured.

Final Answer: Yes",181a53d7ebda404d,qwen2.5:14b,0,2026-06-17T18:53:33.853669,project_05,title_only,incompleteness,cot
ISSUE-255432,Binary class should implements equals and hashCode,0,1,"Step 1: Analyze what the title conveys.
The issue title ""Binary class should implements equals and hashCode"" suggests that there is an expectation for a binary class to implement the `equals` and `hashCode` methods. This implies that these methods are currently missing or improperly implemented in the binary class.

Step 2: Determine if the title suggests missing reproduction steps, expected behavior, or context.
- The title does not provide any specific steps to reproduce the issue.
- It does not describe what the expected behavior should be after implementing `equals` and `hashCode`.
- There is no mention of the environment details or affected components.

Step 3: Assess if a developer can understand the full scope from the title alone.
While the title gives an idea that something needs to be done with the binary class, it lacks critical information such as why these methods are necessary, what problems they will solve, and how their implementation should behave in different scenarios. A developer would need more details to fully understand and address this issue.

Final Answer: Yes",4d779ccdbb109be3,qwen2.5:14b,0,2026-06-17T18:53:38.432270,project_05,title_only,incompleteness,cot
ISSUE-253042,Java driver 3.11 page still says 3.10,0,1,"Step-by-Step Analysis:

1. The issue title ""Java driver 3.11 page still says 3.10"" conveys that there is an outdated version number displayed on some documentation or webpage related to a Java driver.
2. This title does not provide steps to reproduce the issue, expected behavior, acceptance criteria, affected components, or environment details. It lacks information about where exactly this incorrect version number appears (e.g., website URL, specific page), what actions led to noticing this discrepancy, and whether there are any other related issues.
3. A developer would need more context to fully understand the scope of the issue and how to address it based on just this title.

Final Answer: Yes",bc05004a6af7baf6,qwen2.5:14b,0,2026-06-17T18:53:41.777176,project_05,title_only,incompleteness,cot
ISSUE-253390,Change Stream startAtOperationTime MongoCommandException,0,1,"Step 1: Analyze what the title conveys.
- The title mentions ""Change Stream startAtOperationTime MongoCommandException"".
- This suggests an issue related to MongoDB's Change Streams feature, specifically when using the `startAtOperationTime` option.

Step 2: Determine if there is missing information.
- The title does not provide any steps to reproduce the issue.
- It doesn't mention expected behavior or actual observed behavior.
- There are no details about acceptance criteria, affected components, or environment specifics (e.g., MongoDB version).

Step 3: Assess whether a developer can understand the full scope from just the title.
- While it's clear that there is an exception related to Change Streams and `startAtOperationTime`, critical information such as how to reproduce the issue, what the expected outcome should be, or which environment this occurs in are missing.

Final Answer: Yes",a82c3f018501022c,qwen2.5:14b,0,2026-06-17T18:53:45.798895,project_05,title_only,incompleteness,cot
