issue_id,title,ground_truth,prediction,raw_response,prompt_hash,model_version,temperature,timestamp_utc,project,input_mode,task,strategy
ISSUE-253177,Inconsistent output between java driver and mongo shell,1,0,"To determine whether the given software issue is INCOMPLETE, let's analyze it step by step:

1. **Title**: ""Inconsistent output between java driver and mongo shell"" - This title clearly indicates a specific problem but doesn't give much detail on its own.

2. **Description**: The description provides more context:
   - It mentions the version of Mongo Shell being used (4.x).
   - It references a specific line of code in the Java Driver's BsonBinaryReader.java file.
   - It states that there are conflicts with binData from mongoshell.
   
   This description gives us some insight into what might be causing the issue but is somewhat cryptic without further context.

3. **Steps to Reproduce**: The description mentions ""To test the issue"" but does not provide clear steps on how to reproduce it, which is a crucial piece of information for resolving the issue.

4. **Expected vs Actual Behaviour**: While we can infer that there's an inconsistency between what the Java Driver and Mongo Shell are producing, the exact nature of this discrepancy (expected vs actual) isn't clearly outlined in terms of specific outputs or behaviors expected from each tool under certain conditions.

5. **Acceptance Criteria**: There is no mention of acceptance criteria for resolving this",956c9379d1d04e52,llama3.1:8b,0,2026-06-17T12:43:13.124051,project_05,title_desc,incompleteness,few_shot_cot
ISSUE-253467,size not accepting $numberlong argument,1,1,"Let's analyze the issue step by step:

1. **Steps to reproduce**: The description mentions a command being used to create an oplog, but it doesn't specify how to reproduce the issue or what specific steps to take.
2. **Expected vs actual behaviour**: There is no clear statement of what the expected behavior should be when passing a $numberlong argument to the ""size"" parameter. It's not explicitly stated that this should work or fail in some way.
3. **Acceptance criteria**: There are no acceptance criteria mentioned, such as specific conditions under which the issue should be considered resolved.
4. **Affected components**: The description mentions a command being used on a database (db.runCommand), but it doesn't specify what other components might be affected by this issue.
5. **Environment details**: There is no mention of any specific environment or configuration requirements that might be relevant to the issue.

Based on these observations, I conclude that the issue is missing essential information, specifically steps to reproduce and expected vs actual behavior.

Final Answer: Yes",21e6c3ddcbcf619d,llama3.1:8b,0,2026-06-17T12:43:16.159791,project_05,title_desc,incompleteness,few_shot_cot
ISSUE-253452,MongoCollection.insertOne throws NullPointerException with WriteConcern.UNACKNOWLEDGED & retryWrites=true,0,0,"Let's analyze the issue step by step:

1. **Steps to reproduce**: The issue description provides a code snippet that reproduces the problem. This is sufficient information for someone else to replicate the issue.
2. **Expected vs actual behavior**: The description states that using `WriteConcern.UNACKNOWLEDGED` with `retryWrites=true` throws a `NullPointerException`. This clearly describes the expected and actual behavior.
3. **Acceptance criteria**: While not explicitly stated, it can be inferred that the acceptance criterion is for the code to execute without throwing a `NullPointerException` when using the specified configuration.
4. **Affected components**: The issue description mentions specific classes and methods in the MongoDB Java driver (`ProtocolHelper`, `MongoClient`, etc.), which indicates the affected components.
5. **Environment details**: Although not explicitly mentioned, it can be inferred that the environment is a MongoDB instance running on localhost with a specific configuration.

Considering these points, I conclude that the issue has sufficient information to be considered complete.

Final Answer: No",2823998d991e1dd1,llama3.1:8b,0,2026-06-17T12:43:19.270322,project_05,title_desc,incompleteness,few_shot_cot
ISSUE-253505,Add an option to toggle SSL certificate validation,1,-1,"Let's analyze the issue step by step:

1. **Title**: The title clearly states what the issue is about: adding an option to toggle SSL certificate validation.
2. **Description**: The description explains the current behavior of the Java driver and how it differs from other drivers (e.g., C#). It also mentions that this inconsistency needs to be addressed.
3. **Reproduction steps**: Although not explicitly stated, we can infer that reproducing the issue involves using the Java driver with SSL certificate validation enabled or disabled, and observing the inconsistent behavior compared to other drivers.
4. **Expected vs actual behaviour**: The description clearly states what is expected (consistency with other drivers) and what is actually happening (inconsistency).
5. **Acceptance criteria**: While not explicitly stated, we can infer that the acceptance criteria would be related to ensuring that the Java driver behaves consistently with other drivers regarding SSL certificate validation.
6. **Affected components**: Although not mentioned explicitly, it's likely that the affected component is the Java driver itself.
7. **Environment details**: The description mentions specific programming languages (Java and C#), which implies that environment details are implicitly included.

Based on this analysis, I conclude that the issue is **complete** because it:

* Clearly",8a7844a81760cd8c,llama3.1:8b,0,2026-06-17T12:43:22.764307,project_05,title_desc,incompleteness,few_shot_cot
ISSUE-255080,JSON parser parses braces incorrectly,0,0,"To determine whether this issue is INCOMPLETE, let's analyze it step by step:

1. **Steps to reproduce**: The description mentions a specific example of JSON input that causes the parser to behave incorrectly. This includes the exact JSON string and the expected behavior (""parsing it in a very strange way""). Therefore, reproduction steps are provided.

2. **Expected vs actual behaviour**: The issue clearly states what is expected (correct parsing) versus what actually happens (incorrect parsing with a specific output). So, this information is present.

3. **Acceptance criteria**: While the description does not explicitly state acceptance criteria in terms of formal requirements or specifications, it implies that correct parsing is expected for the given JSON input. However, without explicit criteria like ""the parser should correctly handle any valid JSON string,"" we might consider this incomplete. But since the issue clearly describes a specific failure case and its impact, we can infer some implicit acceptance criteria.

4. **Affected components**: The description mentions the ""JSON parser from the driver."" This implies that the affected component is identified as part of the system under consideration.

5. **Environment details**: There's no explicit mention of environment details such as operating system, version of software being used, etc., but given the context (a JSON parser",db6eb5144e458bdd,llama3.1:8b,0,2026-06-17T12:43:26.344159,project_05,title_desc,incompleteness,few_shot_cot
ISSUE-255534,Looking for performance tips loading results from a find() with the java driver.,1,0,"To determine whether the given software issue is INCOMPLETE, I will analyze it step by step.

1. **Steps to reproduce**: The description mentions a specific code snippet and a query being performed using the Java driver for MongoDB. This implies that the steps to reproduce the performance issue are provided in the code snippet itself.
2. **Expected vs actual behaviour**: Although the description does not explicitly state what the expected behavior is, it hints at an issue with performance (""improving the performance""). The actual behavior (slow loading of results) can be inferred from this context.
3. **Acceptance criteria**: There are no explicit acceptance criteria mentioned in the description. However, given that the issue pertains to improving performance, one might infer some implicit criteria related to reducing load times or increasing query efficiency.
4. **Affected components**: The affected component is explicitly stated as ""find() with the java driver,"" which indicates a specific part of the system being queried.
5. **Environment details**: There are no explicit environment details mentioned in the description, such as database size, server specifications, or any other environmental factors that might influence performance.

Given this analysis:

- The steps to reproduce are somewhat implicit but can be inferred from the code snippet provided.
- Expected vs actual behavior is somewhat",fcbe09090d89bbe2,llama3.1:8b,0,2026-06-17T12:43:29.841579,project_05,title_desc,incompleteness,few_shot_cot
ISSUE-255332,Binary field $type is represented in JSON as a number instead of a two-byte hex string,0,1,"Let's analyze the issue step by step:

1. **Title**: The title clearly describes the problem with the binary field representation.
2. **Description**: The description provides context about the issue: it occurs when converting a binary field to JSON using the 'strict' converter.

Now, let's check if the issue is missing any essential information:

* **Steps to reproduce**: Not explicitly mentioned, but the description implies that reproducing the issue involves testing the conversion of a binary field to JSON with the 'strict' converter.
* **Expected vs actual behaviour**: The description mentions that the binary field is represented as a number instead of a two-byte hex string, which indicates the expected and actual behaviours.
* **Acceptance criteria**: Not explicitly mentioned. What constitutes ""correct"" representation of a binary field in JSON? This is unclear.
* **Affected components**: Not explicitly mentioned. Which parts of the system are affected by this issue?
* **Environment details**: Not explicitly mentioned. Are there any specific environment settings or configurations that affect this issue?

Based on this analysis, I conclude that the issue is missing essential information about acceptance criteria and potentially affected components.

Final Answer: Yes",033ec0bdb52fe04e,llama3.1:8b,0,2026-06-17T12:43:33.102764,project_05,title_desc,incompleteness,few_shot_cot
ISSUE-254781,Iterable Codec,0,0,"Let's analyze the issue step by step:

1. **Steps to reproduce**: The description mentions an example of what the codec should support (""an array is a valid top level JSON object""), but it doesn't explicitly state how to reproduce the issue or test the new codec.
2. **Expected vs actual behaviour**: The description states that the current behavior is incorrect (i.e., decoding into an iterable is not supported), and provides an example of what the expected behavior should be. This is a good start, but we need more information about the actual behavior to compare it with.
3. **Acceptance criteria**: There are no clear acceptance criteria mentioned in the description. What does ""decode correctly"" mean? Are there specific edge cases that need to be handled?
4. **Affected components**: The issue mentions ""a JSON array string"", which implies that the codec is related to JSON parsing or serialization. However, we don't know what other components might be affected by this change.
5. **Environment details**: There are no environment-specific details mentioned in the description.

Based on these observations, I would say that the issue is missing essential information about steps to reproduce and acceptance criteria. While it provides some context about the expected behavior, it's not enough to consider the issue complete",6cf09d613f99f51d,llama3.1:8b,0,2026-06-17T12:43:36.626312,project_05,title_desc,incompleteness,few_shot_cot
ISSUE-254021,NettyStream does not handle clean socket closures from the server,0,-1,"Let's analyze the issue step by step:

1. **Steps to reproduce**: The description mentions ""When restarting the server"", which implies that reproducing the issue involves simulating a server restart. This is a clear indication of how to reproduce the issue, so it's not missing.
2. **Expected vs actual behaviour**: The description states what happens when the server is restarted (the NettyStream's channel does not capture socket closed events and pending readers are left hanging). It also mentions the expected behavior (""Was: h6""). This implies that there is a clear understanding of the desired outcome, so it's not missing.
3. **Acceptance criteria**: Although not explicitly stated as ""acceptance criteria"", the description implies certain conditions for the issue to be considered resolved (e.g., the NettyStream's channel should capture socket closed events). However, without explicit acceptance criteria, I would consider this a potential weakness in the issue description.
4. **Affected components**: The issue is related to `NettyStream`, which suggests that it affects the component responsible for handling network streams. This information is present, so it's not missing.
5. **Environment details**: The description mentions ""When restarting the server"", implying that the environment involves a server restart. However,",8e71bfdaf23cc77a,llama3.1:8b,0,2026-06-17T12:43:40.148152,project_05,title_desc,incompleteness,few_shot_cot
ISSUE-255615,Include cursor-id in CursorNotFound exception,0,1,"Let's analyze the issue step by step:

1. **Title**: The title is clear and concise, indicating a specific requirement.
2. **Description**: The description explains the purpose of including the cursor-id in the exception, which helps with testing and diagnostics.
3. **Missing information**:
	* **Steps to reproduce**: Not provided.
	* **Expected vs actual behaviour**: Expected behaviour is mentioned (helps with testing and diagnostics), but not explicitly stated what the current behaviour is.
	* **Acceptance criteria**: Not provided.
	* **Affected components**: Not specified.
	* **Environment details**: Not mentioned.

Based on this analysis, I conclude that the issue is missing essential information such as steps to reproduce, expected vs actual behaviour (in detail), acceptance criteria, and affected components. Therefore:

Final Answer: Yes",c1ed5dcec2f62ace,llama3.1:8b,0,2026-06-17T12:43:42.745849,project_05,title_desc,incompleteness,few_shot_cot
ISSUE-254855,Discrimination in Jackson-Codec,0,1,"Let's analyze the given issue step by step:

1. **Steps to reproduce**: The description does not mention any specific steps or scenarios that would trigger this issue.
2. **Expected vs actual behaviour**: There is no clear statement of what the expected behavior should be, nor is there a description of the actual observed behavior.
3. **Acceptance criteria**: There are no acceptance criteria mentioned in the description to determine whether the issue is resolved.
4. **Affected components**: The description mentions ""Jackson-Codec"", which suggests that this component is affected, but it's not clear what other components might be impacted.
5. **Environment details**: There is no mention of any specific environment or configuration requirements.

Based on these observations, I conclude that the issue is missing essential information such as steps to reproduce, expected vs actual behavior, acceptance criteria, and possibly affected components (although Jackson-Codec is mentioned).

Final Answer: Yes",77d245e6928c4ee8,llama3.1:8b,0,2026-06-17T12:43:45.440071,project_05,title_desc,incompleteness,few_shot_cot
ISSUE-256012,Add w/wtimeout to WriteConcern (getLastError),0,1,"Let's analyze the issue step by step:

1. **Title**: The title is clear and concise, indicating that the issue is about adding a specific feature to WriteConcern.
2. **Description**: The description provides some context, mentioning the need for w/wtimeout with replicas/slaves. However, it doesn't provide any reproduction steps or expected behavior.
3. **External link**: There's an external link to MongoDB documentation, which might be helpful in understanding the requirements. However, this is not a substitute for clear and concise information within the issue itself.

Considering these points, I notice that the issue is missing essential information such as:

* Steps to reproduce the problem or scenario
* Expected vs actual behavior (what should happen when w/wtimeout is added?)
* Acceptance criteria (how will we know if this feature is implemented correctly?)

Therefore, based on my analysis, I conclude that the issue is **INCOMPLETE**.

Final Answer: Yes",501acb2596b7d10d,llama3.1:8b,0,2026-06-17T12:43:48.232043,project_05,title_desc,incompleteness,few_shot_cot
ISSUE-253265,Provide an option to use pooled NIO direct buffers to minimise impact on GC,1,1,"Let's analyze the issue step by step:

1. **Title**: The title clearly indicates that the issue is related to a specific technical requirement.
2. **Description**: The description provides some context about the use case (""When the driver is being used with GridFS to serve binary data ('files) over HTTP""). However, it doesn't explicitly state what the expected behavior or outcome should be.
3. **Missing information**:
	* **Steps to reproduce**: Not provided.
	* **Expected vs actual behaviour**: The description hints at a problem, but it's not clear what the expected behavior is.
	* **Acceptance criteria**: Not specified.
	* **Affected components**: While it mentions ""the driver"", it's not clear which specific components or modules are affected.
	* **Environment details**: No information about the environment (e.g., Java version, OS) is provided.

Based on this analysis, I conclude that the issue is missing essential information to be considered complete. Specifically, the expected behavior and acceptance criteria are not clearly stated.

Final Answer: Yes",2b184b1bf856c2f2,llama3.1:8b,0,2026-06-17T12:43:51.231731,project_05,title_desc,incompleteness,few_shot_cot
ISSUE-254440,DocumentCodec and DBObjectCodec treat nested Maps/Iterables differently,1,1,"Let's analyze the issue step by step:

1. **Title**: ""DocumentCodec and DBObjectCodec treat nested Maps/Iterables differently"" - This title is descriptive and indicates a specific problem.
2. **Description**: ""This is closely related to JAVA-1760. The fix was made for } but } remained unchanged. Now..."" - While the description mentions another issue (JAVA-1760) and implies that there's an existing fix, it doesn't provide clear reproduction steps or expected behavior.

Missing information:

* **Steps to reproduce**: Not explicitly mentioned.
* **Expected vs actual behaviour**: The description hints at a problem but doesn't clearly state what is expected versus what actually happens.
* **Acceptance criteria**: None are provided.
* **Affected components**: Only specific classes (DocumentCodec and DBObjectCodec) are mentioned, which might be sufficient in this case.
* **Environment details**: Not explicitly mentioned.

Based on the analysis, I conclude that the issue is missing essential information such as steps to reproduce, expected vs actual behavior, and acceptance criteria. Therefore:

Final Answer: Yes",b7d3271b78822f58,llama3.1:8b,0,2026-06-17T12:43:54.337092,project_05,title_desc,incompleteness,few_shot_cot
ISSUE-255480,Secondary reads on lists of mongos fail until first write,1,-1,"Let's analyze the issue step by step:

1. **Steps to reproduce**: The description mentions ""use the Mongo constructor that takes a list of ServerAddress"", which implies that there are specific steps to reproduce the issue.
2. **Expected vs actual behaviour**: Although not explicitly stated, it can be inferred from the context that the expected behavior is for secondary reads on lists of mongos to work without issues, whereas the actual behavior is that they fail until a first write occurs.
3. **Acceptance criteria**: While not explicitly mentioned, we can infer some acceptance criteria based on the description:
	* The issue should be reproducible with the specified constructor and list of ServerAddress.
	* Secondary reads on lists of mongos should work without issues in this scenario.
4. **Affected components**: Although not explicitly stated, it is likely that the affected component is the MongoDB Java driver or a related library.
5. **Environment details**: The description mentions ""JAVA-656"", which suggests that the issue is related to a specific JIRA ticket and may be tied to a particular version of the MongoDB Java driver.

Considering these points, I would conclude that the issue is not missing essential information such as steps to reproduce, expected vs actual behavior, acceptance criteria, affected components, or",61b029718d2aad04,llama3.1:8b,0,2026-06-17T12:43:57.766700,project_05,title_desc,incompleteness,few_shot_cot
ISSUE-255171,Saved extra fields for Gridfs does not go in metadata sub-document,0,1,"Let's analyze the given issue step by step:

1. **Title**: The title is clear and concise, indicating that it's about an issue related to saving extra fields for Gridfs.
2. **Description**: The description provides some context: ""When put some metadata for a file to save with Gridfs"". However, it doesn't explicitly state what the problem is or what the expected behavior should be.

Missing information:

* **Expected vs Actual Behaviour**: The description mentions that something goes wrong when saving extra fields, but it doesn't specify what the actual behavior is (e.g., error message, incorrect data storage).
* **Steps to Reproduce**: There are no clear steps provided on how to reproduce the issue.
* **Acceptance Criteria**: There's no mention of what constitutes a successful fix or what criteria should be met for the issue to be considered resolved.
* **Affected Components**: While it mentions Gridfs, it doesn't specify which components or modules are affected by this issue.

Based on the analysis, I conclude that the given issue is missing essential information such as expected vs actual behavior, steps to reproduce, acceptance criteria, and affected components.

Final Answer: Yes",03efb5ad3e69ab3d,llama3.1:8b,0,2026-06-17T12:44:01.322456,project_05,title_desc,incompleteness,few_shot_cot
ISSUE-254446,Repeated connection with expected authentication errors is not deterministic,0,-1,"Let's analyze the issue step by step:

1. **Title**: The title is descriptive and indicates a specific problem.
2. **Description**: The description provides some context about the issue:
	* It mentions a MongoDB client with credentials on a non-existent user.
	* It expects an authentication failure error, but notes that this behavior is not deterministic (i.e., it's unpredictable).
3. **Reproduction steps**: Although not explicitly stated as ""steps to reproduce,"" the description provides enough information for someone to replicate the issue:
	* Create a MongoDB client with credentials on a non-existent user.
	* Attempt to connect using the client, expecting an authentication failure error.
4. **Expected vs actual behavior**: The description clearly states what is expected (an authentication failure error) and what actually happens (the behavior is not deterministic).
5. **Acceptance criteria**: While not explicitly stated, we can infer that the acceptance criterion might be ""the MongoDB client should throw an authentication failure error when connecting to a non-existent user.""
6. **Affected components**: The issue affects the MongoDB client and its interaction with the database.
7. **Environment details**: Although not explicitly mentioned, it's likely that the environment is a development or testing setup where the MongoDB client is being used",5aae64874bc2682d,llama3.1:8b,0,2026-06-17T12:44:04.821669,project_05,title_desc,incompleteness,few_shot_cot
ISSUE-254233,Custom logging implementation,0,1,"Let's analyze the issue step by step:

1. **Steps to reproduce**: The description does not mention any specific steps to reproduce the issue or how to verify it.
2. **Expected vs actual behaviour**: The description mentions that there doesn't appear to be a way to integrate the driver with a custom logging framework, which implies an expected behavior (integration with custom logging frameworks) and an actual behavior (no integration possible).
3. **Acceptance criteria**: There is no clear mention of what constitutes ""acceptance"" for this feature. What are the specific requirements that need to be met?
4. **Affected components**: The description mentions the Java driver, which implies a specific component affected by the issue.
5. **Environment details**: There is no mention of any specific environment or configuration required to reproduce the issue.

Based on these observations, I would conclude that the issue is missing essential information such as steps to reproduce and acceptance criteria.

Final Answer: Yes",3f2511fe9f4552ac,llama3.1:8b,0,2026-06-17T12:44:07.707977,project_05,title_desc,incompleteness,few_shot_cot
ISSUE-252701,Update documentation for Text Search,1,1,"Let's analyze the given issue step by step:

1. **Steps to reproduce**: The description does not mention any steps to reproduce the issue or how to test it.
2. **Expected vs actual behaviour**: There is no clear statement of what the expected behavior should be after updating the documentation, nor is there a description of the current (actual) behavior.
3. **Acceptance criteria**: There are no acceptance criteria mentioned in the description.
4. **Affected components**: The issue mentions ""Text Search"", but it's not clear which specific components or modules will be affected by this update.
5. **Environment details**: There is no mention of any environment-specific requirements, such as operating system, browser, or version.

Based on these observations, I conclude that the given issue is missing essential information to be considered complete.

Final Answer: Yes",d79edd6ae11f4e1d,llama3.1:8b,0,2026-06-17T12:44:10.356945,project_05,title_desc,incompleteness,few_shot_cot
ISSUE-255572,Morphia Integration in java driver,0,1,"Let's analyze the issue step by step:

1. **Steps to reproduce**: The description does not mention any specific steps to reproduce the issue or how to verify it.
2. **Expected vs actual behaviour**: There is no clear statement of what the expected behavior should be, only a mention that Morphia integration was said to be on the roadmap for 3.0.
3. **Acceptance criteria**: The description does not provide any specific acceptance criteria for the Morphia integration.
4. **Affected components**: While it mentions the official driver and Morphia integration, it's unclear which specific components or modules are affected by this issue.
5. **Environment details**: There is no mention of the environment in which this issue occurs.

Based on these observations, I conclude that the issue is missing essential information such as steps to reproduce, expected vs actual behavior, acceptance criteria, and environment details.

Final Answer: Yes",0d2b2d6c1fff040f,llama3.1:8b,0,2026-06-17T12:44:13.158106,project_05,title_desc,incompleteness,few_shot_cot
ISSUE-255511,Respect the QueryFailure response flag in OP_REPLY,0,1,"Let's analyze the issue step by step:

1. **Steps to reproduce**: The description mentions a link to the MongoDB documentation, but it doesn't explicitly state how to reproduce the issue or what specific scenario triggers the problem.
2. **Expected vs actual behaviour**: The description mentions that the Java driver defines a constant for the QueryFailure response flag, which implies there is an expected behavior (the flag being respected). However, it's not clear what the actual behavior is when this flag is not respected.
3. **Acceptance criteria**: There are no explicit acceptance criteria mentioned in the description.
4. **Affected components**: The issue seems to be related to the Java driver for MongoDB, but it's not explicitly stated which specific components or classes are affected.
5. **Environment details**: The description mentions a link to the MongoDB documentation, but it doesn't provide any information about the environment where the issue occurs (e.g., version of MongoDB, Java driver, etc.).

Based on this analysis, I would say that the issue is missing essential information such as steps to reproduce and acceptance criteria.

Final Answer: Yes",1ddef7fa5221f86f,llama3.1:8b,0,2026-06-17T12:44:16.242984,project_05,title_desc,incompleteness,few_shot_cot
ISSUE-254614,2.12.x breaks compatibility with mongoDB v1.8,0,0,"Let's analyze the issue step by step:

1. **Steps to reproduce**: The description mentions a specific version of the Java driver and MongoDB, which implies that reproduction steps are provided.
2. **Expected vs actual behavior**: The description clearly states what is expected to happen (compatibility with mongoDB v1.8) and what actually happens (com.mongodb.MongoTimeoutException caused by java.lang.NullPointerException).
3. **Acceptance criteria**: While not explicitly stated, the issue implies that compatibility with MongoDB v1.8 should be maintained.
4. **Affected components**: The description mentions specific versions of software components (Java driver 2.12.x and MongoDB version 1.8), which suggests that affected components are identified.
5. **Environment details**: Although not explicitly mentioned, it can be inferred that the environment is a Java application using the specified Java driver against a MongoDB instance.

Based on this analysis, I conclude that the issue is complete, as it provides essential information such as steps to reproduce, expected vs actual behavior, acceptance criteria (implied), affected components, and some environment details.

Final Answer: No",907029eb0d9010ca,llama3.1:8b,0,2026-06-17T12:44:19.426186,project_05,title_desc,incompleteness,few_shot_cot
ISSUE-253354,Deprecate DBCursor#addSpecial,1,1,"Let's analyze the given issue step by step:

1. **Title**: The title is clear and concise, indicating that the issue is about deprecating a specific method.
2. **Description**: The description mentions the reason for deprecation, which is related to the introduction of a new feature in MongoDB 3.2. However, it doesn't provide any information on what should happen instead or how the deprecation will be handled.

Considering these points:

* There's no mention of steps to reproduce the issue.
* The expected vs actual behavior is not clearly stated.
* Acceptance criteria are missing (what constitutes a successful deprecation?).
* Affected components are not specified (which parts of the codebase will need to change?).
* Environment details are not provided (are there any specific configurations or versions that need to be considered?).

Based on this analysis, I conclude that the issue is **INCOMPLETE** because it lacks essential information such as steps to reproduce, expected vs actual behavior, acceptance criteria, affected components, and environment details.

Final Answer: Yes",a560be593c37ce3e,llama3.1:8b,0,2026-06-17T12:44:22.552344,project_05,title_desc,incompleteness,few_shot_cot
ISSUE-255153,update description of fsync write concern flag,0,0,"Let's analyze the given issue step by step:

1. **Title**: The title is clear and concise, indicating a specific task.
2. **Description**: The description provides context about what needs to be updated: the WriteConcern Javadoc. It also mentions the flags in question (fsync and j) and the desired outcome (accurate description of current behavior).
3. **Reproduction steps**: There are no explicit reproduction steps mentioned, but given the nature of the issue, it's likely that reproducing this would involve checking the existing documentation against the actual behavior.
4. **Expected vs Actual behaviour**: The description implies a comparison between the current and desired state of the documentation, so we can infer that there is an expected outcome (accurate description).
5. **Acceptance criteria**: While not explicitly stated, one could reasonably assume that acceptance would involve verifying that the updated documentation accurately reflects the current behavior.
6. **Affected components**: The affected component is likely the WriteConcern Javadoc itself.
7. **Environment details**: There are no specific environment details mentioned, but given the context, it's reasonable to assume this applies to all environments where the WriteConcern Javadoc is relevant.

Considering these points, while some information (like explicit reproduction steps) might be beneficial",dd08956cd223d454,llama3.1:8b,0,2026-06-17T12:44:26.019583,project_05,title_desc,incompleteness,few_shot_cot
ISSUE-255938,DBCursor.copy() does not copy batch size,0,1,"Let's analyze the given issue step by step:

1. **Steps to reproduce**: The issue description does not mention any specific steps to reproduce the problem. It only mentions that the batchSize field is not copied in a method called ""copy"", but it doesn't provide enough information on how to trigger this behavior.
2. **Expected vs actual behaviour**: The issue description states what the expected behavior should be (the batchSize field should be copied), but it does not explicitly mention the actual behavior observed (i.e., the current implementation).
3. **Acceptance criteria**: There is no clear indication of what constitutes ""acceptance"" for this feature. Are we looking for a specific value to be copied, or are there other requirements that need to be met?
4. **Affected components**: The issue description mentions a method called ""copy"" in the DBCursor class, but it does not provide any information about which components or classes might be affected by this behavior.
5. **Environment details**: There is no mention of specific environment settings, configurations, or dependencies that might impact the behavior.

Based on these observations, I conclude that the issue is missing essential information such as steps to reproduce and acceptance criteria.

Final Answer: Yes",a7b2c5e9dfad30c9,llama3.1:8b,0,2026-06-17T12:44:29.372843,project_05,title_desc,incompleteness,few_shot_cot
ISSUE-253697,"upload mo artifacts"""" Evergreen post-task is failing",0,0,"To determine whether the given software issue is INCOMPLETE, let's analyze it step by step:

1. **Title**: The title ""upload mo artifacts"" Evergreen post-task is failing provides a clear indication of what the problem is.

2. **Description**: The description includes detailed logs from the execution of the Evergreen post-task, which indicates that there was an issue during the upload process. This suggests that the problem is related to file uploads or artifact management within the Evergreen environment.

3. **Reproduction Steps**: While not explicitly stated as ""reproduction steps,"" the detailed log output provided in the description effectively serves as a reproduction scenario for the issue at hand. It shows the exact commands being executed and the error messages encountered, which is crucial information for reproducing the problem.

4. **Expected vs Actual Behaviour**: The actual behavior (error messages) is clearly documented, but there's no explicit mention of what the expected behavior should be in this context. However, given the nature of the issue, it can be inferred that the expected behavior would be successful upload of artifacts without errors.

5. **Acceptance Criteria**: There are no explicitly stated acceptance criteria for this task. Acceptance criteria typically outline what constitutes a successful completion of a feature or task, but in",fbfda86b47b50d6e,llama3.1:8b,0,2026-06-17T12:44:33.473916,project_05,title_desc,incompleteness,few_shot_cot
ISSUE-253111,minWireVersion is 1 but it should be 2,0,1,"Let's analyze the given issue step by step:

1. **Title**: ""minWireVersion is 1 but it should be 2"" - This title clearly states the problem and what needs to be changed.
2. **Description**: ""The minWireVersion of the driver should be 2"" - The description further clarifies that the issue is about changing the minimum wire version of a driver from 1 to 2.

Now, let's check if this issue is missing any essential information:

- **Steps to reproduce**: Not provided.
- **Expected vs actual behaviour**: Expected: minWireVersion should be 2. Actual: minWireVersion is 1.
- **Acceptance criteria**: Not explicitly stated but implied that changing the version from 1 to 2 is the goal.
- **Affected components**: The driver is mentioned, which implies it's an affected component.
- **Environment details**: None are provided.

Given this analysis, we can see that while some information like acceptance criteria and environment details are not explicitly stated, the issue does provide a clear description of the problem and expected behavior. However, steps to reproduce are missing, which is essential for understanding how to replicate the issue.

Therefore, considering all these points:

Final Answer: Yes",6a2f0547431c438d,llama3.1:8b,0,2026-06-17T12:44:37.131062,project_05,title_desc,incompleteness,few_shot_cot
ISSUE-252640,Documentation links 404,0,-1,"To determine whether this issue is INCOMPLETE, let's analyze it step by step:

1. **Steps to reproduce**: The description mentions a specific URL and that the links are ""broken,"" which implies there might be steps to reproduce the issue, but they're not explicitly stated. However, given the nature of the problem (404 errors on a webpage), reproducing this issue is straightforward: anyone can visit the page and verify the links don't work.

2. **Expected vs actual behaviour**: The description clearly states that the expected behavior is for the links to be functional but they are actually broken, which meets this requirement.

3. **Acceptance criteria**: While not explicitly stated in a traditional acceptance criteria format (e.g., ""Given X, when Y happens, then Z should occur""), the issue implies that the links being operational is the desired outcome. This can be inferred as an implicit acceptance criterion.

4. **Affected components**: The description mentions a specific URL and driver version, which suggests it's related to documentation or possibly even the MongoDB Java Driver for Scala. However, without more context, we might not know exactly what component is affected beyond the documentation aspect.

5. **Environment details**: The issue mentions a specific URL (http://mongodb.github.io/mongo-java",8a0ad0b8e8a43ebb,llama3.1:8b,0,2026-06-17T12:44:40.528503,project_05,title_desc,incompleteness,few_shot_cot
ISSUE-255236,DBObject.equals can fail when binary data exists,1,1,"Let's analyze the given issue step by step:

1. **Title**: The title ""DBObject.equals can fail when binary data exists"" clearly indicates a specific problem related to the `equals` method of the `DBObject`.
2. **Description**: The description mentions that the Binary type implements an `equals` method, but it does not specify how this relates to the failure of `DBObject.equals`. It seems incomplete because it doesn't explain why or how the binary data causes the `equals` method to fail.
3. **Expected vs Actual Behaviour**: There is no clear statement on what the expected behavior should be versus what actually happens when binary data exists.
4. **Steps to Reproduce**: The description does not provide any steps to reproduce the issue, making it difficult to understand and verify the problem.
5. **Acceptance Criteria**: There are no acceptance criteria mentioned in the description.
6. **Affected Components**: It is unclear which components or classes are affected by this issue.
7. **Environment Details**: No environment details are provided.

Given these observations, I conclude that the issue lacks essential information such as steps to reproduce, expected vs actual behavior, and acceptance criteria. Therefore:

Final Answer: Yes",f916243af3e11545,llama3.1:8b,0,2026-06-17T12:44:43.819925,project_05,title_desc,incompleteness,few_shot_cot
ISSUE-255324,Increase GridFS max chunk size,0,0,"To determine whether the given software issue is INCOMPLETE, let's analyze it step by step:

1. **Steps to reproduce**: The description does not explicitly mention steps to reproduce the scenario where increasing MAX_CHUNKSIZE to 15*1000*1000 would be beneficial or necessary. However, based on the code snippet provided, it seems like a straightforward modification of an existing constant.

2. **Expected vs actual behaviour**: There is no explicit statement of expected behavior after changing MAX_CHUNKSIZE. The description only mentions that the current value can be increased to 15*1000*1000, but it does not specify what changes or improvements this would bring about in terms of functionality or performance.

3. **Acceptance criteria**: There are no clear acceptance criteria mentioned for this change. What constitutes ""success"" after increasing MAX_CHUNKSIZE? Are there specific tests or scenarios that need to pass?

4. **Affected components**: The description mentions GridFS.java, which implies that the change will affect the GridFS component of the system. However, without further context, it's hard to determine if this is a comprehensive list of affected components.

5. **Environment details**: There are no specific environment details mentioned in the issue description. This could include information about the development, testing",be6f68522cbf7186,llama3.1:8b,0,2026-06-17T12:44:47.312262,project_05,title_desc,incompleteness,few_shot_cot
ISSUE-254743,Server selection exception should chain exceptions from server monitors,1,1,"Let's analyze the issue step by step:

1. **Steps to reproduce**: The description mentions that BaseCluster.selectServer throws a MongoTimeoutException, but it doesn't specify how to reproduce this scenario or what conditions lead to this exception.
2. **Expected vs actual behaviour**: The description states that the expected behavior is for exceptions from server monitors to be chained, implying that the current behavior does not meet this expectation. However, it's not clear what the exact expected behavior should be in terms of error handling and chaining.
3. **Acceptance criteria**: There are no explicit acceptance criteria mentioned in the description.
4. **Affected components**: The issue mentions BaseCluster.selectServer, which implies that the affected component is likely a server selection mechanism within the application.
5. **Environment details**: There are no specific environment details mentioned.

Based on this analysis, I would conclude that the issue is missing essential information such as steps to reproduce and acceptance criteria.

Final Answer: Yes",54a50c8978c87063,llama3.1:8b,0,2026-06-17T12:44:50.129298,project_05,title_desc,incompleteness,few_shot_cot
ISSUE-253069,Remove mongodb-driver-embedded-android package,0,1,"Let's analyze the issue step by step:

1. **Steps to reproduce**: The description does not mention any specific steps to reproduce the issue or how to verify that the package is removed.
2. **Expected vs actual behaviour**: There is no clear statement of what the expected behavior should be after removing the package, only a statement that it's no longer needed.
3. **Acceptance criteria**: There are no acceptance criteria mentioned in the description.
4. **Affected components**: The issue mentions a specific package (mongodb-driver-embedded-android), which implies that there might be affected components or code that uses this package.
5. **Environment details**: There is no mention of any environment-specific requirements or constraints.

Based on these observations, I would say that the issue is missing essential information such as steps to reproduce and acceptance criteria.

Final Answer: Yes",bb125af01fca0224,llama3.1:8b,0,2026-06-17T12:44:52.697126,project_05,title_desc,incompleteness,few_shot_cot
ISSUE-254867,Add type-safe jsMode support in MapReduceCommand,0,1,"Let's analyze the issue step by step:

1. **Steps to reproduce**: The description does not mention any specific steps to reproduce the issue or how to test the proposed solution.
2. **Expected vs actual behaviour**: The description mentions that there should be a type-safe set of methods, implying an expected behavior. However, it does not explicitly state what the current (actual) behavior is.
3. **Acceptance criteria**: There are no clear acceptance criteria mentioned in the description.
4. **Affected components**: The issue mentions ""MapReduceCommand"", which suggests that this component is affected. However, it's not entirely clear if there are other components involved.
5. **Environment details**: There are no specific environment details mentioned.

Based on these observations, I would conclude that the issue is missing essential information such as steps to reproduce and acceptance criteria.

Final Answer: Yes",3e00483660f35d30,llama3.1:8b,0,2026-06-17T12:44:55.301933,project_05,title_desc,incompleteness,few_shot_cot
ISSUE-252707,Storing unsigned integer to Mongodb from java,0,-1,"Let's analyze the given software issue step by step:

1. **Steps to reproduce**: The description provides a specific scenario where an unsigned integer is being stored in MongoDB using Java driver version 3.12.13. It also mentions the exact code used to create the BigInteger object and the exception thrown.

2. **Expected vs actual behavior**: The expected behavior is to store the unsigned integer in MongoDB, while the actual behavior is that a CodecConfigurationException is thrown when trying to insert it into the database.

3. **Acceptance criteria**: Although not explicitly stated as acceptance criteria, the description implies that storing an unsigned integer (20 digits) should be possible and successful without throwing any exceptions related to codecs.

4. **Affected components**: The issue mentions specific components: Java driver version 3.12.13 and MongoDB. This indicates which parts of the system are affected by this problem.

5. **Environment details**: While not explicitly mentioned, it can be inferred that the environment is a development or testing setup where the Java application interacts with MongoDB using the specified driver version.

Given these points, the issue seems to provide all necessary information for understanding and addressing the problem: steps to reproduce, expected vs actual behavior, acceptance criteria (implied), affected components, and some context about",e3045a2125698938,llama3.1:8b,0,2026-06-17T12:44:58.749121,project_05,title_desc,incompleteness,few_shot_cot
ISSUE-255700,Possible bug with JSON parser,1,1,"Let's analyze the issue step by step:

1. **Steps to reproduce**: The description mentions a ""test"" that passes, but it doesn't specify what the test is or how to reproduce the situation.
2. **Expected vs actual behaviour**: There is no clear statement of what the expected behavior should be or why the current behavior is unexpected.
3. **Acceptance criteria**: There are no specific acceptance criteria mentioned.
4. **Affected components**: The description mentions a ""JSON parser"", but it's unclear which component or system this parser belongs to.
5. **Environment details**: There is no mention of any environment-specific details that might be relevant.

Based on the analysis, I conclude that the issue is missing essential information such as steps to reproduce, expected vs actual behavior, acceptance criteria, affected components, and environment details.

Final Answer: Yes",98f5b416bb1f1f25,llama3.1:8b,0,2026-06-17T12:45:01.358382,project_05,title_desc,incompleteness,few_shot_cot
ISSUE-253917,$geoNear Aggregation pipeline in Mongo JAVA driver,0,-1,"Let's analyze the issue step by step:

1. **Title**: The title clearly indicates that it's about a specific feature or operator ($geoNear aggregation pipeline) in the Mongo JAVA driver.
2. **Description**: The description explains the problem: the operator is missing, and as a workaround, we have to manually write the Bson for this.
3. **Reproduction steps**: Although not explicitly mentioned, it can be inferred that reproducing the issue involves trying to use the $geoNear aggregation pipeline in the Mongo JAVA driver and observing that it's not available.
4. **Expected vs actual behavior**: The description implies that the expected behavior is for the $geoNear aggregation pipeline operator to be present in the Mongo JAVA driver, but the actual behavior is that it's missing.
5. **Acceptance criteria**: Not explicitly mentioned, but we can assume that acceptance criteria would involve verifying that the $geoNear aggregation pipeline operator works as expected in the Mongo JAVA driver.
6. **Affected components**: The affected component is clearly stated: the Mongo JAVA driver.
7. **Environment details**: Although not explicitly mentioned, it's likely that the environment details (e.g., MongoDB version, Java version) would be relevant to reproducing and resolving this issue.

Based on this",8eae43cdeab4400d,llama3.1:8b,0,2026-06-17T12:45:04.745138,project_05,title_desc,incompleteness,few_shot_cot
ISSUE-254894,The aggregation method is inaccurately showing type,1,0,"To determine whether this issue is INCOMPLETE, let's analyze it step by step:

1. **Steps to reproduce**: The description does not explicitly mention steps to reproduce the issue. However, based on the context, it seems like the issue might be related to a specific aggregation method in MongoDB. To confirm, we would need more information about how this aggregation is being used and what data it's operating on.

2. **Expected vs actual behaviour**: The description mentions that the ""aggregation method is inaccurately showing type,"" which implies there's an expected behavior (accurate type display) and an observed issue (inaccuracy). This part seems to be covered, but without more context, we can't fully understand what ""type"" refers to or how it should be displayed.

3. **Acceptance criteria**: There is no explicit mention of acceptance criteria in the description. Acceptance criteria would typically outline what constitutes a successful resolution of this issue (e.g., accurate type display under specific conditions).

4. **Affected components**: The description mentions MongoDB and its client, but we don't have enough information to determine if other components are affected.

5. **Environment details**: There's no mention of the environment in which this issue occurs, such as the version of MongoDB being used",99afc58912ca9d2d,llama3.1:8b,0,2026-06-17T12:45:08.341029,project_05,title_desc,incompleteness,few_shot_cot
ISSUE-253334,Deprecate MongoIterable#forEach,0,1,"Let's analyze the issue step by step:

1. **Steps to reproduce**: The description mentions that if you try to use either `forEach` method with a lambda expression, you get a compiler error. This implies that reproduction steps are provided.
2. **Expected vs actual behaviour**: Although not explicitly stated, it can be inferred from the description that the expected behavior is for the code to compile without errors, while the actual behavior is that it throws a compiler error due to method name conflicts.
3. **Acceptance criteria**: There is no explicit mention of acceptance criteria, such as ""the code should compile without errors"" or ""the `forEach` method should be deprecated.""
4. **Affected components**: The description mentions `MongoIterable`, which suggests that the affected component is a specific class in the MongoDB Java driver.
5. **Environment details**: There are no explicit environment details mentioned, but it can be inferred that this issue is related to a specific version of the MongoDB Java driver and possibly Java 8.

Based on this analysis, I would say that the issue is missing essential information, specifically acceptance criteria. While reproduction steps and expected vs actual behavior are implied, they could be more explicitly stated for clarity.

Final Answer: Yes",a006e339c75aea16,llama3.1:8b,0,2026-06-17T12:45:11.815029,project_05,title_desc,incompleteness,few_shot_cot
ISSUE-255443,Errors when DBRef's $id is Object instead of simple value,0,-1,"Let's analyze the given issue step by step:

1. **Title**: The title clearly indicates that there's an error related to DBRef's $id being an Object instead of a simple value.
2. **Description**: The description mentions that MongoDB is able to store objects in the _id field, which seems to be the root cause of the issue.

Now, let's check if the issue is missing any essential information:

* **Steps to reproduce**: Not explicitly mentioned, but it can be inferred that reproducing this issue involves creating a DBRef with an Object as its $id and observing the behavior in MongoDB.
* **Expected vs actual behaviour**: The description mentions the expected behavior (MongoDB storing objects in the _id field) and implies the actual behavior is incorrect (errors occur).
* **Acceptance criteria**: Not explicitly mentioned, but it can be inferred that the acceptance criteria would involve verifying that MongoDB correctly stores objects in the _id field without errors.
* **Affected components**: The description mentions MongoDB, so this component is identified.
* **Environment details**: Not explicitly mentioned, but it's likely that the environment details (e.g., MongoDB version) are assumed to be known.

Considering these points, I would say that the issue is missing some essential information",c446022507340a76,llama3.1:8b,0,2026-06-17T12:45:15.272985,project_05,title_desc,incompleteness,few_shot_cot
ISSUE-253221,mongodb+srv schema can cause NullPointerException,0,1,"Let's analyze the given issue step by step:

1. **Title**: The title clearly indicates that it's related to a specific MongoDB+SRV schema causing a NullPointerException.
2. **Description**: The description provides some context about what happens when using the MongoClient before SRV lookup is complete.

However, upon closer inspection, I notice that the following essential information is missing:

* **Steps to reproduce**: How can we replicate this issue? What are the exact steps to trigger the NullPointerException?
* **Expected vs actual behavior**: What should happen when using the MongoClient with a MongoDB+SRV schema, and what actually happens instead?
* **Acceptance criteria**: What conditions must be met for this issue to be considered resolved?

Given that these essential pieces of information are missing, I conclude that the issue is INCOMPLETE.

Final Answer: Yes",c37b51a9967e734a,llama3.1:8b,0,2026-06-17T12:45:17.919319,project_05,title_desc,incompleteness,few_shot_cot
ISSUE-253502,Re-enable write concern tests for dropDatabase command,0,-1,"Let's analyze the given issue step by step:

1. **Title**: ""Re-enable write concern tests for dropDatabase command"" - This title clearly indicates what the issue is about.
2. **Description**: ""Write concern failures for dropDatabase result in failed command in 4.1 server builds"" - The description provides more context, mentioning that there are issues with write concerns and a specific version of the server (4.1).
3. **Reproduction steps**: Not explicitly mentioned, but it's implied that reproducing this issue involves testing the dropDatabase command in a 4.1 server build.
4. **Expected vs actual behaviour**: The description implies that there is an expected behavior (the write concern tests should pass) and an actual behavior (they fail).
5. **Acceptance criteria**: Not explicitly mentioned, but it's implied that passing the write concern tests for dropDatabase is a requirement.
6. **Affected components**: Not explicitly mentioned, but based on the description, it seems to be related to the server build (4.1) and possibly the dropDatabase command.
7. **Environment details**: The issue mentions a specific version of the server (4.1), which provides some context about the environment.

Considering these points, I would say",699b7b155d7e23a6,llama3.1:8b,0,2026-06-17T12:45:21.348510,project_05,title_desc,incompleteness,few_shot_cot
ISSUE-255435,Thread Locals not being freed in thread pool,0,1,"To determine whether the given software issue is INCOMPLETE, I will analyze it step by step.

1. **Steps to reproduce**: The description mentions that the problem is not unique and provides links to similar JIRA issues experienced by customers. However, it does not provide specific steps to reproduce the issue in the current application.
2. **Expected vs actual behaviour**: The description states that thread local data is being left on threads in the thread pool, causing a memory leak. This implies an expected behavior (data should be freed) and an actual behavior (data is not being freed).
3. **Acceptance criteria**: There are no explicit acceptance criteria mentioned.
4. **Affected components**: The description mentions that the problem occurs in Tomcat 7, which indicates that the affected component is likely the application running on Tomcat 7.
5. **Environment details**: The environment details (Tomcat 7) are provided.

Based on this analysis, I conclude that the issue is missing essential information such as specific steps to reproduce and explicit acceptance criteria.

Final Answer: Yes",f3988f79373c6904,llama3.1:8b,0,2026-06-17T12:45:24.471111,project_05,title_desc,incompleteness,few_shot_cot
ISSUE-255744,authentication for replica set fails frequently because 'getnonce' and 'authenticate' command is issued to different server,0,0,"Let's analyze the issue step by step:

1. **Steps to reproduce**: The description mentions specific code that returns false, which implies a reproduction scenario is provided.
2. **Expected vs actual behaviour**: Although not explicitly stated, it can be inferred from the context that the expected behavior is for authentication to succeed, while the actual behavior is for it to fail frequently.
3. **Acceptance criteria**: Not explicitly mentioned, but based on the description, one might infer that successful authentication is a key acceptance criterion.
4. **Affected components**: The issue mentions MongoDB and specific commands (`getnonce` and `authenticate`), which implies affected components are identified.
5. **Environment details**: While not explicitly stated, it can be inferred from the code snippet that the environment is a Java-based application using MongoDB.

However, upon closer inspection, I notice that:

* The description provides a specific code snippet, but its relevance to the issue is unclear without additional context (e.g., what does this code do in relation to authentication?).
* There's no clear indication of what constitutes ""frequently"" in terms of failure rate or frequency.
* Acceptance criteria are not explicitly stated.

Considering these points, I conclude that the issue is missing essential information, specifically:

* Clear reproduction",794e465f1f12d4a2,llama3.1:8b,0,2026-06-17T12:45:27.908359,project_05,title_desc,incompleteness,few_shot_cot
ISSUE-255326,No Such Method Exception When Instantiating Mongo Client,0,0,"Let's analyze the issue step by step:

1. **Steps to reproduce**: The issue description provides a clear reproduction scenario:
	* Create a new mongo client using `MongoClient mongo = new MongoClient(""localhost"");`
	* Get an exception with the message `java.lang.NoSuchMethodError: com.mongodb.ReadPreference.primary()Lcom/mongodb/ReadPreference;`
2. **Expected vs actual behavior**: The issue description clearly states what is expected (no exception) and what actually happens (exception thrown).
3. **Acceptance criteria**: Although not explicitly stated, we can infer that the acceptance criterion is that the mongo client should be created successfully without throwing a `NoSuchMethodError`.
4. **Affected components**: The affected component is likely the MongoDB Java driver (version 2.11.1 or 2.9.3).
5. **Environment details**: The issue description provides relevant environment information:
	* OS: Ubuntu 12.04 LTS
	* Java Version: 1.7.0_17

Considering these points, I conclude that the issue is complete and contains all necessary information.

Final Answer: No",ed5ee09774444008,llama3.1:8b,0,2026-06-17T12:45:31.384051,project_05,title_desc,incompleteness,few_shot_cot
ISSUE-255548,Stackoverflow when querying document with cycle reference using DBRef,1,-1,"Let's analyze the given issue step by step:

1. **Title**: The title clearly indicates a specific problem: ""Stackoverflow when querying document with cycle reference using DBRef"". This suggests that the issue is well-defined and focused on a particular scenario.

2. **Description**: The description provides additional context, mentioning another related issue (DATAMONGO-488) and indicating that the problem might be due to the MongoDB Java Driver. It also includes test code for reproducing the issue. 

   - **Steps to reproduce**: The description includes specific steps to reproduce the issue with the provided test code.
   
   - **Expected vs actual behaviour**: Although not explicitly stated, it's implied that the expected behavior is for the query to succeed without causing a stack overflow, and the actual behavior is the opposite.

3. **Acceptance criteria**: While not explicitly listed as acceptance criteria, the description implies certain conditions must be met for the issue to be considered resolved (e.g., the query should not cause a stack overflow).

4. **Affected components**: The affected component is clearly identified as the MongoDB Java Driver and possibly related Spring Data Mongo functionality.

5. **Environment details**: Although not explicitly mentioned, it's implied that the environment is a development or testing setup where the issue",c6655000ad967a47,llama3.1:8b,0,2026-06-17T12:45:34.919391,project_05,title_desc,incompleteness,few_shot_cot
ISSUE-254528,Add MongoCollection.dropIndex(Bson keys),0,0,"Let's analyze the issue step-by-step:

1. **Steps to reproduce**: The description mentions that this will complement an existing method, but it doesn't provide any specific steps to reproduce the issue or test the new functionality.
2. **Expected vs actual behaviour**: The description explains what the new method is intended to do (make it easier for users to drop an index without knowing its name), which implies a clear expectation of how the system should behave after implementing this feature.
3. **Acceptance criteria**: While not explicitly stated, we can infer that the acceptance criteria might include testing the new method with various inputs (e.g., different Bson keys) and verifying that it correctly drops the index without requiring its name.
4. **Affected components**: The description mentions a specific MongoDB-related method (`MongoCollection.dropIndex(String indexName)`), which implies that this feature will affect the MongoDB component of the system.
5. **Environment details**: There is no mention of any specific environment or configuration requirements for testing this feature.

Based on this analysis, I would say that the issue is missing essential information such as steps to reproduce and acceptance criteria. While it provides a clear description of what the new method should do, it doesn't provide enough detail for someone to implement and test the",e04254a1ed730b2c,llama3.1:8b,0,2026-06-17T12:45:38.344858,project_05,title_desc,incompleteness,few_shot_cot
ISSUE-254203,Add equals() and toString() to Updates,0,1,"Let's analyze the issue step by step:

1. **Steps to reproduce**: The description does not mention any specific steps to reproduce the problem.
2. **Expected vs actual behaviour**: The description mentions that there is a difficulty in debugging due to missing implementations, but it doesn't explicitly state what the expected behavior should be (e.g., toString() and equals() methods should be implemented).
3. **Acceptance criteria**: There are no clear acceptance criteria mentioned in the description.
4. **Affected components**: The issue mentions specific implementation classes used for the com.mongodb.client.model.Updates factory, so it's clear which components are affected.
5. **Environment details**: There is no mention of any specific environment or configuration requirements.

Based on this analysis, I would say that the issue is missing essential information such as steps to reproduce and expected vs actual behavior.

Final Answer: Yes",34f1bf4a1f0d9736,llama3.1:8b,0,2026-06-17T12:45:40.880346,project_05,title_desc,incompleteness,few_shot_cot
ISSUE-254082,Connection and thread leakage in DefaultServerMonitor,1,0,"Let's analyze the issue step by step:

1. **Title**: The title mentions a specific component (""DefaultServerMonitor"") and a problem (""Connection and thread leakage""). This suggests that the issue is related to a particular part of the system.
2. **Description**: The description provides some context about the problem, mentioning network issues between mongos and application servers. However, it doesn't specify what exactly happens when these issues occur (e.g., error messages, unexpected behavior).
3. **Missing information**:
	* **Steps to reproduce**: There are no clear instructions on how to replicate the issue.
	* **Expected vs actual behaviour**: The description mentions network issues, but it's not clear what the expected behavior is or how it differs from the actual behavior.
	* **Acceptance criteria**: There are no specific requirements for what constitutes a ""fix"" for this issue.
	* **Affected components**: While the title mentions a specific component (""DefaultServerMonitor""), it's not clear if other parts of the system might be affected as well.
	* **Environment details**: The description doesn't provide any information about the environment in which the issue occurs (e.g., specific versions, configurations).

Based on this analysis, I conclude that the issue is missing essential information",1d8a4d799df18f1a,llama3.1:8b,0,2026-06-17T12:45:44.266045,project_05,title_desc,incompleteness,few_shot_cot
ISSUE-253763,Reduce size of Evergreen matrix,0,1,"Let's analyze the given issue step by step:

1. **Steps to reproduce**: The description mentions ""Instead"", but it doesn't explicitly state how to reproduce the current behavior or what specific combinations of auth and SSL are being tested.
2. **Expected vs actual behaviour**: The description implies that there is an expectation for reducing the size of the Evergreen matrix, but it doesn't clearly articulate what the expected behavior should be (e.g., reduced number of test cases, improved performance).
3. **Acceptance criteria**: There's no clear statement of what constitutes ""success"" in terms of reducing the size of the Evergreen matrix.
4. **Affected components**: The description mentions the Evergreen matrix, but it doesn't specify which components or systems are affected by this issue.
5. **Environment details**: There is no mention of specific environments (e.g., development, staging, production) where this issue occurs.

Based on these observations, I conclude that the given issue is missing essential information such as steps to reproduce, expected vs actual behavior, acceptance criteria, and environment details.

Final Answer: Yes",666670cbb62f3c24,llama3.1:8b,0,2026-06-17T12:45:47.390121,project_05,title_desc,incompleteness,few_shot_cot
ISSUE-254130,Ensure Loggers are past to ErrorHandlingCallbacks,0,1,"Let's analyze the given issue step by step:

1. **Steps to reproduce**: The issue description mentions a specific condition (""if } is null"") but does not provide clear steps on how to reproduce this scenario.
2. **Expected vs actual behaviour**: The expected behavior is mentioned as printing the error to stdout, but there's no mention of what happens currently (actual behavior).
3. **Acceptance criteria**: There are no acceptance criteria specified for this issue.
4. **Affected components**: It mentions ""Loggers"" and ""ErrorHandlingCallbacks"", which implies that these components are affected, but it would be good to have a clear list or description of all affected components.
5. **Environment details**: There's no mention of the environment in which this issue occurs.

Given the missing information, I conclude that the issue is INCOMPLETE because it lacks essential details such as steps to reproduce and acceptance criteria.

Final Answer: Yes",52df77a99bd80f2f,llama3.1:8b,0,2026-06-17T12:45:50.118919,project_05,title_desc,incompleteness,few_shot_cot
ISSUE-253459,how to implement nested query in java API,1,0,"Let's analyze the given issue step by step:

1. **Steps to reproduce**: The description mentions a specific MongoDB query syntax (`db.a.find({...})`), which implies that reproducing the issue involves testing this query in a Java API. However, it doesn't explicitly state how to set up the environment or what specific conditions should be met for the issue to occur.

2. **Expected vs actual behavior**: The description mentions implementing a nested query in a Java API, but it doesn't specify what the expected outcome is (e.g., successful execution of the query, error handling, etc.). It also doesn't mention any actual behavior that's not meeting expectations.

3. **Acceptance criteria**: There are no clear acceptance criteria mentioned for this issue. What constitutes ""successful implementation"" of a nested query in Java? Are there specific performance or functionality requirements?

4. **Affected components**: The description mentions the database (MongoDB) and the Java API, but it doesn't specify which parts of these systems are affected by the issue.

5. **Environment details**: While the description implies that this is related to a MongoDB query in a Java API, there's no information about the specific environment or setup required for reproducing the issue.

Given these observations, I conclude that",f85dccaaf9151bde,llama3.1:8b,0,2026-06-17T12:45:53.479545,project_05,title_desc,incompleteness,few_shot_cot
ISSUE-255998,Tried to save too large of an object. max size: 2098176,0,1,"Let's analyze the issue step by step:

1. **Title**: The title ""Tried to save too large of an object"" clearly indicates what is happening.
2. **Description**: The description provides some context and mentions a potential fix in version 1.2 of the Java driver, but it doesn't provide any specific details about the issue itself.
3. **Reproduction steps**: There are no explicit reproduction steps mentioned, which makes it difficult to reproduce the issue.
4. **Expected vs actual behavior**: The description implies that there is an error when trying to save a large object, but it doesn't explicitly state what the expected behavior should be.
5. **Acceptance criteria**: There are no acceptance criteria mentioned, which would define what constitutes a successful fix for this issue.
6. **Affected components**: The affected component is not explicitly stated, although it appears to be related to the Java driver and MongoDB.
7. **Environment details**: There are no environment details provided, such as the version of the Java driver or MongoDB being used.

Based on this analysis, I would say that the issue is missing essential information, specifically reproduction steps, expected vs actual behavior, acceptance criteria, affected components, and environment details.

Final Answer: Yes",f1190c241a2649fd,llama3.1:8b,0,2026-06-17T12:45:56.956118,project_05,title_desc,incompleteness,few_shot_cot
ISSUE-254903,REPLICA_ACKNOWLEDGED not working at the time of arbiter Node,1,0,"Let's analyze the given issue step by step:

1. **Title**: The title clearly indicates a specific problem with a particular feature or functionality.
2. **Description**: The description mentions that ""REPLICA_ACKNOWLEDGED not working at the time of arbiter Node"" and provides some context about the MongoDB setup (3 nodes, including an arbiter node). However, it doesn't explicitly state what is expected to happen when REPLICA_ACKNOWLEDGED should be working.
3. **Missing information**:
	* **Steps to reproduce**: The description does not provide clear steps on how to reproduce the issue or under which conditions it occurs.
	* **Expected vs actual behavior**: Although the title mentions that ""REPLICA_ACKNOWLEDGED not working"", there is no explicit statement of what should happen when it's supposed to work. What are the expected results?
	* **Acceptance criteria**: There is no clear definition of what constitutes a successful resolution or how the issue will be verified.
	* **Affected components**: The description mentions MongoDB, but it doesn't specify which components or features are affected by this issue.
	* **Environment details**: While there's some context about the setup (3 nodes, including an arbiter node), more information is needed to understand",367509db0863f856,llama3.1:8b,0,2026-06-17T12:46:00.468081,project_05,title_desc,incompleteness,few_shot_cot
ISSUE-253040,mavenLocal should be first repository,0,1,"Let's analyze the given issue step by step:

1. **Title**: The title ""mavenLocal should be first repository"" clearly indicates what the issue is about.
2. **Description**: The description ""It's very confusing when depending on a SNAPSHOT build while debugging"" provides some context and explains why this feature is needed.

However, upon closer inspection, I notice that:

- There are no specific steps to reproduce the issue or how it manifests in terms of expected vs actual behavior.
- There's no mention of affected components (e.g., which Maven plugin or configuration needs to be updated).
- The description hints at a problem with SNAPSHOT builds and debugging but doesn't specify what the ""first repository"" should do differently, nor are there any acceptance criteria provided.

Given these observations, I conclude that this issue is missing essential information such as steps to reproduce, expected vs actual behavior, affected components, or environment details.

Final Answer: Yes",bdff26fe180d9e99,llama3.1:8b,0,2026-06-17T12:46:03.281672,project_05,title_desc,incompleteness,few_shot_cot
ISSUE-255829,Publish maven SNAPSHOTs,0,1,"Let's analyze the issue step by step:

1. **Steps to reproduce**: The description does not mention any specific steps to reproduce the issue or scenario.
2. **Expected vs actual behaviour**: The description mentions that it would be great to have SNAPSHOTs published, implying an expected behavior of immediate availability of improvements and fixes. However, there is no explicit statement on what the current (actual) behavior is.
3. **Acceptance criteria**: There are no clear acceptance criteria mentioned in the description.
4. **Affected components**: The issue mentions ""public maven repos"" and ""java driver"", but it's not entirely clear which specific components or systems would be affected by this change.
5. **Environment details**: There is no mention of any specific environment or configuration requirements.

Based on these observations, I conclude that the issue is missing essential information such as steps to reproduce, expected vs actual behavior, acceptance criteria, and affected components.

Final Answer: Yes",4a400a32d283e5ec,llama3.1:8b,0,2026-06-17T12:46:06.132094,project_05,title_desc,incompleteness,few_shot_cot
ISSUE-253678,Document new Pojo updates,0,1,"To determine whether this issue is INCOMPLETE, let's analyze it step by step:

1. **Steps to reproduce**: The description does not mention any steps to reproduce the issue or how one can verify that the documentation of PojoCodec updates for 3.6 is accurate or complete.

2. **Expected vs actual behaviour**: There's no clear statement on what the expected outcome should be after documenting these changes, nor is there a comparison with an actual state (if any).

3. **Acceptance criteria**: The description lacks specific acceptance criteria that would define when the task of documenting PojoCodec updates for 3.6 is considered complete.

4. **Affected components**: While it mentions ""PojoCodec,"" which is likely a component, there's no comprehensive list of affected components or systems that need to be updated or documented.

5. **Environment details**: There are no specific environment details mentioned, such as the version of the system, any dependencies, or configurations that might impact how these updates are documented.

Given this analysis, it appears that the issue is missing essential information for a complete understanding and execution of the task.

Final Answer: Yes",debb99bce142148d,llama3.1:8b,0,2026-06-17T12:46:09.313190,project_05,title_desc,incompleteness,few_shot_cot
ISSUE-255807,Allow bson decoder per operation (find/cusor),0,1,"Let's analyze the issue step by step:

1. **Title**: The title is clear and concise, indicating a specific feature request.
2. **Description**: The description provides some context about the benefits of allowing bson decoder per operation, but it doesn't explicitly state what the expected behavior should be or how it will work.
3. **Reproduction steps**: There are no reproduction steps provided to help developers understand how to test this issue.
4. **Expected vs actual behaviour**: While the description mentions some benefits, it doesn't clearly outline the expected behavior of the feature.
5. **Acceptance criteria**: There is no mention of specific acceptance criteria that would indicate when the feature is complete and functioning as intended.
6. **Affected components**: The description doesn't specify which components or modules will be affected by this change.
7. **Environment details**: There are no environment-specific requirements mentioned.

Based on this analysis, I conclude that the issue is missing essential information such as reproduction steps, expected vs actual behavior, acceptance criteria, and affected components.

Final Answer: Yes",dd7f3023f36c429d,llama3.1:8b,0,2026-06-17T12:46:12.286706,project_05,title_desc,incompleteness,few_shot_cot
ISSUE-252979,Remove CLIRR support from the build,0,1,"To determine whether this issue is INCOMPLETE, let's analyze it step by step:

1. **Steps to reproduce**: There are no specific steps provided on how to reproduce the issue or what actions should be taken to observe the problem.
2. **Expected vs actual behaviour**: The description mentions that CLIRR reports aren't useful anymore, but it doesn't specify what the expected behavior is after removing CLIRR support. It also doesn't mention the actual behavior (e.g., error messages, changes in UI).
3. **Acceptance criteria**: There's no clear definition of what constitutes ""not being useful"" or how the removal of CLIRR support will be considered successful.
4. **Affected components**: The description does not specify which components or parts of the system are affected by this change.
5. **Environment details**: There is no mention of any specific environment, configuration, or conditions under which this issue applies.

Given that several essential pieces of information are missing from the description, I conclude:

Final Answer: Yes",f12ad3fbc6c74240,llama3.1:8b,0,2026-06-17T12:46:15.188859,project_05,title_desc,incompleteness,few_shot_cot
ISSUE-252775,Multiple reads of BsonBinary UUID return different results,0,0,"Let's analyze the issue step-by-step:

1. **Steps to reproduce**: The description mentions that if a BsonBinary object is read multiple times by the UUID codec, it returns different results each time. However, it doesn't specify how to reproduce this behavior in detail (e.g., what specific steps to take, what inputs to use). This might be considered incomplete.
2. **Expected vs actual behaviour**: The description mentions that the first read returns the correct data, but subsequent reads return different results. This implies a clear understanding of the expected and actual behavior, so this is not missing.
3. **Acceptance criteria**: There are no explicit acceptance criteria mentioned in the description. While we can infer some expectations from the text (e.g., that the UUID codec should consistently return the same result), it would be better to have explicit acceptance criteria for clarity.
4. **Affected components**: The issue mentions a specific component, ""BsonBinary object"" and ""UUID codec"", which suggests that the affected components are known.
5. **Environment details**: There is no mention of any environment-specific details (e.g., specific versions of software or hardware) that might be relevant to reproducing the issue.

Considering these points, I would say that the issue is missing",1184cf8a65eceb9e,llama3.1:8b,0,2026-06-17T12:46:18.657220,project_05,title_desc,incompleteness,few_shot_cot
ISSUE-254111,Allow setting of standard server selection and server monitoring options in the connection string,0,0,"To determine whether this issue is INCOMPLETE, let's analyze it step by step:

1. **Steps to reproduce**: The description does not explicitly mention steps to reproduce the issue or how to test the proposed functionality. However, given that the issue mentions specific configuration options and their expected behavior, it might be inferred that reproducing the issue involves configuring these options in a connection string and observing the outcome.

2. **Expected vs actual behaviour**: The description clearly outlines what is expected (the ability to specify certain server selection and monitoring options on the connection string) but does not explicitly state the actual observed behavior or why this is necessary. However, it's implied that the current implementation does not allow these specifications.

3. **Acceptance criteria**: While there isn't a direct statement of acceptance criteria, understanding what is expected (i.e., being able to specify these options on the connection string) can be inferred as part of the acceptance criteria. It would typically involve verifying that these options are indeed configurable and behave as specified in the MongoDB specifications.

4. **Affected components**: The description mentions specific configuration options related to server selection and monitoring, which implies that the affected component is likely the Java driver or its connection string handling mechanism.

5. **Environment details**: There's no explicit mention",d527d6e82fb61877,llama3.1:8b,0,2026-06-17T12:46:22.176533,project_05,title_desc,incompleteness,few_shot_cot
ISSUE-255459,Aggregate and mapReduce commands sent to mongos break when setting read preference,0,1,"Let's analyze the issue step by step:

1. **Steps to reproduce**: The description mentions that there is an incompatibility between mongos versions 2.0 and greater and previous versions, but it doesn't provide specific steps on how to reproduce this issue.
2. **Expected vs actual behaviour**: The description states that there is an incompatibility, which implies a difference between the expected and actual behavior. However, it's not explicitly stated what the expected behavior should be.
3. **Acceptance criteria**: There are no acceptance criteria mentioned in the description.
4. **Affected components**: The issue mentions mongos versions 2.0 and greater, so we can infer that the affected component is the mongos service.
5. **Environment details**: The description doesn't provide any specific environment details.

Based on this analysis, I would say that the issue is missing essential information such as steps to reproduce, expected vs actual behavior, acceptance criteria, and environment details.

Final Answer: Yes",08ea1263ac327bd3,llama3.1:8b,0,2026-06-17T12:46:25.071560,project_05,title_desc,incompleteness,few_shot_cot
ISSUE-253919,DBCollection.distinct() fails when a null value is in the result,1,1,"Let's analyze the issue step by step:

1. **Steps to reproduce**: The description mentions ""When I execute the command"" and provides an example of a document that causes the failure. This implies that the steps to reproduce are included.
2. **Expected vs actual behaviour**: Although not explicitly stated, it can be inferred from the description that the expected behavior is for `distinct()` to work correctly even with null values in the result, while the actual behavior is that it fails.
3. **Acceptance criteria**: There is no explicit mention of acceptance criteria, such as what constitutes a ""correct"" result or how the failure should be handled.
4. **Affected components**: The issue mentions a specific method (`distinct()`) and collection, which implies that the affected component is the MongoDB driver or library being used.
5. **Environment details**: There are no explicit environment details mentioned, such as the version of the MongoDB driver or library being used.

Based on this analysis, I would say that the issue is missing essential information about acceptance criteria. While it provides a clear description of the problem and steps to reproduce, it does not specify what constitutes a ""correct"" result or how the failure should be handled.

Final Answer: Yes",00f83b09a6495a15,llama3.1:8b,0,2026-06-17T12:46:28.381916,project_05,title_desc,incompleteness,few_shot_cot
ISSUE-254628,Force slaveOK on a direct connection to a replica set membe,0,1,"Let's analyze the issue step by step:

1. **Steps to reproduce**: The description mentions ""Users connecting directly to any replica set member"", but it doesn't specify how to replicate this scenario or what specific actions to take. This is a crucial piece of information that is missing.
2. **Expected vs actual behaviour**: The description states the expected behavior (""query without having to specify a secondary read preference or set the slave ok bit""), which implies there's an issue with the current behavior. However, it doesn't explicitly state what the actual behavior is, making it difficult to understand the problem.
3. **Acceptance criteria**: There are no clear acceptance criteria mentioned in the description. What constitutes ""success"" for this feature? How will we know when it's working as expected?
4. **Affected components**: The issue mentions a replica set member, which implies that there might be specific components or code involved. However, it doesn't specify what those components are.
5. **Environment details**: There is no mention of the environment in which this issue occurs (e.g., production, development, testing).

Considering these points, I conclude that the issue is missing essential information to be considered complete.

Final Answer: Yes",ebfb38de7fb63816,llama3.1:8b,0,2026-06-17T12:46:31.705180,project_05,title_desc,incompleteness,few_shot_cot
ISSUE-255956,Use weakrefs for static list of Mongo instances,0,1,"Let's analyze the issue step by step:

1. **Steps to reproduce**: The description mentions a specific commit hash from an external GitHub repository, which implies that reproducing the issue requires accessing this commit and understanding its context. However, it does not explicitly provide steps for reproduction.
2. **Expected vs actual behavior**: There is no clear statement of what the expected behavior should be after using weakrefs for Mongo instances created by static methods. The description only mentions a specific commit hash without explaining how it addresses the issue or what benefits it brings.
3. **Acceptance criteria**: There are no acceptance criteria mentioned in the description, which makes it difficult to determine whether the proposed solution meets the requirements.
4. **Affected components**: Although the description mentions ""static methods"" and ""Mongo instances,"" it does not explicitly state which components or classes will be affected by this change.
5. **Environment details**: The description includes a link to an external GitHub repository, but it does not provide any information about the environment in which this issue is relevant.

Considering these points, I conclude that the issue is missing essential information such as steps to reproduce, expected vs actual behavior, acceptance criteria, affected components, and environment details. Therefore:

Final Answer: Yes",eae4fcb86ad3f0ad,llama3.1:8b,0,2026-06-17T12:46:35.119485,project_05,title_desc,incompleteness,few_shot_cot
ISSUE-253509,Make Java driver spec compliant - FY2019Q2,0,1,"Let's analyze the issue step by step:

1. **Steps to reproduce**: The issue description does not mention any specific steps to reproduce the problem or how to verify compliance with the Java driver spec.
2. **Expected vs actual behaviour**: While the issue mentions that it is related to making the driver spec compliant, there is no clear statement of what the expected behavior should be (i.e., what specific requirements need to be met).
3. **Acceptance criteria**: The description only mentions a ""list"" agreed upon in Q2 planning, but does not provide any details on what constitutes compliance or how it will be verified.
4. **Affected components**: Although the issue is related to the Java driver spec, there is no mention of specific components that need to be updated or modified to achieve compliance.
5. **Environment details**: The description does not specify any environment-related requirements or constraints.

Based on this analysis, I conclude that the issue is missing essential information such as steps to reproduce, expected vs actual behavior, acceptance criteria, affected components, and environment details.

Final Answer: Yes",86ec7cf30dd7696b,llama3.1:8b,0,2026-06-17T12:46:38.280591,project_05,title_desc,incompleteness,few_shot_cot
ISSUE-252673,GetMore not closing cursor after exception leading mongos to OOM,1,-1,"To determine whether the given software issue is INCOMPLETE, I will analyze it step by step.

1. **Title**: The title ""GetMore not closing cursor after exception leading mongos to OOM"" clearly indicates a specific problem and its impact.
2. **Description**: The description points out a specific line of code in the MongoDB Java driver that might be causing an issue, but it doesn't provide clear steps on how to reproduce this scenario or what exactly is expected versus actual behavior regarding cursor closure after exceptions.
3. **Analysis**:
   - **Steps to Reproduce**: Missing. While there's a reference to specific code, it's not clear how one would replicate the situation described in the issue.
   - **Expected vs Actual Behaviour**: The description hints at an issue but doesn't clearly articulate what is expected versus actual behavior regarding cursor closure after exceptions.
   - **Acceptance Criteria**: Not provided. What constitutes ""fixing"" this issue isn't explicitly stated.
   - **Affected Components**: While it mentions a specific line of code in the MongoDB Java driver, it's not clear if other components are affected or how they might be impacted by this issue.
   - **Environment Details**: Missing. The description doesn't specify any environment details that could help reproduce",c2471f045e5e5b42,llama3.1:8b,0,2026-06-17T12:46:41.728003,project_05,title_desc,incompleteness,few_shot_cot
ISSUE-254365,Remove errant Javadoc for w = -1 in WriteConcern constructors.,0,1,"Let's analyze the issue step by step:

* The title of the issue clearly indicates what needs to be fixed: ""Remove errant Javadoc for w = -1 in WriteConcern constructors.""
* The description provides context and explains why this is an issue: ""The WriteConcern constructors continue to document w = -1 even though that value is no longer supported.""

Considering these points, I can conclude the following:

* The issue clearly states what needs to be done (removing errant Javadoc).
* There's a clear explanation of the problem and its context.
* However, there are some missing details:
	+ Steps to reproduce: How does one encounter this issue? What steps would someone take to trigger it?
	+ Expected vs actual behavior: What is the expected behavior in terms of documentation, and what is the actual behavior that's causing the issue?
	+ Acceptance criteria: What conditions need to be met for this issue to be considered resolved?

Given these missing details, I conclude that the issue is INCOMPLETE.

Final Answer: Yes",ac8e21a15c94e759,llama3.1:8b,0,2026-06-17T12:46:44.754905,project_05,title_desc,incompleteness,few_shot_cot
ISSUE-253861,Add to Enum<JsonMode>,0,0,"To determine whether this issue is INCOMPLETE, let's analyze it step by step:

1. **Title and Description**: The title clearly states what needs to be added (""Add to Enum<JsonMode>""), and the description explains the current state and the desired new option in detail.

2. **Steps to Reproduce**: There are no specific steps given on how to reproduce this issue or test the proposed change, which is a crucial piece of information for any software development task.

3. **Expected vs Actual Behaviour**: The description clearly outlines what the expected behavior should be with the introduction of the new option (""SIMPLE"" mode), but it does not explicitly state the actual current behavior in relation to this specific requirement.

4. **Acceptance Criteria**: While the description provides a good understanding of what is being asked, there's no clear statement on how success will be measured or what constitutes ""acceptance"" for this feature.

5. **Affected Components**: The issue seems to be related to a specific Enum and its usage in JsonWriterSettings, but it does not specify which components (e.g., classes, methods) are affected by this change.

6. **Environment Details**: There's no mention of any environment-specific details that might affect the implementation or testing of this feature",4bf4e6a0e2b8a300,llama3.1:8b,0,2026-06-17T12:46:48.214074,project_05,title_desc,incompleteness,few_shot_cot
ISSUE-254940,Consider supporting writetimeout for sockets implementations that support it,0,1,"Let's analyze the issue step by step:

1. **Steps to reproduce**: The description mentions that there is no mechanism to set a write timeout on a java.net.Socket, but it does not provide specific steps to reproduce this issue.
2. **Expected vs actual behaviour**: The description states that there is a difference in behavior between java.net.Socket and other implementations (nio and netty), but it does not explicitly state the expected behavior for java.net.Socket or the actual behavior of nio and netty.
3. **Acceptance criteria**: There are no clear acceptance criteria mentioned, such as what should happen when a write timeout is set on a socket that supports it.
4. **Affected components**: The description mentions specific Java classes (java.net.Socket), but it does not explicitly state which other components or systems might be affected by this issue.
5. **Environment details**: There are no environment-specific details mentioned, such as operating system, Java version, or any other relevant context.

Based on the analysis, I conclude that the issue is missing essential information, specifically steps to reproduce and acceptance criteria.

Final Answer: Yes",5914a90aae69dde3,llama3.1:8b,0,2026-06-17T12:46:51.411846,project_05,title_desc,incompleteness,few_shot_cot
ISSUE-252879,MongoClient.listCollectionNames() returns truncated names,0,1,"Let's analyze the issue step by step:

1. **Steps to reproduce**: The description mentions testing with version 3.9.1 and observing that it works correctly, but there is no explicit mention of steps to reproduce the issue in version 3.10.0.
2. **Expected vs actual behaviour**: The description states that MongoClient.listCollectionNames() returns truncated names (first 3 letters removed) in version 3.10.0, which is not expected behavior. This indicates a clear understanding of the expected and actual behavior.
3. **Acceptance criteria**: There are no explicit acceptance criteria mentioned in the description.
4. **Affected components**: The affected component is identified as MongoClient.listCollectionNames() method.
5. **Environment details**: The issue is specific to version 3.10.0 and Azure CosmosDB, which provides some context about the environment.

Based on this analysis, I would say that the issue is missing essential information such as steps to reproduce (although it's implied) and acceptance criteria.

Final Answer: Yes",2d18ac858ac30408,llama3.1:8b,0,2026-06-17T12:46:54.518056,project_05,title_desc,incompleteness,few_shot_cot
ISSUE-255508,Connection timeout is ignored in ConnectionStatus,0,-1,"To determine whether the given software issue is INCOMPLETE, I will analyze it step by step:

1. **Steps to reproduce**: The description mentions a specific code snippet and its behavior, but it does not explicitly state how to reproduce this issue in a controlled environment or with minimal setup. However, based on the provided code, it's possible to infer that reproducing the issue involves creating a similar scenario where the connection timeout is ignored.

2. **Expected vs actual behaviour**: The description clearly states the expected behavior (connection timeout of 1s) and contrasts it with the observed actual behavior (the code stops after 20s). This indicates that there's an understanding of what should happen versus what actually happens, which helps in diagnosing the issue.

3. **Acceptance criteria**: While not explicitly listed as acceptance criteria, the description implies a specific requirement for how connections should behave regarding timeouts. However, without explicit mention of acceptance criteria, it's hard to say if this is fully captured or if there are other requirements that aren't mentioned.

4. **Affected components**: The issue specifically mentions ""ConnectionStatus"" and involves creating a Mongo instance with custom options. This suggests that the affected component is related to MongoDB connections and possibly the application's networking or database interaction layer.",06278404ee60588d,llama3.1:8b,0,2026-06-17T12:46:57.933754,project_05,title_desc,incompleteness,few_shot_cot
ISSUE-252730,Test that readPreferenceTags are always interpreted as an array,0,1,"Let's analyze the issue step by step:

1. **Title**: The title is clear and concise, indicating that it's about testing a specific behavior related to readPreferenceTags.
2. **Description**: The description provides some context, mentioning a Drivers Ticket (DRIVERS-989) for updated details. However, this ticket is not included in the issue description itself.
3. **Missing information**:
	* **Steps to reproduce**: There are no explicit steps provided to reproduce the issue.
	* **Expected vs actual behavior**: The description mentions that users provide only a single option in the connection string, but it's unclear what the expected behavior is or how it differs from the actual behavior.
	* **Acceptance criteria**: There are no clear acceptance criteria specified for this test case.
	* **Affected components**: It's not explicitly stated which components or modules are affected by this issue.
	* **Environment details**: The description mentions a connection string, but there is no information about the environment in which this issue occurs.

Based on this analysis, I conclude that the issue is missing essential information such as steps to reproduce, expected vs actual behavior, acceptance criteria, and environment details. Therefore:

Final Answer: Yes",c9064ed1cc93f179,llama3.1:8b,0,2026-06-17T12:47:01.315633,project_05,title_desc,incompleteness,few_shot_cot
ISSUE-255584,skip() throw exception with the source code version 2.7.2-141,0,1,"Let's analyze the given issue step-by-step:

1. **Title**: ""skip() throw exception with the source code version 2.7.2-141"" - This title clearly indicates a specific problem and its context.
2. **Description**: ""The java driver is compiled by myself"" - While this gives some background information, it doesn't directly address what's expected to happen or how the issue manifests.

Considering the essential information needed for an issue to be considered complete:

- **Steps to reproduce** are not explicitly mentioned in the description.
- **Expected vs actual behavior** isn't clearly outlined. What is supposed to happen when `skip()` is called, and why does it throw an exception with this specific version?
- **Acceptance criteria** aren't provided. Under what conditions should the `skip()` method behave correctly or throw exceptions?
- **Affected components** are not specified. Which parts of the system are impacted by this issue?
- **Environment details** are missing. Are there any specific configurations, dependencies, or versions that could influence how this issue manifests?

Given these omissions, I conclude that the issue is incomplete.

Final Answer: Yes",d285ed7e61147ded,llama3.1:8b,0,2026-06-17T12:47:04.599238,project_05,title_desc,incompleteness,few_shot_cot
ISSUE-253722,Add more host types to run on in Evergreen,0,0,"To determine whether the given software issue is INCOMPLETE, I will analyze it step by step.

1. **Steps to reproduce**: The description does not explicitly mention steps to reproduce the issue or how to test the proposed solution. However, this might be implicit in the context of adding more host types for Evergreen to run on, but it's not clearly stated.
2. **Expected vs actual behaviour**: The description mentions that having more host types will make it easier for Evergreen to find available servers, which implies an expected improvement or change in behavior. However, there is no explicit mention of the ""actual"" behavior (i.e., what happens currently) or how this change addresses a specific problem.
3. **Acceptance criteria**: There are no clear acceptance criteria mentioned. What does it mean for Evergreen to have an ""easier time finding available servers""? Are there specific metrics or conditions that need to be met?
4. **Affected components**: The description mentions ""Evergreen,"" which is likely a software component, but it's not explicitly stated what parts of the system will be affected by this change.
5. **Environment details**: There are some environment details mentioned (Linux variants), but they seem more like specific examples rather than a comprehensive list of environments that need",b220031c4c1ef62c,llama3.1:8b,0,2026-06-17T12:47:08.034696,project_05,title_desc,incompleteness,few_shot_cot
ISSUE-255096,remove ensureIndex() methods,0,1,"To determine whether this software issue is INCOMPLETE, I will analyze it step by step:

1. **Steps to reproduce**: The description does not explicitly mention steps to reproduce the issue or how one can verify that the ensureIndex() methods have been successfully removed.

2. **Expected vs actual behaviour**: While the description mentions what should be done (removing the ensureIndex() methods), there's no clear statement on what the expected outcome is after this removal, such as performance improvements or changes in database indexing behavior.

3. **Acceptance criteria**: There are no specific acceptance criteria mentioned that would define when the task of removing these methods can be considered complete.

4. **Affected components**: The description mentions DBCollection, which implies it's related to MongoDB operations, but it doesn't specify if this change affects other parts of the system or not.

5. **Environment details**: There are no specific environment details mentioned that would affect how this task is executed or verified.

Given these observations, I conclude that the issue lacks essential information for a complete understanding and execution of the task.

Final Answer: Yes",431394b4936b0320,llama3.1:8b,0,2026-06-17T12:47:11.142407,project_05,title_desc,incompleteness,few_shot_cot
ISSUE-252635,Replace default signatory in Gradle signing plugin with notary service,0,1,"Let's analyze the issue step-by-step:

1. **Steps to reproduce**: There are no specific steps provided on how to reproduce this issue.
2. **Expected vs actual behaviour**: The description mentions that the default signatory is using Bouncycastle, but it doesn't specify what the expected behavior should be (e.g., what should happen instead).
3. **Acceptance criteria**: There's no clear indication of what constitutes ""acceptance"" for this issue.
4. **Affected components**: It's mentioned that the Gradle signing plugin is involved, which gives us a clue about the affected component(s).
5. **Environment details**: No specific environment details are provided.

Based on these observations, I conclude that the issue is missing essential information such as steps to reproduce and expected vs actual behavior.

Final Answer: Yes",2bc5043c2d9282cf,llama3.1:8b,0,2026-06-17T12:47:13.689404,project_05,title_desc,incompleteness,few_shot_cot
ISSUE-252884,Revert NPE error handling in Reactive Streams driver,0,0,"To determine whether this issue is INCOMPLETE, let's analyze it step by step:

1. **Title**: The title clearly indicates the action required (""Revert NPE error handling""), which suggests a specific and focused request.
2. **Description**: The description mentions two other issues (JAVARS-209 and JAVA-3382) but does not provide any context about why these issues are relevant or how they relate to the current issue. It also doesn't specify what ""NPE"" stands for, which could be a critical piece of information.
3. **Expected vs Actual Behaviour**: There's no clear description of expected behavior after reverting the NPE error handling in Reactive Streams driver. This is crucial because it leaves open questions about how this change will affect system functionality and whether it aligns with any specific requirements or goals.
4. **Steps to Reproduce**: The issue does not provide steps that can be followed to reproduce the problem, which makes it difficult for developers to understand and address the issue accurately.
5. **Acceptance Criteria**: There's no mention of what constitutes successful completion of this task, such as whether specific error handling scenarios are met or if certain performance metrics improve after the change.
6. **Affected Components**: The description does not specify which",d7a6b190d5b560ac,llama3.1:8b,0,2026-06-17T12:47:17.160605,project_05,title_desc,incompleteness,few_shot_cot
ISSUE-252572,Median and Percentile Accumulators,0,1,"Let's analyze the issue step by step:

1. **Steps to reproduce**: The description does not mention any specific steps to reproduce the issue or how to test the feature.
2. **Expected vs actual behaviour**: The description mentions the expected functionality (""calculate median and percentile of the numeric values in the $group stage""), but it does not specify what the actual behavior is (e.g., error message, incorrect calculation).
3. **Acceptance criteria**: There are no clear acceptance criteria mentioned in the description.
4. **Affected components**: The issue mentions a specific component (""aggregation pipeline"" and ""$group stage""), so this information is present.
5. **Environment details**: There are no environment-specific details mentioned.

Based on the analysis, I conclude that the issue is missing essential information such as steps to reproduce, expected vs actual behavior, and acceptance criteria.

Final Answer: Yes",7fe90602d9fc561f,llama3.1:8b,0,2026-06-17T12:47:19.856269,project_05,title_desc,incompleteness,few_shot_cot
ISSUE-254092,DBCollection aggregate methods that take AggregationOptions fail to set slaveOk bit when read preference demands it,0,1,"Let's analyze the issue step by step:

1. **Steps to reproduce**: The description mentions ""When connected to a replica set"", which implies that there are specific steps to reproduce the issue, but they are not explicitly stated.
2. **Expected vs actual behavior**: The description states what is expected (the slaveOk bit should be set) and what actually happens (it fails to be set).
3. **Acceptance criteria**: While not explicitly stated, it can be inferred that the acceptance criterion is for the aggregate method to correctly set the slaveOk bit when read preference demands it.
4. **Affected components**: The issue mentions a specific class or method (`DBCollection`), which implies that this component is affected.
5. **Environment details**: The description mentions ""connected to a replica set"", which provides some context about the environment.

Based on this analysis, I would say that the issue is missing explicit steps to reproduce and possibly more detailed acceptance criteria. However, it does provide enough information to understand the expected vs actual behavior, affected components, and environment details.

Final Answer: Yes",8405b7334c220472,llama3.1:8b,0,2026-06-17T12:47:22.920320,project_05,title_desc,incompleteness,few_shot_cot
ISSUE-252719,Add tests for allowed cases when authSource is given but username is not,0,1,"Let's analyze the issue step by step:

1. **Title**: The title is clear and concise, indicating that it's about adding tests for a specific scenario.
2. **Description**: The description provides a link to a Jira ticket (SPEC-1270) which contains more information about the requirement. However, this link alone does not provide enough context or details about the issue.

Considering the essential information required:

* **Steps to reproduce**: Not explicitly mentioned in the description.
* **Expected vs actual behaviour**: The description mentions that a test was added for an auth spec, but it doesn't clearly state what the expected behavior is when `authSource` is given but `username` is not.
* **Acceptance criteria**: While there's a link to a Jira ticket, which might contain acceptance criteria, they are not explicitly mentioned in this issue description.
* **Affected components**: Not mentioned.
* **Environment details**: Not mentioned.

Based on the analysis, I conclude that the issue is missing essential information such as steps to reproduce, expected vs actual behavior, and acceptance criteria. Therefore:

Final Answer: Yes",a7ea4854d2c40845,llama3.1:8b,0,2026-06-17T12:47:26.055724,project_05,title_desc,incompleteness,few_shot_cot
ISSUE-254567,Regression applying read preference with tag set,0,0,"Let's analyze the issue step by step:

1. **Steps to reproduce**: The description mentions specific steps taken by the user, including following instructions from MongoDB documentation and attempting to use replica sets with tagging.
2. **Expected vs actual behavior**: The user describes their expected outcome (loading-balance between secondary nodes) and the actual error they encountered (MongoTimeoutException).
3. **Acceptance criteria**: While not explicitly stated, it can be inferred that the acceptance criterion is for the client to successfully load-balance between secondary nodes when reading data.
4. **Affected components**: The issue mentions specific MongoDB components, such as replica sets, tagging, and ReadPreferenceServerSelector.
5. **Environment details**: Although not explicitly mentioned, it's likely that the environment is a MongoDB deployment with replica sets configured.

Considering these points, I conclude that the issue provides sufficient information to understand the problem, including steps to reproduce, expected vs actual behavior, acceptance criteria (implied), affected components, and environment details.

Final Answer: No",5c7379636b32a01e,llama3.1:8b,0,2026-06-17T12:47:29.090526,project_05,title_desc,incompleteness,few_shot_cot
ISSUE-253271,"Remove QueryBatchCursorFunctionalSpecification """"should get more from a secondary"""" test",0,-1,"Let's analyze the issue step by step:

1. **Title**: The title is descriptive and indicates that the test is failing.
2. **Description**: The description provides a good overview of the problem:
	* The test only runs against replica sets.
	* It fails on specific MongoDB versions (3.2 and 3.4) with certain configurations (auth and ssl enabled).
	* A stacktrace is provided, which helps to understand the error.
3. **Reproduction steps**: Although not explicitly stated as ""steps to reproduce,"" the description provides enough information for someone to replicate the issue:
	* Run the test against replica sets.
	* Use MongoDB versions 3.2 and 3.4 with auth and ssl enabled.
4. **Expected vs actual behavior**: The description clearly states that the test fails, which implies an expected behavior (the test should pass) versus an actual behavior (the test fails).
5. **Acceptance criteria**: Although not explicitly stated as ""acceptance criteria,"" we can infer some acceptance criteria from the description:
	* The test should run successfully against replica sets.
	* The test should not fail on specific MongoDB versions with certain configurations.
6. **Affected components**: The issue is related to a specific test (",66f50a745037f77d,llama3.1:8b,0,2026-06-17T12:47:32.665990,project_05,title_desc,incompleteness,few_shot_cot
ISSUE-255652,Driver does not support field negation,0,0,"Let's analyze the issue step by step:

1. **Steps to reproduce**: The description mentions an example code snippet using `BasicDBObject`, which implies that reproducing the issue involves writing a simple Java program using the MongoDB Java Driver.
2. **Expected vs actual behavior**: The description clearly states what is expected (field negation should be supported) and what actually happens (it's not supported in the Java Driver).
3. **Acceptance criteria**: While not explicitly stated, we can infer that acceptance criteria might include verifying that field negation works correctly for various fields and data types.
4. **Affected components**: The issue is related to the MongoDB Java Driver, so it's likely that this component is affected.
5. **Environment details**: Although not explicitly mentioned, we can assume that the environment is a standard Java development environment with the MongoDB Java Driver installed.

Considering these points, I believe the issue is complete and provides sufficient information for further investigation and resolution.

Final Answer: No",06fc5ef353d40edc,llama3.1:8b,0,2026-06-17T12:47:35.613017,project_05,title_desc,incompleteness,few_shot_cot
ISSUE-252711,Support package scanning for Discriminators,0,-1,"To determine whether this issue is INCOMPLETE, let's analyze it step by step:

1. **Steps to reproduce**: The description does not explicitly mention steps to reproduce the problem or how to test the proposed solution. However, given that the issue mentions current workarounds and a specific feature (package scanning for discriminators) that would simplify user experience, it can be inferred that reproducing this involves testing classes with discriminators under different registration scenarios.

2. **Expected vs actual behaviour**: The description clearly outlines the expected behavior (""support scanning for discriminators"") and contrasts it with the current actual behavior (""classes using discriminators must either...""). This implies a clear understanding of what is desired versus what currently exists, making this aspect complete.

3. **Acceptance criteria**: While not explicitly listed as ""acceptance criteria,"" the description provides a clear idea of what would be considered acceptable (support for scanning discriminators). However, it lacks explicit acceptance criteria in the form of specific conditions or outcomes that must be met to consider the issue resolved.

4. **Affected components**: The description mentions classes using discriminators and the PojoCodecProvider, which implies knowledge of affected components. It does not explicitly list them but provides enough context for understanding what needs to be addressed.

5.",2efc4db4d5e1a8e6,llama3.1:8b,0,2026-06-17T12:47:39.091730,project_05,title_desc,incompleteness,few_shot_cot
ISSUE-254972,Remove deprecated methods from MapReduceOutput,0,1,"Let's analyze the given issue step by step:

1. **Title**: The title is clear and concise, indicating that it's about removing deprecated methods from MapReduceOutput.
2. **Description**: The description lists the specific methods to be removed: constructor, getRaw(), and getCommandResult(). This provides a good starting point for understanding what needs to be done.

However, upon closer inspection, I notice that:

* There is no mention of **steps to reproduce** the issue or how to verify that these methods are indeed deprecated.
* The **expected vs actual behavior** is not clearly stated. What should happen after removing these methods? Are there any specific error messages or outcomes expected?
* There is no clear indication of **acceptance criteria**, which would help determine when the task is complete and meets the requirements.
* The **affected components** are not explicitly mentioned, although it's likely that MapReduceOutput is involved. However, this could be clarified for better understanding.
* Finally, there is no mention of the **environment details**, such as the specific version of the software or any dependencies that might be relevant.

Considering these points, I conclude that the issue is missing essential information to be considered complete.

Final Answer: Yes",ca8be4c3a586a6c2,llama3.1:8b,0,2026-06-17T12:47:42.573992,project_05,title_desc,incompleteness,few_shot_cot
ISSUE-255595,Add getters/setters to MongoOptions class,0,1,"To determine whether this software issue is INCOMPLETE, I will analyze it step by step:

1. **Steps to reproduce**: The description does not mention any specific steps or conditions under which the issue occurs. This could be a problem if we need to replicate the scenario for testing.

2. **Expected vs actual behaviour**: There's no clear statement of what is expected versus what actually happens when using getters and setters with MongoOptions in Spring framework. This lack of clarity makes it hard to understand the exact nature of the issue.

3. **Acceptance criteria**: The description does not specify any acceptance criteria, which are essential for determining whether the feature or fix meets the requirements.

4. **Affected components**: While we know the class involved (MongoOptions), there's no mention of other affected classes, interfaces, or modules that might be impacted by this change.

5. **Environment details**: The description does not specify any environment-specific details that could affect how getters and setters are used with MongoOptions in Spring framework.

Given these considerations, I conclude that the issue is missing essential information such as steps to reproduce, expected vs actual behaviour, acceptance criteria, affected components, or environment details.

Final Answer: Yes",e53cebf9403e4cf9,llama3.1:8b,0,2026-06-17T12:47:45.965953,project_05,title_desc,incompleteness,few_shot_cot
ISSUE-254357,Add .save and .saveMany to MongoCollection,0,1,"Let's analyze the given issue step by step:

1. **Title**: ""Add .save and .saveMany to MongoCollection"" - This title clearly indicates what functionality is being requested.
2. **Description**: ""The simplicity of saving objects is lost with new API. See also JAVA-1840"" - The description mentions a problem caused by the new API but does not provide clear steps on how to reproduce this issue or what exactly is expected from adding "".save and .saveMany"".
3. **Reproduction Steps**: Not provided.
4. **Expected vs Actual Behaviour**: Mentioned that ""The simplicity of saving objects is lost"", which implies there's an expectation for a certain level of simplicity, but it's not clearly defined what the actual behaviour should be compared to the expected one.
5. **Acceptance Criteria**: Not explicitly mentioned.
6. **Affected Components**: The issue mentions ""MongoCollection"" and refers to a change in API, implying that multiple components might be affected, but this is not detailed.
7. **Environment Details**: Not provided.

Given these points, it appears the issue lacks essential information such as clear reproduction steps, expected vs actual behaviour details, acceptance criteria, and environment details. Therefore,

Final Answer: Yes",af517e9430f87cd0,llama3.1:8b,0,2026-06-17T12:47:49.449376,project_05,title_desc,incompleteness,few_shot_cot
ISSUE-253658,Name driver modules using Automatic-Module-Name,0,1,"Let's analyze the given issue step by step:

1. **Title**: The title is clear and concise, indicating a specific requirement.
2. **Description**: The description provides some context about the driver's dependencies committing to names for their respective modules.
3. **Missing information**:
	* **Steps to reproduce**: There are no reproduction steps provided, which makes it difficult to understand how to test this issue.
	* **Expected vs actual behaviour**: While there is a mention of ""Until all the driver's dependencies commit to names for their respective modules"", it's not clear what the expected behavior is or what the actual behavior is that needs to be changed.
	* **Acceptance criteria**: There are no specific acceptance criteria mentioned, which makes it hard to determine when this issue is considered resolved.
	* **Affected components**: The description mentions ""driver"" and ""dependencies"", but it's not clear which specific components are affected.
	* **Environment details**: There is no mention of the environment in which this issue needs to be addressed.

Based on the analysis, I conclude that the given issue is missing essential information such as steps to reproduce, expected vs actual behavior, acceptance criteria, affected components, and environment details.

Final Answer: Yes",e8d966ce5cb1ec12,llama3.1:8b,0,2026-06-17T12:47:53.027751,project_05,title_desc,incompleteness,few_shot_cot
ISSUE-254032,GridFSDownloadStream - exception when destination buffer size != file chunk size,0,1,"Let's analyze the given issue step by step:

1. **Title**: The title is descriptive and clearly indicates the problem area.
2. **Description**: The description provides some context about the issue, mentioning GridFSDownloadStream and an exception that occurs when the destination buffer size does not match the file chunk size.

However, upon closer inspection, I notice that the description lacks essential information:

* There's no clear statement of expected behavior versus actual behavior.
* Reproduction steps are missing; it's unclear how to reproduce this issue or what specific conditions trigger it.
* Affected components (e.g., classes, methods) and environment details (e.g., version of software, operating system) are not specified.

Given these omissions, I conclude that the issue is incomplete because it lacks crucial information for understanding and resolving the problem.

Final Answer: Yes",c30f87efd7877684,llama3.1:8b,0,2026-06-17T12:47:55.598082,project_05,title_desc,incompleteness,few_shot_cot
ISSUE-256021,JSON.parse() and serialize() do not preserve the _id field across serializations as expected,0,0,"To determine whether this issue is INCOMPLETE, let's analyze it step by step:

1. **Steps to reproduce**: While the description mentions ""current behavior"" and implies there are steps to understand or reproduce the issue, it does not explicitly state how one would go about reproducing the problem with JSON.parse() and serialize(). This lack of explicit reproduction steps is a concern.

2. **Expected vs actual behaviour**: The description states that the current behavior might be intended, which suggests there's an expectation for how these functions should behave regarding the preservation of the _id field across serializations. However, it does not explicitly state what the expected behavior is or why the current behavior is problematic if it's indeed intended.

3. **Acceptance criteria**: There are no clear acceptance criteria provided in the description that would indicate whether the issue is resolved or not. Acceptance criteria typically outline specific conditions under which a requirement is considered met, but here they're missing.

4. **Affected components**: The description does not specify which components of the system are affected by this behavior, making it difficult to understand the scope and impact of the issue.

5. **Environment details**: There's no mention of any environment-specific requirements or configurations that might be relevant to understanding or reproducing the issue.",a648e7fe7330a45c,llama3.1:8b,0,2026-06-17T12:47:59.018749,project_05,title_desc,incompleteness,few_shot_cot
ISSUE-254447,Improve runCommand API documentation,0,1,"To determine whether this issue is INCOMPLETE, let's analyze it step by step:

1. **Steps to reproduce**: The description does not explicitly mention steps to reproduce the issue or how one can replicate the problem with the API documentation.

2. **Expected vs actual behaviour**: While the description mentions that the intent and read preference used by the methods need clarification, it doesn't specify what the expected behavior should be in terms of clarity or usability improvements.

3. **Acceptance criteria**: There is no clear mention of specific acceptance criteria for what constitutes ""clarified"" documentation. This could include metrics such as readability scores, user feedback, or specific documentation page updates.

4. **Affected components**: The description mentions the API documentation but does not specify which parts of the system (e.g., UI, backend code) are affected by this issue.

5. **Environment details**: There is no mention of any environment-specific requirements or constraints that might impact the resolution of this issue.

Given these observations, it appears that the issue lacks essential information for a complete analysis and resolution.

Final Answer: Yes",31bd8d47b7f0b81c,llama3.1:8b,0,2026-06-17T12:48:02.192392,project_05,title_desc,incompleteness,few_shot_cot
ISSUE-255432,Binary class should implements equals and hashCode,0,1,"Let's analyze the given software issue step by step:

1. **Steps to reproduce**: The description does not mention any specific steps or scenarios that would allow someone to reproduce the issue.
2. **Expected vs actual behaviour**: The description mentions that it is ""not easy"" to compare Binary objects, but it does not specify what the expected behavior should be (e.g., how comparisons should work).
3. **Acceptance criteria**: There are no clear acceptance criteria mentioned in the description.
4. **Affected components**: It's not explicitly stated which classes or components would be affected by implementing equals and hashCode methods.
5. **Environment details**: The description does not mention any specific environment or configuration requirements.

Based on this analysis, I conclude that the issue is missing essential information such as steps to reproduce, expected vs actual behavior, acceptance criteria, and affected components.

Final Answer: Yes",61bb2df850539683,llama3.1:8b,0,2026-06-17T12:48:04.892875,project_05,title_desc,incompleteness,few_shot_cot
ISSUE-253042,Java driver 3.11 page still says 3.10,0,1,"Let's analyze the issue step by step:

1. **Steps to reproduce**: The description does not mention any steps to reproduce the issue.
2. **Expected vs actual behaviour**: The description mentions that the page still says 3.10 instead of 3.11, which implies an expected behavior (the page should show the correct version) and an actual behavior (it shows an outdated version).
3. **Acceptance criteria**: While there is a mention of ""MVP"" (Minimum Viable Product), it's not clear what specific acceptance criteria are being referred to.
4. **Affected components**: The description mentions a specific page, but it's not clear which component or system is responsible for displaying this page.
5. **Environment details**: There is no information about the environment in which the issue occurs.

Based on these observations, I conclude that the issue is missing essential information such as steps to reproduce and acceptance criteria.

Final Answer: Yes",e1037438b9b20253,llama3.1:8b,0,2026-06-17T12:48:07.794748,project_05,title_desc,incompleteness,few_shot_cot
ISSUE-253390,Change Stream startAtOperationTime MongoCommandException,0,1,"Let's analyze the issue step by step:

1. **Steps to reproduce**: The description mentions that the exception happens every time a specific method (`ChangeStreamIterable.startAtOperationTime()`) is used. This implies that reproduction steps are provided.
2. **Expected vs actual behaviour**: Although not explicitly stated, it can be inferred from the error message that the expected behavior (i.e., successful execution of `startAtOperationTime()`) is not met due to a MongoDB command exception with error code 40674.
3. **Acceptance criteria**: There are no explicit acceptance criteria mentioned in the description.
4. **Affected components**: The issue seems to be related to a specific method (`ChangeStreamIterable.startAtOperationTime()`) and a MongoDB command exception, which implies that the affected component is likely the Change Stream API or the underlying MongoDB driver.
5. **Environment details**: There are no explicit environment details mentioned in the description.

Based on this analysis, I would say that the issue is missing essential information such as acceptance criteria and environment details.

Final Answer: Yes",dcf5931a74d39472,llama3.1:8b,0,2026-06-17T12:48:10.889692,project_05,title_desc,incompleteness,few_shot_cot
