issue_id,title,ground_truth,prediction,raw_response,prompt_hash,model_version,temperature,timestamp_utc,project,input_mode,task,strategy
ISSUE-253177,Inconsistent output between java driver and mongo shell,0,1,"Here's my step-by-step reasoning:

* The issue mentions ""inconsistent output"" between two tools: java driver and mongo shell. This suggests that there is a specific problem to be solved.
* However, the description does not specify what exactly is inconsistent about the output. Is it the format, content, or something else?
* Additionally, the description includes a link to a specific line of code in the java driver, but it's unclear why this code is relevant to the issue at hand.
* The description also mentions ""binData from mongoshell"", which suggests that there may be some confusion about the terminology or context being used.
* Overall, while the issue appears to be specific and focused on a particular problem, the language used is somewhat vague and open to interpretation.

Final Answer: Yes",d62160f6ecfb7959,llama3.1:8b,0,2026-06-17T12:31:19.974839,project_05,title_desc,ambiguity,few_shot_cot
ISSUE-253467,size not accepting $numberlong argument,0,1,"Here's my analysis:

* The issue title mentions ""size not accepting $numberlong argument"", which is a specific error message. However, it doesn't specify what operation or function is supposed to accept this argument.
* The description mentions using a command to create the oplog as part of resizing it, but it doesn't provide enough context about what's expected to happen during this process.
* There's no clear indication of what ""size"" refers to in this context - is it a database size, a file size, or something else?
* The description mentions ""$numberlong argument"", which suggests that there might be some confusion about the type of data being passed (e.g. is it supposed to be an integer, a long, etc.?).
* Overall, while the issue title and description provide some specific details, they lack clear context and scope, making it difficult to understand what's expected to happen.

Final Answer: Yes",b490eb717019f9c9,llama3.1:8b,0,2026-06-17T12:31:22.733964,project_05,title_desc,ambiguity,few_shot_cot
ISSUE-253452,MongoCollection.insertOne throws NullPointerException with WriteConcern.UNACKNOWLEDGED & retryWrites=true,0,1,"Here's the step-by-step reasoning:

* The issue title clearly mentions a specific exception (NullPointerException) and its context (MongoCollection.insertOne with WriteConcern.UNACKNOWLEDGED & retryWrites=true).
* The description provides more details about the code that throws the exception, including the file name and line number where the error occurs.
* However, upon closer inspection, I notice that the issue is not entirely clear. The description mentions that ""it appears"" retryWrites needs to be disabled in order to use WriteConcern.UNACKNOWLEDGED for insert/update operations. This phrase suggests that there may be some uncertainty or assumption about the root cause of the problem.
* Furthermore, the description does not provide any information about what happens when retryWrites is disabled, or whether this change has any unintended consequences.
* Overall, while the issue provides a clear context and specific details about the code, it also contains some ambiguity due to the use of the phrase ""it appears"" and the lack of clarity around the implications of disabling retryWrites.

Final Answer: Yes",8a9cb326e6e43853,llama3.1:8b,0,2026-06-17T12:31:25.687380,project_05,title_desc,ambiguity,few_shot_cot
ISSUE-253505,Add an option to toggle SSL certificate validation,0,1,"Here's the step-by-step reasoning:

* The issue title is clear and specific: it asks for an option to toggle SSL certificate validation.
* However, the description uses vague language when mentioning ""inconsistent with other drivers"" - what exactly does this mean? Is it a performance issue, a security concern, or something else?
* Additionally, the description mentions C# as a comparison point, but it's not clear why this is relevant. Is the Java driver being compared to the C# driver in terms of functionality, performance, or something else?
* The description also uses ambiguous language when saying ""could be used"" - what does this mean exactly? Is there an existing feature that could be repurposed for this task, or is a new feature being proposed?
* Overall, while the issue title is clear and specific, the description lacks clear context and can be interpreted in multiple ways.

Final Answer: Yes",c224184f30ca9f0f,llama3.1:8b,0,2026-06-17T12:31:28.473954,project_05,title_desc,ambiguity,few_shot_cot
ISSUE-255080,JSON parser parses braces incorrectly,0,1,"Here's my step-by-step reasoning:

* The issue title mentions a specific problem with the JSON parser, which suggests that it's not entirely vague.
* However, upon reading the description, I notice that the language used is somewhat informal (""parsing braces incorrectly"", ""strange way"", ""bug in the parser""). This could indicate ambiguity.
* The description also mentions a specific edge case (JSON with too many braces), but the problem statement itself is not entirely clear. What does it mean for the parser to parse it ""in a very strange way""? Is this a functional issue or a performance one?
* Furthermore, the description implies that there are multiple possible interpretations of what constitutes ""back-to-back"" '{' characters.
* Finally, I notice that the description mentions a specific JSON parser (strict extended), which could be relevant to understanding the context and scope of the problem.

Final Answer: Yes",c853de2cd9ca509f,llama3.1:8b,0,2026-06-17T12:31:31.182472,project_05,title_desc,ambiguity,few_shot_cot
ISSUE-255534,Looking for performance tips loading results from a find() with the java driver.,0,1,"Here's the step-by-step reasoning:

* The issue title mentions ""performance tips"", which is a vague request. It doesn't specify what performance metric to improve or by how much.
* The description mentions improving the performance of loading data from Mongo, but it doesn't provide any context about the current performance issues, such as slow query times, high memory usage, etc.
* The issue also asks for ""tips"", which implies that there may be multiple solutions, and the requester is looking for general advice rather than a specific solution to a well-defined problem.
* There is no mention of any specific component or code snippet that needs improvement, making it difficult to determine what exactly needs to be changed.
* The issue also seems to be asking for a general ""how-to"" guide on improving performance, rather than a specific solution to a particular problem.

Final Answer: Yes",6f62a6a4f5eaa0c0,llama3.1:8b,0,2026-06-17T12:31:33.820684,project_05,title_desc,ambiguity,few_shot_cot
ISSUE-255332,Binary field $type is represented in JSON as a number instead of a two-byte hex string,0,1,"Here's my step-by-step reasoning:

* The issue title clearly states what is happening with the binary field $type.
* However, the description lacks context about why this is a problem. Is it causing an error? Is it affecting performance?
* The term ""strict"" converter is used, but its definition or purpose is not clear in this context.
* There is no mention of any specific requirements or specifications that are being violated by representing the binary field as a number instead of a hex string.
* The issue can be interpreted in multiple ways (e.g., is it a bug, a feature request, or a documentation update needed?), and there is not enough information to determine its scope.

Final Answer: Yes",384d71be99a97757,llama3.1:8b,0,2026-06-17T12:31:36.079599,project_05,title_desc,ambiguity,few_shot_cot
ISSUE-254781,Iterable Codec,0,1,"Here's the step-by-step reasoning:

* The issue mentions ""Iterable Codec"", which suggests that the problem is related to encoding or decoding data into an iterable format. However, this is a specific concept and doesn't seem vague.
* The description provides an example of what is expected: decoding a JSON array string into an iterable (e.g., an array). This gives some context about the desired behavior.
* However, upon closer inspection, I notice that the issue statement uses the phrase ""For example"", which implies that there might be other scenarios or edge cases not mentioned. This could lead to multiple interpretations of what is required.
* Additionally, the term ""top level JSON object"" is somewhat ambiguous, as it's not clear whether this refers to a specific type of JSON structure or just any JSON object.
* Considering these points, I conclude that the issue has some ambiguity due to the lack of clear context and the possibility of multiple interpretations.

Final Answer: Yes",706d55d100985526,llama3.1:8b,0,2026-06-17T12:31:38.905927,project_05,title_desc,ambiguity,few_shot_cot
ISSUE-254021,NettyStream does not handle clean socket closures from the server,0,1,"Here is my analysis of the issue:

* The title mentions a specific component (""NettyStream"") and a specific behavior (""does not handle clean socket closures from the server""), which suggests that the issue is focused on a particular aspect of the system.
* However, the description uses somewhat vague language - what does ""clean socket closures"" mean? Is it a specific error condition or just any kind of closure?
* The description also mentions a specific scenario (""when restarting the server""), but it's not entirely clear why this scenario is relevant. Is it the only case where this issue occurs, or are there other scenarios as well?
* There is no mention of any desired behavior or outcome - what should happen when the server restarts and the NettyStream's channel is closed?
* The description also uses a somewhat informal tone (""Was: h6. After restart server""), which may indicate that the issue was previously reported in a different format.

Based on these points, I would say that the issue is ambiguous because it uses vague language, lacks clear context, and can be interpreted in multiple ways.

Final Answer: Yes",4e53a45d0a998f2f,llama3.1:8b,0,2026-06-17T12:31:42.026593,project_05,title_desc,ambiguity,few_shot_cot
ISSUE-255615,Include cursor-id in CursorNotFound exception,0,1,"Here's my analysis:

* The issue title is specific about including a particular piece of information in an exception.
* However, the description does not specify why this is necessary or what problem it will solve. It only mentions that it will ""help immensely"" during testing and diagnostics, which is vague.
* There is no clear context for when this exception occurs or under what conditions it should be thrown.
* The issue could potentially be interpreted in multiple ways (e.g., does the cursor-id need to be included as a parameter, or as part of the exception message?).
* Overall, while the title is specific, the description lacks clarity and context.

Final Answer: Yes",99aed8f765d76087,llama3.1:8b,0,2026-06-17T12:31:44.329118,project_05,title_desc,ambiguity,few_shot_cot
ISSUE-254855,Discrimination in Jackson-Codec,0,1,"Here's my analysis:

* The issue title mentions ""Discrimination"" which could refer to several things in software development, such as data type discrimination or algorithmic bias. This is already ambiguous.
* The description talks about creating a collection of classes and each document being a subclass. However, it doesn't specify what kind of collection, what the requirements are for these subclasses, or how they relate to the Jackson-Codec library.
* There's no clear context provided, such as which part of the system is affected, what the expected behavior is, or under what conditions this issue occurs.
* The description uses vague language like ""we can create"" without specifying any specific requirements or constraints.

Based on these points, I conclude that the issue is ambiguous due to its unclear scope and multiple possible interpretations.

Final Answer: Yes",7393bd1bf4a8e0a6,llama3.1:8b,0,2026-06-17T12:31:46.868669,project_05,title_desc,ambiguity,few_shot_cot
ISSUE-256012,Add w/wtimeout to WriteConcern (getLastError),0,1,"Here's the step-by-step reasoning:

* The issue title mentions a specific feature (""w/wtimeout"") and its relation to ""WriteConcern"" and ""getLastError"", which suggests some clarity on what is being requested.
* However, upon closer inspection of the description, it seems that the request is based on an external reference (the MongoDB documentation link), rather than providing clear context or requirements within the issue itself.
* The description does not specify any particular conditions under which this feature should be implemented, nor are there any specific requirements mentioned for how it should behave.
* Furthermore, the term ""replicas/slaves"" is used in a somewhat ambiguous way - while it's clear that MongoDB has concepts of replication and slaves, the exact implications of adding w/wtimeout to these components are not specified.

Final Answer: Yes",324fc115a8d963b3,llama3.1:8b,0,2026-06-17T12:31:49.470904,project_05,title_desc,ambiguity,few_shot_cot
ISSUE-253265,Provide an option to use pooled NIO direct buffers to minimise impact on GC,0,1,"Here's my step-by-step reasoning:

* The issue title mentions a specific feature (""pooled NIO direct buffers"") and its intended benefit (""minimise impact on GC""). This suggests that the author has some knowledge of the technical context.
* However, the description is somewhat vague - it doesn't specify what exactly needs to be improved or how the current implementation is causing problems. It also mentions a specific use case (GridFS with binary data over HTTP), but this could be just one example among many.
* The issue seems to be focused on performance optimization, which can be a complex and nuanced topic. Without more context or information about the expected behavior or metrics, it's hard to determine what exactly is being asked for.
* Upon closer reading, I notice that the description mentions ""minimise impact on GC"", which implies that there is already some kind of problem with garbage collection. However, this is not explicitly stated as a requirement or a bug - it's more of an observation.
* Overall, while the issue title suggests a specific technical request, the description lacks clear context and scope. It's not entirely clear what the author wants to achieve or how they expect the change to be implemented.

Final Answer: Yes",ac75db9f29d8d51c,llama3.1:8b,0,2026-06-17T12:31:52.865117,project_05,title_desc,ambiguity,few_shot_cot
ISSUE-254440,DocumentCodec and DBObjectCodec treat nested Maps/Iterables differently,0,1,"Here's the step-by-step reasoning:

* The issue title mentions specific classes and a reference to another Java bug number (JAVA-1760), which suggests that it is related to a specific technical aspect of the software.
* However, the description does not provide clear context about what ""treat differently"" means in this case. Are nested Maps/Iterables being processed incorrectly? Is there an unexpected behavior?
* The mention of another bug number (JAVA-1760) implies that some background knowledge is required to understand the issue, which could lead to ambiguity if the reader is not familiar with the previous fix or its implications.
* There is no clear statement about what the expected behavior should be. Are nested Maps/Iterables supposed to behave in a specific way?
* The description does not provide any information about the scope of the issue (e.g., which components are affected, under what conditions this problem occurs).

Final Answer: Yes",8776ef27cbd4f295,llama3.1:8b,0,2026-06-17T12:31:55.677003,project_05,title_desc,ambiguity,few_shot_cot
ISSUE-255480,Secondary reads on lists of mongos fail until first write,0,1,"Here's my analysis:

* The issue title mentions ""Secondary reads on lists of mongos fail until first write"", which is specific about what's happening and where. This suggests that the problem has a clear context.
* However, the description mentions a regression introduced by another fix (JAVA-656), but it doesn't specify what exactly went wrong or how the original fix was supposed to work. This lack of clarity might indicate ambiguity.
* The issue also mentions using the Mongo constructor with a list of ServerAddress, which is specific about the component and context involved.
* However, there's no clear explanation of what ""fail until first write"" means in this context. Is it an error message? A performance issue? Something else?
* Overall, while some aspects of the issue are clearly specified (e.g., the component, the regression), others are vague or unclear (e.g., the exact nature of the problem, how it's related to ""first write"").

Final Answer: Yes",556c5283cdbb858c,llama3.1:8b,0,2026-06-17T12:31:58.787603,project_05,title_desc,ambiguity,few_shot_cot
ISSUE-255171,Saved extra fields for Gridfs does not go in metadata sub-document,0,1,"Here's my analysis:

* The issue title mentions a specific component (""Saved extra fields for Gridfs"") and a problem (""does not go in metadata sub-document""), which suggests that the issue is focused on a particular aspect of the system.
* However, the description is somewhat vague - it doesn't specify what ""put some metadata"" means (e.g. under what conditions, with what data), or what exactly is expected to happen when saving extra fields for Gridfs.
* The description also lacks context - it's not clear why this behavior is a problem, or what the desired outcome is.
* Additionally, the issue could be interpreted in multiple ways - e.g. does ""metadata sub-document"" refer to a specific data structure, or is it just a general term?
* Overall, while the issue title provides some clarity, the description and context are insufficient to determine the exact problem being described.

Final Answer: Yes",6ae6bef62ed62769,llama3.1:8b,0,2026-06-17T12:32:01.533270,project_05,title_desc,ambiguity,few_shot_cot
ISSUE-254446,Repeated connection with expected authentication errors is not deterministic,0,1,"Here's my step-by-step reasoning:

* The issue title mentions ""Repeated connection with expected authentication errors is not deterministic"", which suggests that the problem is related to a specific behavior or outcome. However, the word ""deterministic"" implies a lack of clear expectations about what should happen in this scenario.
* Upon reading the description, I notice that it includes code snippets and specific details about the MongoDB client and credentials. This provides some context, but the issue still seems somewhat vague because it doesn't clearly state what is expected to happen or what the desired outcome is.
* The description mentions ""expected authentication errors"", which implies that there is a known behavior or expectation for how the system should behave in this scenario. However, the fact that the connection is not deterministic suggests that something unexpected is happening.
* Upon closer reading, I notice that the issue seems to be describing a specific problem with the MongoDB client, but it's not entirely clear what the desired outcome is or why this behavior is problematic.
* Overall, while the issue provides some context and details about the problem, it still seems somewhat ambiguous because it doesn't clearly state what is expected to happen in this scenario.

Final Answer: Yes",9470ece891731a47,llama3.1:8b,0,2026-06-17T12:32:04.758696,project_05,title_desc,ambiguity,few_shot_cot
ISSUE-254233,Custom logging implementation,0,1,"Here's my step-by-step reasoning:

* The issue description mentions specific technologies and frameworks (SLF4J, java.util.logging), which suggests that it is not entirely vague.
* However, the description also uses a somewhat ambiguous phrase ""custom logging framework"", which could refer to any number of different frameworks or implementations.
* There is no clear context for what constitutes a ""custom"" logging framework, and how it would be integrated with the Java driver.
* The issue does not specify what specific problems are encountered when trying to integrate a custom logging framework, making it unclear what the exact requirements are.
* Overall, while the description mentions some specific details, its ambiguity around the term ""custom logging framework"" makes it difficult to interpret clearly.

Final Answer: Yes",1f580a984a920efe,llama3.1:8b,0,2026-06-17T12:32:07.240252,project_05,title_desc,ambiguity,few_shot_cot
ISSUE-252701,Update documentation for Text Search,0,1,"Here's my step-by-step reasoning:

* The issue title is clear and specific: ""Update documentation for Text Search"". This suggests that the issue is focused on a particular feature or component.
* However, the description uses vague language: ""$search for Atlas"" does not specify what needs to be updated in the documentation. It seems to refer to some kind of search functionality, but it's unclear what specific aspect of the text search feature requires updating.
* There is no clear context provided about why the documentation needs to be updated or what problems will be solved by doing so.
* The issue does not specify what type of documentation needs to be updated (e.g. user manual, API docs, etc.) or what changes need to be made.
* Overall, the description can be interpreted in multiple ways, making it unclear what specific action is required.

Final Answer: Yes",4e85d3c3c2bfd996,llama3.1:8b,0,2026-06-17T12:32:09.887301,project_05,title_desc,ambiguity,few_shot_cot
ISSUE-255572,Morphia Integration in java driver,0,1,"Here's my step-by-step reasoning:

* The issue title mentions ""Morphia Integration in java driver"", which is a specific topic and seems clear.
* However, upon reading the description, I notice that it mentions two different versions of the official driver (2.8) and Morphia integration (3.0), but does not specify what exactly is the problem or what is expected to be fixed.
* The description also uses vague language (""seems to be about to release"") and lacks clear context regarding the current state of Morphia integration in the java driver.
* There is no mention of specific requirements, behaviors, or conditions that need to be met for the issue to be considered resolved.
* Overall, I think this issue can be interpreted in multiple ways (e.g., what exactly needs to be fixed? Is it a bug, a feature request, or something else?) and lacks clear context.

Final Answer: Yes",dda3382fdcb30ca1,llama3.1:8b,0,2026-06-17T12:32:12.677870,project_05,title_desc,ambiguity,few_shot_cot
ISSUE-255511,Respect the QueryFailure response flag in OP_REPLY,0,1,"Here's the step-by-step reasoning:

* The issue title mentions a specific component (""OP_REPLY"") and a specific response flag (""QueryFailure""), which suggests that the problem is related to a particular aspect of the MongoDB protocol.
* However, the description simply references an external link to the MongoDB documentation without providing any additional context or explanation. This lack of clear context makes it difficult to understand the scope of the issue.
* The description also mentions that the Java driver currently defines a constant for this flag, but it's unclear what the problem is with this implementation or how it should be improved.
* There is no mention of specific behavior, expected outcomes, or error conditions. This lack of clarity makes it difficult to determine whether the issue has been properly understood and documented.
* Overall, while the issue title provides some context, the description relies too heavily on external references and lacks clear explanation, making it ambiguous.

Final Answer: Yes",4142883bd33cfae5,llama3.1:8b,0,2026-06-17T12:32:15.356323,project_05,title_desc,ambiguity,few_shot_cot
ISSUE-254614,2.12.x breaks compatibility with mongoDB v1.8,0,1,"Here's my step-by-step reasoning:

* The issue title mentions a specific version of the Java driver and a specific version of MongoDB, which suggests that the problem is well-defined.
* However, upon reading the description, I notice that it mentions ""the root cause seems to be"", which implies that there might be some uncertainty or speculation about the actual cause of the problem.
* The issue description also includes a stack trace, which provides more context and information about the error. However, the fact that the description is trying to explain the root cause suggests that there might not be enough clarity around the problem.
* Upon closer inspection, I notice that the description mentions ""expected existence"" of a certain variable, which implies that there might be some ambiguity around what is expected behavior versus actual behavior.
* Overall, while the issue title and description provide some context, the language used in the description suggests that there might be some uncertainty or ambiguity around the problem.

Final Answer: Yes",5f0d27dc24f7282f,llama3.1:8b,0,2026-06-17T12:32:18.159617,project_05,title_desc,ambiguity,few_shot_cot
ISSUE-253354,Deprecate DBCursor#addSpecial,0,1,"Here's my step-by-step reasoning:

* The issue title mentions a specific method (`DBCursor#addSpecial`) and its potential deprecation.
* However, the description only provides context about the introduction of a new command in MongoDB 3.2, but does not explicitly state why `addSpecial` is being deprecated or what alternatives are available.
* There is no clear explanation of the expected behavior after deprecation, such as whether it will be removed entirely or replaced with something else.
* The description lacks specific details about the scope of the change, such as which versions of MongoDB are affected or how users will be impacted.
* Overall, while the issue title provides some clarity, the description is too vague and lacks clear context to determine the exact requirements for deprecation.

Final Answer: Yes",e128759fb2e6c6da,llama3.1:8b,0,2026-06-17T12:32:20.654580,project_05,title_desc,ambiguity,few_shot_cot
ISSUE-255153,update description of fsync write concern flag,0,1,"Here's my step-by-step reasoning:

* The issue title is specific and clearly states what needs to be updated.
* The description mentions two specific flags (""fsync"" and ""j"") that need to have their descriptions updated in the WriteConcern Javadoc. This suggests a clear scope for the change.
* However, upon closer inspection, I notice that the description does not specify what the current behavior is or how it differs from the desired behavior. It simply states that the description needs to be updated to accurately describe the current behavior.
* The use of ""accurately describes"" implies that there may be some ambiguity about what the current behavior actually is, and how it should be described in the documentation.
* Overall, while the issue title and description are clear, the lack of specificity around the current behavior and desired behavior suggests that the issue could be interpreted in multiple ways.

Final Answer: Yes",7f60258cb41fbd3f,llama3.1:8b,0,2026-06-17T12:32:23.332556,project_05,title_desc,ambiguity,few_shot_cot
ISSUE-255938,DBCursor.copy() does not copy batch size,0,1,"Here's my analysis:

* The issue title clearly mentions a specific method and class (`DBCursor.copy()`), which suggests that the problem is well-defined.
* However, the description only states what is not being copied (`batchSize field`), but does not provide any context about why this is a problem or under what conditions it occurs.
* There is no mention of expected behavior, desired outcome, or any specific requirements related to copying batch size.
* The issue seems to be focused on a specific implementation detail (copying a field in a method) rather than a broader requirement or functionality.

Based on these observations, I conclude that the issue is ambiguous because it lacks clear context and does not specify why copying batch size is important or what the desired outcome should be.

Final Answer: Yes",d6e1917b3dc0c849,llama3.1:8b,0,2026-06-17T12:32:25.735353,project_05,title_desc,ambiguity,few_shot_cot
ISSUE-253697,"upload mo artifacts"""" Evergreen post-task is failing",0,-1,"Here's the step-by-step reasoning:

* The issue title is ""upload mo artifacts"""" Evergreen post-task is failing. This suggests that there is a problem with uploading artifacts using the Evergreen tool.
* The description provides a detailed stack trace of the error, including the commands being executed and the specific errors encountered. However, this does not necessarily make the issue clear or unambiguous.
* Upon closer inspection, it appears that the issue is related to a file not existing in the expected location (/data/mci/8d4abb008de048b4b5b6f694c215f135/data/mci/8d4abb008de048b4b5b6f694c215f135/src/mongodb-logs.tar.gz and /data/mci/8d4abb008de048b4b5b6f694c215f135/drivers-tools/.evergreen/orchestration/server.log).
* However, the issue description does not specify what is expected to happen in this scenario (e.g. should the file be created automatically? Should an error message be displayed?). This lack of clarity makes it difficult to understand the root cause of the problem.
* Additionally, the stack trace suggests that there are multiple commands being executed as part",0de405ad4243243e,llama3.1:8b,0,2026-06-17T12:32:29.759463,project_05,title_desc,ambiguity,few_shot_cot
ISSUE-253111,minWireVersion is 1 but it should be 2,0,0,"Here's my reasoning:

* The issue title clearly states a specific condition (""minWireVersion is 1"") and its desired state (""but it should be 2"").
* However, there is no context provided about what happens when this condition is not met or how the current version of the driver behaves.
* There is also no mention of any potential consequences or impact on the system if the minWireVersion remains at 1.
* The issue description does not specify which part of the code or configuration needs to be updated to change the minWireVersion.

However, upon closer inspection, I realize that the issue title clearly states a specific condition and its desired state, which makes it clear what is expected. The lack of context or consequences may make it difficult to implement, but it does not necessarily make the issue ambiguous.

Final Answer: No",f93e0ac44eb8f770,llama3.1:8b,0,2026-06-17T12:32:32.642631,project_05,title_desc,ambiguity,few_shot_cot
ISSUE-252640,Documentation links 404,0,1,"Here's my step-by-step reasoning:

* The issue title is specific and clearly states a problem with documentation links returning 404 errors.
* However, upon closer inspection, I notice that the description mentions a specific URL for MongoDB Java Driver Scala documentation. This suggests that the issue might be related to this particular library or version.
* But what about other users who may be experiencing similar issues with different libraries or versions? The description doesn't provide any context about which version of the driver is being used, or whether this is a known issue in the community.
* Furthermore, the term ""all of the """"reference"""" links appear to be broken"" could be interpreted as meaning that all reference links on the entire website are broken, rather than just those specific to the Scala documentation. This ambiguity arises from the lack of clear scope and specificity.
* Overall, while the issue title is clear, the description's vagueness about context, scope, and potential interpretations makes it difficult to determine a precise solution or next steps.

Final Answer: Yes",e0cc5f7b5dcbbabb,llama3.1:8b,0,2026-06-17T12:32:35.519983,project_05,title_desc,ambiguity,few_shot_cot
ISSUE-255236,DBObject.equals can fail when binary data exists,0,1,"Here's my analysis:

* The issue title mentions a specific method (`DBObject.equals`) and a potential problem with binary data. This suggests some clarity on what is being discussed.
* However, the description does not clearly state the expected behavior or the desired outcome of fixing this issue. It seems to be more of an explanation of why the problem might occur rather than a clear statement of the problem itself.
* The use of ""My understanding of the cause"" in the description suggests that there may be some ambiguity about what is actually happening, and who is expected to understand or fix it.
* There is no mention of any specific requirements, constraints, or context for this issue. It seems to be a general statement rather than a clear problem statement.
* Overall, while the title provides some clarity on what is being discussed, the description lacks clear context and desired outcomes, making it difficult to understand exactly what needs to be fixed.

Final Answer: Yes",75f779cb967a0597,llama3.1:8b,0,2026-06-17T12:32:38.272461,project_05,title_desc,ambiguity,few_shot_cot
ISSUE-255324,Increase GridFS max chunk size,0,1,"Here's the step-by-step reasoning:

• The issue title is specific and clear: ""Increase GridFS max chunk size"". This suggests that the problem is well-defined.
• However, upon reviewing the description, it appears to be a code review question rather than a bug report. The description mentions two constants in GridFS.java and asks if MAX_CHUNKSIZE can be increased to 15*1000*1000.
• While the code snippet provides context, the question itself is somewhat ambiguous because it doesn't specify what ""increase"" means. Does it mean changing the value of MAX_CHUNKSIZE, or does it mean checking whether the current value is sufficient?
• Furthermore, there's no clear explanation of why increasing MAX_CHUNKSIZE to 15*1000*1000 is necessary or beneficial.
• The issue lacks a clear scope: what are the expected benefits or consequences of making this change?

Final Answer: Yes",07618622dfb666a3,llama3.1:8b,0,2026-06-17T12:32:40.907740,project_05,title_desc,ambiguity,few_shot_cot
ISSUE-254743,Server selection exception should chain exceptions from server monitors,0,1,"Here's my step-by-step reasoning:

* The issue mentions a specific exception type (MongoTimeoutException) and a specific method (BaseCluster.selectServer), which suggests that it is focused on a particular component.
* However, the description uses the phrase ""if the reason there are no matching servers is due to one or more exceptions in the server monitors"", which implies that there may be multiple possible reasons for the exception, and not all of them involve server monitor exceptions.
* The issue does not specify what behavior is expected when chaining exceptions from server monitors. For example, should it throw a new exception with additional information, or handle the situation differently?
* The description assumes some knowledge about the system's architecture and components (e.g., ""server monitors""), which may not be clear to all readers.
* Overall, while the issue mentions specific details, its language is somewhat ambiguous and open-ended, leaving room for multiple interpretations.

Final Answer: Yes",b9a935b8b8126f18,llama3.1:8b,0,2026-06-17T12:32:43.866796,project_05,title_desc,ambiguity,few_shot_cot
ISSUE-253069,Remove mongodb-driver-embedded-android package,0,1,"Here's my analysis:

* The issue title is specific and clear about what needs to be removed.
* However, the description only mentions that the package is no longer needed to be maintained. It doesn't specify why it's not needed or under what conditions its removal will have an impact.
* There's also a lack of context about what ""maintaining"" this package entails, and whether there are any dependencies or downstream effects that need to be considered.
* The description could be interpreted in multiple ways - for example, does ""no longer needed to maintain"" mean it can be removed immediately, or should it be deprecated first?
* Overall, the issue lacks clear context and scope, making it ambiguous.

Final Answer: Yes",5a1371d5c5413f3b,llama3.1:8b,0,2026-06-17T12:32:46.156354,project_05,title_desc,ambiguity,few_shot_cot
ISSUE-254867,Add type-safe jsMode support in MapReduceCommand,0,1,"Here's my step-by-step reasoning:

* The issue title mentions ""type-safe jsMode support"", which suggests that the problem is related to ensuring that JavaScript mode is used in a safe and type-aware manner. However, the term ""jsMode"" is not clearly defined or explained.
* The description states that currently, this can only be done using the addExtraOption method, but it does not provide any context about what ""this"" refers to or why addExtraOption is insufficient.
* There is no clear definition of what ""type-safe set of methods"" would entail or how they would differ from the existing addExtraOption method.
* The issue seems to be focused on a specific component (MapReduceCommand), but it does not provide any information about the expected behavior, inputs, or outputs of these new type-safe methods.
* Overall, while the issue mentions specific technical terms and components, it lacks clear context, definitions, and expectations, making it difficult to interpret and understand what is being requested.

Final Answer: Yes",f86f31dcbfffdd24,llama3.1:8b,0,2026-06-17T12:32:49.055411,project_05,title_desc,ambiguity,few_shot_cot
ISSUE-252707,Storing unsigned integer to Mongodb from java,0,1,"Here's my step-by-step reasoning:

* The issue description mentions a specific problem: attempting to insert an unsigned integer into MongoDB using Java driver 3.12.13 results in a CodecConfigurationException.
* However, the description also raises questions about the root cause of the issue (""Not sure if the issue is with driver or the MongoDB"").
* Additionally, the description asks for a solution that allows storing ""such data"" to the database, but it's unclear what ""such data"" refers to - is it unsigned integers in general, or specifically 20-digit values?
* The description lacks clear context about the expected behavior of the Java driver and MongoDB in this specific scenario.
* Overall, while the issue description provides some details about the problem, it also raises multiple questions and ambiguities that need clarification.

Final Answer: Yes",d0a808592a84b1d0,llama3.1:8b,0,2026-06-17T12:32:51.592363,project_05,title_desc,ambiguity,few_shot_cot
ISSUE-255700,Possible bug with JSON parser,0,1,"Here's my step-by-step reasoning:

* The issue title mentions a ""Possible bug"", which implies uncertainty and lack of clarity.
* The description states that it ""seems strange"" that a test passes, but does not specify what the expected behavior is or why this situation is unexpected.
* There is no clear context provided about the JSON parser, such as its purpose, inputs, or outputs.
* The issue can be interpreted in multiple ways: is the problem with the test itself, or with the JSON parser? Is the ""strange"" behavior a bug or an expected outcome?
* Overall, the language used is vague and open to interpretation.

Final Answer: Yes",93e2c18f20b9d736,llama3.1:8b,0,2026-06-17T12:32:53.853399,project_05,title_desc,ambiguity,few_shot_cot
ISSUE-253917,$geoNear Aggregation pipeline in Mongo JAVA driver,0,1,"Here's my step-by-step reasoning:

* The issue title mentions a specific MongoDB aggregation pipeline operator ($geoNear) and its absence in the Java driver.
* However, the description is somewhat unclear - it states that we have to ""manually write the Bson"" for this operator. What does this mean? Is it asking for a workaround, or an actual implementation of the missing feature?
* The issue lacks clear context - what are the specific requirements or use cases where this aggregation pipeline is needed? Are there any performance implications if we don't have this operator available in the Java driver?
* The scope of the issue is also unclear - is it asking for a fix to be implemented in the existing Java driver, or is it requesting a new feature to be added to the driver?
* Overall, while the issue mentions specific technical details (MongoDB aggregation pipeline), the description and context are not clear enough to determine what exactly is being asked.

Final Answer: Yes",e35e5e00d6ce99fc,llama3.1:8b,0,2026-06-17T12:32:56.650275,project_05,title_desc,ambiguity,few_shot_cot
ISSUE-254894,The aggregation method is inaccurately showing type,0,1,"Here's my step-by-step reasoning:

* The issue title mentions that the aggregation method is inaccurately showing type. This suggests a specific problem with a particular method or behavior.
* However, upon reading the description, I notice that it provides a code snippet, but it doesn't specify what exactly is inaccurate about the type being shown. Is it an incorrect data type? A wrong value? Something else?
* The code snippet appears to be related to MongoDB and aggregation, but there's no clear context or explanation of how this issue manifests itself.
* Upon closer inspection, I notice that the query object ""mQuery"" is created with a field name ""data.vars"", which seems to be a string literal. However, it's not clear what type of data is being aggregated or what the expected output should be.
* Overall, while the issue title suggests a specific problem, the description lacks clarity and context, making it difficult to understand the exact nature of the issue.

Final Answer: Yes",fcc7380e62bae7d8,llama3.1:8b,0,2026-06-17T12:32:59.484019,project_05,title_desc,ambiguity,few_shot_cot
ISSUE-253334,Deprecate MongoIterable#forEach,0,1,"Here's my step-by-step reasoning:

* The issue title mentions a specific method on MongoIterable, which suggests that the problem is well-defined and related to a particular component.
* The description explains the conflict between the existing method and the default Java 8 method, including the compiler error that occurs when using lambda expressions. This provides clear context for the problem.
* However, upon closer inspection, I notice that the description mentions ""either"" Block or Consumer, which implies that there are multiple possible solutions or interpretations of how to resolve the conflict.
* The issue does not specify a particular requirement or constraint for deprecating the method, such as whether it should be done immediately or in a future release.
* While the description is clear and concise, the fact that there are multiple possible ways to resolve the conflict (e.g., by casting to Block or Consumer) suggests that the issue may not have a single, well-defined solution.

Final Answer: Yes",9a3e52e7b315b3ca,llama3.1:8b,0,2026-06-17T12:33:02.322413,project_05,title_desc,ambiguity,few_shot_cot
ISSUE-255443,Errors when DBRef's $id is Object instead of simple value,0,-1,"Here are my 5 bullet points for classifying the given issue:

• **Language clarity**: The issue description uses specific technical terms like ""DBRef"", ""$id"", and ""_id field"", which suggests that the language is clear and unambiguous.
• **Context**: The context of the issue seems to be related to MongoDB and its interaction with a database reference (DBRef). This provides some background information, but it's still not entirely clear what behavior or outcome is expected.
• **Scope**: The scope of the issue appears to be limited to a specific technical aspect of the application, which is a good thing. However, without more information, it's hard to determine exactly how this issue affects the overall system.
• **Interpretation**: Upon closer inspection, I notice that the description says ""Mongo is able to store objects in _id field"", which implies that the problem might not be with storing objects, but rather with some other aspect of the application. This could lead to multiple interpretations of what the issue actually is.
• **Specificity**: While the issue mentions specific technical details like DBRef and MongoDB, it's still a bit vague about what exactly is happening when an object is stored in the _id field.

Based on these points, I conclude that the",90314dc13dc1f995,llama3.1:8b,0,2026-06-17T12:33:05.712059,project_05,title_desc,ambiguity,few_shot_cot
ISSUE-253221,mongodb+srv schema can cause NullPointerException,0,1,"Here's my step-by-step reasoning:

* The issue mentions a specific MongoDB connection method (""mongodb+srv"") and a potential cause of a NullPointerException. This suggests that the issue is related to a specific technical component.
* However, the description lacks clear context about what operation is being executed by the MongoClient, and when exactly the SRV lookup completes or fails. This lack of clarity makes it difficult to understand the exact conditions under which the problem occurs.
* The phrase ""before SRV lookup complete"" implies that there may be some timing-related issue, but it's not clear whether this is a critical path or an edge case.
* There is no mention of any specific baseline performance, target metric, or expected behavior. This makes it difficult to determine what constitutes a ""NullPointerException"".
* Overall, while the issue mentions specific technical details, the lack of clarity around context and conditions makes it ambiguous.

Final Answer: Yes",66b72444f59ddb47,llama3.1:8b,0,2026-06-17T12:33:08.473733,project_05,title_desc,ambiguity,few_shot_cot
ISSUE-253502,Re-enable write concern tests for dropDatabase command,0,0,"Here's my analysis of the given software issue:

* The title mentions ""write concern tests"" and ""dropDatabase command"", which suggests a specific context and component.
* However, the description only mentions that write concern failures result in failed commands in 4.1 server builds, but it doesn't specify what exactly is expected to happen or how the current behavior differs from the desired one.
* The issue seems to be related to a specific version (4.1) of the server build, which might limit its scope, but it's not entirely clear why write concern tests were disabled in the first place.
* There are no unclear terms or vague language used in the description that would make it difficult to understand what is being asked for.

Considering these points, I conclude that the issue is not ambiguous because it:

* Names a specific component (dropDatabase command)
* Mentions a specific context (4.1 server builds)
* Although it doesn't specify the desired behavior or outcome, it's clear what needs to be done (re-enable write concern tests)

However, upon re-reading the description, I realize that there might be some ambiguity in understanding why write concern tests were disabled and what exactly is expected from their re-enabling. This could lead to multiple interpretations of",1393bc9684e6fb14,llama3.1:8b,0,2026-06-17T12:33:11.860009,project_05,title_desc,ambiguity,few_shot_cot
ISSUE-255435,Thread Locals not being freed in thread pool,0,1,"Here's the step-by-step reasoning:

* The issue title is specific and clearly describes a problem with thread locals in a thread pool.
* However, the description mentions that this problem is not unique to us and references external JIRA issues. This could indicate that the scope of the issue is unclear or too broad.
* Upon closer inspection, the referenced JIRA issues are from MongoDB's Java driver, which suggests that the issue may be related to a specific library or framework rather than our application itself.
* The description also mentions ""our application running in Tomcat 7"", but it's not clear what version of our application is affected or whether this is a new problem or an existing one.
* Overall, while the title and some parts of the description are clear, the issue seems to be trying to convey multiple pieces of information (the problem itself, its relation to external issues, and its scope) in a way that may lead to confusion.

Final Answer: Yes",8c11a9b49307ff02,llama3.1:8b,0,2026-06-17T12:33:14.748470,project_05,title_desc,ambiguity,few_shot_cot
ISSUE-255744,authentication for replica set fails frequently because 'getnonce' and 'authenticate' command is issued to different server,0,1,"Here's the step-by-step reasoning:

* The issue title mentions a specific problem with authentication for replica sets, which suggests that it is related to MongoDB and its commands.
* However, the description of the issue seems incomplete, as it only shows part of the code without explaining what the code is supposed to do or how it relates to the problem described in the title.
* The mention of ""following code returns false"" implies that there might be some context or explanation about why this specific code is relevant to the authentication failure, but it's not provided.
* Upon closer inspection, the description seems to be a snippet of Java code, which doesn't directly relate to the problem described in the title. This lack of clear connection between the code and the issue makes it difficult to understand what exactly is going on.
* The issue can be interpreted in multiple ways: is the problem with the code itself, or is it related to the MongoDB commands being issued to different servers? Without more context or explanation, it's unclear.

Final Answer: Yes",fe8b3eca26fd8455,llama3.1:8b,0,2026-06-17T12:33:17.868339,project_05,title_desc,ambiguity,few_shot_cot
ISSUE-255326,No Such Method Exception When Instantiating Mongo Client,0,0,"Here's the step-by-step reasoning:

* The issue title clearly states the problem: ""No Such Method Exception When Instantiating Mongo Client"". This suggests that the language used is specific and not vague.
* The description provides a detailed stack trace with line numbers, which indicates that the context of the problem is clear. It also mentions the exact version of the Java driver being used, OS, and Java version, which helps to narrow down the scope of the issue.
* However, upon closer inspection, I notice that the code snippet provided in the description seems to be incomplete or irrelevant to the actual problem. The method `getDatabase()` is mentioned, but its implementation is not shown, and it's unclear how this relates to the exception being thrown when creating a new Mongo client.
* Despite the minor issue with the code snippet, the overall description provides sufficient context about the problem, including the exact error message, stack trace, and environment details. This suggests that the scope of the issue is clear.
* However, I do notice that the description mentions two different versions of the Java driver (2.11.1 and 2.9.3) being used to recreate the issue. While this provides additional context, it also raises a question about which version of the driver is",ff69e0e4acd27635,llama3.1:8b,0,2026-06-17T12:33:21.374901,project_05,title_desc,ambiguity,few_shot_cot
ISSUE-255548,Stackoverflow when querying document with cycle reference using DBRef,0,1,"Here's the step-by-step reasoning:

* The issue title mentions a specific error (""Stackoverflow"") and context (""querying document with cycle reference using DBRef""), which suggests that it is related to a programming problem.
* However, the description also mentions another issue on a different JIRA project (spring-data-mongo), which may indicate that this issue is not entirely self-contained or has unclear scope.
* The description also includes a link to another issue and some test code, but it does not clearly explain how these are related to the current issue or what specific problem they are trying to solve.
* Upon closer reading, it appears that the issue is actually about a known problem in the MongoDB Java Driver (as mentioned in the description), which suggests that the scope of the issue may be unclear or too broad.
* The description does not provide enough context for someone else to understand and reproduce the problem without additional information.

Final Answer: Yes",0c8471d79d6938f1,llama3.1:8b,0,2026-06-17T12:33:24.193089,project_05,title_desc,ambiguity,few_shot_cot
ISSUE-254528,Add MongoCollection.dropIndex(Bson keys),0,1,"Here's the step-by-step reasoning:

* The issue title mentions a specific method call `MongoCollection.dropIndex(Bson keys)`, which suggests that it's related to MongoDB and index management.
* However, upon reading the description, I notice that it uses the phrase ""make it easier for users"", which is vague. What does ""easier"" mean in this context? Is it about reducing the number of steps required, improving performance, or something else?
* The description also mentions that dropping an index without knowing its name is not required by `createIndex`, but this statement seems to be more of a justification for the new method rather than providing clear context.
* There's no mention of any specific requirements, constraints, or assumptions that need to be considered when implementing this feature. This lack of clarity makes it difficult to determine what exactly needs to be done.
* Overall, while the issue title is specific and mentions a technical detail, the description uses vague language and lacks clear context, making it ambiguous.

Final Answer: Yes",81f88a6f0b4ffd9f,llama3.1:8b,0,2026-06-17T12:33:27.152185,project_05,title_desc,ambiguity,few_shot_cot
ISSUE-254203,Add equals() and toString() to Updates,0,1,"Here's my step-by-step reasoning:

* The issue title clearly states what is being requested: ""Add equals() and toString() to Updates"".
* However, the description mentions that the implementation classes used for a specific factory (""com.mongodb.client.model.Updates"") don't implement these methods.
* This creates ambiguity because it's not clear if the request is to add these methods to all implementation classes or just those related to the specified factory.
* Additionally, the description uses vague language by stating ""significant difficulty in regards to debugging"", which doesn't specify what kind of difficulties are being experienced or how they would be alleviated by implementing these methods.
* The issue lacks clear context and scope, making it unclear what exactly needs to be done.

Final Answer: Yes",9549f3ef70b2c1ea,llama3.1:8b,0,2026-06-17T12:33:29.571592,project_05,title_desc,ambiguity,few_shot_cot
ISSUE-254082,Connection and thread leakage in DefaultServerMonitor,0,1,"Here's my analysis:

* The issue title mentions a specific component (""DefaultServerMonitor"") and a potential problem (""Connection and thread leakage""), which suggests that the issue is related to a specific part of the system.
* However, the description lacks clear context about what ""network issues"" means. Is it a specific error message, a performance metric, or something else? The language is vague.
* Additionally, there's no mention of any specific behavior, condition, or scenario under which this problem occurs. It seems to be a general statement rather than a specific issue report.
* Furthermore, the description doesn't provide any information about what ""experiencing network issues"" entails, making it difficult to understand the scope of the problem.

Based on these observations, I conclude that the issue is ambiguous due to its vague language and lack of clear context.

Final Answer: Yes",86cbb8ecc1a88fe3,llama3.1:8b,0,2026-06-17T12:33:32.175457,project_05,title_desc,ambiguity,few_shot_cot
ISSUE-253763,Reduce size of Evergreen matrix,0,1,"Here are my 5 bullet points for classifying the issue:

• **Lack of clear context**: The issue mentions ""Evergreen matrix"", but it's not immediately clear what this refers to or how it relates to the auth and SSL settings.
• **Vague language**: The phrase ""no compelling reason"" is subjective and doesn't provide a clear metric or threshold for determining when testing all combinations is necessary.
• **Unclear scope**: It's unclear which specific components or features of the Evergreen matrix are being referred to, or what exactly needs to be reduced in size.
• **Multiple possible interpretations**: The issue could be interpreted as asking to reduce the number of test cases, or to optimize the existing test cases to run more efficiently. However, it's not clear which interpretation is intended.
• **Lack of specific metrics or targets**: There are no specific metrics mentioned (e.g., ""reduce size by 20%"") or targets for what constitutes a ""compelling reason"" to test all combinations.

Based on these points, I conclude that the issue is ambiguous due to its vague language, unclear context, and multiple possible interpretations. 

Final Answer: Yes",333451a96b1aab67,llama3.1:8b,0,2026-06-17T12:33:35.356214,project_05,title_desc,ambiguity,few_shot_cot
ISSUE-254130,Ensure Loggers are past to ErrorHandlingCallbacks,0,1,"Here's my analysis of the given software issue:

* The title ""Ensure Loggers are passed to ErrorHandlingCallbacks"" seems clear and specific. It mentions a particular component (Loggers) and its intended behavior (being passed to another component).
* However, the description is somewhat ambiguous. The phrase ""Also if } is null print the error to stdout"" uses an unusual syntax (""if }"") that may be a typo or a formatting issue.
* Upon closer inspection, it appears that ""} is null"" should likely read ""{ is null"", which would make sense in the context of checking for a null logger. However, this still leaves some ambiguity about what exactly constitutes an error to be printed to stdout.
* The description lacks clear context and scope. It's not immediately apparent what kind of errors are being referred to or under what conditions they should be printed to stdout.
* Overall, while the title is specific, the description introduces enough vagueness and potential for misinterpretation that I would classify this issue as ambiguous.

Final Answer: Yes",f817b73d99fab1bc,llama3.1:8b,0,2026-06-17T12:33:38.302970,project_05,title_desc,ambiguity,few_shot_cot
ISSUE-253459,how to implement nested query in java API,0,1,"Here's my analysis of the given software issue:

* The title ""how to implement nested query in java API"" is clear and specific about what the user wants to achieve.
* However, the description ""db.a.find({ """"id"""" : { """"$in"""" : [""""3"" seems incomplete or truncated. It appears that some text is missing from the end of the sentence.
* Even with the missing text, it's still unclear what the expected behavior or outcome should be for this nested query implementation.

Considering these points, I would conclude that the issue is ambiguous due to the lack of clear context and the possibility of multiple interpretations based on the incomplete description.

Final Answer: Yes",24382d831b228fa0,llama3.1:8b,0,2026-06-17T12:33:40.528537,project_05,title_desc,ambiguity,few_shot_cot
ISSUE-255998,Tried to save too large of an object. max size: 2098176,0,1,"Here's the step-by-step reasoning:

* The issue title mentions a specific error message and a maximum size limit, which suggests that the problem is related to a specific component (com.mongodb) and behavior (saving an object).
* However, the description mentions ""I assume this is an issue with java driver"", which introduces ambiguity about what exactly is causing the problem.
* The mention of a previous JIRA issue that supposedly fixed the problem in version 1.2 also suggests that there may be multiple possible causes or solutions for the issue.
* There is no clear context provided about how often this error occurs, under what conditions it happens, or what the expected behavior should be.
* Overall, while the issue title provides some specific information, the description introduces ambiguity and unclear scope.

Final Answer: Yes",227ed370a7de50e0,llama3.1:8b,0,2026-06-17T12:33:43.052381,project_05,title_desc,ambiguity,few_shot_cot
ISSUE-254903,REPLICA_ACKNOWLEDGED not working at the time of arbiter Node,0,1,"Here's my step-by-step reasoning:

* The issue title mentions a specific MongoDB concept (""REPLICA_ACKNOWLEDGED"") and a specific scenario (""at the time of arbiter Node""), which suggests that it's related to a particular component or feature.
* However, the description is somewhat unclear: what does ""not working"" mean? Is it not sending acknowledgments, receiving them incorrectly, or something else?
* The mention of an ""arbiter Node"" implies that this issue might be specific to a certain configuration or setup (in this case, a 3-node MongoDB cluster with one node acting as the arbiter).
* However, I'm still unsure about what exactly is not working: is it a problem with the replica set, the arbiter node itself, or something else?
* Overall, while the issue mentions specific technical terms and concepts, its description is somewhat vague and lacks clear context, making it difficult to understand the exact nature of the problem.

Final Answer: Yes",2e6e7ee16d13ddd6,llama3.1:8b,0,2026-06-17T12:33:45.956016,project_05,title_desc,ambiguity,few_shot_cot
ISSUE-253040,mavenLocal should be first repository,0,1,"Here's my analysis:

* The issue mentions ""mavenLocal"" which is a specific configuration in Maven, so it's clear what the context is.
* However, the description only mentions that it's confusing when depending on a SNAPSHOT build while debugging. It doesn't specify what exactly is causing the confusion or what behavior is expected.
* There's no mention of any specific error messages, stack traces, or metrics to measure performance.
* The issue seems to be focused on user experience (debugging) rather than a technical problem with the code.

Based on these points, I would say that the issue is ambiguous because it lacks clear context and can be interpreted in multiple ways. For example, what exactly is meant by ""confusing""? Is it a performance issue, an error message, or something else?

Final Answer: Yes",2bdadca532ed7617,llama3.1:8b,0,2026-06-17T12:33:48.540007,project_05,title_desc,ambiguity,few_shot_cot
ISSUE-255829,Publish maven SNAPSHOTs,0,1,"Here's my step-by-step reasoning:

* The issue title ""Publish maven SNAPSHOTs"" is clear and specific about what needs to be done.
* However, the description uses vague language such as ""It would be great to have also SNAPSHOTs published to some maven repo"", which doesn't specify where or how these snapshots should be published.
* Additionally, the description mentions a desire for ""improvements and fixes"" to be available immediately, but it's unclear what specific improvements or fixes are being referred to.
* The description also makes a comparison between the java driver and morphia, but it's not clear what this comparison is meant to convey in terms of requirements.
* Overall, while the issue title is clear, the description lacks specificity and clarity about what needs to be done.

Final Answer: Yes",1696665c45ad0fa0,llama3.1:8b,0,2026-06-17T12:33:51.164273,project_05,title_desc,ambiguity,few_shot_cot
ISSUE-253678,Document new Pojo updates,0,1,"Here's my reasoning:

* The issue title mentions ""Document new Pojo updates"", which is clear about what needs to be done.
* However, the description only mentions ""Document the changes in the PojoCodec for 3.6"". It doesn't specify what kind of documentation is required (e.g., API docs, user manual, etc.), or what specific changes need to be documented.
* The issue seems to lack clear context about why these updates are important, and what impact they will have on the system.
* There's no mention of any specific requirements or constraints that need to be met for this documentation task.
* Overall, while the issue is clear about what needs to happen, it lacks specificity and clarity around the details.

Final Answer: Yes",a21cb437516e04d0,llama3.1:8b,0,2026-06-17T12:33:53.589448,project_05,title_desc,ambiguity,few_shot_cot
ISSUE-255807,Allow bson decoder per operation (find/cusor),0,1,"Here's my step-by-step reasoning:

* The issue title mentions ""Allow bson decoder per operation"", which is specific about the feature being requested.
* However, the description uses vague language such as ""alternate methods of decoding/passthrough"" and ""easier to setup callbacks per operation"". These phrases do not provide clear context or scope for what exactly needs to be implemented.
* The issue does not specify any particular component, module, or system that will be affected by this change.
* There is no mention of any specific requirements, constraints, or trade-offs that need to be considered when implementing this feature.
* Overall, the description can be interpreted in multiple ways, and it lacks clear context and scope.

Final Answer: Yes",02023c307342806d,llama3.1:8b,0,2026-06-17T12:33:55.890502,project_05,title_desc,ambiguity,few_shot_cot
ISSUE-252979,Remove CLIRR support from the build,0,1,"Here's my analysis:

* The issue title is specific and clear about what needs to be done (""Remove CLIRR support from the build"").
* However, the description uses vague language (""The CLIRR reports aren't all that useful to us anymore""). It doesn't specify why they're not useful, under what conditions they're not useful, or what alternative solution is expected.
* The issue lacks clear context about what ""CLIRR"" stands for and what its purpose is in the build process. This lack of context makes it difficult to understand the scope of the change.
* There's no mention of any specific requirements, constraints, or trade-offs that need to be considered when removing CLIRR support.
* The description can be interpreted in multiple ways (e.g., should CLIRR reports be completely removed, or just disabled? Should other parts of the build process be affected by this change?)

Final Answer: Yes",d64970601e2fe9ac,llama3.1:8b,0,2026-06-17T12:33:58.560986,project_05,title_desc,ambiguity,few_shot_cot
ISSUE-252775,Multiple reads of BsonBinary UUID return different results,0,-1,"Here's my step-by-step reasoning:

* The issue title clearly describes the problem: ""Multiple reads of BsonBinary UUID return different results"". This suggests that the issue is specific and well-defined.
* However, upon reading the description, I notice that it mentions a specific behavior (""returns a different result each time"") but doesn't provide any context about why this behavior is unexpected or what the desired outcome should be. This lack of clear context makes me wonder if there's more to the issue than meets the eye.
* The description also uses technical terms like ""BsonBinary object"" and ""UUID codec"", which suggests that the issue may be specific to a particular component or module within the system. However, without further information about the expected behavior or requirements for this component, it's difficult to say whether the issue is truly ambiguous.
* Upon closer reading, I notice that the description mentions that ""the first read returns the correct data"", which implies that there may be some kind of expectation or requirement around the behavior of subsequent reads. However, this expectation is not clearly stated, and it's unclear what the desired outcome should be in this scenario.
* Overall, while the issue title suggests a specific problem, the description raises more questions than answers about the expected behavior and requirements",9cd7c7c756201388,llama3.1:8b,0,2026-06-17T12:34:01.969971,project_05,title_desc,ambiguity,few_shot_cot
ISSUE-254111,Allow setting of standard server selection and server monitoring options in the connection string,0,1,"Here's my step-by-step reasoning:

* The issue title is clear and specific about what needs to be done: allowing setting of certain options in the connection string.
* However, upon reading the description, I notice that it references external specifications (e.g. [serverSelectionTimeoutMS|https://github.com/mongodb/specifications/blob/master/source/server-selection/server-selection.rst#serverselectiontimeoutms]) without providing a clear explanation or context for why these specific options are being requested.
* The issue description also assumes knowledge of the MongoDB specifications, which may not be familiar to all readers. This lack of clarity and assumed background knowledge could lead to misinterpretation.
* Furthermore, the description does not specify what exactly needs to happen when these options are set in the connection string (e.g. how they should interact with each other, or what specific behavior is expected).
* Overall, while the issue title is clear, the description lacks sufficient context and clarity, making it ambiguous.

Final Answer: Yes",4b9098b61c35ed0b,llama3.1:8b,0,2026-06-17T12:34:04.917373,project_05,title_desc,ambiguity,few_shot_cot
ISSUE-255459,Aggregate and mapReduce commands sent to mongos break when setting read preference,0,1,"Here's the step-by-step reasoning:

* The issue title mentions specific commands (Aggregate and mapReduce) and a particular component (mongos), which suggests that it is focused on a particular aspect of the system.
* However, the description uses vague language (""incompatibility"") without specifying what exactly happens when these commands are sent to mongos with different versions. This lack of clarity makes it difficult to understand the problem.
* The issue also lacks clear context - it does not specify under what conditions this incompatibility occurs (e.g., during a specific operation, or only in certain scenarios).
* Additionally, the scope of the issue is unclear - is it just about Aggregate and mapReduce commands, or are other operations affected as well?
* Finally, the description can be interpreted in multiple ways - does ""incompatibility"" mean that the commands fail to execute, or do they produce incorrect results?

Final Answer: Yes",ea42075c306ad2a2,llama3.1:8b,0,2026-06-17T12:34:07.729230,project_05,title_desc,ambiguity,few_shot_cot
ISSUE-253919,DBCollection.distinct() fails when a null value is in the result,0,1,"Here's my step-by-step reasoning:

* The issue title clearly mentions a specific method (`distinct()`) and its failure condition (`when a null value is in the result`), which suggests that the problem is well-defined.
* However, upon closer inspection of the description, I notice that it doesn't specify what exactly goes wrong when `null` is present. Does the method throw an exception? Return incorrect results? Something else?
* The description also mentions a specific document structure (`{ ""_id"": """"... }`) but doesn't explain why this would cause the `distinct()` method to fail.
* While the issue title and description provide some context, they don't specify what behavior is expected from the `distinct()` method in this scenario. Should it ignore null values? Throw an exception?
* Overall, I think the issue has a clear problem statement but lacks sufficient detail about the desired behavior or the exact failure mode.

Final Answer: Yes",778db39a0e9bc184,llama3.1:8b,0,2026-06-17T12:34:10.687201,project_05,title_desc,ambiguity,few_shot_cot
ISSUE-254628,Force slaveOK on a direct connection to a replica set membe,0,1,"Here's my analysis of the issue:

* The title mentions ""Force slaveOK on a direct connection"", which is specific and clear about what needs to be done. However, it doesn't specify why this is necessary or what problem it solves.
* The description explains that users connecting directly to a replica set member should not need to specify a secondary read preference or set the slave ok bit. This provides some context, but it's still unclear what specific behavior or outcome is expected when these conditions are met.
* Upon closer reading, I notice that the issue mentions ""without having to specify a secondary read preference or set the slave ok bit"". This implies that there may be multiple ways to achieve the desired outcome (e.g. specifying a secondary read preference vs setting the slave ok bit), which could lead to ambiguity in implementation.
* The description also uses some technical terms (""slaveOK"", ""secondary read preference"") without providing any explanation or context for non-experts. This might make it difficult for someone not familiar with MongoDB replication to understand what's being asked.
* Overall, while the issue is specific about what needs to be done, there are still some ambiguities around the desired outcome and how to achieve it.

Final Answer: Yes",8ef353a58feb7ee2,llama3.1:8b,0,2026-06-17T12:34:14.069310,project_05,title_desc,ambiguity,few_shot_cot
ISSUE-255956,Use weakrefs for static list of Mongo instances,0,1,"Here's the step-by-step reasoning:

* The issue title mentions using weakrefs for static list of Mongo instances, which is a specific and clear requirement.
* However, the description only provides a link to a GitHub commit, which may not be immediately understandable without context or additional information.
* Upon closer inspection, the commit link appears to be pointing to an external resource (a Java driver) rather than providing any relevant details about the issue at hand.
* The lack of clear context and explanation in the description makes it difficult to understand what specific problem is being addressed or how using weakrefs will resolve it.
* Furthermore, there's no indication of what ""static list of Mongo instances"" refers to, which could be a critical piece of information for understanding the scope of the issue.

Final Answer: Yes",f070a3503b8f745a,llama3.1:8b,0,2026-06-17T12:34:16.533517,project_05,title_desc,ambiguity,few_shot_cot
ISSUE-253509,Make Java driver spec compliant - FY2019Q2,0,1,"Here's my analysis of the given issue:

* The title mentions ""FY2019Q2"", which suggests a specific time frame and context, but it doesn't specify what exactly needs to be done to make the Java driver spec compliant.
* The description mentions that this is a tracking ticket for all Java tickets required to achieve compliance. However, it doesn't provide any clear information about what those tickets are or how they relate to making the driver spec compliant.
* There's no mention of specific requirements, behaviors, or conditions that need to be met in order to consider the issue resolved.
* The description seems to rely on external knowledge (the Q2 planning meeting) without providing enough context for someone unfamiliar with it to understand what needs to be done.

Based on these observations, I conclude that the issue is ambiguous because it lacks clear context and can be interpreted in multiple ways. 

Final Answer: Yes",c228f57354a5bc87,llama3.1:8b,0,2026-06-17T12:34:19.215746,project_05,title_desc,ambiguity,few_shot_cot
ISSUE-252673,GetMore not closing cursor after exception leading mongos to OOM,0,1,"Here's the step-by-step reasoning:

* The issue title clearly mentions a specific method (`getMore`) and its potential impact on MongoDB.
* However, upon reviewing the description, it appears to be a code snippet with a link to a GitHub file. While this provides some context, it may not be immediately clear what the issue is or how it relates to the problem described in the title.
* The description mentions an exception leading to OOM (Out Of Memory) on mongos, but it's not entirely clear what specific conditions lead to this issue or how often it occurs.
* Upon closer inspection of the code snippet, it seems that the issue is related to a potential resource leak due to an unclosed cursor. However, the description does not explicitly state this as the problem.
* The language used in the description is technical and specific, but the context could be improved by providing more information about the expected behavior or the desired outcome.

Final Answer: Yes",850bf372dc6ca468,llama3.1:8b,0,2026-06-17T12:34:22.034998,project_05,title_desc,ambiguity,few_shot_cot
ISSUE-254365,Remove errant Javadoc for w = -1 in WriteConcern constructors.,0,1,"Here's the step-by-step reasoning:

* The issue title clearly mentions a specific component (WriteConcern constructors) and a specific condition (documenting w = -1).
* The description provides context by explaining that w = -1 is no longer supported.
* However, upon closer inspection, I notice that the description uses the phrase ""continue to document"", which could be interpreted in two ways: either it's still being documented or it was previously documented but has since been removed. This ambiguity arises from the use of the word ""continue"".
* The issue does not lack clear context, as the specific component and condition are mentioned.
* However, the description uses a somewhat vague phrase (""continue to document""), which could be interpreted in multiple ways.

Final Answer: Yes",29f2d04d053247b1,llama3.1:8b,0,2026-06-17T12:34:24.556398,project_05,title_desc,ambiguity,few_shot_cot
ISSUE-253861,Add to Enum<JsonMode>,0,1,"Here's my step-by-step reasoning:

* The issue title is clear and specific: ""Add to Enum<JsonMode>"".
* However, the description uses vague language such as ""We need a 3rd option"" - what does this mean? Is it an addition, a replacement, or something else?
* The description also lacks clear context. What are the requirements for this new option? How will it be used in the code?
* Furthermore, the description is unclear about the scope of the change. Will it affect existing code that uses JsonMode.SHELL and JsonMode.STRICT, or only new code that uses the new option?
* Finally, the description can be interpreted in multiple ways. For example, what exactly does ""returning as raw values"" mean? Does it imply a change to the data type of the field, or just a change in how it's represented in JSON?

Final Answer: Yes",e44570c24832918a,llama3.1:8b,0,2026-06-17T12:34:27.271811,project_05,title_desc,ambiguity,few_shot_cot
ISSUE-254940,Consider supporting writetimeout for sockets implementations that support it,0,1,"Here's the step-by-step reasoning:

* The issue title mentions ""consider supporting"", which implies that it's not a clear requirement or bug report, but rather an idea or suggestion.
* The description mentions two specific technologies (nio and netty) and their differences in write timeout support. However, this comparison does not provide enough context to understand the scope of the request.
* There is no mention of any specific use case, performance metric, or business requirement that would justify implementing a write timeout for java.net.Socket.
* The issue description implies that there are multiple ways to implement a write timeout (e.g., using nio or netty), which could lead to multiple interpretations of the request.
* Overall, the language used is somewhat vague and lacks clear context, making it difficult to determine the exact scope and requirements of the request.

Final Answer: Yes",9e60cf6b0fea77d8,llama3.1:8b,0,2026-06-17T12:34:29.874642,project_05,title_desc,ambiguity,few_shot_cot
ISSUE-252879,MongoClient.listCollectionNames() returns truncated names,0,1,"Here's the step-by-step reasoning:

* The issue title mentions a specific method and behavior, which is good for clarity.
* However, the description uses vague language (""truncated names"", ""shortened collection names"") that doesn't specify what exactly is wrong with the returned names. It also implies that something is missing (the first 3 letters are removed), but it's not clear if this is a bug or an expected behavior.
* The issue mentions two versions of the software, which suggests that there might be some context about how this behavior changed between versions. However, the description doesn't provide enough information to understand why version 3.10.0 behaves differently than version 3.9.1.
* There is no clear scope for what needs to be fixed - is it just the method in question, or are there other related issues that need to be addressed?
* The tone of the description (""BUG !!!"") suggests a sense of urgency and frustration, but it's not clear if this is a critical issue or just a minor annoyance.

Based on these points, I would conclude that the issue is ambiguous because it uses vague language, lacks clear context, and has unclear scope. 

Final Answer: Yes",164a6a76666329b5,llama3.1:8b,0,2026-06-17T12:34:33.257717,project_05,title_desc,ambiguity,few_shot_cot
ISSUE-255508,Connection timeout is ignored in ConnectionStatus,0,1,"Here's the step-by-step reasoning:

* The issue title mentions a specific problem with connection timeout being ignored in ConnectionStatus. This suggests that there is some context and understanding of what the issue is.
* However, upon reading the description, it seems that there are multiple issues mentioned: one related to the default connection timeout being used, and another related to the code stopping after 20s instead of 1s. These two issues seem unrelated.
* The description also mentions a specific line of code where the problem occurs, which suggests some level of clarity around the issue.
* However, upon closer inspection, it seems that there is an inconsistency in the description: the options.connectTimeout is set to 1000 (1s), but the code stops after 20s. This inconsistency raises questions about what the actual problem is and how it relates to the connection timeout.

Based on these observations, I would conclude that the issue is ambiguous because:

* The description mentions multiple issues that seem unrelated.
* There are inconsistencies in the description that raise questions about what the actual problem is.
* The language used is not entirely clear, particularly around the relationship between the connection timeout and the code stopping after 20s.

Final Answer: Yes",d006abe66dbbea8a,llama3.1:8b,0,2026-06-17T12:34:36.671526,project_05,title_desc,ambiguity,few_shot_cot
ISSUE-252730,Test that readPreferenceTags are always interpreted as an array,0,1,"Here's my step-by-step reasoning:

* The issue title is specific and clearly states what needs to be tested.
* However, the description mentions a ticket number (DRIVERS-989) that links to external information. This could potentially lead to ambiguity if the linked document is not clear or up-to-date.
* Upon closer inspection of the description, it seems that the issue is actually about testing a specific behavior when users provide only one option in the connection string. However, the term ""readPreferenceTags"" is used, which might be unclear without additional context (e.g., what exactly are these tags?).
* The description also mentions that there is currently a lack of coverage for this behavior, but it does not specify what kind of testing or validation is required.
* Overall, while the issue title is clear, the description uses some technical terms (""readPreferenceTags"", ""connection string"") without providing sufficient context, and relies on an external link to provide additional information.

Final Answer: Yes",2f75c02597d9d21c,llama3.1:8b,0,2026-06-17T12:34:39.643969,project_05,title_desc,ambiguity,few_shot_cot
ISSUE-255584,skip() throw exception with the source code version 2.7.2-141,0,1,"Here's my analysis:

* The title mentions a specific behavior (""skip() throw exception"") and a specific version of the source code (""version 2.7.2-141""), which suggests that the issue is focused on a particular aspect of the system.
* However, the description is vague - it simply states ""The java driver is compiled by myself"", without providing any context about what this means or how it relates to the behavior described in the title.
* The lack of clear context makes it difficult to understand why compiling the Java driver would cause an exception when calling skip().
* Furthermore, there is no mention of the expected behavior, the conditions under which the problem occurs, or any relevant details about the system's configuration or environment.
* Overall, while the title provides some specific information, the description lacks clarity and context, making it difficult to interpret the issue accurately.

Final Answer: Yes",e724a917b8104365,llama3.1:8b,0,2026-06-17T12:34:42.308732,project_05,title_desc,ambiguity,few_shot_cot
ISSUE-253722,Add more host types to run on in Evergreen,0,0,"Here's the step-by-step reasoning:

* The issue title is clear and specific: ""Add more host types to run on in Evergreen"". This suggests that the problem is well-defined.
* However, upon reading the description, I notice that it mentions a recommendation from the build team. While this provides some context, it also introduces ambiguity because it's not entirely clear what the original request was before the build team provided their recommendations.
* The description does specify the host types to be added (e.g., ""rhel62-test"", ""ubuntu1404-test""), which suggests that there is a clear scope for the issue. However, I'm still concerned about the ambiguity introduced by the recommendation from the build team.
* Upon closer inspection, I realize that the description doesn't provide any information about why these host types are needed or what specific problems they will solve. This lack of context and motivation makes me wonder if there's a deeper issue at play here.
* However, after re-reading the description again, I notice that it does specify the desired outcome: ""so that Evergreen has an easier time finding available servers on which to run"". This suggests that there is a clear goal or requirement for the issue.

Final Answer: No",981a9782312be4bd,llama3.1:8b,0,2026-06-17T12:34:45.717339,project_05,title_desc,ambiguity,few_shot_cot
ISSUE-255096,remove ensureIndex() methods,0,1,"Here's my analysis:

* The issue title is clear and specific about what needs to be removed.
* However, the description mentions ""all overloads"" without specifying which ones are being referred to. This could lead to confusion if there are multiple methods with similar names but different parameters or behaviors.
* Additionally, the term ""overloads"" implies that there might be multiple methods with the same name but different parameter lists, which could make it difficult to determine exactly which methods need to be removed.
* There is no context provided about why these methods need to be removed, such as whether they are causing issues or if they are redundant. This lack of context makes it harder to understand the scope of the change.
* Overall, while the issue title is clear, the description introduces ambiguity with its use of technical terms and lack of specificity.

Final Answer: Yes",13d207c66d3d8f2e,llama3.1:8b,0,2026-06-17T12:34:48.372614,project_05,title_desc,ambiguity,few_shot_cot
ISSUE-252635,Replace default signatory in Gradle signing plugin with notary service,0,1,"Here's my step-by-step reasoning:

* The issue title clearly states what needs to be done: replace the default signatory in Gradle signing plugin with notary service.
* However, upon reading the description, I notice that it only mentions what the current implementation is (Bouncycastle), but does not specify why this should be replaced or what benefits are expected from using a notary service.
* There is no clear context provided about the requirements for artifact signing, such as security standards, compliance regulations, or performance expectations.
* The issue description lacks specific details about the scope of the change, such as which artifacts need to be signed with the new service and how this will impact existing workflows.
* Overall, while the issue title is clear, the description and context are insufficient to determine the exact requirements for implementing the change.

Final Answer: Yes",f464d38d8af0f0b1,llama3.1:8b,0,2026-06-17T12:34:50.965879,project_05,title_desc,ambiguity,few_shot_cot
ISSUE-252884,Revert NPE error handling in Reactive Streams driver,0,1,"Here's my analysis:

* The issue title mentions ""Revert"" which implies that the previous change was reverted. However, it doesn't specify what exactly was reverted or why.
* The description refers to two other issues: JAVARS-209 and JAVA-3382. Without context, it's unclear how these issues relate to each other or to the current issue.
* There is no clear explanation of what ""NPE error handling"" means in this context. Is it a specific feature, a bug fix, or something else?
* The description assumes that the reader is familiar with the previous changes and their impact on the system. However, without additional information, it's unclear what exactly was changed and how it affects the current state of the system.
* Overall, the issue lacks clear context, scope, and explanation, making it ambiguous.

Final Answer: Yes",3aa98f2007f7b89a,llama3.1:8b,0,2026-06-17T12:34:53.555261,project_05,title_desc,ambiguity,few_shot_cot
ISSUE-252572,Median and Percentile Accumulators,0,1,"Here's my step-by-step reasoning:

* The issue title mentions ""Median and Percentile Accumulators"", which is a specific feature request.
* However, the description lacks clear context about what problem this feature is trying to solve. It only provides a brief motivation for why this feature might be useful, but it doesn't explain how it will address any existing issues or improve the system in some way.
* The description also uses vague language - ""Provide the ability"" could mean many things, and it's not clear what specific functionality is being requested.
* There is no mention of any specific component, module, or system that this feature should be integrated into. This makes it unclear where this new feature would fit in with existing code and architecture.
* The description mentions ""the $group stage of the aggregation pipeline"", which suggests a specific context, but it's not entirely clear what this means without more background information.

Final Answer: Yes",1161e711ff23da91,llama3.1:8b,0,2026-06-17T12:34:56.275715,project_05,title_desc,ambiguity,few_shot_cot
ISSUE-254092,DBCollection aggregate methods that take AggregationOptions fail to set slaveOk bit when read preference demands it,0,0,"Here's the step-by-step reasoning:

* The issue title clearly names the specific component affected: DBCollection.
* The description mentions a specific behavior that is not occurring as expected: the slaveOk bit is not being set when read preference demands it. This suggests that there is a clear understanding of what should be happening and what is actually happening.
* However, upon closer inspection, I notice that the issue description uses some technical terms (e.g., ""slaveOk bit"", ""read preference"") without providing any context or explanation for non-experts. While this may not necessarily make the issue ambiguous, it does suggest a lack of clarity in communication.
* The issue description also mentions a specific condition under which the problem occurs: when connected to a replica set. This suggests that there is some understanding of the scope and context of the issue.
* However, I notice that the issue description uses somewhat formal and technical language (e.g., ""fail to set"", ""aggregate method overloads""), which may make it difficult for non-experts to understand.

Final Answer: No",40c1f139a28caeed,llama3.1:8b,0,2026-06-17T12:34:59.374849,project_05,title_desc,ambiguity,few_shot_cot
ISSUE-252719,Add tests for allowed cases when authSource is given but username is not,0,1,"Here's the step-by-step reasoning:

* The issue title clearly mentions what needs to be done: ""Add tests for allowed cases when authSource is given but username is not"". This suggests that the scope of the issue is well-defined.
* However, upon closer inspection, I notice that the description refers to a Jira ticket (SPEC-1270) and an ""auth spec test"" which was added. This implies that there may be some external context or assumptions that are not explicitly stated in the issue itself.
* The description does mention specific details about the authSource and username conditions, but it's unclear whether these conditions are sufficient to fully capture the requirements of the issue.
* Upon further review, I realize that the issue is actually quite clear about what needs to be done: adding tests for a specific scenario. However, there may be some implicit assumptions or dependencies on external knowledge (e.g., understanding of Jira tickets and auth spec tests).
* Considering all these factors, I conclude that while the issue has some clarity around its scope and requirements, it still relies on external context and assumptions that might not be immediately apparent to everyone. Therefore, I would classify this issue as ambiguous.

Final Answer: Yes",36a7dccc57034049,llama3.1:8b,0,2026-06-17T12:35:02.651572,project_05,title_desc,ambiguity,few_shot_cot
ISSUE-254567,Regression applying read preference with tag set,0,1,"Here's the step-by-step reasoning:

* The issue description mentions specific MongoDB documentation and instructions, which suggests that the problem is related to a particular configuration or implementation.
* However, the description also mentions ""I always get following error"", but the actual error message is truncated. This lack of clarity about the exact error message could lead to misinterpretation.
* Furthermore, the issue description assumes prior knowledge of MongoDB and its terminology (e.g., ""ReadPreferenceServerSelector""), which may not be shared by all readers or stakeholders.
* The description also mentions a specific configuration (""secondary:0"" and ""secondary:1"") and a desired behavior (""load-balance between those two secondary nodes""), but it's unclear whether this is the actual problem or just one aspect of it.
* Overall, while the issue description provides some context about the problem, it lacks clarity and specificity in several areas, which could lead to multiple interpretations.

Final Answer: Yes",278bc7abcda06d65,llama3.1:8b,0,2026-06-17T12:35:05.547125,project_05,title_desc,ambiguity,few_shot_cot
ISSUE-253271,"Remove QueryBatchCursorFunctionalSpecification """"should get more from a secondary"""" test",0,1,"Here's the step-by-step reasoning:

* The issue title mentions removing a specific test from the QueryBatchCursorFunctionalSpecification. This suggests that the scope of the issue is clear.
* However, upon reading the description, it appears to be more of an error report than a request for removal. The description includes a stack trace and details about the failure, which could indicate that the issue is not just about removing the test, but also about understanding why it's failing.
* The description mentions specific versions (3.2 and 3.4) and conditions (auth and ssl enabled), which provides some context to the problem.
* However, the phrase ""Seems to fail"" suggests a lack of clarity on whether this is actually an issue or just an observation. This could indicate that the language used is not precise enough.
* The description also includes a lot of technical details about the error and its cause, which might be relevant for debugging but does not necessarily clarify what the actual requirement is.

Final Answer: Yes",21f2b4ae02c5dabf,llama3.1:8b,0,2026-06-17T12:35:08.526125,project_05,title_desc,ambiguity,few_shot_cot
ISSUE-255652,Driver does not support field negation,0,1,"Here's my step-by-step reasoning:

* The issue title ""Driver does not support field negation"" is clear and specific about the problem.
* However, upon reading the description, I notice that it references an external document (the MongoDB documentation) to explain what field negation means. This could be a potential source of ambiguity if the reader is not familiar with the concept or its application in this context.
* The issue description also mentions that field negation is supported in the core of MongoDB but not in the Java Driver, which suggests that there may be multiple ways to interpret the problem (e.g., is the issue with the driver itself, or with how it's being used?).
* Additionally, the example code snippet provided seems to illustrate a specific use case where field negation is attempted, but it's not entirely clear what the expected behavior should be in this scenario.
* Overall, while the issue title and description provide some context, there are still potential ambiguities surrounding the concept of field negation and its application in this specific driver.

Final Answer: Yes",f7675ceae8431919,llama3.1:8b,0,2026-06-17T12:35:11.592457,project_05,title_desc,ambiguity,few_shot_cot
ISSUE-252711,Support package scanning for Discriminators,0,1,"Here's my step-by-step reasoning:

* The issue description mentions specific requirements for using discriminators, but also proposes a change to ""support scanning for discriminators"". This suggests that the current behavior is not clear or consistent.
* However, the description does provide some context about the current implementation and its limitations. It also mentions a specific goal of making it simpler for users to use any discriminator they like.
* Upon closer inspection, I notice that the issue description uses vague language such as ""simpler"" and ""support scanning"", which could be interpreted in multiple ways.
* The scope of the change is not clearly defined - what exactly does ""support scanning for discriminators"" mean? Is it a new feature, or an enhancement to existing functionality?
* Overall, I think the issue description lacks clarity and can be interpreted in multiple ways, making it ambiguous.

Final Answer: Yes",cfd3aebfd3765daa,llama3.1:8b,0,2026-06-17T12:35:14.253735,project_05,title_desc,ambiguity,few_shot_cot
ISSUE-254972,Remove deprecated methods from MapReduceOutput,0,1,"Here's my analysis:

* The issue title mentions a specific component (""MapReduceOutput"") and the task to be performed (""Remove deprecated methods"").
* However, upon reviewing the description, I notice that it lists three specific methods to remove: constructor, getRaw(), and getCommandResult(). While these are clear, there is no explanation of why they are deprecated or what impact their removal will have on the system.
* The issue does not mention any specific requirements, constraints, or assumptions that might affect the scope of the task. For example, it's unclear whether all occurrences of these methods should be removed, or only in certain contexts.
* While the description is concise and lists specific methods to remove, it lacks context about the system's behavior, potential side effects, or any dependencies on these methods.
* Overall, while the issue is clear about what needs to be done (removing deprecated methods), there are some ambiguities around why they need to be removed and how their removal will affect the system.

Final Answer: Yes",469b65909e5d5420,llama3.1:8b,0,2026-06-17T12:35:17.213696,project_05,title_desc,ambiguity,few_shot_cot
ISSUE-255595,Add getters/setters to MongoOptions class,0,1,"Here's my analysis:

* The issue title is specific and clear about what needs to be done: ""Add getters/setters"" to a particular class.
* However, the description uses vague language - ""make easy the use of"" is not a precise requirement. What does it mean for something to be ""easy""? Is it related to user experience, development time, or something else?
* There's no clear context about why this change is necessary. Is it to fix a specific bug, improve performance, or enhance maintainability? Without this information, it's hard to understand the scope of the issue.
* The description also lacks clarity on what ""easy"" means in terms of the Spring framework. Are we talking about reducing boilerplate code, improving configuration options, or something else?
* Overall, while the title is clear, the description introduces ambiguity through vague language and lack of context.

Final Answer: Yes",d43e7c053dff1134,llama3.1:8b,0,2026-06-17T12:35:19.888209,project_05,title_desc,ambiguity,few_shot_cot
ISSUE-254357,Add .save and .saveMany to MongoCollection,0,1,"Here's my analysis:

* The issue title mentions specific methods (.save and .saveMany) that are to be added to MongoCollection, which suggests a clear scope.
* However, the description is somewhat vague - it mentions ""the simplicity of saving objects is lost"", but doesn't specify what exactly is meant by this or how it relates to the new API.
* The reference to JAVA-1840 may provide additional context, but without access to that issue, I can only consider the information provided here.
* There's no clear indication of what specific behavior or functionality is expected from these methods.
* Overall, while the title suggests a clear scope, the description lacks clarity and could be interpreted in multiple ways.

Final Answer: Yes",a41f5c1740a2a8d5,llama3.1:8b,0,2026-06-17T12:35:22.232058,project_05,title_desc,ambiguity,few_shot_cot
ISSUE-253658,Name driver modules using Automatic-Module-Name,0,1,"Here are my 5 bullet points of reasoning:

• The issue title mentions a specific requirement related to Java module naming conventions. This suggests that the issue is focused on a particular aspect of the software.
• However, the description does not specify what driver modules are being referred to or which dependencies need to commit to names for their respective modules. This lack of context makes it unclear which components or features are affected by this requirement.
• Furthermore, the description mentions ""until all the driver's dependencies commit"", implying that this is a dependency on external factors outside of the control of the development team. This introduces uncertainty and ambiguity about when this requirement can be considered complete.
• The issue does not provide any information about what happens if some but not all dependencies commit to names, or how this will impact the overall system functionality.
• Overall, while the title provides a clear requirement, the description lacks sufficient context and clarity about scope, making it difficult to interpret and implement.

Final Answer: Yes",e12cf012e1a0e0f7,llama3.1:8b,0,2026-06-17T12:35:25.073362,project_05,title_desc,ambiguity,few_shot_cot
ISSUE-254032,GridFSDownloadStream - exception when destination buffer size != file chunk size,0,1,"Here's my analysis of the given software issue:

* The title mentions a specific class (`GridFSDownloadStream`) and an exception that occurs under certain conditions. This suggests that the issue is related to a specific component and behavior.
* However, upon reading the description, I notice that it lacks clear context about what exactly happens when the destination buffer size does not match the file chunk size. Is this a critical error or just a warning? Are there any specific requirements or constraints around handling such situations?
* The issue mentions ""multiple chunks"", which implies that the problem might be related to how GridFSDownloadStream handles large files or concurrent downloads. However, it's unclear whether this is a new requirement or an existing behavior that needs to be fixed.
* Upon closer inspection, I realize that the description does not provide enough information about what constitutes a ""valid"" or ""expected"" behavior in this scenario. Are there any specific requirements around handling buffer size mismatches?
* Given these observations, I conclude that the issue is ambiguous because it lacks clear context and can be interpreted in multiple ways.

Final Answer: Yes",a4c240f79df9227a,llama3.1:8b,0,2026-06-17T12:35:28.163627,project_05,title_desc,ambiguity,few_shot_cot
ISSUE-256021,JSON.parse() and serialize() do not preserve the _id field across serializations as expected,0,1,"Here's my analysis:

* The issue title mentions specific methods (`JSON.parse()` and `serialize()`) and a specific behavior (_id field not preserved), which suggests that the problem is well-defined.
* However, the description introduces ambiguity by stating ""The current behavior might be intended"". This implies that there could be multiple interpretations of what is expected behavior versus actual behavior.
* The use of ""might be intended"" also raises questions about whether this is a bug or a feature request in disguise.
* There is no clear context provided for why the _id field preservation is important, such as which part of the application relies on it being preserved.
* Overall, while the issue title provides some clarity, the description introduces ambiguity by leaving room for interpretation.

Final Answer: Yes",e2cef95b7f93eb0d,llama3.1:8b,0,2026-06-17T12:35:30.524836,project_05,title_desc,ambiguity,few_shot_cot
ISSUE-254447,Improve runCommand API documentation,0,1,"Here's my step-by-step reasoning:

* The issue title ""Improve runCommand API documentation"" is clear and specific about what needs to be improved.
* However, the description uses vague language such as ""clarify the intent"" which doesn't specify what exactly needs clarification. Additionally, it mentions ""read preference used by the } methods"", but there's no context on what these methods are or where they're located in the codebase.
* The description also contains unclear scope - it mentions multiple use cases and scenarios (e.g., running write commands), but doesn't specify which ones are relevant to this particular issue.
* Furthermore, the description can be interpreted in multiple ways. For example, ""clarify the intent"" could mean adding more comments to explain what each method does, or it could mean rewriting the API documentation entirely.

Based on these observations, I conclude that the issue is ambiguous because it uses vague language, lacks clear context, has unclear scope, and can be interpreted in multiple ways.

Final Answer: Yes",f55db92d3120ab27,llama3.1:8b,0,2026-06-17T12:35:33.490174,project_05,title_desc,ambiguity,few_shot_cot
ISSUE-255432,Binary class should implements equals and hashCode,0,1,"Here's my reasoning:

* The issue mentions a specific requirement for the ""Binary"" class, which is that it should implement equals and hashCode methods.
* However, the description does not specify what exactly is meant by ""easy to compare"". Is it about improving performance? Making code more readable? Reducing bugs?
* There is no context provided on how Binary objects are currently being compared or used in the system. Are they being stored in a collection? Used as keys in a map?
* The description does not mention any specific metrics or targets for improvement, such as ""improve comparison time by 20%"" or ""reduce number of bugs related to incorrect comparisons"".
* Overall, while the issue mentions a specific requirement, it lacks clear context and scope, which makes it ambiguous.

Final Answer: Yes",431ef518bb96277c,llama3.1:8b,0,2026-06-17T12:35:36.173053,project_05,title_desc,ambiguity,few_shot_cot
ISSUE-253042,Java driver 3.11 page still says 3.10,0,0,"Here's the step-by-step reasoning:

* The issue title is specific: ""Java driver 3.11 page still says 3.10"". This suggests that the problem is well-defined and easy to understand.
* However, upon reading the description, I notice that it includes links to other pages (Scope of changes, Impact to Other Docs, MVP, Resources) which seem unrelated to the actual issue at hand.
* The description also uses headings (h2. Description, h2. Scope of changes, etc.) which are typically used in documentation or wiki pages, not in a software issue report.
* This suggests that the issue is trying to convey more than just a simple bug report, and may be attempting to provide additional context or requirements.
* However, this added context does not necessarily make the issue ambiguous. The main problem (the Java driver page showing an outdated version) is still clear.

Final Answer: No",5a84ff42fb5b56b4,llama3.1:8b,0,2026-06-17T12:35:39.030327,project_05,title_desc,ambiguity,few_shot_cot
ISSUE-253390,Change Stream startAtOperationTime MongoCommandException,0,1,"Here's the step-by-step reasoning:

* The issue title mentions a specific method `startAtOperationTime()` and an exception `MongoCommandException`, which suggests that the problem is related to this specific method.
* However, the description of the issue is not entirely clear. It says ""This exception happens everytime I use ChangeStreamIterable.startAtOperationTime()"", but it doesn't specify what exactly goes wrong when using this method. The error message mentions a specific error code (40674), but it's not explained how this relates to the `startAtOperationTime()` method.
* The description also lacks context, such as what is being done with the ChangeStreamIterable before calling `startAtOperationTime()`, and under what conditions the exception occurs.
* Additionally, the issue description uses vague language (""This exception happens everytime"") instead of providing a clear and concise statement of the problem.
* Overall, while the issue title mentions specific details, the description is unclear and lacks context, making it ambiguous.

Final Answer: Yes",e84c324328c6040c,llama3.1:8b,0,2026-06-17T12:35:41.982569,project_05,title_desc,ambiguity,few_shot_cot
