issue_id,title,ground_truth,prediction,raw_response,prompt_hash,model_version,temperature,timestamp_utc,project,input_mode,task,strategy
ISSUE-253177,Inconsistent output between java driver and mongo shell,1,1,"Let's break down the issue step-by-step:

1. The key information provided in this issue includes:
	* A specific version of MongoDB Shell (4.x)
	* A link to a relevant code snippet in the Java driver
	* A description of the problem (inconsistent output between Java driver and Mongo shell)
2. Essential information that is missing from this issue includes:
	* Steps to reproduce the issue (how to replicate the problem)
	* Expected vs actual behavior (what exactly is happening when the inconsistency occurs)
	* Acceptance criteria (what constitutes a ""correct"" or ""expected"" output in this scenario)
	* Affected components (which specific parts of the system are impacted by this issue)
	* Environment details (operating system, Java version, etc.)
3. Without additional information, it would be challenging for a developer to act on this issue without asking for more clarification.

Based on these observations, I conclude that the issue is INCOMPLETE because essential information is missing.

Final Answer: Yes",9980a4d238eea89d,llama3.1:8b,0,2026-06-17T12:38:30.942248,project_05,title_desc,incompleteness,cot
ISSUE-253467,size not accepting $numberlong argument,1,1,"Let's analyze the issue step by step:

1. The issue title and description provide some context about the problem with the `size` command not accepting a `$numberlong` argument when creating an oplog.
2. Upon reviewing the issue, I notice that:
	* Reproduction steps are missing: How can a developer reproduce this issue? What specific actions should they take?
	* Expected vs actual behavior is unclear: What was expected to happen when passing a `$numberlong` argument, and what actually happened instead?
	* Acceptance criteria are not specified: What conditions must be met for the `size` command to accept a `$numberlong` argument successfully?
	* Affected components are not mentioned: Which specific components or modules of the software are impacted by this issue?
	* Environment details are missing: In what environment or configuration did this issue occur (e.g., production, development, specific version of MongoDB)?
3. Without additional information, a developer may struggle to understand the context and reproduce the issue. They might need to ask for more details before attempting to resolve it.

Based on this analysis, I conclude that the issue is missing essential information, making it difficult for a developer to act on without further clarification.

Final Answer: Yes",240c977b5e75066c,llama3.1:8b,0,2026-06-17T12:38:34.385935,project_05,title_desc,incompleteness,cot
ISSUE-253452,MongoCollection.insertOne throws NullPointerException with WriteConcern.UNACKNOWLEDGED & retryWrites=true,0,1,"Let's analyze the issue step by step:

1. The issue provides:
	* A clear title that describes the problem
	* Code snippet that reproduces the error
	* Specific details about the configuration (retryWrites=true, WriteConcern.UNACKNOWLEDGED)
2. However, the following essential information is missing:
	* Steps to reproduce the issue in a more detailed manner (e.g., what are the exact steps to trigger the NullPointerException?)
	* Expected behavior vs actual behavior (what should happen when using WriteConcern.UNACKNOWLEDGED with retryWrites=true?)
	* Acceptance criteria (what conditions must be met for this issue to be considered resolved?)
	* Affected components or environment details (e.g., MongoDB version, Java driver version)
3. Without the missing information, a developer may struggle to reproduce the issue and provide a fix. They might need to ask additional questions or request more context before acting on the issue.

Final Answer: Yes",78431026a2b816a4,llama3.1:8b,0,2026-06-17T12:38:37.247879,project_05,title_desc,incompleteness,cot
ISSUE-253505,Add an option to toggle SSL certificate validation,1,1,"Let's analyze the issue step by step:

1. The issue title and description provide some context about the problem with the Java driver not having an option to toggle SSL certificate validation, and how it differs from other drivers.
2. Upon reviewing the issue, I notice that the following essential information is missing:
	* Steps to reproduce: How can a developer replicate this issue?
	* Expected vs actual behaviour: What should happen when SSL certificate validation is enabled or disabled?
	* Acceptance criteria: What are the specific conditions under which the feature will be considered complete?
	* Affected components: Which parts of the system will be impacted by this change?
	* Environment details: Are there any specific environments (e.g., production, development) where this issue occurs?

3. Without additional information, a developer may struggle to understand how to address this issue effectively. They might need to ask for more context or clarification before proceeding.

Based on the analysis, I conclude that the issue is missing essential information and cannot be acted upon without further details.

Final Answer: Yes",f1a824ba6d584146,llama3.1:8b,0,2026-06-17T12:38:40.297789,project_05,title_desc,incompleteness,cot
ISSUE-255080,JSON parser parses braces incorrectly,0,1,"Let's analyze the issue step by step:

1. The issue title and description provide some context about the problem, but it's not clear what specific JSON input is being referred to.
2. Essential information that is missing includes:
	* Steps to reproduce: How can a developer replicate this issue?
	* Expected vs actual behaviour: What was the expected output from the parser, and how does it differ from the actual output?
	* Acceptance criteria: What are the specific conditions under which the parser should behave correctly?
	* Affected components: Which parts of the system are impacted by this bug?
	* Environment details: Are there any specific configuration or environment settings that contribute to this issue?
3. Without more information, a developer may struggle to understand the root cause of the problem and how to fix it.

Final Answer: Yes",3a6eec658dfe7d7c,llama3.1:8b,0,2026-06-17T12:38:42.980223,project_05,title_desc,incompleteness,cot
ISSUE-255534,Looking for performance tips loading results from a find() with the java driver.,1,0,"Let's analyze the issue step by step:

1. The issue provides some key information:
	* A specific query being executed using the Java driver
	* A question about improving performance when loading data from MongoDB
2. Upon reviewing the issue, I notice that essential information is missing:
	* Steps to reproduce the performance issue (e.g., what happens if multiple users execute this query concurrently?)
	* Expected vs actual behavior (e.g., how long does it take to load the results currently? What's the desired response time?)
	* Acceptance criteria (e.g., what constitutes ""improved"" performance?)
	* Affected components (e.g., which parts of the system are impacted by this query?)
	* Environment details (e.g., MongoDB version, Java driver version, hardware specs)
3. Without additional information, a developer may struggle to act on this issue effectively. They might need to ask follow-up questions or make assumptions about the missing information.

Final Answer: No",27c390936acbd94a,llama3.1:8b,0,2026-06-17T12:38:45.909058,project_05,title_desc,incompleteness,cot
ISSUE-255332,Binary field $type is represented in JSON as a number instead of a two-byte hex string,0,1,"Let's analyze the issue step by step:

1. The issue title and description provide some context about the problem: it's related to how a binary field is represented in JSON when using the 'strict' converter.
2. Upon reviewing the issue, I notice that:
	* There are no reproduction steps (e.g., ""Steps to reproduce: ..."").
	* There is no clear description of the expected behavior vs. actual behavior (e.g., ""Expected result: ..., but actual result is ..."").
	* There is no mention of acceptance criteria or specific requirements.
	* The affected components and environment details are not specified.
3. Based on this analysis, a developer would likely need to ask for more information before acting on the issue, as they wouldn't know how to reproduce the problem, what the expected behavior should be, or which components and environments are impacted.

Therefore, I conclude that the issue is INCOMPLETE.

Final Answer: Yes",6d0d75427786d483,llama3.1:8b,0,2026-06-17T12:38:48.626772,project_05,title_desc,incompleteness,cot
ISSUE-254781,Iterable Codec,0,1,"Let's break down the issue step-by-step:

1. The key information provided in this issue is:
	* A specific requirement: providing a codec that supports decoding into an iterable.
	* An example use case: decoding a JSON array string and expecting it to be decoded correctly.
2. Upon reviewing the issue, I notice that essential information is missing:
	* Steps to reproduce the issue or demonstrate the required functionality.
	* Expected vs actual behavior (what should happen when decoding a JSON array string?).
	* Acceptance criteria (how will we know if this requirement has been met?).
	* Affected components (which parts of the system need to be updated to support this feature?).
	* Environment details (are there any specific environments or configurations where this codec is expected to work?).
3. Based on the missing information, a developer would likely need to ask for more clarification before acting on this issue.

Final Answer: Yes",6cacecd766cd369e,llama3.1:8b,0,2026-06-17T12:38:51.479701,project_05,title_desc,incompleteness,cot
ISSUE-254021,NettyStream does not handle clean socket closures from the server,0,1,"Let's analyze the issue step by step:

1. The issue title and description provide some context about the problem with NettyStream handling clean socket closures from the server.
2. Upon reviewing the issue, I notice that it lacks essential information such as:
	* Steps to reproduce the issue (e.g., how to trigger the problem)
	* Expected vs actual behavior (e.g., what should happen when a server restarts and what actually happens)
	* Acceptance criteria (e.g., what conditions must be met for the fix to be considered complete)
	* Affected components (e.g., which specific parts of the system are impacted by this issue)
	* Environment details (e.g., what configuration or setup is required to reproduce the issue)

3. Without these essential pieces of information, a developer would likely need to ask for more context and clarification before attempting to address the issue.

Therefore, based on the analysis:

Final Answer: Yes",b941690b3358d6ba,llama3.1:8b,0,2026-06-17T12:38:54.321979,project_05,title_desc,incompleteness,cot
ISSUE-255615,Include cursor-id in CursorNotFound exception,0,1,"Let's analyze the issue step by step:

1. The issue title and description provide some context about what the issue is trying to address.
2. Upon reviewing the issue, I notice that it lacks essential information such as:
	* Steps to reproduce: How can a developer replicate this issue?
	* Expected vs actual behaviour: What exactly happens when the CursorNotFound exception occurs without the cursor-id? What should happen instead?
	* Acceptance criteria: What are the specific conditions under which the inclusion of cursor-id in the exception is considered successful?
	* Affected components: Which parts of the system will be impacted by this change?
	* Environment details: Are there any specific environments or configurations where this issue occurs?
3. Without more information, a developer may struggle to understand the context and requirements for implementing this change. They might need to ask additional questions or seek clarification from the reporter.

Based on this analysis, I conclude that the issue is missing essential information.

Final Answer: Yes",f48292f428a39d1a,llama3.1:8b,0,2026-06-17T12:38:57.182580,project_05,title_desc,incompleteness,cot
ISSUE-254855,Discrimination in Jackson-Codec,0,1,"Let's break down the issue step by step:

1. The key information provided in this issue is:
	* Issue Title: Discrimination in Jackson-Codec
	* Issue Description: so we can create a collection of classes and each document can be a subclass
2. Upon reviewing the issue, I notice that essential information is missing:
	* Steps to reproduce the issue are not mentioned.
	* Expected vs actual behavior is not described.
	* Acceptance criteria are not specified.
	* Affected components (e.g., specific Jackson-Codec classes or methods) are not identified.
	* Environment details (e.g., Java version, operating system) are not provided.
3. Based on the missing information, a developer would likely need to ask for more clarification before acting on this issue.

Final Answer: Yes",c4ea526bde87b500,llama3.1:8b,0,2026-06-17T12:38:59.728644,project_05,title_desc,incompleteness,cot
ISSUE-256012,Add w/wtimeout to WriteConcern (getLastError),0,1,"Let's analyze the issue step by step:

1. The issue title and description provide some context about what needs to be done: adding support for w/wtimeout with replicas/slaves.
2. Upon reviewing the issue, I notice that it lacks essential information such as:
	* Steps to reproduce the problem or scenario where this feature is needed.
	* Expected vs actual behavior (what happens currently and what should happen after implementing this feature).
	* Acceptance criteria (specific conditions that must be met for the feature to be considered complete).
	* Affected components (which parts of the system will be impacted by this change).
	* Environment details (e.g., specific versions of MongoDB, operating systems, or configurations where this issue is relevant).

3. Without these essential pieces of information, a developer may struggle to understand the context and requirements for implementing this feature. They might need to ask additional questions or seek clarification before proceeding.

Based on this analysis, I conclude that the issue is missing critical details necessary for its resolution.

Final Answer: Yes",6b73348821fd8a4e,llama3.1:8b,0,2026-06-17T12:39:02.740184,project_05,title_desc,incompleteness,cot
ISSUE-253265,Provide an option to use pooled NIO direct buffers to minimise impact on GC,1,-1,"Let's break down the analysis step-by-step:

1. The key information provided in this issue includes:
	* A specific feature request to use pooled NIO direct buffers
	* Context about using the driver with GridFS and serving binary data over HTTP
2. Essential information that is missing from this issue includes:
	* Steps to reproduce the problem or scenario where this feature would be beneficial (e.g., what specific conditions lead to a significant impact on GC)
	* Expected vs actual behavior: What are the current performance issues with GC, and how does using pooled NIO direct buffers address these problems?
	* Acceptance criteria: What metrics or benchmarks will indicate whether the proposed solution is successful in minimizing the impact on GC?
	* Affected components: Which specific parts of the system would be impacted by this change (e.g., driver code, GridFS implementation)?
	* Environment details: Are there any specific configurations, versions, or settings that are relevant to understanding the problem and implementing the proposed solution?
3. Without additional information, a developer might struggle to act on this issue without asking for more context. They would need clarification on several aspects before they could even begin designing or implementing a solution.

Considering these points, I conclude that the issue is missing essential",f3d401a1c943f636,llama3.1:8b,0,2026-06-17T12:39:06.163815,project_05,title_desc,incompleteness,cot
ISSUE-254440,DocumentCodec and DBObjectCodec treat nested Maps/Iterables differently,1,1,"Let's analyze the issue step by step:

1. The issue title and description provide some context about the problem, but it's not clear what specific behavior is being described.
2. Upon closer inspection, I notice that:
	* There are no reproduction steps to help a developer understand how to reproduce the issue.
	* There is no expected vs actual behavior described, making it difficult to determine what the desired outcome should be.
	* Acceptance criteria are not mentioned, which would provide clear guidelines on when the fix is considered complete.
	* Affected components (e.g., specific classes or modules) and environment details (e.g., Java version, configuration settings) are also missing.
3. Without reproduction steps, expected behavior, acceptance criteria, affected components, or environment details, a developer cannot act on this issue without asking for more information.

Based on the analysis, I conclude that the issue is INCOMPLETE because essential information is missing to allow a developer to understand and address the problem effectively.

Final Answer: Yes",5f9506292fd87e43,llama3.1:8b,0,2026-06-17T12:39:09.124746,project_05,title_desc,incompleteness,cot
ISSUE-255480,Secondary reads on lists of mongos fail until first write,1,1,"Let's analyze the issue step by step:

1. The issue title and description provide some context about the problem, including the introduction of a regression due to a fix in JAVA-656.
2. Upon reviewing the issue description, I notice that it lacks essential information such as:
	* Steps to reproduce the issue (e.g., how to replicate the scenario where secondary reads on lists of mongos fail).
	* Expected vs actual behavior (what should happen versus what is actually happening).
	* Acceptance criteria (what constitutes a successful fix).
	* Affected components (which specific parts of the system are impacted).
	* Environment details (e.g., which versions of MongoDB, Java, or other relevant software are involved).

3. Without this essential information, it's unlikely that a developer can act on this issue without asking for more clarification or details.

Based on this analysis, I conclude that the issue is INCOMPLETE.

Final Answer: Yes",d14cd0dea430af4d,llama3.1:8b,0,2026-06-17T12:39:11.899304,project_05,title_desc,incompleteness,cot
ISSUE-255171,Saved extra fields for Gridfs does not go in metadata sub-document,0,1,"Let's analyze the issue step by step:

1. The issue title and description provide some context about the problem with saving extra fields for Gridfs.
2. Upon reviewing the issue, I notice that it lacks essential information such as:
	* Steps to reproduce the issue: How can a developer replicate the problem?
	* Expected vs actual behavior: What is the expected outcome when saving metadata with Gridfs, and what happens instead?
	* Acceptance criteria: What conditions must be met for this issue to be considered resolved?
	* Affected components: Which specific parts of the system are impacted by this issue?
	* Environment details: Are there any specific configurations or settings that contribute to this problem?

3. Without additional information, a developer may struggle to understand the root cause of the issue and create an effective solution.

Based on this analysis, I conclude that the issue is missing essential information.

Final Answer: Yes",e2986368e6886ca1,llama3.1:8b,0,2026-06-17T12:39:14.698137,project_05,title_desc,incompleteness,cot
ISSUE-254446,Repeated connection with expected authentication errors is not deterministic,0,1,"Let's analyze the issue step by step:

1. The issue title and description provide some context about the problem, but it's not clear what exactly is being reported.
2. Upon closer inspection, I notice that:
	* Reproduction steps are missing: How can a developer reproduce this issue?
	* Expected behavior is mentioned (auth failure error), but actual behavior is not described in detail.
	* Acceptance criteria are not specified.
	* Affected components are not identified (e.g., which part of the code or system is responsible for this behavior).
	* Environment details are missing (e.g., what version of MongoDB, Java, etc. is being used).
3. Without more information, a developer would likely need to ask questions to clarify the issue before attempting to fix it.

Based on these observations, I conclude that the issue is INCOMPLETE.

Final Answer: Yes",39676f458664a840,llama3.1:8b,0,2026-06-17T12:39:17.331499,project_05,title_desc,incompleteness,cot
ISSUE-254233,Custom logging implementation,0,1,"Let's break down the issue step-by-step:

1. The key information provided in this issue is:
	* A problem statement: ""The Java driver currently assumes that logging will be done through SLF4J or java.util.logging.""
	* An observation: ""There doesn't appear to be a way to integrate the driver with a custom logging framework""
2. Upon reviewing the issue, I notice that essential information is missing:
	* Steps to reproduce the problem (e.g., how to trigger the issue)
	* Expected vs actual behavior (what happens when trying to use a custom logging framework?)
	* Acceptance criteria (what should be achieved with the custom logging implementation?)
	* Affected components or environment details (which specific components or environments are impacted by this issue?)
3. Based on the missing information, it's likely that a developer would need to ask for more clarification before acting on this issue.

Therefore, considering the essential information is missing, I conclude:

Final Answer: Yes",3e4f81c50b5ab3d4,llama3.1:8b,0,2026-06-17T12:39:20.207590,project_05,title_desc,incompleteness,cot
ISSUE-252701,Update documentation for Text Search,1,1,"Let's analyze the issue step by step:

1. The issue title and description provide some context about what needs to be updated in the documentation.
2. Upon reviewing the issue, I notice that it is missing essential information such as:
	* Steps to reproduce: How does one trigger this update?
	* Expected vs actual behaviour: What are the expected changes to the documentation, and how will they differ from the current state?
	* Acceptance criteria: What specific conditions must be met for the update to be considered complete?
	* Affected components: Which parts of the system or codebase will be impacted by this change?
	* Environment details: In which environment(s) should the documentation be updated (e.g., production, staging, development)?
3. Without this essential information, a developer would likely need to ask for clarification before attempting to act on the issue.

Based on this analysis, I conclude that the issue is missing critical details and cannot be acted upon in its current state.

Final Answer: Yes",7d34ee0cbc1b43cf,llama3.1:8b,0,2026-06-17T12:39:23.142616,project_05,title_desc,incompleteness,cot
ISSUE-255572,Morphia Integration in java driver,0,1,"Let's analyze the issue step by step:

1. The issue title and description provide some context about the Morphia integration with the Java driver, mentioning the upcoming release of version 2.8 and the planned inclusion in version 3.0.
2. Upon reviewing the issue, I notice that it lacks essential information such as:
	* Steps to reproduce: There is no clear explanation on how to replicate the problem or what specific behavior is expected.
	* Expected vs actual behaviour: The description does not specify what the expected outcome should be or what the actual outcome is.
	* Acceptance criteria: There are no clear criteria for determining whether the issue is resolved.
	* Affected components: It's unclear which specific components of the Java driver or Morphia integration are affected.
	* Environment details: The description does not provide any information about the environment in which the issue occurs (e.g., operating system, version of Java, etc.).
3. Based on the missing essential information, a developer would likely need to ask for more clarification before attempting to resolve the issue.

Final Answer: Yes",e72be1022cdba990,llama3.1:8b,0,2026-06-17T12:39:26.282001,project_05,title_desc,incompleteness,cot
ISSUE-255511,Respect the QueryFailure response flag in OP_REPLY,0,1,"Let's analyze the issue step by step:

1. The issue title and description provide some context about the problem with the Java driver and MongoDB wire protocol.
2. Upon reviewing the issue, I notice that it lacks essential information such as:
	* Steps to reproduce the issue (e.g., what specific scenario triggers the problem)
	* Expected vs actual behavior (e.g., how does the current implementation differ from the expected outcome)
	* Acceptance criteria (e.g., what conditions must be met for the fix to be considered complete)
	* Affected components (e.g., which parts of the Java driver or MongoDB protocol are impacted)
	* Environment details (e.g., specific versions of MongoDB, Java, or operating systems that exhibit the issue)

3. Without this essential information, a developer may struggle to understand the root cause of the problem and create an effective fix.

Based on this analysis, I conclude that the issue is INCOMPLETE.

Final Answer: Yes",cb9e8268550602e0,llama3.1:8b,0,2026-06-17T12:39:29.149099,project_05,title_desc,incompleteness,cot
ISSUE-254614,2.12.x breaks compatibility with mongoDB v1.8,0,1,"Let's analyze the issue step by step:

1. The issue provides:
	* A clear title indicating the problem
	* A description of the issue, including the error message and the suspected root cause
	* A reference to a specific version of the Java driver and MongoDB
2. However, the following essential information is missing:
	* Steps to reproduce the issue (e.g., how to configure the environment, what specific actions to take)
	* Expected behavior vs actual behavior (what should happen when using the Java driver with MongoDB v1.8?)
	* Acceptance criteria (what constitutes a successful resolution of this issue?)
	* Affected components (which parts of the system are impacted by this issue?)
	* Environment details (e.g., specific configuration, dependencies)
3. Without additional information, it's unlikely that a developer can act on this issue without asking for more clarification or context.

Final Answer: Yes",687d969dd9402e32,llama3.1:8b,0,2026-06-17T12:39:31.860734,project_05,title_desc,incompleteness,cot
ISSUE-253354,Deprecate DBCursor#addSpecial,1,1,"Let's analyze the issue step by step:

1. The issue title and description provide some context about the problem with DBCursor#addSpecial in MongoDB 3.2, but it doesn't explicitly state what the problem is or why it needs to be deprecated.
2. Upon closer inspection, I notice that there are no reproduction steps, expected vs actual behavior, acceptance criteria, affected components, or environment details provided. The issue description only mentions a specific version of MongoDB (3.2) and a command (find), but doesn't explain how they relate to the problem with DBCursor#addSpecial.
3. Without more information, it's difficult for a developer to understand what needs to be done to address this issue. They would likely need to ask for clarification or additional details before attempting to resolve the problem.

Based on these observations, I conclude that the issue is missing essential information and cannot be acted upon without further clarification.

Final Answer: Yes",f2e98dde01a6bbd4,llama3.1:8b,0,2026-06-17T12:39:34.662790,project_05,title_desc,incompleteness,cot
ISSUE-255153,update description of fsync write concern flag,0,1,"Let's break down the issue step by step:

1. The key information provided in this issue is:
	* A specific task to update the description of two flags (fsync and j) in the WriteConcern Javadoc.
2. Upon reviewing the issue, I notice that it lacks essential information such as:
	* Steps to reproduce the current behavior or the problem being addressed.
	* Expected vs actual behavior: what is the desired outcome after updating the description?
	* Acceptance criteria: how will we know if the update is successful?
	* Affected components: which parts of the system are impacted by this change?
	* Environment details: under what conditions does this issue occur (e.g., specific versions, configurations)?
3. Without additional information, a developer may struggle to understand the context and requirements for updating the description. They might need to ask clarifying questions or seek more context before proceeding.

Considering these points, I conclude that the issue is missing essential information, making it INCOMPLETE.

Final Answer: Yes",2230a12ab04b241a,llama3.1:8b,0,2026-06-17T12:39:37.648532,project_05,title_desc,incompleteness,cot
ISSUE-255938,DBCursor.copy() does not copy batch size,0,1,"Let's analyze the issue step by step:

1. The issue title and description provide some key information:
	* The method in question is `copy()` of class `DBCursor`.
	* The specific problem is that the `batchSize` field is not copied to the new `DBCursor` object.
2. Upon reviewing the provided information, I notice that the following essential details are missing:
	* Steps to reproduce the issue (e.g., what inputs or scenarios trigger this behavior).
	* Expected vs actual behavior (what should happen when calling `copy()` and how it currently behaves).
	* Acceptance criteria (what conditions must be met for the fix to be considered complete).
	* Affected components (which parts of the system are impacted by this issue).
	* Environment details (e.g., specific database versions, configurations, or other relevant settings).
3. Without these essential details, a developer may struggle to understand the context and requirements of the issue, making it challenging to act on the problem without asking for more information.

Based on this analysis, I conclude that the issue is INCOMPLETE.

Final Answer: Yes",b5892443bf6ed54a,llama3.1:8b,0,2026-06-17T12:39:40.936843,project_05,title_desc,incompleteness,cot
ISSUE-253697,"upload mo artifacts"""" Evergreen post-task is failing",0,1,"Let's analyze the issue step by step:

1. Key information provided:
	* The issue title and description clearly indicate that there is a problem with the ""upload mo artifacts"" Evergreen post-task.
	* The log output shows the commands being executed and the errors encountered during the execution.
2. Essential information missing:
	* Reproduction steps: While we can see the log output, it's not clear how to reproduce this issue or what specific actions led to this error.
	* Expected behavior: We don't know what the expected outcome of the ""upload mo artifacts"" task is or what should happen if it fails.
	* Environment details: The issue mentions a specific directory path and environment variables, but we don't have enough context about the overall environment (e.g., operating system, software versions).
3. Can a developer act on this issue without asking for more information?
	* No, based on the missing information above, it's unlikely that a developer can fix this issue without additional context or clarification.

Final Answer: Yes",9d3f40696998273c,llama3.1:8b,0,2026-06-17T12:39:44.517053,project_05,title_desc,incompleteness,cot
ISSUE-253111,minWireVersion is 1 but it should be 2,0,1,"Let's analyze the issue step by step:

1. The issue provides the title ""minWireVersion is 1 but it should be 2"" and a brief description stating that the minWireVersion of the driver should be 2.
2. Upon reviewing the provided information, I notice that:
	* There are no reproduction steps mentioned (e.g., how to reproduce the issue).
	* The expected behavior is not explicitly stated (e.g., what happens when the minWireVersion is set to 1 vs 2).
	* Acceptance criteria are not specified.
	* Affected components or environment details are not provided.
3. Based on this analysis, a developer would likely need additional information to understand how to address the issue. Without reproduction steps, expected behavior, acceptance criteria, affected components, or environment details, it's challenging for a developer to act on this issue without asking for more clarification.

Considering these points, I conclude that the issue is missing essential information.

Final Answer: Yes",6fca7b39076f596e,llama3.1:8b,0,2026-06-17T12:39:47.677899,project_05,title_desc,incompleteness,cot
ISSUE-252640,Documentation links 404,0,1,"Let's analyze the issue step by step:

1. The issue title and description provide some key information:
	* The issue is related to broken links in a specific documentation page.
	* The URL of the affected page is provided.
2. Upon reviewing the issue, I notice that the following essential information is missing:
	* Steps to reproduce: How can a developer verify that the links are indeed broken? Are there any specific actions or scenarios that trigger this issue?
	* Expected vs actual behaviour: What should be the expected outcome when clicking on these links? Is it supposed to navigate to a valid page, display an error message, or something else?
	* Acceptance criteria: What constitutes ""broken"" in this context? Are there any specific conditions or thresholds that need to be met for a link to be considered broken?
3. Based on the missing information, I believe a developer would likely need to ask for more details before acting on this issue.

Final Answer: Yes",b91534b3996a1c08,llama3.1:8b,0,2026-06-17T12:39:50.557295,project_05,title_desc,incompleteness,cot
ISSUE-255236,DBObject.equals can fail when binary data exists,1,1,"Let's analyze the issue step by step:

1. The issue title and description provide some context about the problem with the DBObject.equals method when binary data is involved.
2. Upon reviewing the issue, I notice that it lacks essential information such as:
	* Steps to reproduce the issue (e.g., how to create a scenario where equals fails)
	* Expected vs actual behavior (what should happen and what actually happens)
	* Acceptance criteria (what constitutes a successful fix)
	* Affected components or environment details (which specific database, version, etc.)
3. Without this information, it's challenging for a developer to understand the issue thoroughly and create an effective solution.

Considering these points, I conclude that the issue is missing critical details necessary for resolution.

Final Answer: Yes",5e471f39a2ce8770,llama3.1:8b,0,2026-06-17T12:39:53.044027,project_05,title_desc,incompleteness,cot
ISSUE-255324,Increase GridFS max chunk size,0,1,"Let's analyze the issue step by step:

1. The issue provides some key information:
	* It mentions a specific code location: GridFS.java
	* It identifies two constants: DEFAULT_CHUNKSIZE and MAX_CHUNKSIZE
	* It asks if MAX_CHUNKSIZE can be increased to 15*1000*1000
2. However, the following essential information is missing:
	* Steps to reproduce the issue (e.g., what triggers this change)
	* Expected vs actual behavior (what happens when MAX_CHUNKSIZE is changed?)
	* Acceptance criteria (what are the desired outcomes of increasing MAX_CHUNKSIZE?)
	* Affected components (which parts of the system will be impacted by this change?)
	* Environment details (in which environment or configuration is this issue relevant?)
3. Without additional information, a developer cannot confidently act on this issue without asking for more context.

Final Answer: Yes",7d33fa36cca5cdfb,llama3.1:8b,0,2026-06-17T12:39:55.785336,project_05,title_desc,incompleteness,cot
ISSUE-254743,Server selection exception should chain exceptions from server monitors,1,1,"Let's break down the issue step-by-step:

1. The key information provided in this issue includes:
	* A specific exception being thrown (MongoTimeoutException)
	* The current behavior of BaseCluster.selectServer
	* A potential reason for the exception (server monitors throwing exceptions)
2. Upon reviewing the issue, I notice that essential information is missing:
	* Steps to reproduce the issue are not provided.
	* Expected vs actual behavior is not clearly described.
	* Acceptance criteria are not specified.
	* Affected components are not mentioned.
	* Environment details (e.g., specific server configurations) are not provided.
3. Without additional context or information, a developer may struggle to understand the root cause of the issue and how to address it.

Based on this analysis, I conclude that the issue is INCOMPLETE because essential information is missing.

Final Answer: Yes",d194deee5281d79e,llama3.1:8b,0,2026-06-17T12:39:58.502301,project_05,title_desc,incompleteness,cot
ISSUE-253069,Remove mongodb-driver-embedded-android package,0,1,"Let's analyze the issue step by step:

1. The issue title and description provide some context about the package being removed.
2. Upon reviewing the issue, I notice that it is missing essential information such as:
	* Steps to reproduce: How was this package used in the project? What were the specific scenarios where it was deployed?
	* Expected vs actual behavior: What was the expected outcome of removing this package? Were there any known issues or bugs associated with its removal?
	* Acceptance criteria: What conditions must be met for the removal to be considered successful?
	* Affected components: Which other parts of the system might be impacted by the removal of this package?
	* Environment details: In which environments was this package deployed (e.g., development, staging, production)?
3. Without this essential information, a developer may struggle to understand the context and implications of removing the package, making it difficult for them to act on the issue without asking for more clarification.

Based on this analysis, I conclude that the issue is INCOMPLETE.

Final Answer: Yes",ee883da2832a5a91,llama3.1:8b,0,2026-06-17T12:40:01.607410,project_05,title_desc,incompleteness,cot
ISSUE-254867,Add type-safe jsMode support in MapReduceCommand,0,1,"Let's analyze the issue step by step:

1. The issue title and description provide some context about the problem with MapReduceCommand, but they don't explicitly state what is expected from the new type-safe set of methods.
2. Upon reviewing the issue, I notice that it lacks essential information such as:
	* Steps to reproduce the current behavior or the desired behavior
	* Expected vs actual behavior (what should happen and what currently happens)
	* Acceptance criteria (how will we know when this is done correctly?)
	* Affected components (which parts of the system are impacted by this change)
	* Environment details (is this specific to a certain deployment or configuration?)
3. Without more information, it's difficult for a developer to understand what exactly needs to be implemented and how to verify that the implementation meets the requirements.

Based on these observations, I conclude that the issue is missing essential information, making it INCOMPLETE.

Final Answer: Yes",88abe37d23d11770,llama3.1:8b,0,2026-06-17T12:40:04.459234,project_05,title_desc,incompleteness,cot
ISSUE-252707,Storing unsigned integer to Mongodb from java,0,0,"Let's analyze the issue step by step:

1. The issue provides some key information:
	* Problem description: Storing an unsigned integer to MongoDB from Java.
	* Code snippet: Using `BigInteger` class to store a large unsigned integer value.
	* Exception message: `CodecConfigurationException` indicating that the driver cannot find a codec for `java.math.BigInteger`.
2. Upon reviewing the issue, I notice that some essential information is missing:
	* Steps to reproduce the issue (e.g., how to replicate the problem).
	* Expected behavior vs actual behavior (what should happen when storing an unsigned integer in MongoDB?).
	* Acceptance criteria (what constitutes a successful resolution of this issue?).
	* Affected components or environment details (which specific Java driver version, MongoDB version, and configuration are involved?).
3. Based on the missing information, it's unlikely that a developer can act on this issue without asking for more clarification or details.

Final Answer: No",e1a433ba5d0fc958,llama3.1:8b,0,2026-06-17T12:40:07.435384,project_05,title_desc,incompleteness,cot
ISSUE-255700,Possible bug with JSON parser,1,1,"Let's analyze the issue step by step:

1. The issue title and description provide some context about the problem, but they don't explicitly state what is being asked or what the expected behavior should be.
2. Upon closer inspection, I notice that the following essential information is missing:
	* Steps to reproduce: How can a developer replicate this issue?
	* Expected vs actual behaviour: What was the expected outcome of the test, and how does it differ from the actual result?
	* Acceptance criteria: What conditions must be met for the JSON parser to be considered working correctly?
	* Affected components: Which specific components or modules are involved in this issue?
	* Environment details: Are there any specific environment settings or configurations that might be relevant to this issue?
3. Without more information, a developer would likely need to ask follow-up questions before being able to act on the issue.

Based on this analysis, I conclude that the issue is missing essential information and cannot be acted upon without further clarification.

Final Answer: Yes",0dd3ba83e960941d,llama3.1:8b,0,2026-06-17T12:40:10.519042,project_05,title_desc,incompleteness,cot
ISSUE-253917,$geoNear Aggregation pipeline in Mongo JAVA driver,0,1,"Let's break down the issue step by step:

1. The key information provided in this issue is:
	* The specific operator ($geoNear) that is missing from the Mongo JAVA driver.
	* A workaround (manually writing Bson) to achieve the desired functionality.
2. Essential information that is missing includes:
	* Steps to reproduce the issue: How can a developer replicate the problem and verify that it's not just a one-time occurrence?
	* Expected vs actual behaviour: What should happen when using the $geoNear aggregation pipeline operator, and what actually happens instead?
	* Acceptance criteria: What specific conditions or outcomes would indicate that the issue is resolved?
	* Affected components: Which specific parts of the Mongo JAVA driver are impacted by this issue?
	* Environment details: Are there any specific configurations, versions, or dependencies that contribute to the problem?
3. Can a developer act on this issue without asking for more information? No, because they would need additional context and clarification to understand the scope of the issue, reproduce it, and determine how to resolve it.

Final Answer: Yes",83be694f64c2633d,llama3.1:8b,0,2026-06-17T12:40:13.725204,project_05,title_desc,incompleteness,cot
ISSUE-254894,The aggregation method is inaccurately showing type,1,1,"Let's analyze the issue step by step:

1. The issue title and description provide some context about the problem with the aggregation method in MongoDB.
2. Upon reviewing the issue, I notice that it lacks essential information such as:
	* Steps to reproduce the issue: How did you encounter this problem? What were the exact steps taken?
	* Expected vs actual behavior: What was the expected output of the aggregation method, and what was the actual output that led to the ""inaccurately showing type"" error?
	* Acceptance criteria: What are the specific conditions under which the aggregation method should produce accurate results?
	* Affected components: Which parts of the codebase or system are impacted by this issue?
	* Environment details: Was this issue encountered in a specific environment, such as development, testing, or production?
3. Without additional information, it's challenging for a developer to act on this issue without asking for more context. They would need clarification on the reproduction steps, expected behavior, and other missing details to investigate and resolve the problem.

Based on this analysis, I conclude that the issue is INCOMPLETE due to the lack of essential information.

Final Answer: Yes",b89fcdb996226909,llama3.1:8b,0,2026-06-17T12:40:17.088074,project_05,title_desc,incompleteness,cot
ISSUE-253334,Deprecate MongoIterable#forEach,0,1,"Let's analyze the issue step by step:

1. The issue title and description provide some context about the problem with the `forEach` method in MongoIterable.
2. Upon reviewing the issue, I notice that it lacks essential information such as:
	* Steps to reproduce the issue (e.g., how to trigger the compiler error)
	* Expected vs actual behavior (e.g., what is the expected outcome when using a lambda expression with `forEach`)
	* Acceptance criteria (e.g., what constitutes a successful resolution of this issue)
	* Affected components or environment details (e.g., which versions of MongoDB and Java are affected)
3. Without these essential pieces of information, it's challenging for a developer to understand the scope of the problem, reproduce it, and determine whether a proposed solution addresses the root cause.

Considering these points, I conclude that the issue is INCOMPLETE.

Final Answer: Yes",6580b5d27c9113a9,llama3.1:8b,0,2026-06-17T12:40:19.859943,project_05,title_desc,incompleteness,cot
ISSUE-255443,Errors when DBRef's $id is Object instead of simple value,0,1,"Let's analyze the issue step by step:

1. The issue title and description provide some context about the problem with DBRef's $id being an object instead of a simple value, and how Mongo is able to store objects in the _id field.
2. Upon reviewing the issue, I notice that it lacks essential information such as:
	* Steps to reproduce the error
	* Expected vs actual behavior (what should happen vs what actually happens)
	* Acceptance criteria (how will we know if the fix is successful?)
	* Affected components (which parts of the system are impacted by this issue)
	* Environment details (under which conditions does this issue occur, e.g. specific versions of software or hardware)
3. Without these essential pieces of information, a developer would likely need to ask for more context and clarification before attempting to resolve the issue.

Based on this analysis, I conclude that the issue is indeed INCOMPLETE.

Final Answer: Yes",8e5eafab832f5194,llama3.1:8b,0,2026-06-17T12:40:22.716608,project_05,title_desc,incompleteness,cot
ISSUE-253221,mongodb+srv schema can cause NullPointerException,0,1,"Let's break down the issue step by step:

1. The issue title and description provide some context about the problem: it's related to MongoDB+SRV schema causing a NullPointerException when using MongoClient before SRV lookup is complete.
2. Upon reviewing the issue, I notice that:
	* Reproduction steps are missing (e.g., how to reproduce this issue).
	* Expected vs actual behavior is not clearly described (what should happen vs what's actually happening).
	* Acceptance criteria are not specified (what constitutes a fix for this issue).
	* Affected components are not mentioned (which parts of the system are impacted by this issue).
	* Environment details are missing (e.g., specific versions of MongoDB, Java, or other dependencies that might be relevant).

3. Without more information, it's challenging for a developer to act on this issue without asking for clarification. They would need additional context to understand how to reproduce the problem, what the expected behavior should be, and which components are affected.

Considering these points, I conclude that the issue is missing essential information, making it INCOMPLETE.

Final Answer: Yes",c7d38b5d59323844,llama3.1:8b,0,2026-06-17T12:40:25.848057,project_05,title_desc,incompleteness,cot
ISSUE-253502,Re-enable write concern tests for dropDatabase command,0,1,"Let's analyze the issue step by step:

1. The issue title and description provide some context about the problem: it's related to write concern failures in dropDatabase command, specifically in 4.1 server builds.
2. Upon reviewing the issue, I notice that:
	* Reproduction steps are not provided (missing).
	* Expected vs actual behavior is not explicitly stated (missing).
	* Acceptance criteria are not mentioned (missing).
	* Affected components are not specified (missing).
	* Environment details (e.g., server build version) are partially mentioned, but more context would be helpful.
3. Based on the missing information, a developer may struggle to reproduce and fix the issue without asking for clarification or additional details.

Considering these points, I conclude that the issue is INCOMPLETE due to the lack of essential information.

Final Answer: Yes",d8f99552911e64f9,llama3.1:8b,0,2026-06-17T12:40:28.517985,project_05,title_desc,incompleteness,cot
ISSUE-255435,Thread Locals not being freed in thread pool,0,0,"Let's analyze the issue step by step:

1. The issue provides some key information:
	* A problem description: thread local data being left on threads in the thread pool, causing a memory leak.
	* External references to similar issues in another JIRA system, which suggests that this is not an isolated problem.
2. However, upon closer inspection, we can identify essential information that is missing:
	* Steps to reproduce the issue: How can a developer replicate the problem and verify that it exists?
	* Expected vs actual behavior: What should happen when thread local data is freed in the thread pool, and what actually happens instead?
	* Acceptance criteria: What conditions must be met for this issue to be considered resolved?
	* Affected components: Which specific parts of the application or infrastructure are impacted by this issue?
	* Environment details: Are there any specific configuration settings, versions, or dependencies that contribute to this problem?
3. Based on the missing information, a developer would likely need to ask for more clarification before acting on this issue. Without reproduction steps, expected behavior, and acceptance criteria, it's difficult to determine whether the proposed solution will actually address the root cause of the problem.

Final Answer: No",e413990214edb42a,llama3.1:8b,0,2026-06-17T12:40:31.948369,project_05,title_desc,incompleteness,cot
ISSUE-255744,authentication for replica set fails frequently because 'getnonce' and 'authenticate' command is issued to different server,0,1,"Let's analyze the issue step by step:

1. The issue title and description provide some context about the problem with authentication in a replica set.
2. Upon reviewing the issue, I notice that:
	* Reproduction steps are missing: There is no clear indication of how to reproduce the issue or what specific actions lead to the failure.
	* Expected vs actual behavior is not explicitly stated: While we can infer some information from the code snippet, it's not clear what the expected outcome should be and why the current behavior is incorrect.
	* Acceptance criteria are not provided: There is no clear definition of what constitutes a successful authentication process in this context.
	* Affected components are mentioned (MongoDB replica set), but more details about the specific components involved would be helpful.
	* Environment details are missing: The issue mentions IP addresses, which implies that environment-specific information might be relevant.

3. Based on the missing essential information, a developer may struggle to act on this issue without asking for more clarification or context. They may need additional information to reproduce the problem, understand the expected behavior, and determine how to address the issue.

Considering these points, I conclude that the issue is INCOMPLETE.

Final Answer: Yes",1c2964c3e15d2d40,llama3.1:8b,0,2026-06-17T12:40:35.381973,project_05,title_desc,incompleteness,cot
ISSUE-255326,No Such Method Exception When Instantiating Mongo Client,0,1,"Let's analyze the issue step by step:

1. Key information provided:
	* Issue title and description clearly indicate the problem.
	* The code snippet is included, which helps to understand the context.
	* Environment details such as OS, Java version, and MongoDB driver version are mentioned.
2. Essential information missing:
	* Steps to reproduce the issue: While the code is provided, it's not clear how to replicate the issue from scratch.
	* Expected vs actual behavior: The description mentions an exception, but it doesn't specify what the expected behavior should be or why the actual behavior is incorrect.
	* Acceptance criteria: There are no clear acceptance criteria for this issue, making it difficult to determine when it's resolved.
3. Can a developer act on this issue without asking for more information?
	* No, based on the missing information, a developer would need additional context and clarification before attempting to resolve the issue.

Final Answer: Yes",27c20f6257748e87,llama3.1:8b,0,2026-06-17T12:40:38.374860,project_05,title_desc,incompleteness,cot
ISSUE-255548,Stackoverflow when querying document with cycle reference using DBRef,1,1,"Let's analyze the issue step by step:

1. The issue title and description provide some context about the problem, including a reference to another JIRA issue and a test code snippet.
2. Upon reviewing the issue, I notice that:
	* Reproduction steps are partially provided (the test code is included), but it's not clear how to reproduce the exact scenario described in the title.
	* Expected behavior is not explicitly stated; we can infer some expectations from the context, but it would be better if they were clearly defined.
	* Actual behavior is implied to be incorrect (i.e., a stack overflow error occurs), but this should be explicitly stated for clarity.
	* Acceptance criteria are not mentioned at all.
	* Affected components are partially identified (the MongoDB Java Driver and possibly Spring Data MongoDB).
	* Environment details are incomplete; we know the issue involves a local environment, but more specific information about the setup would be helpful.

3. Based on this analysis, I believe that a developer might struggle to act on this issue without asking for more information. While some context is provided, essential details like reproduction steps, expected behavior, and acceptance criteria are missing or incomplete.

Final Answer: Yes",42d53d51cc7a6ce7,llama3.1:8b,0,2026-06-17T12:40:41.819456,project_05,title_desc,incompleteness,cot
ISSUE-254528,Add MongoCollection.dropIndex(Bson keys),0,1,"Let's analyze the issue step by step:

1. The issue title and description provide some context about what the issue is trying to accomplish: adding a new method to drop an index in MongoDB using Bson keys.
2. Upon reviewing the issue, I notice that it lacks essential information such as:
	* Steps to reproduce the issue (e.g., how to create an index with a specific name and then try to drop it using the proposed method).
	* Expected vs actual behavior (e.g., what should happen when the new method is called, and what happens instead).
	* Acceptance criteria (e.g., what conditions must be met for the issue to be considered resolved).
	* Affected components (e.g., which parts of the codebase will need to be updated or modified).
	* Environment details (e.g., specific versions of MongoDB, operating systems, or other dependencies that might impact the issue).

3. Without this essential information, a developer may struggle to understand how to implement the proposed solution and whether it will work as intended.

Based on this analysis, I conclude that the issue is missing critical information, making it difficult for developers to act on it without asking for more details.

Final Answer: Yes",709a5b73f5fb2e81,llama3.1:8b,0,2026-06-17T12:40:45.250988,project_05,title_desc,incompleteness,cot
ISSUE-254203,Add equals() and toString() to Updates,0,1,"Let's analyze the issue step by step:

1. The issue title and description provide some context about the problem: the implementation classes are missing `toString()` and `equals()` methods, which makes debugging difficult.
2. Upon reviewing the issue, I notice that it lacks essential information such as:
	* Steps to reproduce the issue (e.g., how to create an instance of one of these classes)
	* Expected vs actual behavior (e.g., what happens when you try to debug using `toString()` or `equals()`)
	* Acceptance criteria (e.g., what are the specific requirements for implementing `toString()` and `equals()` in these classes?)
	* Affected components (e.g., which specific implementation classes are affected)
	* Environment details (e.g., is this a problem that only occurs on certain platforms or configurations?)
3. Without additional information, it's difficult to determine whether the issue is indeed INCOMPLETE. However, considering the lack of essential details such as steps to reproduce and expected vs actual behavior, I would conclude that the issue is likely INCOMPLETE.

Final Answer: Yes",f4f1e3a1b7f3ba96,llama3.1:8b,0,2026-06-17T12:40:48.472637,project_05,title_desc,incompleteness,cot
ISSUE-254082,Connection and thread leakage in DefaultServerMonitor,1,1,"Let's break down the issue step by step:

1. The issue title and description provide some context about the problem, but they are quite vague.
2. Upon closer inspection, I notice that several essential pieces of information are missing:
	* Steps to reproduce: How can a developer replicate this issue?
	* Expected vs actual behaviour: What is the expected behavior when experiencing network issues between mongos and application server? What is the actual behavior observed?
	* Acceptance criteria: What conditions would indicate that the issue has been resolved?
	* Affected components: Which specific components or modules are affected by this issue?
	* Environment details: In what environment did this issue occur (e.g., production, staging, development)?
3. Without more information, a developer cannot act on this issue without asking for clarification. They would need to request additional details from the reporter before they can even begin investigating.

Final Answer: Yes",41bf1363df10e5b5,llama3.1:8b,0,2026-06-17T12:40:51.268626,project_05,title_desc,incompleteness,cot
ISSUE-253763,Reduce size of Evergreen matrix,0,1,"Let's break down the issue step-by-step:

1. The key information provided in this issue is:
	* A problem statement: ""There's no compelling reason to test all combinations of auth enabled/disabled and SSL enabled/disabled.""
	* A suggested solution: ""Instead [insert suggestion here, which is missing]""
2. Essential information that is missing includes:
	* Steps to reproduce the issue (e.g., how to trigger the Evergreen matrix)
	* Expected vs actual behavior (what happens when the Evergreen matrix is not reduced in size?)
	* Acceptance criteria (what constitutes a ""reduced"" size of the Evergreen matrix?)
	* Affected components (which parts of the system are impacted by this issue?)
	* Environment details (in which environment or configuration does this issue occur?)
3. Without additional information, it's difficult for a developer to fully understand the context and requirements of this issue. They may need to ask questions like ""What is the current size of the Evergreen matrix?"" or ""How will we determine if the size has been reduced sufficiently?""

Based on these observations, I conclude that the issue is missing essential information.

Final Answer: Yes",5464ce417ed1d9b5,llama3.1:8b,0,2026-06-17T12:40:54.572257,project_05,title_desc,incompleteness,cot
ISSUE-254130,Ensure Loggers are past to ErrorHandlingCallbacks,0,1,"Let's break down the issue step-by-step:

1. The issue title and description provide some context about what needs to be fixed: ensuring loggers are passed to ErrorHandlingCallbacks, and printing errors to stdout if a certain condition is met.
2. Upon reviewing the issue, I notice that it lacks essential information such as:
	* Steps to reproduce the problem (e.g., how to trigger the error handling scenario).
	* Expected vs actual behavior (what should happen when an error occurs?).
	* Acceptance criteria (how will we know if the fix is successful?).
	* Affected components or modules (which parts of the system are impacted by this issue?).
	* Environment details (e.g., which platforms, configurations, or dependencies are relevant to this issue?).
3. Without additional information, a developer may struggle to understand the context and requirements for fixing this issue. They might need to ask follow-up questions or seek clarification from the reporter.

Based on these observations, I conclude that the issue is missing essential information, making it difficult for developers to act on without further clarification.

Final Answer: Yes",7328070d6eac82c7,llama3.1:8b,0,2026-06-17T12:40:57.785267,project_05,title_desc,incompleteness,cot
ISSUE-253459,how to implement nested query in java API,1,1,"Let's analyze the issue step by step:

1. The issue title and description provide some context about implementing a nested query in Java API.
2. Upon reviewing the issue description, I notice that it appears to be a code snippet or a query, but there is no clear indication of:
	* Steps to reproduce the issue (e.g., what specific scenario or test case triggers this problem).
	* Expected vs actual behavior (what should happen when using nested queries in Java API, and how does it differ from what's happening now?).
	* Acceptance criteria (what are the desired outcomes or conditions for successful implementation of nested queries?).
	* Affected components (which specific parts of the system or codebase are impacted by this issue?).
	* Environment details (e.g., which database, Java version, or other relevant settings might influence this problem?).
3. Without additional information about reproduction steps, expected behavior, acceptance criteria, affected components, and environment details, it's challenging for a developer to act on this issue without asking for more context.

Considering these points, I conclude that the issue is missing essential information, making it difficult for developers to understand and address the problem effectively.

Final Answer: Yes",2bcbdf9b6228b039,llama3.1:8b,0,2026-06-17T12:41:01.171584,project_05,title_desc,incompleteness,cot
ISSUE-255998,Tried to save too large of an object. max size: 2098176,0,1,"Let's analyze the issue step by step:

1. The issue provides some key information:
	* A specific error message: ""java.lang.IllegalArgumentException: tried to save too large of an object. max size : 2098176""
	* A stacktrace with relevant method names and line numbers
2. However, essential information is missing:
	* Steps to reproduce the issue (e.g., what actions led to this error?)
	* Expected behavior vs actual behavior (what was supposed to happen vs what actually happened?)
	* Acceptance criteria (what are the conditions for this issue to be considered resolved?)
	* Affected components or environment details (which specific components or environments are affected by this issue?)
3. Without additional information, a developer may struggle to act on this issue:
	* They might not know how to reproduce the error, making it difficult to test potential fixes.
	* They won't be able to verify whether their solution addresses the root cause of the problem.

Considering these points, I conclude that the issue is INCOMPLETE.

Final Answer: Yes",9e83b52152db594f,llama3.1:8b,0,2026-06-17T12:41:04.253825,project_05,title_desc,incompleteness,cot
ISSUE-254903,REPLICA_ACKNOWLEDGED not working at the time of arbiter Node,1,1,"Let's break down the issue step-by-step:

1. The key information provided in this issue is:
	* A specific problem with Replica_ACKNOWLEDGED not working
	* A mention of an arbiter Node, which implies a distributed system setup
2. Essential information that is missing includes:
	* Steps to reproduce the issue (e.g., what actions trigger the problem)
	* Expected vs actual behavior (what should happen when Replica_ACKNOWLEDGED is supposed to work)
	* Acceptance criteria (what constitutes ""working"" in this context)
	* Affected components (which specific MongoDB nodes or components are involved)
	* Environment details (e.g., version of MongoDB, operating system, configuration settings)
3. Without the missing information, a developer would likely need to ask for more clarification before attempting to resolve the issue.

Based on these observations:

Final Answer: Yes",32fea6a839f76978,llama3.1:8b,0,2026-06-17T12:41:06.859677,project_05,title_desc,incompleteness,cot
ISSUE-253040,mavenLocal should be first repository,0,1,"Let's analyze the issue step by step:

1. The issue title and description provide some context about the problem with Maven dependencies and SNAPSHOT builds.
2. Upon reviewing the issue, I notice that it lacks essential information such as:
	* Steps to reproduce the issue: How can a developer replicate this problem?
	* Expected vs actual behavior: What is the expected outcome when depending on a SNAPSHOT build, and what happens instead?
	* Acceptance criteria: What are the specific conditions under which the issue is considered resolved?
	* Affected components: Which parts of the system or codebase are impacted by this issue?
	* Environment details: Are there any specific configurations, versions, or settings that contribute to this problem?

3. Without these essential details, a developer would likely need to ask for more information before attempting to resolve the issue.

Based on this analysis, I conclude that the issue is missing critical information and cannot be acted upon without further clarification.

Final Answer: Yes",3c5e44430b3558e0,llama3.1:8b,0,2026-06-17T12:41:09.792085,project_05,title_desc,incompleteness,cot
ISSUE-255829,Publish maven SNAPSHOTs,0,1,"Let's analyze the issue step by step:

1. The issue title and description provide some context about the problem and the desired outcome.
2. Upon reviewing the issue, I notice that it lacks essential information such as:
	* Steps to reproduce: How can a developer replicate the issue or verify the proposed solution?
	* Expected vs actual behaviour: What are the expected benefits of publishing SNAPSHOTs, and how will they be measured?
	* Acceptance criteria: What specific conditions must be met for the change to be considered complete?
	* Affected components: Which parts of the system will be impacted by this change?
	* Environment details: Are there any specific environments or configurations where this issue is relevant?

3. Without this essential information, a developer may struggle to understand the scope and requirements of the proposed solution, making it challenging for them to act on the issue without asking for more clarification.

Based on this analysis, I conclude that the issue is INCOMPLETE.

Final Answer: Yes",9da43a8f66c52c62,llama3.1:8b,0,2026-06-17T12:41:12.769610,project_05,title_desc,incompleteness,cot
ISSUE-253678,Document new Pojo updates,0,1,"Let's analyze the issue step by step:

1. The issue title and description provide some context about what needs to be done: documenting changes in the PojoCodec for version 3.6.
2. Upon reviewing the issue, I notice that it lacks essential information such as:
	* Steps to reproduce (how to trigger or observe the change)
	* Expected vs actual behavior (what should happen after the update and what is currently happening)
	* Acceptance criteria (specific conditions that must be met for the update to be considered complete)
	* Affected components (which parts of the system will be impacted by the update)
	* Environment details (in which environment or configuration the update needs to be applied)
3. Without this essential information, a developer may struggle to understand what needs to be done and how to verify that the task is completed successfully.

Based on this analysis, I conclude that the issue is missing critical information, making it difficult for developers to act on it without asking for more details.

Final Answer: Yes",0c80236e0cf9e2ef,llama3.1:8b,0,2026-06-17T12:41:15.808185,project_05,title_desc,incompleteness,cot
ISSUE-255807,Allow bson decoder per operation (find/cusor),0,1,"Let's analyze the issue step by step:

1. The issue title and description provide some context about what the feature request is trying to achieve, but it doesn't explicitly state the problem being solved or the benefits of implementing this feature.
2. Upon reviewing the issue, I notice that the following essential information is missing:
	* Steps to reproduce: There's no clear explanation on how to test or verify the current behavior and how the proposed change would improve it.
	* Expected vs actual behaviour: The description doesn't explicitly state what the expected outcome should be after implementing this feature.
	* Acceptance criteria: There are no specific conditions that need to be met for the feature to be considered complete.
	* Affected components: It's not clear which parts of the system would be impacted by this change.
	* Environment details: The issue doesn't mention any specific environment or configuration requirements.

3. Based on the missing information, a developer might struggle to understand how to implement this feature without asking for more clarification. They may need additional context to ensure they're addressing the correct problem and meeting the expected outcomes.

Considering these points, I conclude that the issue is INCOMPLETE.

Final Answer: Yes",3aae275a7e514c1e,llama3.1:8b,0,2026-06-17T12:41:19.156981,project_05,title_desc,incompleteness,cot
ISSUE-252979,Remove CLIRR support from the build,0,1,"Let's break down the issue step by step:

1. The key information provided in this issue is:
	* Issue Title: Remove CLIRR support from the build
	* Issue Description: The CLIRR reports aren't all that useful to us anymore
2. Essential information missing:
	* Steps to reproduce (how to trigger the removal of CLIRR support)
	* Expected vs actual behaviour (what should happen after removing CLIRR support, and what is currently happening)
	* Acceptance criteria (what conditions must be met for the issue to be considered resolved)
	* Affected components (which parts of the system will be impacted by removing CLIRR support)
	* Environment details (in which environment or configuration does this issue apply)
3. Can a developer act on this issue without asking for more information?
	* No, because there is no clear understanding of what needs to happen to remove CLIRR support, and how it will affect the system.

Final Answer: Yes",85b9969d99028e4e,llama3.1:8b,0,2026-06-17T12:41:22.073644,project_05,title_desc,incompleteness,cot
ISSUE-252775,Multiple reads of BsonBinary UUID return different results,0,1,"Let's analyze the issue step by step:

1. The issue title and description provide some context about the problem with the BsonBinary object and the UUID codec.
2. Upon reviewing the issue, I notice that:
	* Reproduction steps are missing: It's not clear how to reproduce this issue or what specific actions a developer should take to observe the behavior.
	* Expected vs actual behaviour is partially described: The description mentions that the first read returns the correct data, but it doesn't clearly state what the expected behavior is (i.e., what result is expected from subsequent reads).
	* Acceptance criteria are not provided: There's no clear statement of what constitutes a successful resolution of this issue.
	* Affected components and environment details are missing: It's unclear which specific components or environments are affected by this issue.

3. Based on the missing information, it's unlikely that a developer can act on this issue without asking for more clarification. The lack of reproduction steps, clear expected behavior, acceptance criteria, and environment details makes it difficult to understand the scope and requirements of the fix.

Final Answer: Yes",2cd7ab11e5c588e4,llama3.1:8b,0,2026-06-17T12:41:25.276908,project_05,title_desc,incompleteness,cot
ISSUE-254111,Allow setting of standard server selection and server monitoring options in the connection string,0,1,"Let's analyze the issue step by step:

1. The issue provides some key information:
	* It describes two user configuration options in the server selection specification and one option in the server discovery and monitoring specification.
	* It links to relevant specifications for each option, which suggests that the issue is based on a specific requirement or standard.
2. Upon reviewing the provided information, I notice that there are no details about:
	* Steps to reproduce the issue (e.g., how to configure the connection string with these options).
	* Expected vs actual behavior (e.g., what happens when these options are set in the connection string).
	* Acceptance criteria (e.g., what specific outcomes or results should be observed when these options are used).
	* Affected components (e.g., which parts of the system will be impacted by this change).
	* Environment details (e.g., which environments or configurations this issue applies to).
3. Based on the missing information, a developer would likely need to ask for more clarification before acting on this issue.

Therefore, considering the essential information that is missing, I conclude:

Final Answer: Yes",ddf3d5ac333e03fc,llama3.1:8b,0,2026-06-17T12:41:28.524169,project_05,title_desc,incompleteness,cot
ISSUE-255459,Aggregate and mapReduce commands sent to mongos break when setting read preference,0,1,"Let's analyze the issue step by step:

1. The issue title and description provide some context about the problem: it's related to an incompatibility between mongos versions 2.0 and greater, which is a specific technical detail.
2. Upon reviewing the issue, I notice that:
	* There are no reproduction steps provided (e.g., ""Steps to reproduce: ..."").
	* The expected behavior vs actual behavior is not explicitly stated (e.g., ""Expected result: ... Actual result: ..."").
	* Acceptance criteria are not mentioned.
	* Affected components are not specified (although it's implied that mongos is involved).
	* Environment details are missing (e.g., MongoDB version, operating system, etc.).
3. Without reproduction steps, expected behavior, acceptance criteria, affected components, or environment details, a developer would likely need to ask for more information before attempting to resolve the issue.

Based on this analysis, I conclude that the issue is INCOMPLETE because essential information is missing.

Final Answer: Yes",56462e946696a3e6,llama3.1:8b,0,2026-06-17T12:41:31.608156,project_05,title_desc,incompleteness,cot
ISSUE-253919,DBCollection.distinct() fails when a null value is in the result,1,1,"Let's break down the issue step by step:

1. The issue title clearly indicates what the problem is: `DBCollection.distinct()` fails when a null value is in the result.
2. Upon reviewing the issue description, I notice that:
	* Reproduction steps are not explicitly mentioned (e.g., ""When I execute the command ... on a collection that contains a document like { """"_id"""": """"..."").
	* Expected behavior is not clearly stated (e.g., what should happen when `distinct()` encounters a null value?).
	* Actual behavior is described, but it's not clear what the expected outcome was.
	* Acceptance criteria are not mentioned.
	* Affected components are not specified (although it's likely related to MongoDB or its drivers).
	* Environment details are missing (e.g., MongoDB version, driver version, operating system).
3. Without reproduction steps, a developer might struggle to replicate the issue and test potential fixes.

Based on this analysis, I conclude that the issue is INCOMPLETE because essential information such as reproduction steps, expected behavior, acceptance criteria, affected components, and environment details are missing.

Final Answer: Yes",bbc504e95fdf73b0,llama3.1:8b,0,2026-06-17T12:41:34.932158,project_05,title_desc,incompleteness,cot
ISSUE-254628,Force slaveOK on a direct connection to a replica set membe,0,1,"Let's analyze the issue step by step:

1. The issue title and description provide some context about the problem and its desired outcome.
2. Upon reviewing the issue, I notice that it lacks essential information such as:
	* Steps to reproduce: How can a developer replicate this issue?
	* Expected vs actual behavior: What is the expected behavior when connecting directly to a replica set member, and what is the observed actual behavior?
	* Acceptance criteria: What specific conditions or outcomes would indicate that the issue has been resolved?
	* Affected components: Which parts of the system are impacted by this issue?
	* Environment details: Are there any specific configuration settings or environments where this issue occurs?

3. Without additional information, a developer may struggle to understand the root cause of the problem and create an effective solution.

Based on this analysis, I conclude that the issue is missing essential information.

Final Answer: Yes",d7cda7d05ac274ee,llama3.1:8b,0,2026-06-17T12:41:37.709068,project_05,title_desc,incompleteness,cot
ISSUE-255956,Use weakrefs for static list of Mongo instances,0,1,"Let's analyze the issue step by step:

1. The issue title and description provide some context about the problem and a specific commit that addresses it.
2. Upon reviewing the essential information typically required to determine if an issue is INCOMPLETE, I notice that:
	* Steps to reproduce are not provided.
	* Expected vs actual behavior is not explicitly stated.
	* Acceptance criteria are not mentioned.
	* Affected components (e.g., specific classes or methods) are not identified.
	* Environment details (e.g., MongoDB version, Java version) are not specified.

3. Without the missing information, a developer might struggle to understand how to implement the suggested change using weakrefs for static list of Mongo instances. They may need to ask for more context or clarification before acting on this issue.

Based on this analysis, I conclude that the issue is INCOMPLETE because it lacks essential details necessary for a developer to act on it effectively.

Final Answer: Yes",1919f1683ac811ea,llama3.1:8b,0,2026-06-17T12:41:40.524987,project_05,title_desc,incompleteness,cot
ISSUE-253509,Make Java driver spec compliant - FY2019Q2,0,1,"Let's analyze the issue step by step:

1. The issue title and description provide some context about the purpose of the issue, which is to track tickets related to making the Java driver spec compliant.
2. Upon reviewing the issue, I notice that it lacks essential information such as:
	* Steps to reproduce: There are no clear instructions on how to replicate the problem or what specific actions need to be taken.
	* Expected vs actual behaviour: The description does not specify what is expected to happen versus what actually happens when the driver spec is not compliant.
	* Acceptance criteria: There is no clear definition of what it means for the Java driver to be ""spec compliant"".
	* Affected components: It's unclear which specific components or modules are impacted by this issue.
	* Environment details: The description does not mention any specific environment, platform, or configuration that is relevant to this issue.

3. Based on the missing information, a developer would likely need to ask for more clarification before acting on this issue. Without clear reproduction steps, expected behavior, and acceptance criteria, it's difficult to determine how to proceed with resolving the issue.

Therefore, considering the essential information missing from this issue, I conclude that:

Final Answer: Yes",5f7040f27dc91019,llama3.1:8b,0,2026-06-17T12:41:44.029705,project_05,title_desc,incompleteness,cot
ISSUE-252673,GetMore not closing cursor after exception leading mongos to OOM,1,1,"Let's analyze the issue step by step:

1. The issue provides some key information:
	* A specific code snippet from the MongoDB Java driver is referenced.
	* A method `getMore()` is mentioned, which seems to be related to the issue.
2. Upon closer inspection, I notice that the following essential information is missing:
	* Steps to reproduce the issue: The description doesn't provide any guidance on how to replicate the problem.
	* Expected vs actual behavior: It's unclear what the expected outcome of the `getMore()` method should be and how it deviates from the actual behavior leading to an OOM (Out Of Memory) error in mongos.
	* Acceptance criteria: There are no clear criteria for determining whether the issue is resolved or not.
	* Affected components: While the code snippet is provided, it's unclear which specific components or modules are affected by this issue.
	* Environment details: The description doesn't mention any specific environment settings, configurations, or versions that might be relevant to the issue.
3. Based on the missing information, a developer would likely need to ask for more clarification before attempting to resolve the issue.

Final Answer: Yes",f5e613f391e65333,llama3.1:8b,0,2026-06-17T12:41:47.419719,project_05,title_desc,incompleteness,cot
ISSUE-254365,Remove errant Javadoc for w = -1 in WriteConcern constructors.,0,1,"Let's analyze the issue step by step:

1. The issue title and description provide clear context about the problem: outdated Javadoc in WriteConcern constructors.
2. Upon reviewing the issue, I notice that it lacks essential information such as:
	* Steps to reproduce the issue (e.g., how to trigger the outdated documentation).
	* Expected vs actual behavior (e.g., what should happen when w = -1 is used).
	* Acceptance criteria (e.g., what constitutes a successful fix).
	* Affected components or environment details.
3. While a developer might be able to infer some context from the issue title and description, they would likely need additional information to fully understand the problem and implement a solution.

Considering these points, I conclude that the issue is missing essential information, making it incomplete.

Final Answer: Yes",c72c295225231cfd,llama3.1:8b,0,2026-06-17T12:41:50.047383,project_05,title_desc,incompleteness,cot
ISSUE-253861,Add to Enum<JsonMode>,0,1,"Let's analyze the issue step by step:

1. The issue provides some context about the current behavior of ENum<JsonMode> and what is being requested as an enhancement.
2. Upon reviewing the issue, I notice that it lacks essential information such as:
	* Steps to reproduce the problem or scenario where this new option is needed.
	* Expected vs actual behavior (what happens currently and what should happen with the new option).
	* Acceptance criteria for the new option (e.g., how will we know if the implementation meets the requirements?).
	* Affected components or modules that need to be updated.
	* Environment details where this issue is relevant (e.g., specific versions of software, hardware configurations).
3. Without additional information, a developer may struggle to understand the context and requirements for implementing the new option.

Based on these observations, I conclude that the issue is missing essential information.

Final Answer: Yes",3773d7d7a6ba4c75,llama3.1:8b,0,2026-06-17T12:41:52.882501,project_05,title_desc,incompleteness,cot
ISSUE-254940,Consider supporting writetimeout for sockets implementations that support it,0,1,"Let's analyze the issue step by step:

1. The issue title and description provide some context about the problem with Java sockets not having a write timeout mechanism.
2. Upon reviewing the issue, I notice that it lacks essential information such as:
	* Steps to reproduce the issue (e.g., code snippet or scenario that demonstrates the problem).
	* Expected vs actual behavior (what happens when trying to set a write timeout on a socket?).
	* Acceptance criteria (what would be considered a successful implementation of a writetimeout for sockets?).
	* Affected components (which specific Java libraries or frameworks are impacted by this issue?).
	* Environment details (e.g., Java version, operating system, etc.).
3. Without the missing information, it's challenging for a developer to fully understand the problem and create an effective solution.

Considering these points, I conclude that the issue is INCOMPLETE.

Final Answer: Yes",5e0cb7d720e3e6ea,llama3.1:8b,0,2026-06-17T12:41:55.740067,project_05,title_desc,incompleteness,cot
ISSUE-252879,MongoClient.listCollectionNames() returns truncated names,0,1,"Let's analyze the issue step by step:

1. The issue title and description provide some key information:
	* The method affected is `MongoClient.listCollectionNames()`.
	* There is an issue with version 3.10.0.
	* Azure CosmosDB is mentioned as the environment where the issue occurs.
2. Upon closer inspection, we can identify that essential information is missing:
	* Steps to reproduce the issue are not provided.
	* Expected behavior (what should happen) and actual behavior (what happens instead) are not clearly described.
	* Acceptance criteria are not specified.
	* Affected components or modules are not mentioned explicitly.
	* Environment details, such as specific settings or configurations, are not provided.
3. Without the missing information, a developer may struggle to understand the issue and create a fix. They might need to ask for more context or clarification before acting on the issue.

Based on this analysis, I conclude that the issue is INCOMPLETE.

Final Answer: Yes",e87942d8155a8cc5,llama3.1:8b,0,2026-06-17T12:41:58.684961,project_05,title_desc,incompleteness,cot
ISSUE-255508,Connection timeout is ignored in ConnectionStatus,0,0,"Let's analyze the issue step by step:

1. The issue provides some key information:
	* A specific problem: ""Connection timeout is ignored in ConnectionStatus""
	* A code snippet that seems to be related to the problem
2. Upon closer inspection, we can identify what essential information is missing:
	* Steps to reproduce the issue are not provided. It's unclear how to replicate the problem.
	* Expected vs actual behavior is not clearly described. What should happen when the connection timeout is ignored?
	* Acceptance criteria are not specified. What conditions must be met for this issue to be considered resolved?
	* Affected components are not mentioned. Which parts of the system are impacted by this issue?
	* Environment details (e.g., MongoDB version, Java version) are not provided.
3. Can a developer act on this issue without asking for more information? Unfortunately, no. Without reproduction steps, expected behavior, acceptance criteria, affected components, and environment details, it's challenging to understand the scope of the problem and how to address it.

Final Answer: No",851ac609aac2b909,llama3.1:8b,0,2026-06-17T12:42:01.818060,project_05,title_desc,incompleteness,cot
ISSUE-252730,Test that readPreferenceTags are always interpreted as an array,0,1,"Let's analyze the issue step by step:

1. The issue provides some key information:
	* A specific behavior to test (readPreferenceTags being interpreted as an array)
	* A reference to another ticket (DRIVERS-989) that contains updated details
2. However, essential information is missing:
	* Steps to reproduce the issue or scenario where readPreferenceTags are not being interpreted as an array
	* Expected vs actual behavior of the system when users provide a single option in the connection string
	* Acceptance criteria for what constitutes ""correct"" interpretation of readPreferenceTags
	* Affected components (e.g., specific modules, classes, or functions)
	* Environment details (e.g., MongoDB version, driver version, operating system)
3. Without this essential information, a developer cannot act on the issue without asking for more clarification or details.

Final Answer: Yes",4b4025c5ee6f3e83,llama3.1:8b,0,2026-06-17T12:42:04.523380,project_05,title_desc,incompleteness,cot
ISSUE-255584,skip() throw exception with the source code version 2.7.2-141,0,1,"Let's analyze the issue step by step:

1. The issue title provides some context about the problem (""skip() throw exception""), but it doesn't give much detail.
2. Upon reviewing the issue description, I notice that:
	* There is no mention of steps to reproduce the issue (e.g., ""Steps to reproduce: ..."").
	* Expected vs actual behavior is not described (e.g., ""Expected result: ..., Actual result: ..."").
	* Acceptance criteria are not specified.
	* Affected components or environment details are not mentioned.
3. Without more information, a developer would likely need to ask for clarification before attempting to resolve the issue.

Based on this analysis, I conclude that the issue is missing essential information.

Final Answer: Yes",cebc99057ea0dab5,llama3.1:8b,0,2026-06-17T12:42:06.874701,project_05,title_desc,incompleteness,cot
ISSUE-253722,Add more host types to run on in Evergreen,0,1,"Let's analyze the issue step by step:

1. The issue provides some key information:
	* A clear title and description of what needs to be done.
	* Specific host types that need to be added to Evergreen Linux variants.
2. Upon reviewing the issue, I notice that the following essential information is missing:
	* Steps to reproduce: There's no indication of how to test or verify that adding these host types will indeed make it easier for Evergreen to find available servers.
	* Expected vs actual behaviour: The issue doesn't specify what the expected outcome should be after adding these host types, nor does it describe any potential issues with the current implementation.
	* Acceptance criteria: There's no clear definition of when the issue is considered resolved or what specific conditions must be met for it to be deemed complete.
	* Affected components: The issue doesn't mention which parts of the codebase will need to be modified or updated to accommodate these new host types.
3. Based on this analysis, a developer would likely need to ask for more information before acting on this issue. Without clear reproduction steps, expected behavior, acceptance criteria, and affected components, it's difficult to determine how to proceed with implementing the requested changes.

Final Answer: Yes",dbb533f18b481fb2,llama3.1:8b,0,2026-06-17T12:42:10.402526,project_05,title_desc,incompleteness,cot
ISSUE-255096,remove ensureIndex() methods,0,1,"Let's analyze the issue step by step:

1. The issue title and description provide clear instructions on what needs to be done: remove specific methods from the DBCollection class.
2. Upon reviewing the issue, I notice that it lacks essential information such as:
	* Steps to reproduce the problem or scenario where this change is necessary
	* Expected vs actual behavior (what happens before and after removing these methods)
	* Acceptance criteria (how will we know if the removal of these methods has been successful?)
	* Affected components (which parts of the system might be impacted by this change)
	* Environment details (is this a specific version or configuration where this issue applies?)
3. Without additional information, it's challenging for a developer to fully understand the context and implications of removing these methods. They may need to ask questions or seek clarification before proceeding.

Considering these points, I conclude that the issue is missing essential information, making it INCOMPLETE.

Final Answer: Yes",dee529c5384ad730,llama3.1:8b,0,2026-06-17T12:42:13.219284,project_05,title_desc,incompleteness,cot
ISSUE-252635,Replace default signatory in Gradle signing plugin with notary service,0,1,"Let's analyze the issue step by step:

1. The issue title and description provide some context about the problem with the Gradle signing plugin.
2. Upon reviewing the issue, I notice that it lacks essential information such as:
	* Steps to reproduce the issue
	* Expected vs actual behavior (what is the desired outcome and what happens instead)
	* Acceptance criteria (what constitutes a successful resolution of this issue)
	* Affected components or environment details (which specific Gradle plugin, version, or configuration is impacted)
3. Without these crucial details, it's challenging for a developer to understand the problem, reproduce it, and implement a fix.

Considering these points, I conclude that the issue is missing essential information, making it difficult for developers to act on it without further clarification.

Final Answer: Yes",beb44a135a0599ec,llama3.1:8b,0,2026-06-17T12:42:15.823653,project_05,title_desc,incompleteness,cot
ISSUE-252884,Revert NPE error handling in Reactive Streams driver,0,1,"Let's analyze the issue step by step:

1. The issue title and description provide some context about the problem being addressed, but they don't explicitly state what the issue is or how to reproduce it.
2. Upon reviewing the issue, I notice that:
	* There are no steps to reproduce the issue mentioned.
	* The expected vs actual behavior is not clearly described.
	* Acceptance criteria are not provided.
	* Affected components and environment details are also missing.
3. Without clear reproduction steps, expected behavior, acceptance criteria, affected components, or environment details, a developer would likely need to ask for more information before attempting to resolve the issue.

Based on this analysis, I conclude that the issue is INCOMPLETE because it lacks essential information necessary for a developer to understand and address the problem effectively.

Final Answer: Yes",cd657b59270ed6e0,llama3.1:8b,0,2026-06-17T12:42:18.289643,project_05,title_desc,incompleteness,cot
ISSUE-252572,Median and Percentile Accumulators,0,1,"Let's analyze the issue step by step:

1. The issue provides some key information:
	* A summary of what the feature is supposed to do: calculate median and percentile of numeric values in the $group stage.
	* A motivation section explaining why this feature is needed (percentile and median calculations).
2. However, upon closer inspection, we can see that essential information is missing:
	* Steps to reproduce the issue or how to test the new feature are not provided.
	* Expected vs actual behavior is not clearly described.
	* Acceptance criteria for what constitutes a successful implementation of this feature are not specified.
	* Affected components (e.g., specific parts of the pipeline, data sources) are not mentioned.
	* Environment details (e.g., specific versions of software or hardware requirements) are not provided.
3. Without additional information, it's difficult to determine how a developer would implement this feature correctly. They might need to ask for clarification on several aspects before starting work.

Based on the analysis, I conclude that the issue is missing essential information and cannot be acted upon without further clarification.

Final Answer: Yes",8a6b8860a98978c9,llama3.1:8b,0,2026-06-17T12:42:21.540520,project_05,title_desc,incompleteness,cot
ISSUE-254092,DBCollection aggregate methods that take AggregationOptions fail to set slaveOk bit when read preference demands it,0,1,"Let's break down the analysis step-by-step:

1. The key information provided in this issue includes:
	* A specific problem with DBCollection aggregate methods
	* The involvement of AggregationOptions and read preference
	* A mention of a replica set environment
2. Upon reviewing the issue, I notice that essential information is missing:
	* Steps to reproduce the issue (e.g., how to trigger this behavior)
	* Expected vs actual behavior (what happens when the slaveOk bit should be set?)
	* Acceptance criteria (what constitutes ""success"" in fixing this issue?)
	* Affected components or code snippets
3. Based on the missing information, a developer would likely need to ask for more details before acting on this issue.

Therefore, considering the absence of crucial reproduction steps, expected behavior, acceptance criteria, and affected components, I conclude that:

Final Answer: Yes",b23cebbd7fb80702,llama3.1:8b,0,2026-06-17T12:42:24.289958,project_05,title_desc,incompleteness,cot
ISSUE-252719,Add tests for allowed cases when authSource is given but username is not,0,0,"Let's break down the issue step-by-step:

1. The key information provided in this issue is:
	* A reference to another ticket (SPEC-1270) which seems to be related to authentication specifications.
	* A mention of an auth spec test that specified an auth source and no username.

However, there is no clear description of the problem or what needs to be fixed. The title suggests a new feature or test should be added, but it's not explicitly stated why this is necessary.

2. Essential information missing:
	* Steps to reproduce: There is no explanation of how to replicate the issue or what specific scenario triggers the need for additional tests.
	* Expected vs actual behaviour: It's unclear what the expected outcome is when an auth source is given but a username is not, and what the current actual behavior is.
	* Acceptance criteria: The issue doesn't specify what constitutes ""allowed cases"" or how to determine if the new tests are successful.
	* Affected components: While it mentions an auth spec test, there's no clear indication of which specific components or modules will be impacted by this change.
	* Environment details: There is no mention of any specific environment or configuration requirements.

3. Can a developer act on this issue without",f8a2e972e8588890,llama3.1:8b,0,2026-06-17T12:42:27.823772,project_05,title_desc,incompleteness,cot
ISSUE-254567,Regression applying read preference with tag set,0,-1,"Let's analyze the issue step by step:

1. The issue provides:
	* A clear problem statement: ""I always get following error com.mongodb.MongoTimeoutException...""
	* Relevant links to MongoDB documentation, indicating that the user has done research and is familiar with the technology.
	* Some context about the setup (replica sets with tagging).
2. However, the essential information missing from this issue are:
	* Steps to reproduce the problem: The user mentions they followed instructions, but it's unclear what specific actions led to the error.
	* Expected behavior vs actual behavior: While we know the expected behavior is load-balancing between secondary nodes, we don't know what the actual behavior should be in terms of query and aggregation performance.
	* Acceptance criteria: What are the specific conditions under which this issue would be considered resolved?
	* Affected components: Which MongoDB drivers or versions are affected by this issue?
	* Environment details: What version of MongoDB, Java driver, and operating system is being used?
3. Without additional information, a developer cannot act on this issue without asking for more context. They may need to ask the reporter to provide reproduction steps, expected behavior, acceptance criteria, or environment details before they can investigate further.

Final Answer:",4e9df918d35624e3,llama3.1:8b,0,2026-06-17T12:42:31.296132,project_05,title_desc,incompleteness,cot
ISSUE-253271,"Remove QueryBatchCursorFunctionalSpecification """"should get more from a secondary"""" test",0,0,"Let's analyze the issue step by step:

1. Key information provided:
	* The test case ""should get more from a secondary"" is failing.
	* The failure occurs when running against replica sets, specifically with MongoDB versions 3.2 and 3.4, and with authentication (auth) and SSL enabled.
	* The error message indicates that the query failed with error code 96 due to a collection being dropped between getMore calls.
	* A stacktrace is provided, showing the line of code where the exception occurs.
2. Essential information missing:
	* Reproduction steps: While we know what versions and configurations are causing the issue, it's not clear how to reproduce the problem in a controlled environment.
	* Expected behavior: The issue description implies that the test case should succeed when running against replica sets with certain MongoDB versions and configurations, but this is not explicitly stated.
	* Acceptance criteria: There is no clear definition of what constitutes success or failure for this test case.
	* Affected components: While we know which MongoDB version and configuration are affected, it's unclear whether other components (e.g., the application code) are also impacted.
	* Environment details: The issue description mentions specific versions and configurations, but it would",e7f3acf65fe6bb04,llama3.1:8b,0,2026-06-17T12:42:34.850616,project_05,title_desc,incompleteness,cot
ISSUE-255652,Driver does not support field negation,0,1,"Let's analyze the issue step by step:

1. The issue provides some key information:
	* A reference to MongoDB documentation that explains field negation.
	* An example code snippet in Java using the BasicDBObject class.
2. However, essential information is missing:
	* Steps to reproduce the issue (e.g., what specific scenario causes the problem).
	* Expected behavior vs actual behavior (what happens when trying to use field negation with the Java Driver).
	* Acceptance criteria (what constitutes a successful resolution of this issue).
	* Affected components or environment details (which versions of MongoDB and Java Driver are affected).
3. Without additional information, it's difficult for a developer to act on this issue without asking for more clarification.

Considering these points, I conclude that the issue is INCOMPLETE because essential information is missing.

Final Answer: Yes",168527a1fafa91b6,llama3.1:8b,0,2026-06-17T12:42:37.536569,project_05,title_desc,incompleteness,cot
ISSUE-252711,Support package scanning for Discriminators,0,1,"Let's break down the issue step-by-step:

1. The key information provided in this issue includes:
	* A description of the current behavior
	* A proposed change to simplify user experience
2. Upon reviewing the issue, I notice that essential information is missing:
	* Steps to reproduce the problem or scenario where discriminators are not being scanned correctly
	* Expected vs actual behavior (what happens currently and what should happen with the proposed change)
	* Acceptance criteria for determining whether the proposed change has been successfully implemented
	* Affected components or modules in the system
	* Environment details (e.g., specific versions of software, operating systems, etc.)
3. Without this essential information, a developer may struggle to understand the context and requirements of the issue, making it challenging to act on the issue without asking for more clarification.

Final Answer: Yes",cca9695cfde8d16f,llama3.1:8b,0,2026-06-17T12:42:40.135810,project_05,title_desc,incompleteness,cot
ISSUE-254972,Remove deprecated methods from MapReduceOutput,0,1,"Let's break down the analysis step-by-step:

1. The key information provided in this issue is:
	* A list of methods to be removed: constructor, getRaw(), and getCommandResult()
2. Upon reviewing the essential information typically required for an issue, I notice that the following are missing:
	* Steps to reproduce (how to trigger the removal of these deprecated methods)
	* Expected vs actual behavior (what should happen after removing these methods)
	* Acceptance criteria (specific conditions that must be met for the removal to be considered successful)
	* Affected components (which parts of the system will be impacted by this change)
	* Environment details (in which environment or configuration is this issue relevant?)
3. Based on the missing information, a developer would likely need to ask for more context and clarification before acting on this issue.

Final Answer: Yes",a5d85e49a696fe93,llama3.1:8b,0,2026-06-17T12:42:42.737194,project_05,title_desc,incompleteness,cot
ISSUE-255595,Add getters/setters to MongoOptions class,0,1,"Let's analyze the issue step by step:

1. The issue title and description provide some context about what needs to be done: adding getters/setters to the MongoOptions class to make it easier to use with Spring framework.
2. Upon reviewing the issue, I notice that the following essential information is missing:
	* Steps to reproduce the problem or scenario where this change is needed
	* Expected vs actual behavior (what's the current state and what should be achieved by adding getters/setters?)
	* Acceptance criteria (how will we know if the change is successful?)
	* Affected components (which parts of the codebase will be impacted by this change)
	* Environment details (is this specific to a particular deployment or configuration?)
3. Without these essential pieces of information, it's challenging for a developer to understand the context and requirements of the issue. They may need to ask follow-up questions or seek additional clarification before acting on the issue.

Based on this analysis, I conclude that the issue is INCOMPLETE.

Final Answer: Yes",6dc40b12d8eac4fa,llama3.1:8b,0,2026-06-17T12:42:45.683587,project_05,title_desc,incompleteness,cot
ISSUE-254357,Add .save and .saveMany to MongoCollection,0,1,"Let's break down the issue step-by-step:

1. The key information provided in this issue is:
	* A request to add two new methods (.save and .saveMany) to MongoCollection
	* A reference to another related issue (JAVA-1840)
2. Essential information that is missing includes:
	* Steps to reproduce the problem or scenario where these methods are needed
	* Expected behavior vs actual behavior of the current API
	* Acceptance criteria for what constitutes a successful implementation of .save and .saveMany
	* Affected components (e.g., which parts of the codebase will be impacted)
	* Environment details (e.g., specific versions of MongoDB, Java, or other dependencies)
3. Without additional information, it's difficult to determine whether this is an actual problem or a desired feature. A developer might need to ask for more context or clarification before acting on this issue.

Based on the analysis, I would conclude that the issue is INCOMPLETE because essential information is missing.

Final Answer: Yes",aa100b03e043053a,llama3.1:8b,0,2026-06-17T12:42:48.746611,project_05,title_desc,incompleteness,cot
ISSUE-253658,Name driver modules using Automatic-Module-Name,0,1,"Let's break down the issue step by step:

1. The key information provided in this issue is:
	* A specific requirement to use Automatic-Module-Name for naming driver modules.
	* A condition that all dependencies must commit to names for their respective modules before implementing this change.

2. Essential information missing from this issue includes:
	* Steps to reproduce the problem or scenario where this requirement applies (e.g., what happens if a dependency hasn't committed to its module name yet).
	* Expected vs actual behavior: What is supposed to happen when all dependencies have their names, and what will happen until then?
	* Acceptance criteria: How will it be known that the driver modules are correctly named using Automatic-Module-Name?
	* Affected components: Which specific components or parts of the system will be impacted by this change.
	* Environment details: In which environments (development, testing, production) does this requirement apply?

3. Without additional information, a developer cannot fully understand how to implement this requirement correctly and might need clarification on several aspects before acting on it.

Given these observations, the issue lacks essential information for a developer to act on it without further questions or clarifications.

Final Answer: Yes",7efe038de35a6d32,llama3.1:8b,0,2026-06-17T12:42:52.199196,project_05,title_desc,incompleteness,cot
ISSUE-254032,GridFSDownloadStream - exception when destination buffer size != file chunk size,0,1,"Let's break down the analysis step-by-step:

1. The key information provided in this issue includes:
	* A specific component or feature being discussed: GridFSDownloadStream
	* A problem description: exception when destination buffer size != file chunk size
2. Upon reviewing the issue, I notice that some essential information is missing:
	* Steps to reproduce the issue are not provided.
	* Expected vs actual behavior is not clearly described.
	* Acceptance criteria for resolving this issue are not specified.
	* Affected components or environment details (e.g., specific versions of software or hardware) are not mentioned.
3. Based on the missing information, a developer would likely need to ask for more clarification before acting on this issue.

Considering these points, I conclude that the issue is INCOMPLETE because it lacks essential reproduction steps, expected behavior, acceptance criteria, and environment details.

Final Answer: Yes",7876e6f48a363606,llama3.1:8b,0,2026-06-17T12:42:54.916031,project_05,title_desc,incompleteness,cot
ISSUE-256021,JSON.parse() and serialize() do not preserve the _id field across serializations as expected,0,1,"Let's analyze the issue step by step:

1. The issue title clearly indicates what functionality is being discussed: JSON.parse() and serialize() methods.
2. However, upon reviewing the issue description, we can see that it lacks essential information:
	* Steps to reproduce the issue are not provided.
	* Expected behavior vs actual behavior is not described.
	* Acceptance criteria for this specific functionality are missing.
	* Affected components or modules are not specified.
	* Environment details (e.g., version of software, operating system) are also absent.

Given that essential information such as steps to reproduce and expected behavior is missing, a developer would likely need to ask for more clarification before acting on the issue. This makes it difficult to determine whether the current behavior is indeed intended or not without further investigation.

Final Answer: Yes",7ad4ab75f5a91621,llama3.1:8b,0,2026-06-17T12:42:57.457187,project_05,title_desc,incompleteness,cot
ISSUE-254447,Improve runCommand API documentation,0,0,"Let's analyze the issue step by step:

1. The issue provides some key information:
	* A specific API (runCommand) is mentioned.
	* There are unclear aspects of the API documentation, specifically regarding intent and read preference used by certain methods.
	* Some examples of use cases are provided to illustrate the confusion.
2. Upon reviewing the issue description, I notice that it lacks essential information such as:
	* Steps to reproduce the problem or scenario where the API is being misused.
	* Expected vs actual behavior: what exactly is the desired outcome versus what's currently happening?
	* Acceptance criteria: what are the specific conditions for determining if the documentation improvement is successful?
	* Affected components: which parts of the system are impacted by this issue?
	* Environment details: under what circumstances or environments does this issue occur?
3. Based on the missing information, a developer would likely need to ask for clarification before acting on this issue.

Final Answer: No",2536b1c789c50773,llama3.1:8b,0,2026-06-17T12:43:00.466406,project_05,title_desc,incompleteness,cot
ISSUE-255432,Binary class should implements equals and hashCode,0,1,"Let's analyze the issue step by step:

1. The issue title and description provide some context about the problem with comparing Binary objects.
2. Upon reviewing the issue, I notice that it lacks essential information such as:
	* Steps to reproduce the issue: How can a developer replicate the problem of not being able to easily compare Binary objects?
	* Expected vs actual behaviour: What is the expected outcome when comparing two Binary objects, and what happens instead?
	* Acceptance criteria: What specific conditions must be met for the implementation of equals and hashCode methods in the Binary class to be considered complete?
	* Affected components: Which parts of the system are impacted by this issue?
	* Environment details: Are there any specific environments or configurations where this issue is more pronounced?
3. Without additional information, a developer may struggle to understand the root cause of the problem and create an effective solution.

Based on this analysis, I conclude that the issue is missing essential information, making it INCOMPLETE.

Final Answer: Yes",095b2b05b6c7d474,llama3.1:8b,0,2026-06-17T12:43:03.461729,project_05,title_desc,incompleteness,cot
ISSUE-253042,Java driver 3.11 page still says 3.10,0,1,"Let's analyze the issue step by step:

1. The issue provides:
	* A clear title: ""Java driver 3.11 page still says 3.10""
	* A link to the affected page
	* Some general sections like ""Scope of changes"", ""Impact to Other Docs"", and ""MVP (Work and Date)""
2. However, essential information is missing:
	* Steps to reproduce: How can a developer replicate this issue?
	* Expected vs actual behavior: What should be displayed on the Java driver 3.11 page, and what is currently being displayed?
	* Acceptance criteria: What are the conditions for considering this issue resolved?
	* Affected components: Which specific components or modules are impacted by this issue?
	* Environment details: In which environment or configuration does this issue occur (e.g., development, staging, production)?
3. Without additional information, a developer cannot act on this issue without asking for more clarification.

Based on the analysis, I conclude that the issue is INCOMPLETE because it lacks essential information necessary to reproduce and resolve the problem.

Final Answer: Yes",0017c656dd0c6ffd,llama3.1:8b,0,2026-06-17T12:43:06.651039,project_05,title_desc,incompleteness,cot
ISSUE-253390,Change Stream startAtOperationTime MongoCommandException,0,1,"Let's break down the issue step-by-step:

1. Key information provided:
	* The issue occurs when using ChangeStreamIterable.startAtOperationTime()
	* A specific exception is thrown: com.mongodb.MongoCommandException with error code 40674
2. Essential information missing:
	* Steps to reproduce the issue (e.g., what data is being used, how is it being accessed)
	* Expected behavior vs actual behavior (what should happen when using startAtOperationTime()?)
	* Acceptance criteria (what are the desired outcomes for this feature?)
	* Affected components (which parts of the system are impacted by this issue?)
	* Environment details (e.g., MongoDB version, Java version, operating system)
3. Can a developer act on this issue without asking for more information?
	* No, without reproduction steps and expected behavior, it's difficult to determine how to reproduce the issue or what changes would fix it.

Based on these observations:

Final Answer: Yes",25f41626b17b6475,llama3.1:8b,0,2026-06-17T12:43:09.559362,project_05,title_desc,incompleteness,cot
