issue_id,title,ground_truth,prediction,raw_response,prompt_hash,model_version,temperature,timestamp_utc
ISSUE-0001,Fix login bug #1,0,1,"Step 1: Identify the key information provided in the issue.
- The title mentions ""Fix login bug #1"".
- The description states that users cannot log in sometimes.

Step 2: Determine what essential information is missing from the issue.
- Steps to reproduce the issue are not provided. Without these, it's difficult for a developer to understand when and how the problem occurs.
- Expected behavior is not specified. It’s unclear what should happen when a user tries to log in successfully.
- Acceptance criteria are absent. There's no clear definition of what constitutes a fix or resolution.
- Affected components are not mentioned. The description does not specify which part of the system (e.g., front-end, back-end) is causing the issue.
- Environment details are missing. It’s unclear if this affects all users across different environments or specific user groups.

Step 3: Evaluate whether a developer can act on this issue without additional information.
Given the lack of detailed steps to reproduce, expected behavior, acceptance criteria, affected components, and environment details, it would be challenging for a developer to start working on this issue effectively. They would likely need more context before they could begin addressing the problem.

Final Answer: Yes",f3fe5b900ae809ea,qwen2.5:14b,0,2026-06-08T19:00:43.693673+00:00
ISSUE-0002,Update UI #2,0,1,"Step 1: Identify the key information provided in the issue.
- The title suggests that it's about updating the UI.
- The description states ""The interface needs updating.""

Step 2: Determine what essential information is missing.
- Steps to reproduce the problem or need for update are not given.
- Expected behavior after the update is not specified.
- Acceptance criteria for when the issue can be considered resolved are absent.
- Affected components of the UI that require updates are unclear.
- Environment details (e.g., browser, OS) where this needs to happen are missing.

Step 3: Evaluate if a developer can act on this issue without asking for more information.
- Given the lack of specific details about what exactly needs updating and how it should look after being updated, developers would likely need additional context before proceeding with any changes.

Final Answer: Yes",70b75202597f787a,qwen2.5:14b,0,2026-06-08T19:00:47.388077+00:00
ISSUE-0003,Add export feature #3,0,1,"Step 1: Identify the key information provided in the issue.
- The user wants to add an export feature that allows data to be exported from the reports page to CSV format.

Step 2: Determine what essential information is missing.
- Steps to reproduce or trigger the export functionality are not specified.
- Expected behavior (e.g., which fields should be included, how the data should be formatted) is not detailed.
- Acceptance criteria for when this feature can be considered complete are absent.
- Affected components and environment details (such as browser requirements, server-side dependencies) are missing.

Step 3: Evaluate if a developer can act on this issue without additional information.
- Given the lack of specific details about how to implement or test the export functionality, it would be challenging for a developer to proceed confidently with development based solely on the current description.

Final Answer: Yes",320f6c775a8734de,qwen2.5:14b,0,2026-06-08T19:00:51.196178+00:00
ISSUE-0004,Performance issue #4,0,1,"Step 1: Identify the key information provided in the issue.
- The key information given is that ""the app is slow.""

Step 2: Determine what essential information is missing from the description.
- Steps to reproduce the performance issue are not provided.
- Expected behavior and actual observed behavior are not detailed.
- No acceptance criteria or conditions for resolving the issue are specified.
- Affected components within the application (e.g., specific features, modules) are unclear.
- Environment details such as operating system, device type, network conditions, etc., are missing.

Step 3: Evaluate if a developer can act on this issue without needing additional information.
- Given the lack of specifics about when and how the performance issue occurs, it would be challenging for a developer to diagnose or fix the problem effectively. More details are necessary to understand the context and reproduce the issue accurately.

Final Answer: Yes",bdbf01151c6493bd,qwen2.5:14b,0,2026-06-08T19:00:55.049417+00:00
ISSUE-0005,Null pointer exception #5,0,1,"Step 1: Identify the key information provided in the issue.
- The issue title mentions ""NullPointerException"".
- The description specifies that the exception occurs in UserService.java at line 142 when userId is null.

Step 2: Determine what essential information is missing from the issue report.
- Steps to reproduce the issue are not provided. Without these, it's difficult for a developer to replicate and understand the context of the problem.
- Expected behavior is not mentioned. It’s unclear what should happen when userId is null.
- Acceptance criteria are absent. There's no clear definition of what needs to be achieved or verified once the bug is fixed.
- Environment details (such as operating system, Java version, application version) are missing. This information can help in reproducing and debugging the issue.

Step 3: Evaluate if a developer can act on this issue without needing additional information.
Given the lack of reproduction steps, expected behavior, acceptance criteria, and environment details, it would be challenging for a developer to effectively address this issue without further clarification or investigation.

Final Answer: Yes",6d1c6b285337570c,qwen2.5:14b,0,2026-06-08T19:00:59.671586+00:00
ISSUE-0006,Search not working #6,0,1,"Step 1: Identify the key information provided in the issue.
- The title indicates that there's an issue with search functionality (""Search not working"").
- The description states that ""Search returns no results.""

Step 2: Determine what essential information is missing.
- Steps to reproduce the issue are missing. How can a developer replicate this problem?
- Expected behavior is not specified. What should happen when someone performs a search?
- Acceptance criteria are absent. How will we know if the fix works correctly?
- Affected components or environment details (e.g., browser, version of software) are not provided.

Step 3: Evaluate whether a developer can act on this issue without additional information.
Given the lack of detailed steps to reproduce and expected behavior, it would be challenging for a developer to understand the full scope of the problem and how to fix it. The absence of environment details also complicates troubleshooting efforts.

Final Answer: Yes",640f52c8c2d338c7,qwen2.5:14b,0,2026-06-08T19:01:03.680921+00:00
ISSUE-0007,Add dark mode #7,0,1,"Step 1: Identify the key information provided in the issue.
- The title suggests adding dark mode functionality to the application.
- The description mentions implementing a toggle switch in settings and storing user preference using localStorage.

Step 2: Determine what essential information is missing from the issue.
- Steps to reproduce or how to test the feature are not mentioned.
- Expected behavior after toggling dark mode (e.g., changes in UI elements, background colors) is not specified.
- Acceptance criteria for when this task can be considered complete are absent.
- Affected components and their interactions with dark mode are unclear.
- Environment details such as browser compatibility or specific OS requirements are missing.

Step 3: Evaluate if a developer can act on the issue without needing additional information.
Given the lack of detailed specifications, acceptance criteria, testing steps, and environment specifics, it would be challenging for a developer to implement this feature confidently. They would likely need clarification on these points before proceeding with development.

Final Answer: Yes",9a411da01f121a34,qwen2.5:14b,0,2026-06-08T19:01:07.888558+00:00
ISSUE-0008,Crash on startup #8,0,1,"Step 1: Identify the key information provided in the issue.
- The key information given is that the application crashes when it starts up.

Step 2: Determine what essential information is missing from the description.
- Steps to reproduce the issue are not provided. Without these, developers cannot reliably recreate and test the problem.
- Expected behavior is not mentioned. Developers need to know how the app should behave normally upon startup to understand what's going wrong.
- Acceptance criteria for resolving this issue are absent. This means there’s no clear definition of when the issue can be considered fixed.
- Affected components or specific parts of the application that cause the crash are not detailed.
- Environment details such as operating system, version numbers, and any other relevant technical specifications are missing.

Step 3: Evaluate if a developer can act on this issue without needing additional information.
- Given the lack of reproduction steps, expected behavior, acceptance criteria, affected components, and environment details, it is highly unlikely that a developer could effectively address or debug this issue based solely on the provided description. They would need more specific information to proceed.

Final Answer: Yes",e4c04ca18cc0f3ea,qwen2.5:14b,0,2026-06-08T19:01:12.566712+00:00
ISSUE-0009,Email validation #9,0,1,"Step 1: Identify the key information provided in the issue.
- The issue title mentions ""Email validation #9"".
- The description states that email format should be validated during registration and inline error messages should appear if the email is invalid.

Step 2: Determine what essential information is missing from the issue.
- Steps to reproduce the problem or how to test the feature are not provided.
- Expected behavior (what exactly should happen when an invalid email is entered) is not detailed.
- Acceptance criteria for validation and error messages are not specified.
- Affected components (which part of the system handles this, e.g., frontend form submission or backend validation logic) are unclear.
- Environment details (operating systems, browsers, etc.) where this should work are missing.

Step 3: Evaluate if a developer can act on this issue without needing additional information.
Given the lack of specific steps to reproduce, expected behavior, acceptance criteria, and environment details, it would be challenging for a developer to implement or test this feature effectively. More detailed requirements are necessary before proceeding with development.

Final Answer: Yes",8ba8649805cfad6a,qwen2.5:14b,0,2026-06-08T19:01:17.172058+00:00
ISSUE-0010,Database timeout #10,1,1,"Step 1: Identify the key information provided in the issue.
- The issue title mentions ""Database timeout #10"".
- The description states that DB queries time out after 30 seconds under heavy load with over 500 concurrent users.

Step 2: Determine what essential information is missing from the issue report.
- Steps to reproduce the problem are not provided. Without these, it's difficult for a developer to replicate and understand the exact scenario causing the timeout.
- Expected behavior is not mentioned. It’s unclear whether this is expected or if there should be no timeouts under such conditions.
- Acceptance criteria are missing. There's no clear definition of what would constitute a resolution or how success will be measured.
- Affected components other than the database itself are not specified, which could include application servers, network infrastructure, etc.
- Environment details (e.g., operating system, database version, hardware specifications) are absent.

Step 3: Evaluate if a developer can act on this issue without additional information.
Given the lack of detailed steps to reproduce, expected behavior, acceptance criteria, and environment specifics, it would be challenging for a developer to effectively address or debug this issue. More context is needed before actionable work can begin.

Final Answer: Yes",fec4d134efa89a87,qwen2.5:14b,0,2026-06-08T19:01:22.394336+00:00
ISSUE-0011,Missing error handling #11,0,1,"Step 1: Identify the key information provided in the issue.
- The title mentions ""Missing error handling #11"".
- The description states ""Handle errors properly.""

Step 2: Determine what essential information is missing.
- Steps to reproduce the issue are not given.
- Expected behavior after implementing proper error handling is not specified.
- Actual behavior before the fix is also not provided.
- Acceptance criteria for when this issue will be considered resolved are absent.
- Affected components or specific parts of the code where errors need handling are not mentioned.
- Environment details (e.g., operating system, programming language version) are missing.

Step 3: Evaluate if a developer can act on this issue without additional information.
Given the lack of detailed steps to reproduce, expected behavior, and acceptance criteria, it would be challenging for a developer to understand exactly what needs to be done or how to verify that the issue is resolved. The description does not provide enough context for a developer to start working on the problem effectively.

Final Answer: Yes",7f304e0ae270e198,qwen2.5:14b,0,2026-06-08T19:01:26.782249+00:00
ISSUE-0012,API rate limiting #12,1,1,"Step 1: Identify the key information provided in the issue.
- The issue title mentions ""API rate limiting.""
- The description specifies implementing rate limiting of 100 requests per minute per API key and returning a 429 response when exceeded.

Step 2: Determine what essential information is missing.
- Steps to reproduce the problem are not given since this is more about feature implementation rather than reporting an issue. However, for a new feature request, it's still important to have clear acceptance criteria or expected behavior.
- Expected vs actual behavior isn't clearly defined; there’s no description of how the system behaves currently versus what should happen after implementing rate limiting.
- Acceptance criteria are missing. How will we know when this is done correctly? What tests need to be passed?
- Affected components and environment details (like which API endpoints, server configurations) aren’t specified.

Step 3: Evaluate if a developer can act on the issue without needing more information.
Given the lack of detailed acceptance criteria, expected behavior, and specific environmental context, it would be challenging for a developer to implement this feature confidently. They might need clarification or additional details before proceeding.

Final Answer: Yes",1ee158cbe063790e,qwen2.5:14b,0,2026-06-08T19:01:31.686953+00:00
ISSUE-0013,Button color #13,0,1,"Step 1: Identify the key information provided in the issue.
- The title mentions ""Button color #13"".
- The description states to change the button color.

Step 2: Determine what essential information is missing.
- Steps to reproduce the issue are not given, as this is a request for a feature change rather than reporting an issue.
- Expected behavior after changing the button color is not specified (e.g., what should be the new color?).
- Acceptance criteria are absent; there's no clear way to verify if the task has been completed correctly.
- Affected components or environment details are missing, such as which buttons and in which part of the application.

Step 3: Evaluate whether a developer can act on this issue without asking for more information.
- Given the lack of specific requirements (such as what color should be used), a developer would need additional guidance to proceed effectively. Without knowing the exact shade or context, implementing this change could lead to inconsistencies or misunderstandings about the desired outcome.

Final Answer: Yes",1d1eac2b5d2ada6d,qwen2.5:14b,0,2026-06-08T19:01:36.088573+00:00
ISSUE-0014,Memory leak #14,1,0,"Step 1: Identify the key information provided in the issue.
- The issue title indicates it's about a memory leak (#14).
- The description states that ""Memory usage grows unbounded in the background sync service over 24 hours.""

Step 2: Determine what essential information is missing from the issue report.
- Steps to reproduce the problem are not provided. Without these, developers cannot reliably recreate and test potential fixes.
- Expected behavior is not mentioned. It's unclear how much memory usage should be considered normal or acceptable for this service over a 24-hour period.
- Acceptance criteria are absent. There’s no clear definition of what would constitute an adequate fix or improvement.
- Affected components are vaguely described as the ""background sync service,"" but specific details about which parts of it are involved are missing.
- Environment details such as operating system, version numbers, hardware specifications, and any other relevant configurations are not provided.

Step 3: Evaluate if a developer can act on this issue without needing additional information.
Given the lack of detailed reproduction steps, expected behavior, acceptance criteria, specific affected components, and environment details, it would be challenging for developers to effectively address or investigate this issue. They would likely need more specifics before they could proceed.

Final",36d3166d36603328,qwen2.5:14b,0,2026-06-08T19:01:41.192718+00:00
ISSUE-0015,Update docs #15,0,1,"Step 1: Identify the key information provided in the issue.
- The title mentions ""Update docs #15"".
- The description states that ""Documentation is outdated.""

Step 2: Determine what essential information is missing.
- Steps to reproduce the problem are not given. There's no specific scenario or action described for how one would encounter this issue.
- Expected vs actual behavior is not provided. It’s unclear what the current state of the documentation looks like and what it should look like after updates.
- Acceptance criteria are absent. There are no clear guidelines on what needs to be done to consider this task complete.
- Affected components or environment details are missing. The issue does not specify which parts of the documentation need updating, nor does it provide any context about the system or version in use.

Step 3: Evaluate if a developer can act on this issue without asking for more information.
Given the lack of specific details and criteria, a developer would likely need to ask for additional information before proceeding with the task. Without knowing exactly what parts of the documentation are outdated, how they differ from current best practices or requirements, and what the end goal is, it’s difficult to start working on this issue effectively.

Final Answer: Yes",6f1d7761be5682e5,qwen2.5:14b,0,2026-06-08T19:01:46.259329+00:00
ISSUE-0016,File upload fails #16,0,1,"Step 1: Identify the key information provided in the issue.
- The issue title indicates that file uploads are failing.
- The description specifies that files larger than 10MB fail with a 413 error on the /upload endpoint.

Step 2: Determine what essential information is missing.
- Steps to reproduce the issue are not provided. How can someone verify or fix this without knowing how to trigger it?
- Expected behavior is not mentioned. What should happen when uploading files larger than 10MB? Should there be a different error message, file size limit increase, or other handling mechanism?
- Acceptance criteria are missing. What needs to be true for the issue to be considered resolved?
- Environment details (e.g., operating system, browser version, server configuration) are not provided.
- Affected components and their versions might also be useful but aren't mentioned.

Step 3: Evaluate if a developer can act on this issue without asking for more information.
Given the lack of reproduction steps, expected behavior, acceptance criteria, environment details, and possibly affected component information, it would be challenging for a developer to start working on resolving this issue effectively. They would likely need additional context before proceeding.

Final Answer: Yes",d2997f0220a4ab0a,qwen2.5:14b,0,2026-06-08T19:01:51.276244+00:00
ISSUE-0017,Wrong total #17,1,1,"Step 1: Identify the key information provided.
- The title mentions ""Wrong total #17"".
- The description states that ""The total is wrong in the cart.""

Step 2: Determine what essential information is missing.
- Steps to reproduce the issue are not given. How can someone replicate this problem?
- Expected behavior is not specified. What should the correct total be?
- Acceptance criteria are absent. How will we know when the issue is fixed?
- Affected components or environment details (e.g., browser, OS) are missing.

Step 3: Evaluate if a developer can act on this issue without additional information.
Given the lack of specific details about how to reproduce the problem and what constitutes correct behavior, it would be challenging for a developer to address this issue effectively. They would need more context to understand the scope and nature of the bug.

Final Answer: Yes",ba7e11d00e1c3b49,qwen2.5:14b,0,2026-06-08T19:01:55.068905+00:00
ISSUE-0018,Session expiry #18,0,1,"Step 1: Identify the key information provided in the issue.
- The issue title mentions ""Session expiry #18"".
- The description states that automatic session expiry should occur after 30 minutes of inactivity, and a warning dialog should appear before the session expires.

Step 2: Determine what essential information is missing from the issue.
- Steps to reproduce the problem or how to test the feature are not provided.
- Expected behavior beyond the basic requirement (session expiry after 30 minutes) is not detailed. For example, it's unclear if there should be multiple warnings before session expiry, and what exactly these warnings should say.
- Acceptance criteria for when this issue can be considered resolved are missing.
- Affected components or specific parts of the application that need to implement this feature are not mentioned.
- Environment details such as browser compatibility, operating system requirements, etc., are absent.

Step 3: Evaluate if a developer can act on this issue without needing additional information.
Given the lack of detailed steps for implementation and testing, acceptance criteria, and environment specifics, it would be challenging for a developer to proceed confidently with implementing this feature. They would likely need clarification or further details before starting work.

Final Answer: Yes",a8d427f900dcf989,qwen2.5:14b,0,2026-06-08T19:02:00.107402+00:00
ISSUE-0019,Fix typo #19,0,1,"Step 1: Identify the key information provided in the issue.
- The title mentions ""Fix typo #19"".
- The description states there is a typo somewhere.

Step 2: Determine what essential information is missing.
- Steps to reproduce the issue are not given. There's no specific location or context for where the typo exists.
- Expected behavior is not provided. It’s unclear what should be corrected since the exact nature of the typo isn't specified.
- Acceptance criteria are absent, meaning there's no clear way to verify that the issue has been resolved.
- Affected components and environment details are missing. There's no information about where this typo appears (e.g., in code, documentation, UI) or what version it affects.

Step 3: Evaluate if a developer can act on this issue without additional information.
Given the lack of specific details, a developer would need more information to identify and fix the typo accurately. Without knowing exactly where the typo is located and what it should be corrected to, the task cannot be completed effectively.

Final Answer: Yes",5d235d249b076546,qwen2.5:14b,0,2026-06-08T19:02:04.577130+00:00
ISSUE-0020,Pagination broken #20,0,1,"Step 1: Identify the key information provided in the issue.
- The title indicates that pagination does not work when a filter is applied to the user management table.

Step 2: Determine what essential information is missing from the description.
- Steps to reproduce the issue are missing. How exactly should one apply filters and observe the broken pagination?
- Expected behavior is not specified. What should happen normally when applying filters in the user management table with pagination working correctly?
- Actual observed behavior is vague. Does it mean that no pages appear, or does it refer to some other specific malfunction?
- Acceptance criteria are missing. How will one know if this issue has been resolved?
- Affected components and environment details (e.g., browser type, version of the software) are not provided.

Step 3: Evaluate whether a developer can act on this issue without needing additional information.
Given the lack of detailed steps to reproduce, expected behavior, acceptance criteria, affected components, and environment details, it is unlikely that a developer could effectively diagnose or fix the problem based solely on the current description. More specific information would be necessary.

Final Answer: Yes",c1b3846b72848916,qwen2.5:14b,0,2026-06-08T19:02:09.273008+00:00
ISSUE-0021,Add logging #21,1,1,"Step 1: Identify the key information provided in the issue.
- The title and description both mention ""Add proper logging.""

Step 2: Determine what essential information is missing.
- Steps to reproduce the need for logging are not provided.
- Expected behavior after adding logging is not specified.
- Acceptance criteria for when the logging is considered adequate or complete are absent.
- Affected components or specific areas of the application that require logging are not mentioned.
- Environment details (e.g., operating system, programming language) are missing.

Step 3: Evaluate if a developer can act on this issue without additional information.
- Given the lack of specifics about what ""proper logging"" entails and where it should be implemented, a developer would likely need more detailed guidance to proceed effectively. Without clear acceptance criteria or expected outcomes, it's difficult for a developer to know when they have completed the task satisfactorily.

Final Answer: Yes",5fd1de8c522e0e50,qwen2.5:14b,0,2026-06-08T19:02:13.187693+00:00
ISSUE-0022,Two-factor auth #22,0,1,"Step 1: Identify the key information provided in the issue.
- The issue title mentions ""Two-factor auth #22"".
- The description states that TOTP-based 2FA support should be added for admin accounts with backup codes.

Step 2: Determine what essential information is missing from the issue.
- Steps to reproduce the problem or how to implement the feature are not provided.
- Expected behavior after implementing the feature is not described in detail.
- Acceptance criteria (how one knows when the task is complete) are absent.
- Affected components and environment details (such as specific versions of software, operating systems, etc.) are missing.

Step 3: Evaluate if a developer can act on this issue without needing additional information.
Given the lack of detailed steps to reproduce, expected behavior, acceptance criteria, affected components, and environment details, it would be challenging for a developer to start working on this task effectively. More specific requirements and clear instructions are necessary before development can begin.

Final Answer: Yes",51081da767a4faa4,qwen2.5:14b,0,2026-06-08T19:02:17.373264+00:00
ISSUE-0023,Improve something #23,0,1,"Step 1: Identify the key information provided in the issue.
- The title mentions ""Improve something.""
- The description states ""Something needs to be improved.""

Step 2: Determine what essential information is missing.
- Steps to reproduce the problem or improvement area are not given.
- Expected behavior after the improvement is not specified.
- Acceptance criteria for when the improvement is considered complete are absent.
- Affected components or specific areas that need improvement are unclear.
- Environment details (e.g., operating system, software version) are missing.

Step 3: Evaluate if a developer can act on this issue without additional information.
Given the lack of specifics about what needs to be improved and how it should look after being improved, a developer would likely need more detailed instructions or requirements before they could start working on this task effectively. Without these details, there's no clear direction for improvement.

Final Answer: Yes",5634b534f485790d,qwen2.5:14b,0,2026-06-08T19:02:21.210055+00:00
ISSUE-0024,CSV import fails #24,0,1,"Step 1: Identify the key information provided in the issue.
- The issue title indicates that CSV imports are failing silently when special characters (specifically commas within fields) are present.
- The description mentions that importing CSV files with commas inside fields causes silent failure.

Step 2: Determine what essential information is missing from the issue report.
- Steps to reproduce the problem are not provided. Without these, it's difficult for a developer to replicate and understand the exact scenario causing the issue.
- Expected behavior is not clearly defined. It’s unclear whether the system should handle commas within fields differently or if there was an expected error message that didn't appear.
- Acceptance criteria are missing. There's no clear indication of what would constitute a solution for this problem.
- Affected components and environment details (such as software version, operating system) are not specified.

Step 3: Evaluate whether the issue can be acted upon without additional information.
Given the lack of specific steps to reproduce, expected behavior, acceptance criteria, affected components, and environment details, it would be challenging for a developer to start working on this issue effectively. More detailed information is needed before any meaningful action can be taken.

Final Answer: Yes",124524e687494cbd,qwen2.5:14b,0,2026-06-08T19:02:26.093308+00:00
ISSUE-0025,Profile page slow #25,0,1,"Step 1: Identify the key information provided in the issue.
- The profile page takes 8+ seconds to load.
- The cause is unoptimized image loading.

Step 2: Determine what essential information is missing.
- Steps to reproduce the issue are not provided. How can a developer consistently test and verify this problem?
- Expected behavior is not specified. What should be the normal loading time for the profile page?
- Acceptance criteria are absent. How will developers know when they have fixed the issue?
- Environment details (e.g., browser, device type, network conditions) are missing.
- Affected components or specific parts of the codebase that need optimization are not mentioned.

Step 3: Evaluate if a developer can act on this issue without additional information.
Given the lack of detailed steps to reproduce, expected behavior, acceptance criteria, and environment details, it would be challenging for developers to effectively address and verify the resolution of this issue. They would likely need more specifics before they could start working on a solution.

Final Answer: Yes",0d5a324b5c8954a4,qwen2.5:14b,0,2026-06-08T19:02:30.520167+00:00
ISSUE-0026,Notifications broken #26,1,0,"Step 1: Identify the key information provided in the issue.
- The issue title indicates that push notifications are broken.
- The description specifies that the problem affects Android devices running Android 13+.

Step 2: Determine what essential information is missing from the issue report.
- Steps to reproduce the issue are not provided. Without these, it's difficult for a developer to replicate and understand the exact scenario causing the problem.
- Expected behavior is not mentioned. It’s unclear whether notifications should never be delivered or if they fail under certain conditions.
- Acceptance criteria are missing. There's no clear definition of what would constitute a solution that satisfies this issue.
- Affected components are not detailed beyond mentioning Android devices running Android 13+. Specific modules, APIs, or services involved in the notification process are not specified.
- Environment details such as specific device models, network conditions, app versions, or any other relevant configurations are lacking.

Step 3: Evaluate if a developer can act on this issue without requesting additional information.
Given the lack of detailed steps to reproduce, expected behavior, acceptance criteria, and comprehensive environment details, it would be challenging for a developer to start working on resolving this issue effectively. They would likely need more specifics before they could begin troubleshooting.

Final",c0f0288af590d102,qwen2.5:14b,0,2026-06-08T19:02:35.733601+00:00
ISSUE-0027,Timezone bug #27,1,1,"Step 1: Identify the key information provided in the issue.
- The issue title indicates it's about timezone settings.
- The description states that timestamps are displayed in UTC instead of the user's local timezone in the event log.

Step 2: Determine what essential information is missing from the issue report.
- Steps to reproduce the problem are not given. Without these, developers cannot reliably recreate and test the issue.
- Expected behavior is not clearly defined. It should be clear how timestamps should appear (in the user's local timezone).
- Acceptance criteria are absent. Developers need to know what constitutes a successful fix.
- Affected components or environment details are missing. This information would help in identifying where the problem lies and testing it.

Step 3: Evaluate if developers can act on this issue without needing additional information.
Given the lack of reproduction steps, expected behavior, acceptance criteria, affected components, and environment details, a developer would likely need more information to proceed effectively with resolving this issue.

Final Answer: Yes",6d04da8006336738,qwen2.5:14b,0,2026-06-08T19:02:39.977916+00:00
ISSUE-0028,Dropdown empty #28,1,1,"Step 1: Identify the key information provided in the issue.
- The issue title mentions ""Dropdown empty.""
- The description states that the country dropdown is empty on the registration form for new users.

Step 2: Determine what essential information is missing from the issue report.
- Steps to reproduce the problem are not given. How can someone else recreate this issue?
- Expected behavior is not specified. What should be in the dropdown instead of being empty?
- Acceptance criteria are absent. How will we know when the issue has been resolved?
- Affected components or environment details (e.g., browser, OS) are missing.

Step 3: Evaluate if a developer can act on this issue without needing additional information.
Given the lack of detailed steps to reproduce, expected behavior, acceptance criteria, and environmental context, it would be challenging for a developer to effectively address this issue. They would likely need more details before they could start working on a solution.

Final Answer: Yes",ee44e2a122309bb9,qwen2.5:14b,0,2026-06-08T19:02:44.065139+00:00
ISSUE-0029,Report generation #29,0,0,"Step 1: Identify the key information provided in the issue.
- The issue title mentions ""Report generation #29"".
- The description states that monthly report generation times out when dealing with datasets larger than 10,000 rows.

Step 2: Determine what essential information is missing from the issue.
- Steps to reproduce the problem are not given. It's unclear how one would trigger this timeout condition in practice.
- Expected behavior isn't specified. For example, it’s not clear if the report should complete successfully within a certain timeframe or if there was an expected error message that didn’t appear.
- Acceptance criteria are missing. There is no indication of what needs to be true for the issue to be considered resolved (e.g., ""Report generation must complete in X seconds with datasets up to Y rows"").
- Environment details such as operating system, database type and version, software versions, etc., are not provided.
- Affected components or specific parts of the codebase that might need investigation aren't mentioned.

Step 3: Evaluate if a developer can act on this issue without needing additional information.
Given the lack of detailed steps to reproduce, expected behavior, acceptance criteria, environment details, and affected components, it would be challenging for a developer to",a91c491c32a088e2,qwen2.5:14b,0,2026-06-08T19:02:49.215152+00:00
ISSUE-0030,Missing feature #30,0,1,"Step 1: Identify the key information provided in the issue.
- The title mentions ""Missing feature #30"".
- The description states to add ""the thing we discussed in the meeting"".

Step 2: Determine what essential information is missing.
- Steps to reproduce or how to trigger the issue are not mentioned (not applicable here as it's a request for a new feature).
- Expected behavior after implementing the feature is not described.
- Acceptance criteria that define when the feature can be considered complete are absent.
- Affected components and environment details where this feature needs to be implemented are missing.

Step 3: Evaluate if a developer can act on this issue without additional information.
- Given the lack of specific details about what ""the thing we discussed in the meeting"" entails, developers would need more context such as detailed requirements, acceptance criteria, and possibly design specifications or wireframes.

Final Answer: Yes",5301c921d98d571a,qwen2.5:14b,0,2026-06-08T19:02:53.103174+00:00
ISSUE-0031,Concurrent edit conflict #31,0,1,"Step 1: Identify the key information provided in the issue.
- The issue title indicates that it's about concurrent edit conflicts.
- The description states that two users editing the same record simultaneously results in data loss.

Step 2: Determine what essential information is missing.
- Steps to reproduce the issue are not given. How can a developer replicate this scenario?
- Expected behavior is not specified. What should happen when two users try to edit the same record at the same time?
- Actual behavior is vaguely described as ""data loss silently."" This needs more detail, such as what data is lost and how it's detected.
- Acceptance criteria are missing. How will developers know if they've fixed this issue correctly?
- Environment details (e.g., database type, application version) are not provided.

Step 3: Evaluate whether a developer can act on the issue without asking for more information.
Given the lack of specific steps to reproduce, expected behavior, and environment details, it would be challenging for a developer to start working on this issue effectively. They would need additional context to understand how to replicate the problem and what constitutes an acceptable solution.

Final Answer: Yes",222f705ee2a2631f,qwen2.5:14b,0,2026-06-08T19:02:57.887818+00:00
ISSUE-0032,Wrong redirect #32,1,1,"Step 1: Identify the key information provided in the issue.
- The issue title mentions ""Wrong redirect #32"".
- The description states that after logging out, users are redirected to the dashboard instead of the login page.

Step 2: Determine what essential information is missing from the issue report.
- Steps to reproduce the problem are not given. How can a developer replicate this issue?
- Expected behavior is not clearly stated. What should happen when a user logs out? Should they be redirected to the login page or another specific URL?
- Acceptance criteria are absent. What conditions must be met for the issue to be considered resolved?
- Affected components and environment details (e.g., browser, version of software) are missing.

Step 3: Evaluate if a developer can act on this issue without needing additional information.
Given the lack of detailed steps to reproduce, expected behavior, acceptance criteria, affected components, and environment details, it is unlikely that a developer could effectively address this issue without further clarification from the reporter.

Final Answer: Yes",15d8b824393dd75f,qwen2.5:14b,0,2026-06-08T19:03:02.258981+00:00
ISSUE-0033,Image resize #33,1,1,"Step 1: Identify the key information provided in the issue.
- The issue title mentions ""Image resize #33"".
- The description states that profile images are not resized or compressed upon upload, leading to slow page loads.

Step 2: Determine what essential information is missing from the issue report.
- Steps to reproduce the problem are missing. It's unclear how one can replicate this issue.
- Expected behavior is not specified. For example, it’s not clear if the images should be resized to a specific dimension or compressed to a certain file size.
- Acceptance criteria are absent. There's no information on what constitutes a successful resolution of the problem.
- Affected components and environment details (such as browser type, operating system, image formats) are missing.

Step 3: Evaluate if a developer can act on this issue without needing additional information.
Given the lack of specific steps to reproduce, expected behavior, acceptance criteria, affected components, and environment details, it would be challenging for a developer to start working on this issue effectively. They would likely need more detailed information before they could begin addressing the problem.

Final Answer: Yes",a8403b9081c7b8b6,qwen2.5:14b,0,2026-06-08T19:03:06.930561+00:00
ISSUE-0034,Filter not saving #34,1,1,"Step 1: Identify the key information provided in the issue.
- The title suggests that filters are not saving when used.
- The description states that applied filters reset when navigating back to the list view.

Step 2: Determine what essential information is missing.
- Steps to reproduce the issue are missing. How can a developer replicate this problem?
- Expected behavior is not clear. What should happen with the filters after navigation?
- Acceptance criteria are absent. How will we know if the fix works correctly?
- Affected components or environment details (e.g., browser, OS) are not provided.

Step 3: Evaluate whether a developer can act on this issue without additional information.
Given the lack of detailed steps to reproduce and clear acceptance criteria, it would be challenging for a developer to understand the full scope of the problem and how to verify its resolution. Therefore, more details are needed before proceeding with development work.

Final Answer: Yes",b8dd76c657da4052,qwen2.5:14b,0,2026-06-08T19:03:10.877140+00:00
ISSUE-0035,Audit log missing #35,0,1,"Step 1: Identify the key information provided in the issue.
- The issue title indicates that there's an issue with audit logs.
- The description states that admin actions are not being recorded in the audit log table.

Step 2: Determine what essential information is missing from the issue report.
- Steps to reproduce the problem are missing. It’s unclear how one can replicate this issue.
- Expected behavior is not specified. We don't know what should be happening instead of the current situation.
- Acceptance criteria are absent, meaning it's unclear what needs to be done for the issue to be considered resolved.
- Affected components or environment details (such as database version, software version, etc.) are missing.

Step 3: Evaluate if a developer can act on this issue without needing additional information.
Given that there is no clear guidance on how to reproduce the problem and what the expected outcome should look like, it would be challenging for a developer to start working on this issue effectively. They would likely need more details before they could begin addressing the problem.

Final Answer: Yes",b461740aad8382a0,qwen2.5:14b,0,2026-06-08T19:03:15.303260+00:00
ISSUE-0036,Language switch broken #36,1,1,"Step 1: Identify the key information provided in the issue.
- The title indicates that switching languages mid-session causes an issue.
- The description states that after switching language and refreshing the page, it reverts to English.

Step 2: Determine what essential information is missing.
- Steps to reproduce the issue are not detailed. How exactly does one switch languages?
- Expected behavior is not clearly defined. What should happen when a user switches languages mid-session?
- Acceptance criteria are absent. What conditions must be met for this issue to be resolved?
- Affected components or specific parts of the software that cause this problem are not mentioned.
- Environment details such as browser, operating system, and version numbers are missing.

Step 3: Evaluate if a developer can act on this issue without additional information.
Given the lack of detailed steps to reproduce, expected behavior, acceptance criteria, affected components, and environment details, it would be challenging for a developer to understand the full scope of the problem or how to effectively resolve it. More specific information is needed.

Final Answer: Yes",9f35131d5da2133a,qwen2.5:14b,0,2026-06-08T19:03:19.748061+00:00
ISSUE-0037,Role permission #37,1,1,"Step 1: Identify the key information provided in the issue.
- The issue title mentions ""Role permission #37"".
- The description states that users with 'viewer' role can access admin endpoints via direct URL.

Step 2: Determine what essential information is missing from the issue.
- Steps to reproduce the issue are not provided. How exactly does a user with the 'viewer' role gain unauthorized access?
- Expected behavior is not specified. What should happen when a 'viewer' tries to access an admin endpoint?
- Acceptance criteria are absent. What conditions must be met for this issue to be considered resolved?
- Affected components and environment details (e.g., version numbers, operating systems) are missing.

Step 3: Evaluate if the developer can act on this issue without needing additional information.
Given the lack of detailed steps, expected behavior, acceptance criteria, affected components, and environment details, a developer would likely need more information to effectively address this issue. Without these specifics, it's challenging for them to understand the full scope of the problem or how to verify that it has been resolved.

Final Answer: Yes",204ca482a3450b52,qwen2.5:14b,0,2026-06-08T19:03:24.361479+00:00
ISSUE-0038,Broken link #38,0,1,"Step 1: Identify the key information provided in the issue.
- The issue title mentions ""Broken link #38"".
- The description states that there is a broken link on the page.

Step 2: Determine what essential information is missing from the issue report.
- Steps to reproduce the issue are not provided. This means it's unclear how to locate and verify the broken link.
- Expected behavior is not mentioned. It’s important to know what should happen when clicking the link (e.g., navigating to a specific page or resource).
- Acceptance criteria are missing, which would define what needs to be true for the issue to be considered resolved.
- Affected components are not specified. Is this an internal system link, external link, or something else?
- Environment details such as browser type and version, operating system, etc., are absent.

Step 3: Evaluate if a developer can act on this issue without needing additional information.
Given the lack of specific details about where to find the broken link, what should happen when it's clicked, and under which conditions or environments this occurs, a developer would likely need more information before they could effectively address the problem.

Final Answer: Yes",058ef0a1112bb32e,qwen2.5:14b,0,2026-06-08T19:03:29.235941+00:00
ISSUE-0039,Chart rendering #39,0,1,"Step 1: Identify the key information provided in the issue.
- The issue title mentions ""Chart rendering #39"".
- The description states that a bar chart renders incorrectly when data contains negative values.

Step 2: Determine what essential information is missing from the issue.
- Steps to reproduce the problem are not given.
- Expected behavior of the system is not described.
- Actual observed behavior is not detailed.
- Acceptance criteria for resolving this issue are absent.
- Affected components or specific parts of the codebase are not mentioned.
- Environment details (e.g., browser, version, operating system) are missing.

Step 3: Evaluate if a developer can act on this issue without additional information.
Given the lack of detailed steps to reproduce and clear descriptions of expected vs. actual behavior, it would be challenging for a developer to understand the full scope of the problem or how to verify its resolution.

Final Answer: Yes",0c1418868b173b7e,qwen2.5:14b,0,2026-06-08T19:03:33.151603+00:00
ISSUE-0040,Delete confirmation #40,1,1,"Step 1: Identify the key information provided in the issue.
- The issue title suggests that it's about adding a confirmation dialog before deleting records permanently.
- The description is very brief and only mentions the need to add a confirmation dialog.

Step 2: Determine what essential information is missing.
- Steps to reproduce the scenario where this feature would be needed are not provided.
- Expected behavior after implementing the confirmation dialog is not described (e.g., what should happen if the user confirms or cancels).
- Acceptance criteria for when the issue can be considered resolved are absent.
- Affected components and environment details (such as which database, browser compatibility, etc.) are missing.

Step 3: Evaluate whether a developer can act on this issue without asking for more information.
- Given the lack of specific requirements like expected behavior or acceptance criteria, it would be challenging for a developer to implement this feature confidently. They would likely need clarification on how the confirmation dialog should function and what constitutes successful implementation.

Final Answer: Yes",c613ec778566be0a,qwen2.5:14b,0,2026-06-08T19:03:37.612588+00:00
ISSUE-0041,Fix login bug #41,0,-1,"Step 1: Identify the key information provided in the issue.
- The title mentions ""Fix login bug #41"".
- The description states that users cannot log in sometimes.

Step 2: Determine what essential information is missing from the issue.
- Steps to reproduce the issue are not provided. Without knowing how to consistently replicate the problem, developers may struggle to identify and fix it.
- Expected behavior is not specified. Developers need to know what should happen when a user tries to log in (e.g., successful login with proper credentials).
- Actual observed behavior is vague (""users cannot log in sometimes""). This does not provide enough detail for developers to understand the nature of the issue.
- Acceptance criteria are missing, which would define how one knows the bug has been fixed and what success looks like.
- Affected components or environment details (such as browser type, operating system) are not mentioned. These can be crucial in diagnosing issues related to specific configurations.

Step 3: Assess whether a developer can act on this issue without asking for more information.
Given the lack of detailed steps to reproduce, expected behavior, and other critical details, it is highly unlikely that a developer could effectively address this issue based solely on the provided description. They would need additional context and",dfdf80ede8ea334e,qwen2.5:14b,0,2026-06-08T19:03:42.739219+00:00
ISSUE-0042,Update UI #42,0,1,"Step 1: Identify the key information provided in the issue.
- The title suggests that it's about updating the UI.
- The description states ""The interface needs updating.""

Step 2: Determine what essential information is missing.
- Steps to reproduce the problem or need for update are not given.
- Expected behavior after the update is not specified.
- Acceptance criteria for when the issue is resolved are absent.
- Affected components of the UI that require updates are unclear.
- Environment details (e.g., browser, OS) where this needs to be addressed are missing.

Step 3: Evaluate if a developer can act on this issue without additional information.
- Given the lack of specific details about what exactly needs updating and how it should look after being updated, developers would likely need more context before they could start working on this task effectively.

Final Answer: Yes",7fbcf367c0caeb14,qwen2.5:14b,0,2026-06-08T19:03:46.458973+00:00
ISSUE-0043,Add export feature #43,1,1,"Step 1: Identify the key information provided in the issue.
- The user wants to add an export feature that allows data to be exported from the reports page to CSV format.

Step 2: Determine what essential information is missing.
- Steps to reproduce or trigger the export functionality are not specified.
- Expected behavior (e.g., which fields should be included, how the data should be formatted) is not detailed.
- Acceptance criteria for when this feature can be considered complete are absent.
- Affected components and environment details (such as browser requirements, server-side dependencies) are missing.

Step 3: Evaluate if a developer can act on this issue without additional information.
- Given the lack of specific details about how to implement or test the export functionality, developers would likely need more information before they could start working on it effectively.

Final Answer: Yes",fc5187c6bbe83af0,qwen2.5:14b,0,2026-06-08T19:03:50.088914+00:00
ISSUE-0044,Performance issue #44,1,1,"Step 1: Identify the key information provided in the issue.
- The key information given is that ""the app is slow.""

Step 2: Determine what essential information is missing from the description.
- Steps to reproduce the performance issue are not specified.
- Expected behavior and actual observed behavior are not detailed.
- No acceptance criteria or conditions for resolving the issue are provided.
- Affected components within the application (e.g., specific features, modules) are unclear.
- Environment details such as operating system, device type, network conditions, etc., are missing.

Step 3: Evaluate if a developer can act on this issue without needing additional information.
- Given the lack of specifics about when and how the performance issue occurs, it would be challenging for a developer to diagnose or fix the problem effectively. More details are necessary to understand the context and reproduce the issue accurately.

Final Answer: Yes",3ed3325506c97f36,qwen2.5:14b,0,2026-06-08T19:03:53.886871+00:00
ISSUE-0045,Null pointer exception #45,0,1,"Step 1: Identify the key information provided in the issue.
- The issue title mentions ""NullPointerException"".
- The description specifies that it occurs in UserService.java at line 142 when userId is null.

Step 2: Determine what essential information is missing.
- Steps to reproduce the issue are not given. How can someone else trigger this exception?
- Expected behavior is not mentioned. What should happen if userId is null?
- Acceptance criteria are absent. How will we know that the problem is fixed?
- Environment details (e.g., operating system, Java version) are missing.
- Affected components other than UserService.java might be involved but aren't specified.

Step 3: Evaluate whether a developer can act on this issue without additional information.
Given the lack of reproduction steps and expected behavior, it's challenging for a developer to understand what needs fixing or how to verify that the fix works. The absence of environment details also complicates troubleshooting efforts.

Final Answer: Yes",cc00453bb52afdab,qwen2.5:14b,0,2026-06-08T19:03:57.971297+00:00
ISSUE-0046,Search not working #46,1,1,"Step 1: Identify the key information provided in the issue.
- The title mentions ""Search not working.""
- The description states that ""Search returns no results.""

Step 2: Determine what essential information is missing.
- Steps to reproduce the issue are missing. How can a developer replicate this problem?
- Expected behavior is not mentioned. What should happen when someone performs a search?
- Acceptance criteria are absent. How will we know if the issue has been resolved?
- Affected components or environment details (e.g., browser, version of software) are not provided.

Step 3: Evaluate whether a developer can act on this issue without additional information.
Given the lack of detailed steps to reproduce and expected behavior, it would be challenging for a developer to understand the full scope of the problem and how to resolve it effectively. The absence of environment details also complicates troubleshooting efforts.

Final Answer: Yes",f81ce3f695fc53c2,qwen2.5:14b,0,2026-06-08T19:04:01.819587+00:00
ISSUE-0047,Add dark mode #47,0,1,"Step 1: Identify the key information provided in the issue.
- The title suggests adding dark mode functionality to the application.
- The description mentions implementing a toggle switch in settings and storing user preference using localStorage.

Step 2: Determine what essential information is missing from the issue.
- Steps to reproduce or how to test the feature are not mentioned.
- Expected behavior after toggling dark mode (e.g., changes in UI elements, contrast adjustments) is not specified.
- Acceptance criteria for when this task can be considered complete are absent.
- Affected components and their interactions with dark mode are unclear.
- Environment details such as browser compatibility or specific OS requirements are missing.

Step 3: Evaluate if a developer can act on the issue without needing additional information.
Given the lack of detailed specifications, acceptance criteria, testing instructions, and environment specifics, it would be challenging for a developer to implement this feature confidently. They would likely need clarification on these points before proceeding with development.

Final Answer: Yes",beea45d33478e1e0,qwen2.5:14b,0,2026-06-08T19:04:06.335487+00:00
ISSUE-0048,Crash on startup #48,0,1,"Step 1: Identify the key information provided in the issue.
- The title indicates that the app crashes when opened.
- The description is very brief and only states ""App crashes when opened.""

Step 2: Determine what essential information is missing.
- Steps to reproduce the issue are not provided. How can a developer reliably recreate this problem?
- Expected behavior is not mentioned. What should happen instead of crashing? Is there an error message or any other indication of what might be going wrong?
- Acceptance criteria are absent. How will developers know when they have fixed the issue?
- Affected components are unclear. Which parts of the application are causing this crash?
- Environment details (operating system, version numbers, hardware specifications) are not provided.

Step 3: Evaluate if a developer can act on this issue without additional information.
Given the lack of specific details about how to reproduce the problem and what is expected from the app upon startup, it would be challenging for developers to diagnose or fix the issue effectively. They would need more context and specifics before they could start working on a solution.

Final Answer: Yes",5494053af9706269,qwen2.5:14b,0,2026-06-08T19:04:10.899039+00:00
ISSUE-0049,Email validation #49,1,1,"Step 1: Identify the key information provided in the issue.
- The issue title mentions ""Email validation #49"".
- The description states that email format should be validated during registration and inline error messages should appear if the format is incorrect.

Step 2: Determine what essential information is missing from the issue.
- Steps to reproduce the problem or how to test the feature are not provided.
- Expected behavior (what exactly should happen when an invalid email is entered) is not detailed.
- Acceptance criteria for validation and error messages are not specified.
- Affected components (which part of the system handles this, e.g., frontend form submission or backend validation logic) are unclear.
- Environment details (operating systems, browsers, etc.) where this should work are missing.

Step 3: Evaluate if a developer can act on this issue without needing additional information.
Given the lack of specific steps to reproduce, expected behavior, acceptance criteria, and environment details, it would be challenging for a developer to implement or test this feature effectively. More detailed requirements are necessary before proceeding with development.

Final Answer: Yes",fa0196f7c2b9e6a6,qwen2.5:14b,0,2026-06-08T19:04:15.510720+00:00
ISSUE-0050,Database timeout #50,1,1,"Step 1: Identify the key information provided in the issue.
- The issue title indicates that it's about database timeouts.
- The description states that DB queries timeout after 30 seconds under heavy load with over 500 concurrent users.

Step 2: Determine what essential information is missing.
- Steps to reproduce the issue are not given. How can a developer recreate this scenario?
- Expected behavior is not mentioned. What should happen instead of the query timing out?
- Acceptance criteria are absent. How will we know when the problem is fixed?
- Affected components are not detailed beyond mentioning DB queries, but no specific component or module names.
- Environment details such as database type (MySQL, PostgreSQL), server configuration, network conditions, etc., are missing.

Step 3: Evaluate if a developer can act on this issue without additional information.
Given the lack of reproduction steps and environment specifics, it would be challenging for a developer to start working on this issue effectively. They would need more details about how to reproduce the problem and what kind of setup is involved.

Final Answer: Yes",602f335f1f1b24e6,qwen2.5:14b,0,2026-06-08T19:04:20.024299+00:00
ISSUE-0051,Missing error handling #51,1,1,"Step 1: Identify the key information provided in the issue.
- The title mentions ""Missing error handling #51"".
- The description states ""Handle errors properly.""

Step 2: Determine what essential information is missing.
- Steps to reproduce the problem are not given.
- Expected behavior after implementing proper error handling is not specified.
- Actual behavior before any changes are made is not described.
- Acceptance criteria for resolving this issue are absent.
- Affected components or specific parts of the code that need improvement are not mentioned.
- Environment details (e.g., operating system, programming language version) are missing.

Step 3: Evaluate if a developer can act on this issue without additional information.
Given the lack of detailed steps to reproduce, expected behavior, acceptance criteria, and environment specifics, it would be challenging for a developer to understand exactly what needs to be done or how to verify that the issue is resolved. The description does not provide enough context for a developer to start working on the problem effectively.

Final Answer: Yes",c271108338cb9de2,qwen2.5:14b,0,2026-06-08T19:04:24.324880+00:00
ISSUE-0052,API rate limiting #52,0,0,"Step 1: Identify the key information provided in the issue.
- The issue title mentions ""API rate limiting.""
- The description specifies implementing rate limiting of 100 requests per minute per API key and returning a 429 response when exceeded.

Step 2: Determine what essential information is missing.
- Steps to reproduce the problem are not given since this is more about feature implementation rather than reporting an issue. However, for development purposes, it would be helpful to have examples of how the rate limiting should work in different scenarios (e.g., making exactly 100 requests per minute, slightly over or under).
- Expected behavior beyond just returning a 429 response is not detailed.
- Acceptance criteria are missing. For example, what happens if there's no API key? What about edge cases like sudden bursts of traffic?
- Affected components and environment details (like which APIs this applies to, server configurations) are not specified.

Step 3: Evaluate whether a developer can act on the issue without additional information.
Given the lack of detailed acceptance criteria, specific scenarios for testing, and environmental context, it would be challenging for a developer to fully understand all requirements and potential edge cases. This could lead to incomplete or incorrect implementation.

Final Answer",602072cf38f8525f,qwen2.5:14b,0,2026-06-08T19:04:29.444091+00:00
ISSUE-0053,Button color #53,1,0,"Step 1: Identify the key information provided in the issue.
- The title mentions ""Button color #53"", which suggests there might be a specific button or context related to this number, but it's not clear from the description alone.
- The description states that the button color needs to change.

Step 2: Determine what essential information is missing.
- Steps to reproduce the issue are completely absent. There’s no indication of how one would encounter or trigger the need for a button color change.
- Expected behavior isn't specified. It's unclear what the new color should be, whether it's part of an aesthetic update, compliance with design guidelines, etc.
- Acceptance criteria are missing. Without knowing the desired outcome, there’s no way to verify if the issue has been resolved satisfactorily.
- Affected components and environment details (such as browser compatibility or specific UI elements) aren't provided.

Step 3: Evaluate whether a developer can act on this issue without asking for more information.
Given the lack of specifics about what needs changing, why it needs to change, and how one would know if it's been successfully changed, a developer would need additional details before proceeding. The vagueness makes it impossible to implement or test effectively.

Final Answer:",65ee91747c978438,qwen2.5:14b,0,2026-06-08T19:04:34.560733+00:00
ISSUE-0054,Memory leak #54,0,1,"Step 1: Identify the key information provided in the issue.
- The issue title indicates it's about a memory leak (#54).
- The description states that ""Memory usage grows unbounded in the background sync service over 24 hours.""

Step 2: Determine what essential information is missing.
- Steps to reproduce the issue are not given. Without these, developers cannot reliably recreate and test the problem.
- Expected behavior is not specified. Developers need to know how the system should behave under normal conditions to understand what constitutes a deviation from expected performance.
- Acceptance criteria for resolving this issue are absent. This means there's no clear definition of when the issue can be considered fixed.
- Affected components or specific parts of the codebase that might be causing the memory leak are not detailed.
- Environment details (such as operating system, version numbers, hardware specifications) are missing.

Step 3: Evaluate if a developer can act on this issue without asking for more information.
Given the lack of reproduction steps, expected behavior, acceptance criteria, and environment details, it would be challenging for developers to start working on resolving this issue effectively. They would likely need additional context before they could begin troubleshooting or fixing the problem.

Final Answer: Yes",12469d874535fe5f,qwen2.5:14b,0,2026-06-08T19:04:39.707054+00:00
ISSUE-0055,Update docs #55,1,1,"Step 1: Identify the key information provided in the issue.
- The title mentions ""Update docs #55"".
- The description states that ""Documentation is outdated.""

Step 2: Determine what essential information is missing.
- Steps to reproduce the problem are not given since it's a documentation update request, but there should be specific areas or sections of the documentation that need updating.
- Expected vs actual behavior is not provided. There’s no clear indication of what the current state is and what needs to change.
- Acceptance criteria are missing. It’s unclear how one would know when this issue has been resolved satisfactorily.
- Affected components are not specified. Which parts of the documentation need updating?
- Environment details are absent. In which environment (e.g., development, staging) does this apply?

Step 3: Evaluate if a developer can act on this issue without asking for more information.
Given the lack of specific details about what needs to be updated and how one would know when it’s done correctly, a developer cannot effectively address this issue without additional context.

Final Answer: Yes",964d8a53dbee0c1b,qwen2.5:14b,0,2026-06-08T19:04:44.223825+00:00
ISSUE-0056,File upload fails #56,1,1,"Step 1: Identify the key information provided in the issue.
- The issue title indicates that file uploads larger than 10MB fail.
- The description specifies that an HTTP 413 error occurs when uploading files to the /upload endpoint.

Step 2: Determine what essential information is missing from the issue report.
- Steps to reproduce the problem are not provided. It's unclear how exactly one would trigger this issue (e.g., file size, specific file types).
- Expected behavior is not described. What should happen when a user tries to upload a large file?
- Acceptance criteria for resolving the issue are missing. How will we know if the fix works?
- Environment details such as operating system, browser version, or server configuration are absent.
- Affected components (e.g., specific parts of the codebase) are not mentioned.

Step 3: Evaluate whether a developer can act on this issue without needing additional information.
Given the lack of detailed steps to reproduce and acceptance criteria, it would be challenging for a developer to start working on this issue effectively. They would need more context about how to reliably trigger the error and what constitutes an acceptable solution.

Final Answer: Yes",9ecce7e359509ec9,qwen2.5:14b,0,2026-06-08T19:04:49.132487+00:00
ISSUE-0057,Wrong total #57,1,1,"Step 1: Identify the key information provided in the issue.
- The total amount displayed in the cart is incorrect.

Step 2: Determine what essential information is missing from the issue report.
- Steps to reproduce the problem are not given. Without these, it's impossible for a developer to replicate and understand the issue.
- Expected behavior is not described. It’s unclear what the correct total should be or how it differs from the current incorrect total.
- Acceptance criteria are absent. There's no clear definition of when this issue would be considered resolved.
- Affected components are not specified. The cart system, payment gateway, or other parts of the application might be involved, but there’s no indication which ones.
- Environment details such as browser type, operating system, and any specific conditions under which the problem occurs are missing.

Step 3: Evaluate if a developer can act on this issue without needing additional information.
Given the lack of detailed steps to reproduce, expected behavior, acceptance criteria, affected components, and environment details, it is highly unlikely that a developer could effectively address or resolve this issue based solely on the provided description. More specific information would be necessary for further investigation.

Final Answer: Yes",9de48fdf35ed950b,qwen2.5:14b,0,2026-06-08T19:04:54.162725+00:00
ISSUE-0058,Session expiry #58,0,1,"Step 1: Identify the key information provided in the issue.
- The issue title mentions ""Session expiry #58"".
- The description states that automatic session expiry should occur after 30 minutes of inactivity, accompanied by a warning dialog.

Step 2: Determine what essential information is missing from the issue.
- Steps to reproduce the problem or how to test the feature are not provided.
- Expected behavior beyond just the expiry and warning dialog is not detailed (e.g., user should be logged out, session cookie should expire).
- Acceptance criteria for when this requirement has been met are absent.
- Affected components such as front-end/back-end systems, databases, or specific modules are not mentioned.
- Environment details like browser compatibility, server configurations, or operating system requirements are missing.

Step 3: Evaluate if a developer can act on the issue without needing additional information.
Given the lack of detailed steps to reproduce, acceptance criteria, and environment specifics, it would be challenging for a developer to implement this feature confidently. They might need clarification on how exactly the session expiry should work in different scenarios or what constitutes successful implementation.

Final Answer: Yes",0123dd0867c72f16,qwen2.5:14b,0,2026-06-08T19:04:58.943408+00:00
ISSUE-0059,Fix typo #59,0,1,"Step 1: Identify the key information provided in the issue.
- The title mentions ""Fix typo #59"".
- The description states there is a typo somewhere.

Step 2: Determine what essential information is missing.
- Steps to reproduce the issue are not given. There's no indication of where or how to find this typo.
- Expected behavior is not provided. It’s unclear what should be corrected.
- Acceptance criteria are absent, meaning it’s not clear when the issue would be considered resolved.
- Affected components and environment details are missing. The location of the typo within the software (e.g., which file or screen) is unknown.

Step 3: Evaluate if a developer can act on this issue without additional information.
Given the lack of specific details, it’s impossible for a developer to locate and correct the typo effectively. They would need more context about where exactly the typo occurs and what should be corrected.

Final Answer: Yes",cf04ca6472b3586f,qwen2.5:14b,0,2026-06-08T19:05:03.005528+00:00
ISSUE-0060,Pagination broken #60,1,1,"Step 1: Identify the key information provided in the issue.
- The title indicates that pagination does not work when a filter is applied to the user management table.

Step 2: Determine what essential information is missing from the description.
- Steps to reproduce the issue are missing. How exactly should one apply filters and observe the broken pagination?
- Expected behavior is not specified. What should happen normally with pagination after applying a filter?
- Actual observed behavior is not detailed beyond stating that ""pagination does not work.""
- Acceptance criteria for fixing this issue are absent.
- Affected components or specific parts of the system (e.g., which filters, what kind of pagination) are not mentioned.
- Environment details such as browser type, operating system, and version numbers are missing.

Step 3: Evaluate if a developer can act on this issue without needing additional information.
Given the lack of detailed steps to reproduce, expected behavior, acceptance criteria, environment specifics, and other critical details, it would be challenging for a developer to understand the full scope of the problem or how to effectively address it. The developer would likely need more information before they could start working on this issue.

Final Answer: Yes",199847784a0ee786,qwen2.5:14b,0,2026-06-08T19:05:07.958358+00:00
ISSUE-0061,Add logging #61,0,1,"Step 1: Identify the key information provided in the issue.
- The title and description both mention ""Add proper logging.""

Step 2: Determine what essential information is missing.
- Steps to reproduce the need for logging are not provided.
- Expected behavior after adding logging is not specified.
- Acceptance criteria for when the logging is considered adequate or complete are absent.
- Affected components or specific areas of the application that require logging are not mentioned.
- Environment details (e.g., which version, operating system) are missing.

Step 3: Evaluate if a developer can act on this issue without additional information.
- Given the lack of specifics about what ""proper logging"" entails and where it should be implemented, developers would likely need more detailed guidance to proceed effectively. Without clear acceptance criteria or expected outcomes, assessing whether the task is complete becomes challenging.

Final Answer: Yes",6eee7de8687eb078,qwen2.5:14b,0,2026-06-08T19:05:11.740823+00:00
ISSUE-0062,Two-factor auth #62,1,1,"Step 1: Identify the key information provided in the issue.
- The issue title mentions ""Two-factor auth #62"".
- The description states that TOTP-based 2FA support should be added for admin accounts with backup codes.

Step 2: Determine what essential information is missing from the issue.
- Steps to reproduce the problem or how to implement the feature are not provided.
- Expected behavior after implementing the feature is not described in detail.
- Acceptance criteria (how one knows when this task is complete) are absent.
- Affected components and environment details (such as specific versions of software, operating systems, etc.) are missing.

Step 3: Evaluate if a developer can act on this issue without needing additional information.
Given the lack of detailed steps to reproduce, expected behavior, acceptance criteria, affected components, and environment details, it would be challenging for a developer to start working on this task effectively. More specific requirements and guidelines need to be provided.

Final Answer: Yes",fecae4c47acbadb3,qwen2.5:14b,0,2026-06-08T19:05:15.917724+00:00
ISSUE-0063,Improve something #63,0,1,"Step 1: Identify the key information provided in the issue.
- The title of the issue is ""Improve something #63"".
- The description states that ""Something needs to be improved.""

Step 2: Determine what essential information is missing from the issue.
- Steps to reproduce the problem or improvement area are not specified.
- Expected behavior after the improvement is not described.
- Acceptance criteria for when the improvement is considered complete are absent.
- Affected components or specific areas that need improvement are not detailed.
- Environment details (such as operating system, software version) are missing.

Step 3: Evaluate if a developer can act on this issue without additional information.
Given the lack of specifics about what needs to be improved and how it should be improved, a developer would likely require more context before they could start working on this task effectively. The vagueness in the description makes it difficult for anyone to understand exactly what is being requested or how success will be measured.

Final Answer: Yes",40f37d6b6ed3dcb2,qwen2.5:14b,0,2026-06-08T19:05:20.154758+00:00
ISSUE-0064,CSV import fails #64,1,1,"Step 1: Identify the key information provided in the issue.
- The issue title indicates that CSV imports are failing silently when special characters (specifically commas within fields) are present.
- The description mentions that importing CSV files with commas inside fields causes silent failure.

Step 2: Determine what essential information is missing from the issue report.
- Steps to reproduce the problem are not provided. Without these, it's difficult for a developer to replicate and understand the exact scenario causing the issue.
- Expected behavior is not clearly defined. It’s unclear whether the system should handle commas within fields differently or if there was an expected error message that didn't appear.
- Acceptance criteria are missing. There's no clear indication of what would constitute a solution for this problem.
- Affected components and environment details (such as software version, operating system) are not specified.

Step 3: Evaluate whether the issue can be acted upon without additional information.
Given the lack of specific steps to reproduce, expected behavior, acceptance criteria, affected components, and environment details, it would be challenging for a developer to start working on this issue effectively. More detailed information is needed before any meaningful action can be taken.

Final Answer: Yes",2518d5e554e7eb4c,qwen2.5:14b,0,2026-06-08T19:05:25.088544+00:00
ISSUE-0065,Profile page slow #65,0,1,"Step 1: Identify the key information provided in the issue.
- The profile page takes 8+ seconds to load.
- The cause is unoptimized image loading.

Step 2: Determine what essential information is missing.
- Steps to reproduce the issue are not provided. How can a developer consistently test and verify this problem?
- Expected behavior is not specified. What should be the normal loading time for the profile page?
- Acceptance criteria are absent. How will developers know when they have fixed the issue?
- Environment details (e.g., browser, device type, network conditions) are missing.
- Affected components or specific parts of the codebase that need to be optimized are not mentioned.

Step 3: Evaluate if a developer can act on this issue without additional information.
Given the lack of detailed steps for reproduction and clear acceptance criteria, it would be challenging for developers to effectively address the problem. They would likely need more context about when and how the issue occurs, as well as what constitutes an acceptable resolution.

Final Answer: Yes",18d7b8f1a1f8a584,qwen2.5:14b,0,2026-06-08T19:05:29.487615+00:00
ISSUE-0066,Notifications broken #66,0,1,"Step 1: Identify the key information provided in the issue.
- The title indicates that push notifications are broken.
- The description specifies that the problem affects Android devices running Android 13+.

Step 2: Determine what essential information is missing from the issue report.
- Steps to reproduce the issue are not provided. Without these, it's difficult for a developer to replicate and understand the exact scenario causing the problem.
- Expected behavior is not mentioned. It’s unclear whether notifications should never be delivered or if they fail under certain conditions.
- Acceptance criteria are missing. There's no clear definition of what would constitute a solution that satisfies this issue.
- Affected components are not detailed beyond mentioning Android devices running Android 13+. Specific modules, APIs, or services involved in the notification process are unknown.
- Environment details such as specific device models, network conditions, app versions, etc., are lacking.

Step 3: Evaluate if a developer can act on this issue without additional information.
Given the lack of detailed steps to reproduce, expected behavior, acceptance criteria, and comprehensive environment details, it would be challenging for a developer to effectively address or debug this issue. More specific information is needed before actionable work can begin.

Final Answer: Yes",10d34d3dfb438a9f,qwen2.5:14b,0,2026-06-08T19:05:34.598921+00:00
ISSUE-0067,Timezone bug #67,1,1,"Step 1: Identify the key information provided in the issue.
- The issue title indicates it's about timezone settings.
- The description mentions that timestamps are displayed in UTC instead of the user's local timezone in the event log.

Step 2: Determine what essential information is missing from the issue report.
- Steps to reproduce the problem are not given. Without these, developers cannot reliably recreate and test the issue.
- Expected behavior is not clearly stated. It should be clear that timestamps should display according to the user's local timezone.
- Acceptance criteria or conditions under which the bug can be considered fixed are missing.
- Affected components (e.g., specific modules of code) are not detailed.
- Environment details such as operating system, browser type and version, or any other relevant software configurations are absent.

Step 3: Evaluate if a developer can act on this issue without needing additional information.
Given the lack of reproduction steps, expected behavior, acceptance criteria, affected components, and environment details, it is unlikely that developers will be able to effectively address this issue without further clarification. They would need more specific instructions and context to proceed.

Final Answer: Yes",34e3551f7e51d6eb,qwen2.5:14b,0,2026-06-08T19:05:39.450437+00:00
ISSUE-0068,Dropdown empty #68,0,1,"Step 1: Identify the key information provided in the issue.
- The issue title mentions ""Dropdown empty.""
- The description states that the country dropdown is empty on the registration form for new users.

Step 2: Determine what essential information is missing from the issue report.
- Steps to reproduce the problem are not given. How can someone else replicate this issue?
- Expected behavior is not specified. What should be in the dropdown instead of being empty?
- Acceptance criteria are absent. How will we know when the issue has been resolved?
- Affected components or environment details (e.g., browser, OS) are missing.

Step 3: Evaluate if a developer can act on this issue without needing additional information.
Given the lack of detailed steps to reproduce, expected behavior, acceptance criteria, and environmental context, it would be challenging for a developer to effectively address this issue. They would likely need more details before they could start working on a solution.

Final Answer: Yes",ff49104975f75b04,qwen2.5:14b,0,2026-06-08T19:05:43.530147+00:00
ISSUE-0069,Report generation #69,1,1,"Step 1: Identify the key information provided in the issue.
- The monthly report generation times out when dealing with datasets larger than 10,000 rows.

Step 2: Determine what essential information is missing from the issue description.
- Steps to reproduce the problem are not given. It's unclear how one can replicate this timeout issue.
- Expected behavior is not specified. For example, it’s not clear if the report should complete successfully within a certain timeframe or if there was an expected error message.
- Acceptance criteria for resolving the issue are missing. There's no indication of what would constitute a successful resolution (e.g., ""The report generation process must complete in less than X minutes"").
- Affected components and environment details are not provided. It’s unclear which part of the system is causing this timeout or under what conditions it occurs.

Step 3: Evaluate if a developer can act on this issue without needing additional information.
Given the lack of specific steps to reproduce, expected behavior, acceptance criteria, affected components, and environment details, a developer would likely need more information before they could effectively address this issue.

Final Answer: Yes",0ed1888da71245fb,qwen2.5:14b,0,2026-06-08T19:05:48.276760+00:00
ISSUE-0070,Missing feature #70,1,1,"Step 1: Identify the key information provided in the issue.
- The title mentions ""Missing feature #70"".
- The description states to add ""the thing we discussed in the meeting"".

Step 2: Determine what essential information is missing.
- Steps to reproduce or how to trigger the issue are not mentioned (since it's a request for a new feature, this might be less relevant but still important).
- Expected behavior after implementing the feature is not specified.
- Acceptance criteria that define when the feature can be considered complete and working as intended are absent.
- Affected components of the software system are not detailed.
- Environment details such as operating systems or specific versions where the feature should work are missing.

Step 3: Evaluate if a developer can act on this issue without needing additional information.
Given the lack of specifics about what needs to be added, how it should behave, and in which context it is needed, a developer would likely need more details before starting work. The description ""Add the thing we discussed in the meeting"" does not provide enough clarity for implementation.

Final Answer: Yes",131240fa49d634a4,qwen2.5:14b,0,2026-06-08T19:05:52.910642+00:00
ISSUE-0071,Concurrent edit conflict #71,0,1,"Step 1: Identify the key information provided in the issue.
- The issue title indicates that it's about concurrent edit conflicts.
- The description states that two users editing the same record simultaneously results in data loss.

Step 2: Determine what essential information is missing.
- Steps to reproduce the issue are not provided. How can a developer replicate this scenario?
- Expected behavior is not clear. What should happen when two users try to edit the same record at the same time? Should there be an error message, or should one user's changes take precedence over another's?
- Acceptance criteria are missing. What needs to be done for the issue to be considered resolved?
- Affected components and environment details (e.g., database type, application version) are not provided.

Step 3: Evaluate if a developer can act on this issue without asking for more information.
Given the lack of specific steps to reproduce, expected behavior, acceptance criteria, affected components, and environment details, it would be challenging for a developer to start working on resolving this issue effectively. They would need additional context to understand how to approach fixing or mitigating the problem.

Final Answer: Yes",5cfe28c298261309,qwen2.5:14b,0,2026-06-08T19:05:57.754064+00:00
ISSUE-0072,Wrong redirect #72,1,1,"Step 1: Identify the key information provided in the issue.
- The title indicates that there's an incorrect redirect happening after logout.
- The description states that users are redirected to the dashboard instead of the login page.

Step 2: Determine what essential information is missing from the issue report.
- Steps to reproduce the problem are not given. How can a developer replicate this issue?
- Expected behavior is not clearly stated. What should happen when a user logs out? Should they be redirected to the login page or another specific URL?
- Acceptance criteria are absent. What conditions must be met for the issue to be considered resolved?
- Affected components and environment details (e.g., browser, version of software) are missing.

Step 3: Evaluate if a developer can act on this issue without needing additional information.
Given the lack of detailed steps to reproduce, expected behavior, acceptance criteria, affected components, and environment details, it would be challenging for a developer to start working on resolving this issue effectively. They would likely need more context and specifics before they could begin addressing the problem.

Final Answer: Yes",d3771834cb8e4226,qwen2.5:14b,0,2026-06-08T19:06:02.350703+00:00
ISSUE-0073,Image resize #73,1,1,"Step 1: Identify the key information provided in the issue.
- The issue title mentions ""Image resize #73"".
- The description states that profile images are not resized or compressed upon upload, leading to slow page loads.

Step 2: Determine what essential information is missing from the issue report.
- Steps to reproduce the problem are not given. How can a developer know how to trigger this issue?
- Expected behavior is not clearly defined. What should happen when users upload profile images? Should they be automatically resized and compressed?
- Acceptance criteria are absent. How will developers know if the fix meets requirements?
- Affected components or environment details (e.g., browser, OS) are missing. Is this an issue across all platforms or specific to one?

Step 3: Evaluate whether a developer can act on this issue without needing additional information.
Given the lack of detailed steps for reproducing the problem and clear acceptance criteria, it would be challenging for developers to start working on this issue effectively.

Final Answer: Yes",c66b260d625ee627,qwen2.5:14b,0,2026-06-08T19:06:06.669853+00:00
ISSUE-0074,Filter not saving #74,1,1,"Step 1: Identify the key information provided in the issue.
- The title suggests that filters are not saving when navigating back to the list view.
- The description states that applied filters are reset upon returning to the list view.

Step 2: Determine what essential information is missing from the issue report.
- Steps to reproduce the problem are missing. Without these, it's unclear how a developer can replicate the issue.
- Expected behavior is not specified. It’s important to know what should happen when applying filters and navigating back to the list view.
- Acceptance criteria or conditions under which the issue would be considered resolved are absent.
- Affected components (e.g., specific UI elements, backend services) are not detailed.
- Environment details such as browser type, operating system, version numbers of software involved, etc., are missing.

Step 3: Evaluate if a developer can act on this issue without requesting additional information.
Given the lack of reproduction steps and expected behavior, it would be challenging for a developer to understand the full scope of the problem or how to verify its resolution. The absence of environment details also complicates troubleshooting efforts.

Final Answer: Yes",3407c58c8aaa93f9,qwen2.5:14b,0,2026-06-08T19:06:11.476297+00:00
ISSUE-0075,Audit log missing #75,0,1,"Step 1: Identify the key information provided in the issue.
- The issue title indicates that there's an issue with audit logs.
- The description states that admin actions are not being recorded in the audit log table.

Step 2: Determine what essential information is missing from the issue report.
- Steps to reproduce the problem are missing. Without these, it’s difficult for a developer to understand how to recreate and verify the issue.
- Expected behavior is not specified. It's unclear whether admin actions should be recorded in other places or if there was an expectation that they would always be logged in the audit log table.
- Acceptance criteria are absent. There's no clear definition of what needs to happen for this issue to be considered resolved.
- Environment details (such as which version of the software, operating system, database type) are not provided.

Step 3: Evaluate if a developer can act on this issue without needing additional information.
Given the lack of specific steps to reproduce, expected behavior, and environment details, it would be challenging for a developer to start working on this issue effectively. They would likely need more context before they could begin troubleshooting or fixing the problem.

Final Answer: Yes",9f96da47c0c24745,qwen2.5:14b,0,2026-06-08T19:06:16.468045+00:00
ISSUE-0076,Language switch broken #76,0,1,"Step 1: Identify the key information provided in the issue.
- The title indicates that switching languages mid-session causes an issue.
- The description states that after switching language and refreshing the page, it reverts to English.

Step 2: Determine what essential information is missing.
- Steps to reproduce the issue are not detailed. How exactly does one switch languages?
- Expected behavior is not clearly defined. What should happen when a user switches languages mid-session?
- Acceptance criteria are absent. What conditions must be met for this issue to be considered resolved?
- Affected components or specific parts of the software that cause this problem are not mentioned.
- Environment details (e.g., browser, operating system) are missing.

Step 3: Evaluate if a developer can act on this issue without additional information.
Given the lack of detailed steps and clear expectations, it would be challenging for a developer to reproduce or fix the issue effectively. More specific guidance is needed.

Final Answer: Yes",36d9f1ec47a92628,qwen2.5:14b,0,2026-06-08T19:06:20.628130+00:00
ISSUE-0077,Role permission #77,0,1,"Step 1: Identify the key information provided in the issue.
- The issue title mentions ""Role permission #77"".
- The description states that users with 'viewer' role can access admin endpoints via direct URL.

Step 2: Determine what essential information is missing from the issue.
- Steps to reproduce the issue are not provided. How exactly does a user with the 'viewer' role gain unauthorized access?
- Expected behavior is not specified. What should happen when a 'viewer' tries to access an admin endpoint?
- Acceptance criteria are absent. What conditions must be met for this issue to be considered resolved?
- Affected components and environment details (e.g., version numbers, operating systems) are missing.

Step 3: Evaluate if the developer can act on this issue without needing additional information.
Given the lack of detailed steps, expected behavior, acceptance criteria, and environmental context, a developer would likely need more information to effectively address this issue. Without these specifics, it's challenging for them to understand the full scope of the problem or how to verify its resolution.

Final Answer: Yes",7701782caf064a7e,qwen2.5:14b,0,2026-06-08T19:06:25.170841+00:00
ISSUE-0078,Broken link #78,0,1,"Step 1: Identify the key information provided in the issue.
- The issue title mentions ""Broken link #78"".
- The description states that there is a broken link on the page.

Step 2: Determine what essential information is missing from the issue report.
- Steps to reproduce the issue are not provided. This means it's unclear how to locate and verify the broken link.
- Expected behavior is not mentioned. It’s important to know what should happen when clicking the link (e.g., navigating to a specific page or resource).
- Acceptance criteria are missing, which would define what needs to be true for the issue to be considered resolved.
- Affected components are not specified. Is this an internal system link, external link, or something else?
- Environment details such as browser type and version, operating system, etc., are absent.

Step 3: Evaluate if a developer can act on this issue without needing additional information.
Given the lack of specific details about where to find the broken link, what should happen when it's clicked, and under which conditions or environments this occurs, a developer would likely need more information before they could effectively address the problem.

Final Answer: Yes",a5d2ad6ba2a0f1ca,qwen2.5:14b,0,2026-06-08T19:06:30.126568+00:00
ISSUE-0079,Chart rendering #79,0,1,"Step 1: Identify the key information provided in the issue.
- The issue title mentions ""Chart rendering #79"".
- The description states that a bar chart renders incorrectly when data contains negative values.

Step 2: Determine what essential information is missing from the issue.
- Steps to reproduce the problem are not given. How can someone replicate this issue?
- Expected behavior is not described. What should happen with negative values in the dataset?
- Acceptance criteria are absent. How will we know when the issue is fixed?
- Affected components or specific parts of the codebase are not mentioned.
- Environment details (e.g., browser, version, operating system) are missing.

Step 3: Evaluate if a developer can act on this issue without additional information.
Given the lack of detailed steps to reproduce, expected behavior, acceptance criteria, and environment specifics, it would be challenging for a developer to start working on this issue effectively. They would likely need more details before they could begin addressing the problem.

Final Answer: Yes",8a356b966d7d9cc4,qwen2.5:14b,0,2026-06-08T19:06:34.489138+00:00
ISSUE-0080,Delete confirmation #80,0,1,"Step 1: Identify the key information provided in the issue.
- The issue title suggests that it's about adding a confirmation dialog before deleting records permanently.
- The description is very brief and only mentions the need to add a confirmation dialog.

Step 2: Determine what essential information is missing.
- Steps to reproduce the scenario where this feature would be needed are not provided.
- Expected behavior after implementing the confirmation dialog is not described (e.g., what should happen if the user confirms or cancels).
- Acceptance criteria for when the issue can be considered resolved are absent.
- Affected components and environment details (such as which database, browser compatibility, etc.) are missing.

Step 3: Evaluate whether a developer can act on this issue without asking for more information.
- Given the lack of specific requirements like expected behavior or acceptance criteria, it would be challenging for a developer to implement this feature confidently. They would likely need clarification on how the confirmation dialog should function and what constitutes successful implementation.

Final Answer: Yes",70fedba5a321e98a,qwen2.5:14b,0,2026-06-08T19:06:38.778651+00:00
ISSUE-0081,Fix login bug #81,0,0,"Step 1: Identify the key information provided in the issue.
- The title mentions ""Fix login bug #81"".
- The description states that users cannot log in sometimes.

Step 2: Determine what essential information is missing from the issue.
- Steps to reproduce the issue are not provided. Without these, it's difficult for a developer to understand when and how the problem occurs.
- Expected behavior is not described. It’s unclear what should happen when a user tries to log in successfully.
- Actual behavior is vague (""users cannot log in sometimes""). This does not provide enough detail about the nature of the issue (e.g., error messages, specific conditions under which it happens).
- Acceptance criteria are missing. There's no clear definition of what constitutes a fix or how success will be measured.
- Affected components and environment details are absent. It’s unclear if this is an issue with the front-end, back-end, database, or something else.

Step 3: Evaluate whether a developer can act on this issue without additional information.
Given the lack of specific details about reproduction steps, expected vs actual behavior, acceptance criteria, affected components, and environment details, it would be challenging for a developer to start working on this issue effectively. They would likely need more",54e99139a9d8feb4,qwen2.5:14b,0,2026-06-08T19:06:43.914548+00:00
ISSUE-0082,Update UI #82,0,1,"Step 1: Identify the key information provided in the issue.
- The title suggests that it's about updating the UI.
- The description states ""The interface needs updating.""

Step 2: Determine what essential information is missing.
- Steps to reproduce the problem or need for update are not given.
- Expected behavior after the update is not specified.
- Acceptance criteria for when the issue is resolved are absent.
- Affected components of the UI that require updates are unclear.
- Environment details (e.g., browser, OS) where this needs to be addressed are missing.

Step 3: Evaluate if a developer can act on this issue without additional information.
- Given the lack of specific details about what exactly needs updating and how it should look after being updated, developers would likely need more context before they could start working on this task effectively.

Final Answer: Yes",e0fe655796fd8702,qwen2.5:14b,0,2026-06-08T19:06:47.681493+00:00
ISSUE-0083,Add export feature #83,1,1,"Step 1: Identify the key information provided in the issue.
- The user wants to add an export feature that allows data to be exported from the reports page to CSV format.

Step 2: Determine what essential information is missing.
- Steps to reproduce or trigger the export functionality are not specified.
- Expected behavior (e.g., which fields should be included, how the data should be formatted) is not detailed.
- Acceptance criteria for when this feature can be considered complete are absent.
- Affected components and environment details (such as browser requirements, server-side dependencies) are missing.

Step 3: Evaluate if a developer can act on this issue without additional information.
- Given the lack of specific details about how to implement or test the export functionality, developers would likely need more information before they could start working on it effectively.

Final Answer: Yes",baf733f42edb735b,qwen2.5:14b,0,2026-06-08T19:06:51.530620+00:00
ISSUE-0084,Performance issue #84,0,1,"Step 1: Identify the key information provided in the issue.
- The key information given is that ""the app is slow.""

Step 2: Determine what essential information is missing from the description.
- Steps to reproduce the issue are not mentioned. Without these, it's impossible for a developer to replicate and understand the problem.
- Expected behavior is not described. This would help in understanding how the application should perform ideally compared to its current state.
- Acceptance criteria are absent. These define what needs to be achieved to consider the issue resolved.
- Affected components or specific parts of the app that are slow are not detailed.
- Environment details such as operating system, device type, network conditions, etc., are missing.

Step 3: Assess whether a developer can act on this issue without needing additional information.
- Given the lack of specifics about how to reproduce the problem and what constitutes acceptable performance, it would be challenging for a developer to start working on this issue effectively. They would likely need more details before they could begin troubleshooting or fixing the issue.

Final Answer: Yes",333edd87f44cb4e0,qwen2.5:14b,0,2026-06-08T19:06:56.021868+00:00
ISSUE-0085,Null pointer exception #85,1,1,"Step 1: Identify the key information provided in the issue.
- The issue title mentions ""NullPointerException"".
- The description specifies that it occurs in UserService.java at line 142 when userId is null.

Step 2: Determine what essential information is missing from the issue report.
- Steps to reproduce the error are not given. Without these, developers cannot reliably recreate and test the problem.
- Expected behavior is not described. It's unclear how the system should behave when a user ID is null.
- Acceptance criteria for resolving this issue are absent. There’s no clear definition of what constitutes a fix or resolution.
- Environment details (such as operating system, Java version, database type) are missing. This information could be crucial to understand if there's an environment-specific cause or workaround.

Step 3: Evaluate whether the provided information is sufficient for developers to act on this issue without needing additional clarification.
Given that reproduction steps and expected behavior are not specified, it would likely require further investigation by a developer before they can effectively address the problem. The lack of these details means there's ambiguity about how to proceed with fixing or testing the issue.

Final Answer: Yes",b6a60a4056f6cac9,qwen2.5:14b,0,2026-06-08T19:07:00.842471+00:00
ISSUE-0086,Search not working #86,1,1,"Step 1: Identify the key information provided in the issue.
- The title mentions ""Search not working.""
- The description states that ""Search returns no results.""

Step 2: Determine what essential information is missing.
- Steps to reproduce the issue are missing. How can a developer replicate this problem?
- Expected behavior is not specified. What should happen when someone performs a search?
- Acceptance criteria are absent. How will we know if the issue has been resolved?
- Affected components or environment details (e.g., browser, version of software) are not provided.

Step 3: Evaluate whether a developer can act on this issue without additional information.
Given the lack of detailed steps to reproduce and expected behavior, it would be challenging for a developer to understand the full scope of the problem and how to fix it. The absence of environment details also complicates troubleshooting efforts.

Final Answer: Yes",1735b7bd06d31932,qwen2.5:14b,0,2026-06-08T19:07:04.662036+00:00
ISSUE-0087,Add dark mode #87,0,1,"Step 1: Identify the key information provided in the issue.
- The title suggests adding dark mode functionality to the application.
- The description mentions implementing a toggle switch in settings and storing user preference using localStorage.

Step 2: Determine what essential information is missing from the issue.
- Steps to reproduce or how to test the feature are not mentioned.
- Expected behavior after toggling dark mode (e.g., changes in UI elements, contrast adjustments) is not specified.
- Acceptance criteria for when this task can be considered complete are absent.
- Affected components and their interactions with other parts of the application are unclear.
- Environment details such as browser compatibility or specific operating systems where this feature should work are missing.

Step 3: Evaluate if a developer can act on this issue without needing additional information.
Given the lack of detailed requirements, acceptance criteria, testing instructions, and environment specifics, it would be challenging for a developer to implement dark mode confidently. They might need clarification on how exactly the UI should change when switching modes, which components are involved, and what constitutes successful implementation.

Final Answer: Yes",2398474c49792d43,qwen2.5:14b,0,2026-06-08T19:07:09.201738+00:00
ISSUE-0088,Crash on startup #88,0,1,"Step 1: Identify the key information provided in the issue.
- The title indicates that the app crashes when opened.
- The description is very brief and only states ""App crashes when opened.""

Step 2: Determine what essential information is missing.
- Steps to reproduce the issue are not provided. How can a developer know how to trigger this crash?
- Expected behavior is not mentioned. What should happen instead of crashing? Is there an error message or any other indication before the crash occurs?
- Acceptance criteria are absent. How will developers know when they have fixed the problem?
- Affected components are not specified. Which part(s) of the application might be causing this issue?
- Environment details (operating system, version of the app, device model, etc.) are missing. Is this a widespread issue or specific to certain environments?

Step 3: Evaluate if a developer can act on this issue without asking for more information.
Given the lack of detailed information about how to reproduce the issue and what is expected from the application when it starts up correctly, developers would likely need additional details before they could effectively address the problem.

Final Answer: Yes",a3f9b04ae482646f,qwen2.5:14b,0,2026-06-08T19:07:14.145625+00:00
ISSUE-0089,Email validation #89,1,1,"Step 1: Identify the key information provided in the issue.
- The issue title mentions ""Email validation #89"".
- The description states that email format should be validated during registration and inline error messages should appear if the format is incorrect.

Step 2: Determine what essential information is missing from the issue.
- Steps to reproduce the problem or how to test the feature are not provided.
- Expected behavior (what exactly should happen when an invalid email is entered) is not detailed.
- Acceptance criteria for validation and error messages are not specified.
- Affected components (which part of the system handles this, e.g., frontend form submission or backend validation logic) are unclear.
- Environment details (operating systems, browsers, etc.) where this should work are missing.

Step 3: Evaluate if a developer can act on this issue without needing additional information.
Given the lack of specific steps to reproduce, expected behavior, acceptance criteria, and environment details, it would be challenging for a developer to implement or test this feature effectively. More detailed requirements are necessary before proceeding with development.

Final Answer: Yes",0e9340955206d524,qwen2.5:14b,0,2026-06-08T19:07:18.723768+00:00
ISSUE-0090,Database timeout #90,1,1,"Step 1: Identify the key information provided in the issue.
- The issue title indicates that it's about database timeouts.
- The description states that DB queries timeout after 30 seconds under heavy load with over 500 concurrent users.

Step 2: Determine what essential information is missing.
- Steps to reproduce the issue are not given. How can a developer recreate this scenario?
- Expected behavior is not mentioned. What should happen instead of the query timing out?
- Acceptance criteria are absent. How will we know when the problem is fixed?
- Affected components are not detailed beyond mentioning DB queries, but no specific component or module names.
- Environment details such as database type (MySQL, PostgreSQL), server configuration, network conditions, etc., are missing.

Step 3: Evaluate if a developer can act on this issue without additional information.
Given the lack of reproduction steps and expected behavior, it would be challenging for a developer to start working on this issue effectively. They would need more details about how to reproduce the problem and what the desired outcome should look like in order to address it properly.

Final Answer: Yes",c5e353fc6572b7d1,qwen2.5:14b,0,2026-06-08T19:07:23.393895+00:00
ISSUE-0091,Missing error handling #91,0,1,"Step 1: Identify the key information provided in the issue.
- The title mentions ""Missing error handling #91"".
- The description states ""Handle errors properly.""

Step 2: Determine what essential information is missing.
- Steps to reproduce the problem are not given.
- Expected behavior after implementing proper error handling is not specified.
- Actual behavior before any changes are made is not described.
- Affected components or specific parts of the code that need error handling are not mentioned.
- Environment details (e.g., operating system, programming language version) are missing.

Step 3: Evaluate if a developer can act on this issue without asking for more information.
Given the lack of detailed steps to reproduce, expected behavior, and other critical details, it would be challenging for a developer to understand exactly what needs to be done or how to verify that the issue is resolved. The description does not provide enough context for a developer to start working on the problem effectively.

Final Answer: Yes",33cb974fc79df383,qwen2.5:14b,0,2026-06-08T19:07:27.607219+00:00
ISSUE-0092,API rate limiting #92,0,0,"Step 1: Identify the key information provided in the issue.
- The issue title mentions ""API rate limiting.""
- The description specifies implementing rate limiting of 100 requests per minute per API key and returning a 429 response when exceeded.

Step 2: Determine what essential information is missing.
- Steps to reproduce the problem are not given since this is more about feature implementation rather than reporting an issue. However, for development purposes, it would be helpful to have examples of how the rate limiting should work in different scenarios (e.g., making exactly 100 requests per minute, slightly over or under).
- Expected behavior beyond just returning a 429 response is not detailed.
- Acceptance criteria are missing. For example, what happens if there's no API key? What about edge cases like sudden spikes in traffic?
- Affected components and environment details (like which APIs this applies to, server configurations) are not specified.

Step 3: Evaluate whether a developer can act on the issue without additional information.
Given the lack of detailed acceptance criteria, specific scenarios for testing, and environmental context, it would be challenging for a developer to fully understand all requirements and potential edge cases. This could lead to incomplete or incorrect implementation.

Final Answer",988bbf33772e521d,qwen2.5:14b,0,2026-06-08T19:07:32.794602+00:00
ISSUE-0093,Button color #93,1,1,"Step 1: Identify the key information provided in the issue.
- The title mentions ""Button color #93"", which suggests there might be an existing button with a specific ID or reference number.
- The description states, ""Change the button color.""

Step 2: Determine what essential information is missing from the issue.
- Steps to reproduce the problem (if it's about fixing an issue) are not provided. However, since this seems like a feature request rather than a bug report, reproduction steps might not be necessary.
- Expected behavior after changing the button color is not specified. Is there a specific shade or hex code for the new color?
- Acceptance criteria to verify when the change has been successfully implemented are missing.
- Affected components (which part of the application this button belongs to) are unclear.
- Environment details such as browser compatibility, operating system requirements, etc., are not mentioned.

Step 3: Evaluate if a developer can act on this issue without needing additional information.
Given the lack of specific details about what color should be used and where exactly in the application this change is needed, it would be challenging for a developer to proceed with implementing this request accurately. They would likely need more context or clarification before starting work.

Final Answer: Yes",90e79e04dab687ce,qwen2.5:14b,0,2026-06-08T19:07:37.981122+00:00
ISSUE-0094,Memory leak #94,0,1,"Step 1: Identify the key information provided in the issue.
- The issue title indicates it's about a memory leak.
- The description states that memory usage grows unbounded over 24 hours in the background sync service.

Step 2: Determine what essential information is missing.
- Steps to reproduce the issue are not provided. Without these, developers cannot reliably recreate and test potential fixes.
- Expected behavior is not specified. Developers need to know how much memory should be used under normal conditions or if there's a specific threshold that shouldn't be exceeded.
- Acceptance criteria for resolving this issue are missing. This would help in verifying whether the fix meets the requirements.
- Affected components other than the background sync service might also be relevant, but they aren't mentioned here.
- Environment details such as operating system version, hardware specifications, or software versions are not provided.

Step 3: Evaluate if a developer can act on this issue without asking for more information.
Given the lack of specific reproduction steps and expected behavior, it would be challenging for developers to start working on this issue effectively. They would likely need additional details before they could begin addressing the problem.

Final Answer: Yes",3aac3b0918988be9,qwen2.5:14b,0,2026-06-08T19:07:42.873025+00:00
ISSUE-0095,Update docs #95,0,1,"Step 1: Identify the key information provided in the issue.
- The title mentions ""Update docs #95"".
- The description states that ""Documentation is outdated.""

Step 2: Determine what essential information is missing.
- Steps to reproduce the problem are not given since it's about documentation being outdated, but there should be specific areas or sections of the documentation mentioned as outdated.
- Expected vs actual behavior is not provided. There’s no clear statement on what the current state of the documentation looks like compared to what it should look like.
- Acceptance criteria are missing. It’s unclear how one would know when this issue has been resolved satisfactorily.
- Affected components or environment details are absent. The description does not specify which parts of the documentation need updating, nor does it provide any context about the environment in which these documents exist.

Step 3: Evaluate if a developer can act on this issue without needing additional information.
Given the lack of specific details such as which sections of the documentation are outdated and what the expected state should be after updates, a developer would likely need more information to proceed effectively with resolving this issue.

Final Answer: Yes",3c614b67cc17a2a0,qwen2.5:14b,0,2026-06-08T19:07:47.683310+00:00
ISSUE-0096,File upload fails #96,0,1,"Step 1: Identify the key information provided in the issue.
- The issue title indicates that file uploads larger than 10MB fail.
- The description specifies that an HTTP 413 error occurs when uploading files to the /upload endpoint.

Step 2: Determine what essential information is missing.
- Steps to reproduce the issue are not provided. It's unclear how exactly one would trigger this error.
- Expected behavior is not described. What should happen when a user tries to upload a file larger than 10MB?
- Acceptance criteria for resolving the issue are absent. How will we know if the problem has been fixed?
- Environment details (e.g., operating system, browser version, server configuration) are missing.
- Affected components or dependencies are not mentioned.

Step 3: Evaluate whether a developer can act on this issue without additional information.
Given the lack of detailed steps to reproduce and environment specifics, it would be challenging for a developer to diagnose and fix the problem effectively. The absence of expected behavior also complicates understanding what constitutes an acceptable solution.

Final Answer: Yes",c566d451c2dec0ed,qwen2.5:14b,0,2026-06-08T19:07:52.307551+00:00
ISSUE-0097,Wrong total #97,0,1,"Step 1: Identify the key information provided in the issue.
- The total amount displayed in the cart is incorrect.

Step 2: Determine what essential information is missing from the issue report.
- Steps to reproduce the problem are not given. Without these, it's impossible for a developer to replicate and understand the issue.
- Expected behavior is not specified. It’s unclear what the correct total should be or how it differs from the current incorrect total.
- Acceptance criteria are absent. There's no clear definition of when this issue would be considered resolved.
- Affected components are not detailed. The specific part of the application (e.g., backend API, frontend JavaScript) that calculates and displays the cart total is unknown.
- Environment details such as browser type, operating system, or any other relevant technical specifications are missing.

Step 3: Evaluate if a developer can act on this issue without needing additional information.
Given the lack of detailed steps to reproduce, expected behavior, acceptance criteria, affected components, and environment details, it would be challenging for a developer to start working on resolving this issue effectively. They would likely need more context before they could begin troubleshooting.

Final Answer: Yes",7ed7978a0707d62b,qwen2.5:14b,0,2026-06-08T19:07:57.187494+00:00
ISSUE-0098,Session expiry #98,1,1,"Step 1: Identify the key information provided in the issue.
- The issue title mentions ""Session expiry.""
- The description states that automatic session expiry should occur after 30 minutes of inactivity with a warning dialog.

Step 2: Determine what essential information is missing from the issue.
- Steps to reproduce the problem or how to test the feature are not provided.
- Expected behavior beyond the general statement about session expiry and a warning dialog is lacking. For example, details on when exactly the warning dialog should appear (e.g., after 15 minutes of inactivity) or what message it should display.
- Acceptance criteria for testing the implementation are missing.
- Affected components such as which parts of the application will be impacted by this change are not specified.
- Environment details like browser compatibility, operating system requirements, etc., are absent.

Step 3: Evaluate if a developer can act on this issue without needing additional information.
Given the lack of specific details about how to implement and test the feature, as well as missing acceptance criteria and environment specifics, it would be challenging for a developer to proceed confidently with implementing this requirement. They would likely need clarification or further instructions.

Final Answer: Yes",9768f68319359db3,qwen2.5:14b,0,2026-06-08T19:08:02.213387+00:00
ISSUE-0099,Fix typo #99,0,1,"Step 1: Identify the key information provided in the issue.
- The title mentions ""Fix typo #99"".
- The description states there is a typo somewhere.

Step 2: Determine what essential information is missing.
- Steps to reproduce the issue are not provided. There's no specific location or context for where the typo exists.
- Expected behavior is not mentioned. It’s unclear what should be corrected since the nature of the typo isn't specified.
- Acceptance criteria are absent, meaning there's no clear way to verify if the fix has been applied correctly.
- Affected components and environment details are missing. There's no information about where this typo appears (e.g., in code, documentation, UI) or what version it affects.

Step 3: Evaluate whether a developer can act on this issue without additional information.
Given the lack of specific details, a developer would need more information to locate and correct the typo effectively. Without knowing exactly where the typo is located or how it should be corrected, the task cannot be completed accurately.

Final Answer: Yes",c6b897480e93c02b,qwen2.5:14b,0,2026-06-08T19:08:06.709909+00:00
ISSUE-0100,Pagination broken #100,0,1,"Step 1: Identify the key information provided in the issue.
- The title indicates that pagination does not work when applying filters to the user management table.

Step 2: Determine what essential information is missing from the description.
- Steps to reproduce the issue are missing. How exactly should one apply a filter and observe the broken pagination?
- Expected behavior is not specified. What should happen normally with pagination after applying a filter?
- Acceptance criteria are absent, making it unclear how to verify if the issue has been resolved.
- Affected components or environment details (e.g., browser type, version of software) are missing.

Step 3: Evaluate whether a developer can act on this issue without additional information.
Given the lack of detailed steps and expected behavior, a developer would likely need more specifics before they could effectively reproduce and address the problem. Without knowing how to replicate the issue or what constitutes correct functionality, it's challenging for them to start working on a solution.

Final Answer: Yes",198388d0823e07de,qwen2.5:14b,0,2026-06-08T19:08:10.884425+00:00
