issue_id,title,ground_truth,prediction,raw_response,prompt_hash,model_version,temperature,timestamp_utc,project,input_mode,task,strategy
ISSUE-2087,CLI error when not specifying module type in module commands is cryptic an not helpful,0,1,"Let's break it down:

1. The issue title conveys that there is an error in the Command Line Interface (CLI) when not specifying the module type in certain commands, and this error message is unclear.
2. The title does not suggest missing reproduction steps, expected behaviour, or context. It implies a specific situation where an error occurs, but it doesn't provide details on how to reproduce the issue or what the expected outcome should be.
3. While the title provides some context about the CLI and module commands, it is unlikely that a developer can fully understand the scope of the issue from this title alone. The title hints at a problem with error messages, but it does not provide enough information for a developer to start investigating or fixing the issue.

Considering these points, I would conclude that the issue title suggests the issue is INCOMPLETE because it lacks essential details such as steps to reproduce, expected vs actual behaviour, and acceptance criteria.

Final Answer: Yes",3c22e45a937a864c,llama3.1:8b,0,2026-06-16T22:54:21.642434,project_01,title_only,incompleteness,cot
ISSUE-2338,Error in correlation strategy in aggregator.xml,1,0,"To determine whether the issue is INCOMPLETE, let's analyze it step by step:

1. **What information does this title convey?**
   - The title mentions an ""Error"" which implies there's something not as expected.
   - It specifically points to a problem in the ""correlation strategy"" within a file named ""aggregator.xml"".

2. **Does the title suggest missing reproduction steps, expected behaviour, or context?**
   - There is no mention of how to reproduce the error, which could be crucial for understanding and fixing the issue.
   - The title does not explicitly state what the expected behavior should be versus what actually happens.
   - It lacks any information about acceptance criteria, affected components, or environment details.

3. **Can a developer understand the full scope from the title alone?**
   - While the title gives some context by mentioning ""aggregator.xml"" and an error in the correlation strategy, it does not provide enough detail for a developer to fully understand the issue without further investigation.
   - The lack of specific details about what is expected versus actual behavior makes it difficult to assess the full scope of the problem.

Given these considerations, the issue title suggests that essential information (such as steps to reproduce, expected vs. actual behaviour) is",e4c118658502e059,llama3.1:8b,0,2026-06-16T22:54:24.726105,project_01,title_only,incompleteness,cot
ISSUE-0972,deploy-working-dir is set to to root directory when container is started as service,0,0,"Let's analyze the issue title step by step:

1. The title conveys that there is an issue with the ""deploy-working-dir"" setting being set to the root directory when a container is started as a service.
2. The title does not suggest missing reproduction steps, expected behavior, or context. It appears to be a clear statement of a problem.
3. Based on this title alone, it's likely that a developer can understand the full scope of the issue, which seems to be related to incorrect configuration or settings when starting a container as a service.

However, upon closer inspection, I notice that the title mentions ""deploy-working-dir is set to **to** root directory"". The word ""to"" seems out of place and might indicate a typo. This could suggest that there's missing information or context in the issue title itself (e.g., what exactly is being deployed, or what are the expected settings).

Considering this analysis, I would say:

Final Answer: No",3da97f3dd3d0f6b9,llama3.1:8b,0,2026-06-16T22:54:27.282201,project_01,title_only,incompleteness,cot
ISSUE-2665,Spike to model the cluster nodes.,1,0,"Let's break it down:

1. The issue title ""Spike to model the cluster nodes"" conveys that the goal is to create a prototype or proof-of-concept for modeling cluster nodes, but it doesn't provide any context about what this spike is intended to achieve or how it will be used.
2. The title does not suggest missing reproduction steps, expected behaviour, or context. In fact, it's quite specific and focused on the task at hand.
3. While a developer might have some idea of what ""spiking"" means in Agile development (i.e., creating a quick prototype to explore an idea), they would likely need more information about the cluster nodes, their purpose, and how this spike fits into the larger project goals.

However, upon closer inspection, I realize that the title does not explicitly mention any missing essential information. It's actually quite clear what the task is: create a prototype for modeling cluster nodes. The issue might be that it lacks context or scope, but that doesn't necessarily make it INCOMPLETE in terms of the required information.

Final Answer: No",84fb6e58ca12bcd2,llama3.1:8b,0,2026-06-16T22:54:30.066164,project_01,title_only,incompleteness,cot
ISSUE-1414,Rename metrics repositories setValue(x,1,0,"Let's break down the issue title ""Rename metrics repositories setValue(x"":

1. The title conveys that there is an intention to rename something related to metrics repositories and setValue(x), but it doesn't provide any context about what setValue(x) refers to or why renaming is necessary.
2. There's no indication of missing reproduction steps, expected behavior, or context in the title itself. It seems more like a high-level instruction rather than a description of an issue.
3. A developer might be able to infer that there's some kind of refactoring or renaming task involved, but they would likely need additional information (such as what setValue(x) is and why it needs to be renamed) to fully understand the scope.

Given these observations, I'd say the title suggests a high-level instruction rather than an issue description. It lacks essential details that would typically be found in a complete issue report.

Final Answer: No",0d706989de0f83f5,llama3.1:8b,0,2026-06-16T22:54:32.487177,project_01,title_only,incompleteness,cot
ISSUE-0394,Tasks Launcher should be able to record status to a central repository,0,1,"Let's break it down:

1. The issue title conveys that there is a requirement for the Tasks Launcher to record status to a central repository. It mentions a specific feature and its intended functionality.
2. There is no indication of missing reproduction steps, expected behavior, or context in this title. It does not suggest what should happen when the status is recorded, how it should be recorded, or any other details that might be necessary for implementation.
3. While a developer may have some understanding of the feature and its purpose from the title alone, they would likely need more information to fully understand the scope and requirements of this feature.

Based on these observations, I conclude that the issue is INCOMPLETE because it lacks essential information such as steps to reproduce, expected vs actual behavior, acceptance criteria, affected components, or environment details.

Final Answer: Yes",e3b6f9c221774e1c,llama3.1:8b,0,2026-06-16T22:54:34.793026,project_01,title_only,incompleteness,cot
ISSUE-2850,Richer module options metadata,1,1,"To determine whether the issue is INCOMPLETE, let's analyze it step by step:

1. The information conveyed in this title is about ""Richer module options metadata."" This suggests that the issue might be related to enhancing or improving how metadata for module options are handled within a system, possibly an application or software framework.

2. Upon closer inspection, there's no indication of missing reproduction steps (how to replicate the issue), expected vs actual behavior, acceptance criteria, affected components, or environment details in the title itself. The focus is on what appears to be a feature enhancement or improvement rather than a defect report.

3. While it might be possible for someone familiar with the system and its architecture to infer some context from ""Richer module options metadata,"" such as possibly improving user interface elements or data storage, the title alone does not provide enough information for a developer to fully understand the scope of work required without additional details.

Given these considerations, the issue seems to lack essential information that would typically be included in a complete software issue report. Therefore:

Final Answer: Yes",d2b9374a659da8c9,llama3.1:8b,0,2026-06-16T22:54:37.551553,project_01,title_only,incompleteness,cot
ISSUE-0549,Port FTP as s-c-s source module,1,1,"Let's analyze the issue title step by step:

1. The title ""Port FTP as s-c-s source module"" conveys that it is about porting the File Transfer Protocol (FTP) functionality into a specific component or system, but it doesn't provide any context on why this needs to be done.
2. There is no indication of missing reproduction steps, expected behavior, or context in the title itself. It seems to be more of a high-level requirement or task rather than an issue with specific details.
3. While a developer might understand that this is about integrating FTP functionality into a system, they would likely need additional information to fully comprehend the scope and requirements of the task.

Based on these observations, I conclude that the issue title suggests the issue is INCOMPLETE because it lacks essential information such as steps to reproduce, expected vs actual behavior, acceptance criteria, affected components, or environment details.

Final Answer: Yes",914e46011067409d,llama3.1:8b,0,2026-06-16T22:54:39.945801,project_01,title_only,incompleteness,cot
ISSUE-2979,Change url to access UI from browser,0,1,"Let's break it down:

1. The issue title ""Change url to access UI from browser"" conveys that there is a need to modify the URL for accessing the user interface through a web browser.
2. The title does not suggest missing reproduction steps, expected behavior, or context. It appears to be a straightforward request for a change.
3. A developer can understand the basic intent of the issue from the title alone, but it lacks essential information such as:
	* Steps to reproduce the current issue (if any)
	* Expected vs actual behavior
	* Acceptance criteria
	* Affected components
	* Environment details

Given that the title is missing some of these essential pieces of information, I would conclude:

Final Answer: Yes",3aee1d2b9923c6d3,llama3.1:8b,0,2026-06-16T22:54:42.033275,project_01,title_only,incompleteness,cot
ISSUE-0714,Add Logging to ZooKeeperContainerRepository,1,0,"Let's break it down:

1. The issue title ""Add Logging to ZooKeeperContainerRepository"" conveys that there is a requirement to add logging functionality to a specific component, namely the ZooKeeperContainerRepository.
2. The title does not suggest missing reproduction steps, expected behaviour, or context. It appears to be a straightforward functional request.
3. A developer can likely understand the full scope from the title alone: they know what needs to be done (add logging), where it needs to be done (ZooKeeperContainerRepository), and possibly even why (implied by the need for logging).

Given this analysis, I would conclude that the issue is not INCOMPLETE. The title provides sufficient information for a developer to understand the requirement.

Final Answer: No",51fb4548975379f6,llama3.1:8b,0,2026-06-16T22:54:44.146726,project_01,title_only,incompleteness,cot
ISSUE-1907,DefaultContainerMatcher - Improve Logging and mention affected Module,0,1,"Let's break down the issue title:

1. The title mentions ""DefaultContainerMatcher"", which suggests that it is related to a specific component or module in the software.
2. It asks for improvement of logging, which implies that there might be some issues with the current logging mechanism.
3. Additionally, it mentions an affected module, which provides some context about where the issue lies.

However, upon closer inspection, I notice that:

* There is no mention of steps to reproduce the issue.
* The expected vs actual behaviour is not explicitly stated.
* Acceptance criteria are not mentioned.
* Environment details are not provided.

Given this analysis, while the title does provide some context and information about the affected module, it still seems to be missing essential details that would allow a developer to fully understand the scope of the issue. Therefore:

Final Answer: Yes",5a2a75c0c44528a7,llama3.1:8b,0,2026-06-16T22:54:46.409677,project_01,title_only,incompleteness,cot
ISSUE-1146,http-client Improvement (userDefinedHeaderPrefix),1,1,"Let's break down the issue title:

1. The title ""http-client Improvement"" conveys that it is related to an improvement in the http-client functionality.
2. There is no indication of missing reproduction steps, expected behaviour, or context in the title itself. It does not mention anything about what is happening or how to reproduce the issue.
3. While a developer might be able to infer some general information from the title (e.g., it's related to http-client), they would likely need more context and details to fully understand the scope of the improvement.

Based on these observations, I conclude that the issue title suggests the issue is INCOMPLETE because it lacks essential information such as steps to reproduce, expected vs actual behaviour, acceptance criteria, affected components, or environment details.

Final Answer: Yes",ab236696dd2c82ad,llama3.1:8b,0,2026-06-16T22:54:48.593145,project_01,title_only,incompleteness,cot
ISSUE-3079,Deploy a new job module *after* XD-singlenode container has started.,0,0,"Let's analyze the issue title step by step:

1. The title conveys that there is a requirement to deploy a new job module after a specific condition is met (XD-singlenode container has started). It mentions a specific action (deploy) and a trigger (after XD-singlenode container has started).
2. The title does not explicitly mention steps to reproduce, expected vs actual behaviour, or acceptance criteria. However, it provides context about the environment (XD-singlenode container) and the timing of the deployment.
3. While the title is concise, a developer can understand the basic requirement from the title alone: deploy a new job module after the XD-singlenode container has started.

However, upon closer inspection, I notice that the title does not explicitly mention what happens if the deployment fails or what constitutes successful deployment (acceptance criteria). It also doesn't specify which components are affected by this deployment. 

But considering the context and the information provided in the title, it seems like a developer can infer some of the essential details from the title alone.

Final Answer: No",66704b10d2ec020e,llama3.1:8b,0,2026-06-16T22:54:51.450928,project_01,title_only,incompleteness,cot
ISSUE-0367,Spike: Study scope to add support for hdfs commands in shell,1,0,"Let's break it down:

1. The issue title ""Spike: Study scope to add support for hdfs commands in shell"" conveys that this is an exploratory task, likely to determine feasibility or requirements for adding support for HDFS commands in a shell environment.
2. There is no indication of missing reproduction steps, expected behavior, or context in the title itself. It's more focused on the purpose and scope of the investigation.
3. While a developer might be able to infer some context from the title (e.g., it involves adding support for HDFS commands), they would likely need additional information to fully understand the scope and requirements.

However, considering that this is labeled as a ""Spike"", which typically implies an exploratory or research task, I wouldn't immediately classify it as INCOMPLETE. The title does provide some context about the purpose of the investigation, even if it's not exhaustive.

Final Answer: No",7276bd58302f21cf,llama3.1:8b,0,2026-06-16T22:54:53.899839,project_01,title_only,incompleteness,cot
ISSUE-3374,Documentation for AggregateCounter,1,1,"Let's break it down:

1. The issue title ""Documentation for AggregateCounter"" conveys that there is something related to documentation and an entity called ""AggregateCounter"".
2. There is no indication of missing reproduction steps, expected behaviour, or context in the title.
3. From the title alone, a developer can infer that there might be some issues with the documentation of the AggregateCounter component, but they cannot understand the full scope without further information.

However, considering the task at hand, I would say that this issue title is likely missing essential information such as steps to reproduce or expected vs actual behaviour. The focus on ""Documentation"" suggests that the issue might be related to how something should work, rather than what it does currently.

Final Answer: Yes",bea162077f92f61e,llama3.1:8b,0,2026-06-16T22:54:55.984987,project_01,title_only,incompleteness,cot
ISSUE-0460,First deploy/launch of Pig job that includes yarn-site.xml file fails,0,1,"Let's break it down:

1. The issue title conveys that there is a problem with deploying/launching a Pig job that includes a yarn-site.xml file.
2. The title does not suggest missing reproduction steps, expected behavior, or context. It implies that the issue occurs during deployment/launch, but it doesn't provide any details on how to reproduce the issue, what the expected behavior is, or any relevant context such as environment details.
3. Based on this title alone, a developer may have some idea of the problem domain (Pig job deployment), but they would likely need additional information to fully understand the scope and requirements of the issue.

Given that the title lacks essential information like steps to reproduce, expected vs actual behavior, acceptance criteria, affected components, or environment details, I conclude:

Final Answer: Yes",42878fb95e1b21c2,llama3.1:8b,0,2026-06-16T22:54:58.284262,project_01,title_only,incompleteness,cot
ISSUE-0456,Refactor Task parsing,1,1,"Let's break it down:

1. The issue title ""Refactor Task parsing"" conveys that there is a need to improve or restructure the code related to task parsing, but it doesn't provide any specific details about what needs to be improved.
2. The title does not suggest missing reproduction steps, expected behaviour, or context. It's more focused on the action of refactoring rather than describing a problem.
3. While a developer might have some idea of what ""Task parsing"" refers to, they would likely need additional information to fully understand the scope and requirements of the refactor.

Given these points, I would conclude that the issue title suggests the issue is INCOMPLETE because it lacks essential details such as steps to reproduce, expected vs actual behaviour, acceptance criteria, affected components, or environment details.

Final Answer: Yes",b783905d57748b12,llama3.1:8b,0,2026-06-16T22:55:00.554451,project_01,title_only,incompleteness,cot
ISSUE-3038,Add Spring XD Build Plan for Java 8 to Bamboo,0,1,"Let's break it down:

1. The issue title conveys that there is a request to add a build plan for Spring XD with Java 8 in Bamboo. It mentions specific technologies and tools, but does not provide any context or details about the problem.
2. There is no indication of missing reproduction steps, expected behavior, or context in the title. It appears to be a straightforward request for a new feature or configuration.
3. While a developer may understand the general scope from the title alone (i.e., adding a build plan), they would likely need more information to fully comprehend the requirements and potential implications.

However, upon closer inspection, I notice that the issue title does not explicitly mention any of the essential information typically required for a complete software requirement. It lacks details about steps to reproduce, expected vs actual behavior, acceptance criteria, affected components, or environment details.

Therefore, based on the provided analysis:

Final Answer: Yes",ac8f036e3fa4acd1,llama3.1:8b,0,2026-06-16T22:55:03.000913,project_01,title_only,incompleteness,cot
ISSUE-0976,Create a gpload batch job,1,1,"Let's analyze the issue title step by step:

1. The title ""Create a gpload batch job"" conveys a high-level requirement for creating a specific type of job, but it doesn't provide any context or details about what this job is supposed to do.
2. The title does not suggest missing reproduction steps, expected behavior, or context. It's more focused on the task of creating something rather than describing its functionality or behavior.
3. While a developer might be able to infer some general information from the title (e.g., it's related to gpload), they would likely need additional details to fully understand the scope and requirements of this job.

Based on these observations, I conclude that the issue is INCOMPLETE because essential information such as steps to reproduce, expected vs actual behavior, acceptance criteria, affected components, or environment details are not provided in the title.

Final Answer: Yes",5c4335252d7b95fb,llama3.1:8b,0,2026-06-16T22:55:05.418000,project_01,title_only,incompleteness,cot
ISSUE-1548,Document the configuration of the JobRepository,0,0,"Let's analyze the issue title:

1. The title ""Document the configuration of the JobRepository"" conveys that it is related to documentation and configuration of a specific component (JobRepository). It does not provide any information about steps to reproduce, expected vs actual behavior, or context.
2. There is no indication in the title that suggests missing reproduction steps, expected behavior, or context. The focus is on documenting a configuration, which implies it's more related to knowledge management than a specific issue with the system.
3. While a developer might be able to infer some context (e.g., they know what JobRepository is), they would likely need additional information to fully understand the scope of the task.

However, considering the title alone, I don't see any essential information missing that would make it INCOMPLETE in terms of reproduction steps, expected behavior, or context. It's more about a documentation request rather than an issue report.

Final Answer: No",97884fc7f581ebe4,llama3.1:8b,0,2026-06-16T22:55:07.907531,project_01,title_only,incompleteness,cot
ISSUE-1672,Add Basic Auth support,1,1,"Let's break it down:

1. The issue title ""Add Basic Auth support"" conveys that the feature request is to add basic authentication support to an application.
2. There is no indication of missing reproduction steps, expected behavior, or context in this title. It simply states what needs to be done without providing any additional information about how it should work or under what conditions.
3. While a developer might infer some context from the title (e.g., that it's related to security), they would likely need more information to fully understand the scope of the request, such as how basic auth will be implemented and integrated with existing systems.

Given these points, I conclude that the issue is INCOMPLETE because essential information like steps to reproduce, expected vs actual behavior, acceptance criteria, affected components, or environment details are not provided in the title. 

Final Answer: Yes",d09af5ae8fdaafd3,llama3.1:8b,0,2026-06-16T22:55:10.234497,project_01,title_only,incompleteness,cot
ISSUE-1002,Remove Reactor Stream processor from ref docs to spring-xd-modules,0,1,"To determine if the issue is INCOMPLETE, let's analyze the given title step-by-step:

1. **Information Conveyed**: The title suggests an action related to removing a specific component (""Reactor Stream processor"") from documentation (""ref docs""). It also mentions its relation to another module (""spring-xd-modules"").

2. **Missing Information**: Upon reviewing the title, it does not explicitly mention steps to reproduce, expected vs actual behavior, acceptance criteria, affected components (beyond what's mentioned), or environment details. The focus is on a specific action related to documentation and modules.

3. **Understanding Scope from Title Alone**: While the title provides enough context for understanding that there's an issue with documentation regarding a module, it does not provide detailed steps, expected outcomes, or acceptance criteria. It seems more like a directive or a request rather than a comprehensive description of a problem.

Given these considerations, while the title is clear about what needs to be done (removing something from documentation), it lacks essential details that would typically accompany an issue report for developers to fully understand and address the issue effectively.

**Final Answer: Yes**",09369ac1a481e003,llama3.1:8b,0,2026-06-16T22:55:13.067279,project_01,title_only,incompleteness,cot
ISSUE-0927,Add support to deploy stream in a single container,0,1,"Let's break it down:

1. The issue title ""Add support to deploy stream in a single container"" conveys that the user wants to add functionality to deploy a stream within a single container, but it doesn't provide any context or details about how this should work.
2. The title does not suggest missing reproduction steps (it's more of an addition than a bug), expected behavior (the desired outcome is not explicitly stated), or context (environment, affected components, etc.) are not mentioned.
3. While the title gives some idea of what the user wants to achieve, it doesn't provide enough information for a developer to fully understand the scope and requirements of the task.

However, upon closer inspection, I notice that the issue title does mention ""Add support"", which implies that there is already existing functionality or infrastructure in place. This might be considered as some context, but still not enough to determine the full scope of the task.

Considering these points, I would say that the issue title suggests missing essential information such as expected behavior and acceptance criteria, making it likely that the issue is INCOMPLETE.

Final Answer: Yes",d1f56a4e8436befa,llama3.1:8b,0,2026-06-16T22:55:15.917305,project_01,title_only,incompleteness,cot
ISSUE-0336,[Int Tests] Enhance test coverage for Lattice SPI,1,1,"Let's break down the issue title:

1. The title mentions ""[Int Tests]"", which suggests that it is related to integration testing.
2. It asks for ""Enhance test coverage"", implying that there is a need to improve or increase the number of tests, but does not provide any specific details on what needs to be tested or how.
3. The mention of ""Lattice SPI"" indicates that this enhancement is specifically related to the Lattice Service Provider Interface, which provides some context about the affected component.

However, upon closer inspection, I notice that:

* There are no reproduction steps mentioned (e.g., ""Steps to reproduce: ..."").
* There is no indication of expected vs actual behavior or acceptance criteria.
* The environment details are not specified.
* While it mentions an affected component (Lattice SPI), the scope and requirements for this enhancement are not clearly defined.

Considering these points, I would conclude that the issue title suggests the issue is INCOMPLETE because essential information such as steps to reproduce, expected vs actual behavior, acceptance criteria, or environment details are missing.

Final Answer: Yes",bac1353e972f04d5,llama3.1:8b,0,2026-06-16T22:55:18.735650,project_01,title_only,incompleteness,cot
ISSUE-2604,JobPlugin - Use containsKey when checking for Parameters,1,0,"To determine whether the issue is INCOMPLETE, let's analyze the given title step-by-step:

1. **What information does this title convey?**
   - The title mentions ""JobPlugin"" which suggests it's related to a specific component or module within the software.
   - It talks about using `containsKey` when checking for parameters.

2. **Does the title suggest missing reproduction steps, expected behaviour, or context?**
   - There is no mention of how to reproduce the issue, what the expected behavior should be compared to the actual behavior, or any specific environment details.
   - The focus is on a specific implementation detail within a component, which doesn't inherently imply that it's missing essential information for reproduction or understanding its impact.

3. **Can a developer understand the full scope from the title alone?**
   - While the title gives some context about what part of the software (JobPlugin) and a specific action (using `containsKey`), it does not provide enough detail to fully understand the issue's scope without additional information.
   - The mention of ""parameters"" suggests there might be an issue with how parameters are being handled, but without more context or details on what specifically is happening, it's hard to assess its completeness.

Given these considerations",d55bba5b06a8808d,llama3.1:8b,0,2026-06-16T22:55:21.845972,project_01,title_only,incompleteness,cot
ISSUE-1900,Enable FtpHdfsTest,1,0,"Let's break it down:

1. The issue title ""Enable FtpHdfsTest"" conveys that there is a test or feature related to FTP and HDFS (Hadoop Distributed File System) that needs to be enabled.
2. There is no indication of missing reproduction steps, expected behavior, or context in the title itself. It appears to be a straightforward request to enable a specific test or feature.
3. While it's possible for a developer to understand some aspects from the title alone (e.g., what feature/test needs to be enabled), there may still be questions about the purpose of enabling this test, how it fits into the overall system, and any potential dependencies or interactions with other components.

However, considering the strict criteria for an issue being INCOMPLETE, I would argue that the title does not suggest missing essential information. It's a clear and concise request, even if it may require additional context to fully understand its implications.

Final Answer: No",3685afeb6d2a5bba,llama3.1:8b,0,2026-06-16T22:55:24.336921,project_01,title_only,incompleteness,cot
ISSUE-0514,Add PHD HDFS as s-c-s module,1,0,"Let's analyze the issue title step by step:

1. The title ""Add PHD HDFS as s-c-s module"" conveys that it is about adding a specific component (PHD HDFS) to a system, but it doesn't provide any context or details about what this addition entails.
2. There is no indication of missing reproduction steps, expected behavior, or context in the title itself. It appears to be a straightforward request for a new feature or configuration change.
3. While a developer might infer that this is related to a system configuration or setup, they would likely need additional information (e.g., from the description) to fully understand the scope and implications of adding PHD HDFS as an s-c-s module.

Based on these observations, I conclude that the issue title does not suggest the issue is INCOMPLETE. The title provides enough context for a developer to start working on the task, even if they might need additional information from the description or other sources to fully understand the requirements.

Final Answer: No",bd33947d016d3c2c,llama3.1:8b,0,2026-06-16T22:55:26.996255,project_01,title_only,incompleteness,cot
ISSUE-1536,CompositeModuleDefinition should contain more than List<ModuleDefinition>,1,1,"Let's break down the issue title:

1. The title conveys a specific requirement about the structure of a CompositeModuleDefinition class, which should contain more than a list of ModuleDefinitions.
2. There is no indication of missing reproduction steps, expected behavior, or context in this title. It appears to be a straightforward statement of a requirement.
3. Based on the title alone, it seems that a developer can understand the full scope of what is being requested: that the CompositeModuleDefinition class should have more than just a list of ModuleDefinitions.

However, upon closer inspection, I notice that the title does not mention anything about the expected behavior or acceptance criteria for this requirement. It only states what the class should contain, but it doesn't provide any context on why this is necessary or how it will be verified.

Therefore, while the title conveys a clear and specific requirement, it lacks essential information such as expected vs actual behavior, acceptance criteria, affected components, or environment details.

Final Answer: Yes",c6a4aa98044421b5,llama3.1:8b,0,2026-06-16T22:55:29.633566,project_01,title_only,incompleteness,cot
ISSUE-2545,Provide a clean way to get a reference to the MessageBus running in SingleNodeApplication,0,0,"Let's break down the issue title:

1. The title conveys a request for a specific functionality or feature in the software, namely a way to get a reference to the MessageBus running in SingleNodeApplication.
2. There is no indication of missing reproduction steps, expected behavior, or context. The title does not suggest that there are any issues with how the system currently behaves or what happens when certain actions are taken.
3. While a developer may be able to infer some context from the title (e.g., they know what MessageBus and SingleNodeApplication refer to), it is unlikely that they can fully understand the scope of the issue without additional information.

However, upon closer inspection, I notice that the title does not explicitly mention any missing acceptance criteria, affected components, or environment details. It seems to be a clear request for a specific feature or functionality, which might imply that the developer has some understanding of what is required.

Considering these points, I would say:

Final Answer: No",b3d6a070e1b1775f,llama3.1:8b,0,2026-06-16T22:55:32.199631,project_01,title_only,incompleteness,cot
ISSUE-3424,Final review of REST API structure document for streams,1,1,"Let's break it down:

1. The issue title conveys that there is a review of a document related to REST API structure for streams.
2. There is no indication of missing reproduction steps, expected behaviour, or context in this title. It appears to be more of an administrative task rather than a technical issue.
3. From the title alone, it's unlikely that a developer would understand the full scope of the issue without additional information.

Final Answer: Yes",447655cb99c32134,llama3.1:8b,0,2026-06-16T22:55:33.712290,project_01,title_only,incompleteness,cot
ISSUE-2913,Change default admin port from 8080,1,1,"Let's break it down:

1. The issue title conveys that there is a request to change the default admin port from 8080.
2. There is no indication of missing reproduction steps, expected behaviour, or context in this title. It appears to be a straightforward request for a configuration change.
3. A developer can likely understand the full scope of the request from the title alone, as it clearly states what needs to be changed.

However, upon closer inspection, I notice that the issue title does not mention:
- Steps to reproduce
- Expected vs actual behaviour
- Acceptance criteria
- Affected components
- Environment details

Given this analysis, I would conclude that the issue is likely INCOMPLETE because it lacks essential information such as steps to reproduce and expected vs actual behavior.

Final Answer: Yes",f556c35dea85182c,llama3.1:8b,0,2026-06-16T22:55:35.894917,project_01,title_only,incompleteness,cot
ISSUE-2866,Find runtime modules by type and/or name,1,0,"Let's analyze the issue title step by step:

1. The title ""Find runtime modules by type and/or name"" conveys a specific requirement for searching runtime modules based on certain criteria.
2. The title does not suggest missing reproduction steps, expected behavior, or context. It appears to be a clear and concise statement of what is required.
3. A developer should be able to understand the full scope from the title alone, as it specifies exactly what needs to be done.

Based on this analysis, I would conclude that the issue title suggests the issue is INCOMPLETE because it lacks essential information such as steps to reproduce, expected vs actual behavior, acceptance criteria, affected components, or environment details. However, upon reevaluation, I realize that the title does provide a clear and specific requirement, which might be sufficient for some cases.

But considering the strict definition of an incomplete issue, where all necessary information is missing, I would say:

Final Answer: No",beafce4896a4f737,llama3.1:8b,0,2026-06-16T22:55:38.470530,project_01,title_only,incompleteness,cot
ISSUE-1470,User wants to package and deploy an XD application,1,1,"Let's break it down:

1. The issue title conveys that there is a request to package and deploy an XD application, but it doesn't provide any details about what specifically needs to be done or why.
2. The title does not suggest missing reproduction steps, expected behaviour, or context. It simply states the desired outcome without providing any additional information.
3. A developer may have some understanding of the general task, but they would likely need more information to fully understand the scope and requirements of the task.

Based on these observations, I conclude that the issue title suggests the issue is INCOMPLETE because it lacks essential details such as steps to reproduce, expected vs actual behaviour, acceptance criteria, affected components, or environment details.

Final Answer: Yes",1401e481e3c6fb39,llama3.1:8b,0,2026-06-16T22:55:40.531462,project_01,title_only,incompleteness,cot
ISSUE-0697,Create a spark standalone cluster on CI to run spark streaming tests,0,1,"Let's break it down:

1. The issue title conveys that there is a requirement to create a Spark standalone cluster on Continuous Integration (CI) for running Spark Streaming tests.
2. The title does not suggest missing reproduction steps, expected behaviour, or context. It appears to be a high-level requirement statement.
3. While the title provides some context about the environment (CI), it lacks essential information such as:
	* Steps to reproduce the issue
	* Expected vs actual behavior
	* Acceptance criteria for what constitutes success
	* Affected components (e.g., specific Spark libraries or modules)
	* Environment details beyond just CI

Given these observations, I would conclude that the issue title suggests the issue is INCOMPLETE.

Final Answer: Yes",06249e77406986c3,llama3.1:8b,0,2026-06-16T22:55:42.648274,project_01,title_only,incompleteness,cot
ISSUE-0518,Port Redis counter as s-c-s sink,1,1,"Let's break it down:

1. The issue title ""Port Redis counter as s-c-s sink"" conveys some information about the system being modified and its components, but it doesn't provide any context or details about what is expected to happen.
2. The title does not suggest missing reproduction steps, expected behaviour, or context. It appears to be a concise description of a specific technical change.
3. While a developer familiar with the project's architecture and terminology might understand the full scope from the title alone, it lacks essential information such as steps to reproduce, expected vs actual behavior, acceptance criteria, affected components, or environment details.

Final Answer: Yes",371ffb27241253ff,llama3.1:8b,0,2026-06-16T22:55:44.518727,project_01,title_only,incompleteness,cot
ISSUE-1072,Large number of required options in jdbc sink definition,1,0,"Let's analyze the issue title step by step:

1. The title ""Large number of required options in jdbc sink definition"" conveys that there is an issue with too many required options in a JDBC sink definition, but it doesn't provide any context or details about what this means.
2. The title does not suggest missing reproduction steps, expected behaviour, or context. It appears to be a concise description of the problem itself.
3. While a developer might have some idea of what a JDBC sink is and what ""required options"" refers to, they would likely need more information to fully understand the scope of the issue.

However, upon closer inspection, I notice that the title does not explicitly mention any missing essential information such as steps to reproduce, expected vs actual behaviour, acceptance criteria, affected components, or environment details. It appears to be a clear and concise description of the problem itself.

Therefore, based on the given analysis, I would conclude:

Final Answer: No",1c822e32986ffa44,llama3.1:8b,0,2026-06-16T22:55:47.051245,project_01,title_only,incompleteness,cot
ISSUE-1097,Temp files for stream create not being cleaned,1,1,"Let's break it down:

1. The issue title ""Temp files for stream create not being cleaned"" conveys that there is an issue with temporary files related to stream creation, but it doesn't provide any context or details about what's happening.
2. The title does not explicitly suggest missing reproduction steps, expected behavior, or context. However, it implies a problem without providing enough information to understand the root cause or the desired outcome.
3. Based on this title alone, a developer might have some idea of where the issue lies (stream creation and temp files), but they would likely need more information to fully understand the scope of the problem.

Considering these points, I would say that the issue is INCOMPLETE because it lacks essential details such as steps to reproduce, expected vs actual behavior, acceptance criteria, affected components, or environment details.

Final Answer: Yes",b5c477d0eab76ff1,llama3.1:8b,0,2026-06-16T22:55:49.313636,project_01,title_only,incompleteness,cot
ISSUE-2832,The HDFS Sink should support compressing files as they are copied,0,1,"Let's break down the issue title:

1. The title conveys that there is a requirement for the HDFS Sink to support compressing files during copying.
2. There is no indication of missing reproduction steps, expected behavior, or context in this title. It appears to be a straightforward statement of a feature request.
3. While it's possible to infer some context (e.g., that the issue relates to data processing and storage), the title alone does not provide enough information for a developer to fully understand the scope of the requirement.

However, upon closer inspection, I notice that the title mentions ""as they are copied"", which implies some understanding of the current behavior and what needs to change. But still, it's missing essential details such as expected vs actual behavior, acceptance criteria, affected components, or environment details.

Given this analysis, I would conclude that the issue is likely INCOMPLETE because it lacks specific information about how the feature should work, what are the expected outcomes, and possibly other relevant context.

Final Answer: Yes",75b9d6f6f2d25a21,llama3.1:8b,0,2026-06-16T22:55:51.974044,project_01,title_only,incompleteness,cot
ISSUE-1088,HDFS StoreMessageHandlers are not very resilient,1,1,"To determine whether the issue is INCOMPLETE, let's analyze the given title step-by-step:

1. The information conveyed by this title is that there seems to be an issue with the resilience of HDFS StoreMessageHandlers. It mentions a specific component and a problem it has.

2. The title does not suggest missing reproduction steps (it doesn't mention how to reproduce the issue), expected behavior (it only states what's happening, not what should happen), or context such as affected components or environment details. It simply describes an observed condition without providing any actionable information on how to address it.

3. While a developer might be able to understand that there is a problem with resilience in HDFS StoreMessageHandlers, they would likely need more information to fully grasp the scope of the issue and how to resolve it. The title lacks essential details such as steps to reproduce, expected behavior, acceptance criteria, affected components, or environment details.

Given these considerations, the issue seems INCOMPLETE because it lacks critical information that a developer needs to understand and address the problem effectively.

Final Answer: Yes",fa4a6127fcc1bf5a,llama3.1:8b,0,2026-06-16T22:55:54.741336,project_01,title_only,incompleteness,cot
ISSUE-0993,XD on Lattice POC,1,1,"Let's break it down:

1. The issue title ""XD on Lattice POC"" conveys that there is an issue related to something called ""XD"" on a Proof of Concept (POC) for ""Lattice"". However, this information alone does not provide any context about what the issue is or how to reproduce it.
2. There is no indication in the title of steps to reproduce, expected vs actual behaviour, or environment details. It seems that these essential pieces of information are missing from the title.
3. Based on the title alone, a developer would likely need more information to understand the full scope of the issue and how to address it.

Given this analysis, I conclude that the issue is INCOMPLETE because it lacks essential information such as steps to reproduce, expected vs actual behaviour, or context.

Final Answer: Yes",ae2039d2413fd1f9,llama3.1:8b,0,2026-06-16T22:55:56.974707,project_01,title_only,incompleteness,cot
ISSUE-3212,Parsing stream definition with parameter containing single quotes not working,0,0,"Let's break it down:

1. The issue title conveys that there is an issue with parsing a stream definition when it contains a parameter with single quotes.
2. The title does not suggest missing reproduction steps, expected behaviour, or context. It appears to be a clear statement of the problem.
3. While the title provides some context, it may not be enough for a developer to fully understand the scope of the issue without additional information.

However, upon closer inspection, I notice that the title mentions ""not working"", which implies there is an expected behaviour (i.e., parsing should work) and an actual behaviour (i.e., it doesn't work). But still, some context about what happens when single quotes are present in a parameter would be helpful to fully understand the issue.

But considering the task at hand, I must conclude that this title does not explicitly mention missing essential information such as steps to reproduce, expected vs actual behaviour, acceptance criteria, affected components, or environment details. It's more of an incomplete description rather than an INCOMPLETE issue in terms of required information for analysis.

Final Answer: No",99ffc93e5b1e2ab8,llama3.1:8b,0,2026-06-16T22:55:59.808019,project_01,title_only,incompleteness,cot
ISSUE-0131,Support partitioning for Kafka even if count == 1,1,0,"Let's break down the issue title:

1. The title ""Support partitioning for Kafka even if count == 1"" conveys that it is related to Kafka and partitioning, but it does not provide any specific context or details about what exactly needs to be supported.
2. The title does not suggest missing reproduction steps, expected behaviour, or context. It appears to be a clear statement of the requirement.
3. While a developer may understand some aspects of the issue from the title alone (e.g., it's related to Kafka and partitioning), they would likely need additional information to fully comprehend the scope of the issue.

However, upon closer inspection, I notice that the title does not explicitly mention any specific details such as steps to reproduce, expected vs actual behaviour, acceptance criteria, affected components, or environment details. It appears to be a concise statement of a requirement, but it may still be missing some essential information for a complete understanding of the issue.

Final Answer: No",f832116c891125d8,llama3.1:8b,0,2026-06-16T22:56:02.422309,project_01,title_only,incompleteness,cot
ISSUE-2806,User should be able to view the list of all the job definitions,0,-1,"Let's analyze the issue title step by step:

1. The title conveys that there is a requirement for users to view a list of job definitions. It mentions an action (""view"") and a specific feature (""list of all the job definitions"").
2. The title does not suggest missing reproduction steps, expected behavior, or context. It simply states what should be possible.
3. While it's clear that there is some kind of functionality required, it's difficult to understand the full scope from the title alone without additional information.

However, upon closer inspection, I notice that the issue title mentions a specific action (""view"") and a feature (""list of all the job definitions""). This implies that the expected behavior is already implicit in the title: users should be able to view this list. The title does not explicitly mention steps to reproduce or acceptance criteria, but it's possible to infer some context from the title.

Considering these points, I would say that the issue title suggests a lack of essential information, specifically:

* Steps to reproduce are missing (e.g., how do users trigger the action?)
* Expected vs actual behavior is somewhat implicit, but could be clarified
* Acceptance criteria might not be explicitly stated

However, environment details and affected components are not mentioned at all",9a95e30e6230099a,llama3.1:8b,0,2026-06-16T22:56:05.596926,project_01,title_only,incompleteness,cot
ISSUE-3281,Create proper test coverage for Controllers,1,1,"Let's break it down:

1. The issue title ""Create proper test coverage for Controllers"" conveys that there is an intention to improve testing for controllers in the software.
2. There is no indication of missing reproduction steps, expected behavior, or context in this title. It does not mention what specific issues are being encountered with the current test coverage or how it should be improved.
3. While a developer may have some understanding of the general area that needs improvement (testing for controllers), they would likely require more information to fully understand the scope and requirements of the issue.

Based on these observations, I conclude that this issue title suggests the issue is INCOMPLETE because essential details such as steps to reproduce, expected vs actual behavior, acceptance criteria, affected components, or environment details are missing. 

Final Answer: Yes",2e4fc23ef08108a9,llama3.1:8b,0,2026-06-16T22:56:07.812717,project_01,title_only,incompleteness,cot
ISSUE-0114,Spring flo issue with unexpected char,1,1,"Let's break it down:

1. The issue title ""Spring flo issue with unexpected char"" conveys that there is an issue related to Spring framework and an unexpected character is involved.
2. The title does not suggest missing reproduction steps, expected behaviour, or context. It seems to be a concise description of the problem, but lacks essential information about what's happening and why it's a problem.
3. A developer may have some idea of what the issue could be related to Spring framework, but they would likely need more information to fully understand the scope of the issue.

Based on these observations, I conclude that the issue title suggests the issue is INCOMPLETE because it lacks essential information such as steps to reproduce, expected vs actual behaviour, acceptance criteria, affected components, or environment details.

Final Answer: Yes",01e398a2f5290aa2,llama3.1:8b,0,2026-06-16T22:56:10.007102,project_01,title_only,incompleteness,cot
ISSUE-2819,Create OOTB batch job for export and processing multiple files from HDFS to MongoDB,0,0,"Let's break it down:

1. The issue title conveys that there is a requirement to create an out-of-the-box batch job for exporting and processing multiple files from HDFS to MongoDB.
2. The title does not suggest missing reproduction steps, expected behavior, or context. It appears to be a clear statement of the desired functionality.
3. A developer can understand the full scope from the title alone: it's about creating a specific type of batch job for data transfer between two systems.

However, upon closer inspection, I notice that the title mentions ""export and processing multiple files"", but does not specify what happens to these processed files (e.g., where are they stored, how are they used). This might be considered incomplete in terms of acceptance criteria or expected behavior. But based on the strict definition provided, which focuses on missing reproduction steps, expected behavior, context, etc., I would say that this title is still sufficient for a developer to understand the scope.

Final Answer: No",0d1ad2e2cb5914ec,llama3.1:8b,0,2026-06-16T22:56:12.555305,project_01,title_only,incompleteness,cot
ISSUE-3583,Creating a tap throws an exception,1,1,"Let's break it down:

1. The issue title ""Creating a tap throws an exception"" conveys that there is some kind of error occurring when creating a tap in the system.
2. However, this title does not suggest missing reproduction steps, expected behaviour, or context. It implies that something has gone wrong, but it doesn't provide any details on how to reproduce the issue, what was supposed to happen, or where the issue is happening (e.g., which component).
3. While a developer might be able to make an educated guess about the possible cause of the exception, they would likely need more information to fully understand the scope and context of the issue.

Given that this title does not provide essential information such as steps to reproduce or expected vs actual behaviour, I conclude:

Final Answer: Yes",5fd260d4caa5a4ee,llama3.1:8b,0,2026-06-16T22:56:14.884137,project_01,title_only,incompleteness,cot
ISSUE-1320,Upgrade CI Acceptance AMI to HVM,1,0,"Let's break it down:

1. The issue title ""Upgrade CI Acceptance AMI to HVM"" conveys that there is an intention to upgrade something related to Continuous Integration (CI) acceptance, specifically changing the type of Amazon Machine Image (AMI) from one type (Acceptance AMI) to another (HVM). This suggests a specific technical task or requirement.
2. The title does not suggest missing reproduction steps, expected behaviour, or context. It appears to be a straightforward statement of what needs to be done.
3. While the title provides some context about the upgrade, it is unlikely that a developer can fully understand the scope and implications of this change from just the title alone. There may be underlying assumptions or dependencies not explicitly stated in the title.

However, considering the task at hand, which is to determine if the issue is INCOMPLETE based solely on the title, I would say:

Final Answer: No",ae3a61e7d72e8678,llama3.1:8b,0,2026-06-16T22:56:17.297757,project_01,title_only,incompleteness,cot
ISSUE-3683,Sonar build is failing,1,1,"Let's break it down:

1. The issue title ""Sonar build is failing"" conveys that there is an error occurring during the Sonar build process.
2. The title does not suggest missing reproduction steps, expected behaviour, or context. It simply states a fact about the current state of the system.
3. A developer may be able to understand the general problem, but they would likely need more information to fully comprehend the issue and how to resolve it.

Based on these observations, I conclude that the issue title suggests the issue is INCOMPLETE because it lacks essential details such as steps to reproduce, expected vs actual behaviour, acceptance criteria, affected components, or environment details.

Final Answer: Yes",f724dbe7d1467d2c,llama3.1:8b,0,2026-06-16T22:56:19.307928,project_01,title_only,incompleteness,cot
ISSUE-0297,Port Mail as s-c-s sink,1,1,"Let's analyze the issue title step by step:

1. The title ""Port Mail as s-c-s sink"" conveys some information about the functionality being worked on, but it doesn't provide any context or details about what is expected to happen.
2. The title does not suggest missing reproduction steps, expected behaviour, or context. In fact, it's unclear what specific issue this title refers to without additional information.
3. A developer may have some idea of the general area being worked on (mail functionality), but they would likely need more information to understand the full scope and specifics of the issue.

Based on these steps, I conclude that the issue title is missing essential information, making it INCOMPLETE.

Final Answer: Yes",cc32bd55cba90571,llama3.1:8b,0,2026-06-16T22:56:21.331862,project_01,title_only,incompleteness,cot
ISSUE-2837,User requires wiki page on how to use the XD EC2 Installer,0,0,"Let's break it down:

1. The issue title conveys that there is a request for a wiki page on how to use the XD EC2 Installer.
2. There is no indication of missing reproduction steps, expected behaviour, or context in this title. It appears to be a straightforward request for documentation.
3. While a developer may understand the general scope from the title alone (i.e., creating a wiki page), it's unlikely they would fully comprehend the requirements without additional information.

However, upon closer inspection, I notice that the issue title does not explicitly mention any of the essential information typically required to determine if an issue is INCOMPLETE. The title only mentions a request for documentation, which implies that the underlying functionality or behavior is already understood by the person requesting the wiki page.

Given this analysis, I would conclude that the issue title suggests the issue is likely NOT INCOMPLETE because it does not appear to be missing any essential information.

Final Answer: No",73acb85fda43264d,llama3.1:8b,0,2026-06-16T22:56:23.847634,project_01,title_only,incompleteness,cot
ISSUE-0692,Document the new analytics tab features,0,1,"Let's break it down:

1. The issue title ""Document the new analytics tab features"" conveys that there is something related to documentation and analytics that needs attention.
2. There is no indication of missing reproduction steps, expected behavior, or context in this title. It doesn't mention anything about what happens when a user interacts with the analytics tab, or how it should behave.
3. While a developer might be able to infer some general information from the title (e.g., that there's something new related to analytics), they would likely need more details to fully understand the scope of the issue.

Based on these observations, I conclude that this issue is INCOMPLETE because it lacks essential information such as steps to reproduce, expected vs actual behavior, acceptance criteria, affected components, or environment details.

Final Answer: Yes",f280950a25bfeb28,llama3.1:8b,0,2026-06-16T22:56:26.036982,project_01,title_only,incompleteness,cot
ISSUE-1393,Workaround latest boot snapshot issue,1,0,"Let's break it down:

1. The issue title ""Workaround latest boot snapshot issue"" conveys that there is an existing problem with the latest boot snapshot and a workaround is needed, but it doesn't provide any details about what the problem is or how to reproduce it.
2. The title does not suggest missing reproduction steps, expected behaviour, or context. It implies that the issue is related to a specific scenario (latest boot snapshot) and a workaround is required, which suggests some understanding of the context.
3. While a developer might be able to infer some information from the title, such as the fact that there's an existing problem with the latest boot snapshot, they would likely need more details to fully understand the scope of the issue.

However, considering the definition of INCOMPLETE, I notice that the title doesn't explicitly mention steps to reproduce, expected vs actual behaviour, acceptance criteria, affected components, or environment details. But it does imply a specific context (latest boot snapshot) which might be enough for a developer to start investigating.

Given this analysis, I would say:

Final Answer: No",fec5392027fed369,llama3.1:8b,0,2026-06-16T22:56:28.797943,project_01,title_only,incompleteness,cot
ISSUE-1213,Add test coverage for 'complex objects' as payload,1,1,"Let's break it down:

1. The issue title conveys that there is a need to add test coverage for 'complex objects' as payload, which implies some kind of functionality or feature related to handling complex objects in a specific context.
2. The title does not suggest missing reproduction steps (it doesn't mention how to reproduce the issue), expected behaviour (it only mentions what needs to be added, not what's currently happening), or context (such as affected components or environment details).
3. While a developer might infer some context from the term 'complex objects', they would likely need additional information to fully understand the scope of the task.

However, upon closer inspection, I notice that the title does mention ""steps to reproduce"" in a way - it implies that there is currently no test coverage for this specific scenario. But more importantly, it's missing essential information such as expected vs actual behaviour and acceptance criteria.

Considering these points, I would say:

Final Answer: Yes",7a5850a8133c0628,llama3.1:8b,0,2026-06-16T22:56:31.329583,project_01,title_only,incompleteness,cot
ISSUE-2096,Create documentation section for the shell,1,0,"Let's break it down:

1. The issue title ""Create documentation section for the shell"" conveys that the user wants to create a new feature related to documentation, specifically for the shell component.
2. There is no indication of missing reproduction steps, expected behavior, or context in this title. It appears to be a straightforward request for a new feature.
3. From the title alone, it's possible for a developer to understand that a new documentation section needs to be created for the shell, but they may not have enough information to implement the feature without further details.

However, upon closer inspection, I notice that this issue title is actually quite specific and doesn't seem to be missing any essential information. It clearly states what needs to be done (create a documentation section) and where it should be applied (the shell). Therefore:

Final Answer: No",638646903e2781db,llama3.1:8b,0,2026-06-16T22:56:33.631282,project_01,title_only,incompleteness,cot
ISSUE-0695,Example hashtag-count MR job fails when running XD on YARN with PHD 3.0,0,1,"Let's break down the issue title:

1. The title conveys specific details about the job failure:
	* It mentions a ""hashtag-count MR"" job, which implies it's related to a MapReduce process.
	* It specifies that the job fails when running on YARN (a resource management system) with PHD 3.0 (which likely refers to a specific version of a product or framework).
2. The title does not explicitly suggest missing reproduction steps, expected behavior, or context. However, it implies that there is an issue with the job's execution in a specific environment.
3. While the title provides some context about the failure, it may be challenging for a developer to fully understand the scope of the issue without additional information. The title mentions specific technical details (YARN, PHD 3.0), but it does not provide enough information to reproduce the issue or understand the expected behavior.

Considering these points, I would say that the issue is likely INCOMPLETE because it lacks essential information such as steps to reproduce and expected vs actual behavior.

Final Answer: Yes",8690d05d5a59b43f,llama3.1:8b,0,2026-06-16T22:56:36.417981,project_01,title_only,incompleteness,cot
ISSUE-1859,Investigate deployed module context close upon container shutdown,0,1,"Let's break it down:

1. The issue title conveys that there is an investigation needed regarding how a deployed module behaves when a container shuts down.
2. The title does not explicitly mention steps to reproduce, expected vs actual behaviour, or acceptance criteria. However, it does provide context about the situation being investigated (container shutdown).
3. While the title gives some context, it's still quite vague and doesn't provide enough information for a developer to fully understand the scope of work required.

Considering these points, I would say that the issue is likely INCOMPLETE because essential details such as steps to reproduce or expected vs actual behaviour are missing.

Final Answer: Yes",e685387c2969b168,llama3.1:8b,0,2026-06-16T22:56:38.339756,project_01,title_only,incompleteness,cot
ISSUE-2486,Add XD deployment for YARN,1,0,"Let's analyze the issue title step by step:

1. The title ""Add XD deployment for YARN"" conveys that it is related to adding a specific feature or functionality, but it doesn't provide any context about what this feature does or how it works.
2. The title does not suggest missing reproduction steps, expected behavior, or context. It's more of a high-level description of the task at hand.
3. While a developer might be able to understand that this is related to adding a deployment for YARN (a component in Hadoop), they would likely need additional information to fully comprehend the scope and requirements of the task.

However, upon closer inspection, I notice that the title does not explicitly mention any missing essential information such as steps to reproduce, expected vs actual behavior, acceptance criteria, affected components, or environment details. It's more of a high-level requirement statement.

Therefore, based on the given analysis, I would say:

Final Answer: No",67ee43611c62467a,llama3.1:8b,0,2026-06-16T22:56:40.833493,project_01,title_only,incompleteness,cot
ISSUE-1473,Document Kafka message bus,1,1,"To determine if the issue is INCOMPLETE, let's analyze the given title step-by-step:

1. **What information does this title convey?**
   - The title mentions ""Document Kafka message bus,"" which suggests it's about documenting a specific component or process related to Kafka.

2. **Does the title suggest missing reproduction steps, expected behaviour, or context?**
   - There is no mention of steps to reproduce, expected vs actual behavior, acceptance criteria, affected components, or environment details in the title.
   
3. **Can a developer understand the full scope from the title alone?**
   - The title does not provide enough information for a developer to fully understand what needs to be done (e.g., how to document it, what specific aspects of Kafka message bus need documentation).

Given these points, while the issue might seem straightforward in terms of its intent, it lacks essential details that would make it actionable and complete. Therefore, based on the criteria provided for an INCOMPLETE issue:

Final Answer: Yes",fa6a3f4d2c08f570,llama3.1:8b,0,2026-06-16T22:56:43.438840,project_01,title_only,incompleteness,cot
ISSUE-1928,Module option validation not happening anymore,1,1,"Let's break it down:

1. The issue title ""Module option validation not happening anymore"" conveys that there is an issue with module option validation, but it doesn't specify what exactly is happening or why.
2. The title does not suggest missing reproduction steps, expected behaviour, or context. It implies a problem has occurred, but the details are lacking.
3. A developer may be able to understand some of the context from the title alone (e.g., that there's an issue with validation), but they would likely need more information to fully grasp the scope and reproduce the issue.

Based on these observations, I conclude:

Final Answer: Yes",ad76e15ea1722570,llama3.1:8b,0,2026-06-16T22:56:45.296429,project_01,title_only,incompleteness,cot
ISSUE-2209,Validate existence of batch job at the admin side,0,1,"Let's break it down:

1. The issue title ""Validate existence of batch job at the admin side"" conveys that there is an issue related to checking if a batch job exists on the administrative side of the system.
2. The title does not suggest missing reproduction steps, expected behaviour, or context. It simply states what needs to be validated, but it doesn't provide any information about how to reproduce the issue, what the expected outcome should be, or in which environment this issue occurs.
3. While a developer might have some idea of what is being asked based on their knowledge of the system and batch jobs, they would likely need more context and details to fully understand the scope of the issue.

Based on these observations, I conclude that the issue title suggests the issue is INCOMPLETE because it lacks essential information such as steps to reproduce, expected vs actual behaviour, acceptance criteria, affected components, or environment details.

Final Answer: Yes",82a90d329d5165df,llama3.1:8b,0,2026-06-16T22:56:47.739987,project_01,title_only,incompleteness,cot
ISSUE-2118,Stream-lib - analytics operators,1,1,"Let's break it down:

1. The issue title ""Stream-lib - analytics operators"" conveys that there is an issue related to a specific component of a software system called Stream-lib, which deals with analytics operations.
2. The title does not suggest missing reproduction steps, expected behaviour, or context. It appears to be a high-level description of the affected area, but it lacks any details about what specifically is going wrong or how to reproduce the issue.
3. Based on this title alone, a developer may have some idea of which part of the system is involved, but they would likely need more information to understand the full scope of the problem.

Given that the title does not provide essential information such as steps to reproduce, expected vs actual behaviour, acceptance criteria, affected components, or environment details, I conclude:

Final Answer: Yes",3dd2013ba47b553f,llama3.1:8b,0,2026-06-16T22:56:50.006091,project_01,title_only,incompleteness,cot
ISSUE-1678,Preserve partition state on container restarts,1,0,"Let's break it down:

1. The issue title ""Preserve partition state on container restarts"" conveys some information about what the issue is related to: preserving data in containers when they are restarted.
2. The title does not suggest missing reproduction steps, expected behaviour, or context. It appears to be a clear statement of a requirement or functionality that needs to be preserved.
3. While it's possible for a developer to understand some aspects from the title alone (e.g., what is being affected), they may still need additional information to fully comprehend the scope and requirements.

However, considering the task at hand, which is to determine if the issue is INCOMPLETE based solely on the title, I would say that this title does not suggest missing essential information. It appears to be a clear statement of a requirement or functionality, even if it may require additional context for full understanding.

Final Answer: No",e65ff45be4ed8d4e,llama3.1:8b,0,2026-06-16T22:56:52.373602,project_01,title_only,incompleteness,cot
ISSUE-2005,Paging support for ModuleMetadata/Container repositories,0,1,"Let's break it down:

1. The issue title conveys that there is a request for paging support in two specific repositories: ModuleMetadata and Container.
2. The title does not suggest missing reproduction steps, expected behaviour, or context. It appears to be a straightforward feature request.
3. While the title provides some context about what is being requested (paging support), it lacks essential information such as:
	* Steps to reproduce the issue
	* Expected vs actual behavior
	* Acceptance criteria for what constitutes ""paging support""
	* Affected components or modules
	* Environment details

Given that the title does not provide all the necessary information, I would conclude that the issue is likely INCOMPLETE.

Final Answer: Yes",52611920074d5a3e,llama3.1:8b,0,2026-06-16T22:56:54.417496,project_01,title_only,incompleteness,cot
ISSUE-0138,Upgrade to SHDP 2.2.1.GA,1,-1,"To determine if the issue is INCOMPLETE based on the given title ""Upgrade to SHDP 2.2.1.GA"", let's analyze it step by step:

1. **Information Conveyed**: The title mentions a specific action (""Upgrade"") and its target (""to SHDP 2.2.1.GA""). This implies that the issue is about upgrading to a particular version of ""SHDP"" (whatever SHDP stands for). It suggests a clear objective but lacks detail on why this upgrade is necessary or what problems it's intended to solve.

2. **Missing Information**: The title does not suggest missing reproduction steps, expected behavior, or context in the sense that these are not explicitly mentioned as lacking. However, it implies a lack of detailed explanation for the necessity of the upgrade and possibly its impact on the system.

3. **Understanding Scope from Title Alone**: While a developer might understand that this issue is about upgrading to a specific version of SHDP, they would likely need additional information to fully comprehend the scope of work involved (e.g., what changes are expected in this new version, how it will affect existing functionality, etc.). The title alone does not provide enough context for a complete understanding.

Given these considerations, while the issue title is",65cb03592703ea1a,llama3.1:8b,0,2026-06-16T22:56:57.549806,project_01,title_only,incompleteness,cot
ISSUE-1267,Add in-memory based Aggregate Field Value Counters,1,0,"Let's break it down:

1. The issue title ""Add in-memory based Aggregate Field Value Counters"" conveys that the request is to implement a feature related to aggregate field value counters, specifically using an in-memory approach.
2. There is no indication of missing reproduction steps, expected behavior, or context in this title. It appears to be a straightforward feature request.
3. While a developer may need additional information to fully understand the implementation details, the title alone provides sufficient context about what needs to be done.

However, upon closer inspection, I notice that the title does not explicitly mention acceptance criteria, affected components, or environment details. But it's worth noting that these are typically considered non-essential information for a high-level feature request like this one.

Considering the task at hand, which is to determine if the issue is INCOMPLETE based solely on the title, I would say:

Final Answer: No",4fc31545c0406d84,llama3.1:8b,0,2026-06-16T22:56:59.936890,project_01,title_only,incompleteness,cot
ISSUE-2220,Support Groovy bean definitions as XD extensions,1,1,"Let's break it down:

1. The issue title conveys that there is a request to support Groovy bean definitions as XD extensions, where ""XD"" likely stands for ""XDoclet"", a Java annotation-based framework.
2. The title does not suggest missing reproduction steps, expected behaviour, or context. It appears to be a high-level requirement or feature request rather than a specific bug report.
3. While the title provides some context about what is being requested, it may not be enough for a developer to fully understand the scope of work required to implement this feature without additional information.

However, upon closer inspection, I notice that the issue title does mention ""Support"", which implies that there might be existing functionality or components involved. But still, it's missing essential details such as expected vs actual behaviour, acceptance criteria, affected components, or environment details.

Final Answer: Yes",74c5e4fa8e240b9f,llama3.1:8b,0,2026-06-16T22:57:02.259290,project_01,title_only,incompleteness,cot
ISSUE-0982,Harmonize poller configuration,1,1,"Let's break it down:

1. The issue title ""Harmonize poller configuration"" conveys that there is an inconsistency or incompatibility between different poller configurations, and the goal is to resolve this by making them harmonious.
2. There is no indication of missing reproduction steps, expected behavior, or context in the title itself. It does not mention how to reproduce the issue, what the actual vs expected outcome should be, or any specific environment details.
3. While a developer might have some idea about the poller configuration and its purpose, they would likely need more information to fully understand the scope of the issue.

Based on these observations, I conclude that the title suggests the issue is INCOMPLETE because it lacks essential information such as steps to reproduce, expected vs actual behavior, acceptance criteria, affected components, or environment details.

Final Answer: Yes",d10e5f5c929a551d,llama3.1:8b,0,2026-06-16T22:57:04.531170,project_01,title_only,incompleteness,cot
ISSUE-3457,Retrieve information for an aggregate counter,1,1,"Let's analyze the issue title step by step:

1. The title ""Retrieve information for an aggregate counter"" conveys that it is related to data retrieval and possibly aggregation. However, it does not provide enough context about what specific information needs to be retrieved or why.
2. The title does not suggest missing reproduction steps, expected behavior, or context. It appears to be a high-level description of the functionality required.
3. Based on this title alone, a developer may have some idea of the general requirement but would likely need additional information to fully understand the scope and implementation details.

Considering these points, I believe that the issue is INCOMPLETE because it lacks essential information such as steps to reproduce, expected vs actual behavior, acceptance criteria, affected components, or environment details. 

Final Answer: Yes",dc3a3e2a6425574d,llama3.1:8b,0,2026-06-16T22:57:06.723613,project_01,title_only,incompleteness,cot
ISSUE-0753,Spring XD admin fails to redeploy modules after Spring XD container successfully reconnectes to Zookeeper,0,1,"Let's break down the issue title:

1. The title conveys that there is an issue with Spring XD admin redeploying modules after reconnecting to Zookeeper.
2. It does not suggest missing reproduction steps, expected behavior, or context. In fact, it implies a specific scenario (redeploying modules after reconnecting to Zookeeper) which could be used as a starting point for further investigation.
3. While the title provides some context, it is likely insufficient for a developer to fully understand the scope of the issue without additional information.

However, upon closer inspection, I notice that the title does not explicitly mention expected vs actual behavior, acceptance criteria, affected components, or environment details. But it does imply a specific scenario which could be used as a starting point for further investigation.

Given this analysis, I would conclude that the issue is likely INCOMPLETE because it lacks essential information such as steps to reproduce and expected vs actual behaviour.

Final Answer: Yes",30fba9609c0bd85f,llama3.1:8b,0,2026-06-16T22:57:09.277546,project_01,title_only,incompleteness,cot
ISSUE-1005,"Composite Modules should inherit """"xd.*"""" properties",1,0,"Let's break it down:

1. The issue title conveys that there is an expectation for Composite Modules to inherit certain properties, but it doesn't specify what those properties are.
2. There is no indication of missing reproduction steps, expected behavior, or context in the title itself.
3. While a developer might be able to infer some context from the title (e.g., it's related to module inheritance), they would likely need additional information to fully understand the scope and requirements.

However, upon closer inspection, I notice that the title mentions ""xd.*"" properties, which suggests that there is some specific context or requirement being referred to. This might imply that the issue is not entirely INCOMPLETE, as it does provide some hint about what's expected (inheritance of certain properties).

But, considering the task at hand and the fact that we're only given the title without any description, I would say that this issue title still suggests missing essential information, such as:

* What are these ""xd.*"" properties?
* Why should Composite Modules inherit them?
* Are there specific scenarios or use cases where this inheritance is expected to occur?

Given the lack of explicit details in the title and the fact that it's likely incomplete without additional context, I would conclude that...

Final",25b78bd120179cf2,llama3.1:8b,0,2026-06-16T22:57:12.414858,project_01,title_only,incompleteness,cot
ISSUE-0247,Move Kafka @Rule to a separate repo,0,1,"To determine if the issue is INCOMPLETE, let's analyze it step-by-step:

1. The information conveyed by this title is about moving a specific component (@Rule related to Kafka) to a separate repository. It mentions an action or task rather than a problem or error.

2. There's no mention of steps to reproduce, expected vs actual behavior, acceptance criteria, affected components, or environment details in the title itself. The focus is on a change or migration rather than a functional issue that would require these details for understanding and resolution.

3. While a developer might infer some context from knowing what @Rule and Kafka are (e.g., they're likely related to data processing or messaging within an application), the title alone does not provide enough information to fully understand the scope of the task, especially without additional context such as why this move is necessary, potential impacts on other parts of the system, or how it aligns with broader project goals.

Given these considerations, the issue title seems to lack essential details that would typically be included in a software issue description to make it actionable and understandable. Therefore:

Final Answer: Yes",0bbb994288b770ac,llama3.1:8b,0,2026-06-16T22:57:15.224252,project_01,title_only,incompleteness,cot
ISSUE-2390,Create RPM for distribution,1,1,"Let's break it down:

1. The issue title ""Create RPM for distribution"" conveys that the goal is to create a package file (.RPM) for distributing software, but it doesn't provide any context about what specific software or system this applies to.
2. There's no indication of missing reproduction steps, expected behavior, or context in the title itself. It seems like a straightforward request.
3. While a developer might be able to infer some general information from the title (e.g., that it involves packaging), they would likely need additional details to fully understand the scope and requirements.

However, upon closer inspection, I notice that the issue title is quite high-level and doesn't provide any specific context or details about what's expected. This could be a sign of incompleteness, as it might not be clear which software component needs an RPM created, or what distribution platform it's intended for.

Given this analysis, I would conclude:

Final Answer: Yes",2ded1854e5d20da6,llama3.1:8b,0,2026-06-16T22:57:17.722932,project_01,title_only,incompleteness,cot
ISSUE-3476,Add Spring/Integration MBean Exporters to Module ApplicationContexts,1,1,"Let's analyze the issue title step by step:

1. The title conveys that it is related to adding Spring/Integration MBean Exporters to Module ApplicationContexts. It mentions specific technical details, such as Spring and Integration, which suggests a focus on configuration or setup.
2. There is no indication of missing reproduction steps, expected behavior, or context in the title. It does not mention anything about what should happen when this change is made or how it can be tested.
3. While a developer with knowledge of Spring and Integration might understand some aspects of the issue from the title alone, they would likely still need additional information to fully comprehend the scope and requirements of the task.

Based on these observations, I conclude that the issue title suggests the issue is INCOMPLETE because it lacks essential information such as steps to reproduce, expected vs actual behavior, acceptance criteria, affected components, or environment details.

Final Answer: Yes",1e027c4924d18058,llama3.1:8b,0,2026-06-16T22:57:20.175036,project_01,title_only,incompleteness,cot
ISSUE-2808,Add documentation for gemfire cache-listener source,0,-1,"To determine if the issue is INCOMPLETE, let's analyze the given title step-by-step:

1. **What information does this title convey?**
   - The title mentions adding documentation for a specific component or feature related to Gemfire, which is a caching system used in distributed systems.
   - It specifies that the documentation is needed for ""gemfire cache-listener source,"" indicating it's about creating or updating documentation for a listener source within the Gemfire cache.

2. **Does the title suggest missing reproduction steps, expected behaviour, or context?**
   - The title does not mention any specific steps to reproduce an issue.
   - It doesn't describe any expected vs actual behavior since it's focused on adding documentation rather than resolving a functional problem.
   - While it provides some context about what is being documented (Gemfire cache-listener source), the lack of detail about why this documentation is needed or how it will be used could be considered incomplete in terms of providing full context.

3. **Can a developer understand the full scope from the title alone?**
   - The title clearly indicates that the task involves adding documentation for a specific component within Gemfire.
   - However, without additional information (like why this is necessary or what kind of documentation is being added",6ee9debc300d5061,llama3.1:8b,0,2026-06-16T22:57:23.285777,project_01,title_only,incompleteness,cot
ISSUE-2171,Add a 'rank' expression to be used by the container matcher,1,1,"Let's break it down:

1. The issue title conveys that there is a request to add a new feature or functionality called ""rank expression"" to be used by the container matcher.
2. There is no indication of missing reproduction steps, expected behavior, or context in the title itself. It appears to be a straightforward request for a new feature.
3. While it's possible to infer some context from the title (e.g., that it relates to a specific component or functionality), it's not clear what the ""rank expression"" is intended to do or how it will be used.

Based on these observations, I would conclude that the issue title suggests the issue is INCOMPLETE because it lacks essential information such as expected behavior, acceptance criteria, and possibly affected components or environment details.

Final Answer: Yes",5ee769220b51a01f,llama3.1:8b,0,2026-06-16T22:57:25.486920,project_01,title_only,incompleteness,cot
ISSUE-0332,[Unit Tests] Enhance test coverage for YARN SPI,0,1,"Let's break down the issue title:

1. The title mentions ""Unit Tests"", which implies that it is related to testing, but does not provide any specific information about what needs to be tested or how.
2. There is no mention of reproduction steps, expected behavior, or context (e.g., environment details).
3. While a developer might infer that the issue is related to improving test coverage for YARN SPI, they would likely need additional information to fully understand the scope and requirements.

Based on these observations, I conclude that the title suggests the issue is INCOMPLETE because it lacks essential information such as steps to reproduce, expected vs actual behavior, acceptance criteria, affected components, or environment details.

Final Answer: Yes",ee5f260e7ef5211d,llama3.1:8b,0,2026-06-16T22:57:27.510194,project_01,title_only,incompleteness,cot
ISSUE-0424,Prevent external libraries from overriding uber-jar dependencies,0,1,"Let's break down the issue title:

1. The title conveys a specific problem related to dependency management in a Java-based project, mentioning ""uber-jar"" which is a common concept in Java development.
2. The title does not suggest missing reproduction steps, expected behavior, or context. It appears to be a clear statement of a requirement or constraint.
3. A developer can likely understand the full scope from the title alone, as it specifies a specific problem related to dependency management.

However, upon closer inspection, I notice that the title is more of a statement of a requirement rather than an issue description. It doesn't seem to be asking for help with a problem or requesting a change, but rather stating a constraint or rule.

Given this analysis, I would say that the issue title suggests that the issue is INCOMPLETE because it lacks essential information such as steps to reproduce, expected vs actual behavior, acceptance criteria, affected components, or environment details. The title appears to be more of a statement of fact rather than an issue description.

Final Answer: Yes",82a9a2f743065e7a,llama3.1:8b,0,2026-06-16T22:57:30.336101,project_01,title_only,incompleteness,cot
ISSUE-0373,Remove hardcoded yarn app version jars,0,1,"Let's break it down:

1. The issue title ""Remove hardcoded yarn app version jars"" conveys that there is some kind of technical problem related to hardcoded values in a yarn application, but it doesn't provide any context or details about what the problem is.
2. The title does not suggest missing reproduction steps, expected behaviour, or context. It seems like a clear and concise statement of a specific issue.
3. While a developer might be able to understand that there's an issue with hardcoded values in a yarn application, they would likely need more information to fully comprehend the scope of the problem.

However, upon closer inspection, I notice that the title does not explicitly mention steps to reproduce, expected vs actual behaviour, acceptance criteria, affected components, or environment details. It seems like it might be missing some essential context for a complete issue description.

Final Answer: Yes",1334a2b335dcd491,llama3.1:8b,0,2026-06-16T22:57:32.631678,project_01,title_only,incompleteness,cot
ISSUE-0586,Replace spring-xd-messagebus-* dependencies with SCS,1,0,"Let's analyze the issue title step by step:

1. The title ""Replace spring-xd-messagebus-* dependencies with SCS"" conveys a specific action to be taken, which is replacing certain dependencies with another technology called SCS.
2. The title does not suggest missing reproduction steps, expected behavior, or context. It appears to be a straightforward statement of what needs to be done.
3. While the title provides some context about the dependencies involved, it may not be enough for a developer to fully understand the scope and implications of this change without additional information.

However, upon closer inspection, I notice that the title does mention specific technical details (dependencies) and proposes a replacement with another technology (SCS). This suggests that the issue is likely related to a specific implementation or configuration aspect of the software. Given these characteristics, it's possible that the title conveys enough essential information for a developer to understand the scope of the change.

Considering these points, I would conclude that the issue title does not suggest missing essential information such as steps to reproduce, expected vs actual behavior, acceptance criteria, affected components, or environment details.

Final Answer: No",58477578fac9ec8f,llama3.1:8b,0,2026-06-16T22:57:35.532904,project_01,title_only,incompleteness,cot
ISSUE-1621,Create CompositeModuleRegistry,1,0,"Let's analyze the issue title step by step:

1. The title ""Create CompositeModuleRegistry"" conveys that it is related to creating a specific registry component in a system, but it doesn't provide any context about what this registry does or how it should behave.
2. The title does not suggest missing reproduction steps, expected behavior, or context. It's more of a high-level task description rather than an issue report with specific details.
3. While the title gives some idea of what needs to be done, it doesn't provide enough information for a developer to fully understand the scope and requirements of this feature alone.

However, upon closer inspection, I notice that the title does not explicitly mention any missing essential information such as steps to reproduce, expected vs actual behavior, acceptance criteria, affected components, or environment details. It's more of a task description rather than an issue report with specific details.

Therefore, based on the given analysis and considering the definition of INCOMPLETE, I would say:

Final Answer: No",b1bd0418d1786877,llama3.1:8b,0,2026-06-16T22:57:38.175718,project_01,title_only,incompleteness,cot
ISSUE-0407,"Add """"module list"""" command",1,0,"Let's break it down:

1. The issue title ""Add """"module list"""" command"" conveys that the user wants to add a new feature to display a list of modules.
2. There is no indication of missing reproduction steps, expected behavior, or context in this title. It appears to be a straightforward request for a new feature.
3. A developer can likely understand the full scope from the title alone - it's clear that the user wants to add a specific command to display module information.

However, upon closer inspection, I notice that the title doesn't mention what happens when the ""module list"" command is executed (e.g., what data should be displayed). It also doesn't specify where this new feature should be implemented or in which environment it will be used. 

But considering only the provided information and following the instructions to think step-by-step, I would say that the title does not explicitly suggest missing reproduction steps, expected behavior, or context.

Final Answer: No",25ab8d7c2c2194b2,llama3.1:8b,0,2026-06-16T22:57:40.776786,project_01,title_only,incompleteness,cot
ISSUE-0597,Remove XML REST Endpoints,1,1,"Let's break it down:

1. The issue title ""Remove XML REST Endpoints"" conveys that there is a request to remove certain endpoints from an application.
2. The title does not suggest missing reproduction steps, expected behaviour, or context. It appears to be a straightforward statement of what needs to be done.
3. A developer can likely understand the full scope from the title alone - it's clear that the goal is to eliminate XML-based REST endpoints.

However, upon closer inspection, I notice that the issue title doesn't provide any information about:
* Expected vs actual behaviour
* Acceptance criteria
* Affected components
* Environment details

While a developer might be able to infer some context from the title, it's still missing essential information. Therefore:

Final Answer: Yes",dcd8dc8f6d447933,llama3.1:8b,0,2026-06-16T22:57:42.928307,project_01,title_only,incompleteness,cot
ISSUE-0814,RemoteFileToHadoopTests fails on 1.1.x,1,1,"Let's break it down:

1. The issue title conveys that there is a failure in a specific test suite (`RemoteFileToHadoopTests`) on a particular version of the software (`1.1.x`).
2. The title does not suggest missing reproduction steps, expected behaviour, or context. It simply states the fact of the failure.
3. While a developer may be able to infer some context from the title (e.g., that it's related to Hadoop and file transfers), they would likely need additional information to fully understand the scope of the issue.

Based on these observations, I conclude that the issue is INCOMPLETE because essential details such as steps to reproduce, expected vs actual behaviour, acceptance criteria, affected components, or environment details are not provided in the title.

Final Answer: Yes",60941da544cca0f6,llama3.1:8b,0,2026-06-16T22:57:45.131719,project_01,title_only,incompleteness,cot
ISSUE-1955,Can't use webhdfs with hdfs sink,1,1,"Let's break it down:

1. The issue title ""Can't use webhdfs with hdfs sink"" conveys that there is an issue related to using webhdfs with hdfs sink, but it doesn't provide any context or details about the problem.
2. The title does not suggest missing reproduction steps, expected behaviour, or context. It's more of a statement of the problem rather than a description of what's happening.
3. A developer might be able to understand that there is an issue with using webhdfs and hdfs sink together, but they would likely need additional information to fully comprehend the scope of the problem.

However, upon closer inspection, I notice that the title does not provide any essential information such as steps to reproduce, expected vs actual behaviour, acceptance criteria, affected components, or environment details. It's a very high-level description of the issue.

Final Answer: Yes",9cb3e92bd7d0de81,llama3.1:8b,0,2026-06-16T22:57:47.487991,project_01,title_only,incompleteness,cot
ISSUE-2908,Create an easier short-cut for launching adhoc Batch Jobs,0,0,"Let's break it down:

1. The issue title conveys that there is a desire to simplify the process of launching ad-hoc batch jobs.
2. There is no indication of missing reproduction steps, expected behavior, or context in this title. It appears to be focused on a specific feature request rather than describing an existing problem.
3. While it's possible for a developer to infer some context from the title (e.g., that the current process is cumbersome), they may still require additional information to fully understand the scope of the issue.

However, upon closer inspection, I notice that the title does mention ""adhoc Batch Jobs"", which implies that there might be some specific requirements or constraints related to these jobs. But overall, the title seems to be focused on a feature request rather than describing an existing problem.

Given this analysis, I would say:

Final Answer: No",2e5ca3c388ab4bf9,llama3.1:8b,0,2026-06-16T22:57:49.862888,project_01,title_only,incompleteness,cot
ISSUE-2746,Add support for Hortonworks Data Platform 2.0,0,0,"Let's break it down:

1. The issue title conveys that there is a request to add support for Hortonworks Data Platform 2.0.
2. There is no indication of missing reproduction steps, expected behaviour, or context in this title. It appears to be a straightforward feature request.
3. While the title provides some context about what needs to be added, it does not provide enough information for a developer to fully understand the scope of work required.

However, upon closer inspection, I notice that the issue title is actually quite specific and implies that there are existing requirements or knowledge about how to add support for Hortonworks Data Platform. It's likely that this is an incomplete feature request because it doesn't provide enough context for a developer to start working on it without additional information.

But, considering the task at hand, I would say:

Final Answer: No",f29060f7f890a89c,llama3.1:8b,0,2026-06-16T22:57:52.151302,project_01,title_only,incompleteness,cot
ISSUE-0945,Provide an option for hdfs sink to not use tmp extension,0,0,"Let's break it down:

1. The issue title conveys a specific request for an option in HDFS sink to not use tmp extension.
2. There is no indication of missing reproduction steps, expected behavior, or context in the title itself.
3. While the title provides some context about what the developer needs to implement (an option), it does not convey enough information about why this option is needed, how it will be used, or any specific requirements.

However, upon closer inspection, I notice that the issue title does mention a specific component (""hdfs sink"") and a desired behavior (""not use tmp extension""). This suggests that some context is provided, but it's still quite narrow in scope. 

Given this analysis, I would say that while the title provides some essential information about the affected component and the desired functionality, it might be considered INCOMPLETE if we're looking for more detailed requirements or context.

However, since no description is available, and based on the provided title alone, I'll err on the side of caution. The issue title does provide a clear request related to a specific component, which suggests that some essential information is present.

Final Answer: No",085ed7af9b1c08c4,llama3.1:8b,0,2026-06-16T22:57:55.050380,project_01,title_only,incompleteness,cot
ISSUE-3110,"Simplify """"instance"""" deployment code",1,1,"Let's break it down:

1. The issue title ""Simplify """"instance"""" deployment code"" conveys that there is a need to simplify some part of the deployment process, but it doesn't provide any specific details about what needs simplification or why.
2. The title does not suggest missing reproduction steps, expected behaviour, or context. It's more focused on the high-level goal of simplifying something.
3. While a developer might be able to make an educated guess about what ""instance"" deployment code refers to, they would likely need additional information to fully understand the scope and requirements of the issue.

Based on these observations, I conclude that the issue title suggests the issue is INCOMPLETE because it lacks essential details such as steps to reproduce, expected vs actual behaviour, acceptance criteria, affected components, or environment details.

Final Answer: Yes",9d79f1aff26369c8,llama3.1:8b,0,2026-06-16T22:57:57.298161,project_01,title_only,incompleteness,cot
ISSUE-0623,Change in file source breaks backward compatibility,1,1,"Let's analyze the issue title step by step:

1. The title ""Change in file source breaks backward compatibility"" conveys that there is an issue with a change made to the software, specifically related to backward compatibility. However, it does not provide any specific details about what this change entails or how it affects the system.
2. The title does not suggest missing reproduction steps, expected behavior, or context. It implies that there is a problem with backward compatibility, but it doesn't indicate what the expected behavior should be or how to reproduce the issue.
3. While a developer might have some idea of what this change could entail, they would likely need more information to fully understand the scope of the issue and how to address it.

Based on these steps, I conclude that the title suggests the issue is INCOMPLETE because it lacks essential details such as expected behavior, affected components, or environment details.

Final Answer: Yes",8da598b0120f5fcd,llama3.1:8b,0,2026-06-16T22:57:59.746214,project_01,title_only,incompleteness,cot
ISSUE-2217,Make transport configuration extensible.,0,1,"Let's break it down:

1. The issue title ""Make transport configuration extensible"" conveys that there is a requirement to make some aspect of the software related to transport configuration more flexible or adaptable.
2. There is no indication in the title about steps to reproduce, expected vs actual behaviour, acceptance criteria, affected components, or environment details.
3. While a developer might be able to infer some context from the title (e.g., that it's related to configuration settings), they would likely need additional information to fully understand the scope of the requirement.

Based on these observations, I conclude that the issue is INCOMPLETE because essential information such as steps to reproduce, expected vs actual behaviour, acceptance criteria, affected components, or environment details are missing from the title alone.

Final Answer: Yes",e50b6e16d8a563a0,llama3.1:8b,0,2026-06-16T22:58:01.876735,project_01,title_only,incompleteness,cot
ISSUE-2661,With Partitioned Jobs,1,1,"To determine whether the issue is INCOMPLETE based on the given title ""With Partitioned Jobs"", I'll follow the step-by-step approach:

1. **What information does this title convey?**
   - The title mentions a specific feature or configuration (""Partitioned Jobs""), which suggests it's related to job partitioning in a system, possibly an ETL (Extract, Transform, Load) process or similar data processing context.

2. **Does the title suggest missing reproduction steps, expected behaviour, or context?**
   - There is no indication of specific steps to reproduce the issue, expected behavior, actual behavior, acceptance criteria, affected components, or environment details in the title itself.
   
3. **Can a developer understand the full scope from the title alone?**
   - While the title gives some context about what might be causing the issue (partitioned jobs), it does not provide enough information for a developer to fully understand the problem without additional context.

Given these considerations, the issue title ""With Partitioned Jobs"" suggests that essential details are missing for a complete understanding of the issue. Therefore:

Final Answer: Yes",f1566d2ab8fd1dfc,llama3.1:8b,0,2026-06-16T22:58:04.682167,project_01,title_only,incompleteness,cot
ISSUE-3656,Create TCP source module,1,1,"Let's break it down:

1. The issue title ""Create TCP source module"" conveys that the request is to create a new software component, specifically a TCP source module.
2. There is no indication of missing reproduction steps, expected behavior, or context in this title. It appears to be a straightforward feature request.
3. While it's possible for a developer to understand the general scope from the title alone (i.e., creating a new module), there are likely many questions that would arise without further information, such as:
	* What is the purpose of this module?
	* How will it interact with other components?
	* Are there any specific requirements or constraints for its implementation?

Given these considerations, I would conclude that the issue title suggests the issue is INCOMPLETE.

Final Answer: Yes",281b3861a6df9872,llama3.1:8b,0,2026-06-16T22:58:06.924577,project_01,title_only,incompleteness,cot
ISSUE-1872,No main manifest attribute in xd-yarn-client jar,0,1,"Let's break it down:

1. The issue title conveys that there is an issue with the xd-yarn-client jar file, specifically that it does not have a main manifest attribute.
2. The title does not suggest missing reproduction steps, expected behaviour, or context. It appears to be a straightforward statement of a problem.
3. While a developer may be able to understand some context from the title (e.g., it's related to a jar file), they would likely need additional information to fully comprehend the issue and its implications.

Based on these observations, I conclude that the issue is INCOMPLETE because it lacks essential information such as steps to reproduce, expected vs actual behaviour, acceptance criteria, affected components, or environment details.

Final Answer: Yes",5cc805b90c43eabc,llama3.1:8b,0,2026-06-16T22:58:09.007046,project_01,title_only,incompleteness,cot
