issue_id,title,ground_truth,prediction,raw_response,prompt_hash,model_version,temperature,timestamp_utc,project,input_mode,task,strategy
ISSUE-207056,Build badges in several github repos have stopped working,0,1,"Step 1: Analyze what the title conveys.
The title ""Build badges in several github repos have stopped working"" indicates that build badges are no longer functioning correctly across multiple GitHub repositories.

Step 2: Determine if the title suggests missing information.
- The title does not provide steps to reproduce the issue.
- It doesn't specify expected vs actual behavior (what should be happening versus what is currently happening).
- There's no mention of acceptance criteria or environment details that would help in diagnosing and fixing the problem.

Step 3: Assess if a developer can understand the full scope from the title alone.
Given only this title, a developer would likely need more information to effectively address the issue. They might require specifics such as which build badges are affected, what changes occurred around the time of failure, or how the badges were functioning before they stopped working.

Final Answer: Yes",1e303a0d48ece291,qwen2.5:14b,0,2026-06-17T16:43:00.352275,project_03,title_only,incompleteness,cot
ISSUE-206571,Indy-sdk integration,1,1,"Step 1: Analyze what the issue title conveys.
- The title ""Indy-sdk integration"" suggests that there is an issue related to integrating some software with Indy-sdk, which could be a library or framework.

Step 2: Determine if the title suggests missing information.
- The title does not provide any specific details about the nature of the problem (e.g., error messages, unexpected behavior).
- It lacks steps to reproduce the issue, expected vs. actual behavior, acceptance criteria, affected components, and environment details.

Step 3: Assess whether a developer can understand the full scope from the title alone.
- A developer would likely need more information to fully comprehend what needs to be done or what is being reported as an issue.
- The title does not provide enough context for a developer to start working on resolving the problem effectively.

Final Answer: Yes",4d6c64a06dcf2538,qwen2.5:14b,0,2026-06-17T16:43:04.272007,project_03,title_only,incompleteness,cot
ISSUE-205754,Assist EV QA,1,1,"Step 1: Analyze what the title ""Assist EV QA"" conveys.
- The title is vague and does not provide specific details about the issue.
- It mentions ""EV QA,"" which could refer to Electric Vehicle Quality Assurance, but it's unclear without more context.

Step 2: Determine if the title suggests missing reproduction steps, expected behavior, or context.
- There are no steps provided on how to reproduce any problem.
- The expected behavior is not mentioned; we don't know what ""assist"" means in this context (e.g., assist with testing, debugging, etc.).
- No environment details or affected components are specified.

Step 3: Evaluate if a developer can understand the full scope from the title alone.
- Given the lack of detail and clarity, it's impossible for a developer to fully comprehend what needs to be done based on this title alone.

Final Answer: Yes",6f77edaf6a2befdb,qwen2.5:14b,0,2026-06-17T16:43:08.305741,project_03,title_only,incompleteness,cot
ISSUE-206786,I should be able to load a .sovrin file from a URL directly into the CLI,0,0,"Step 1: Analyze what the issue title conveys.
The title ""I should be able to load a .sovrin file from a URL directly into the CLI"" suggests that there is an expected feature or functionality where users can load a specific type of file (.sovrin) via a URL directly into a command-line interface (CLI).

Step 2: Determine if the title suggests missing information.
- Steps to reproduce: The title does not provide any steps on how to attempt this action and what happens when trying to do so.
- Expected vs actual behavior: While it states that users should be able to load .sovrin files from a URL into CLI, there is no mention of the current behavior or expected outcome.
- Acceptance criteria: There are no specific acceptance criteria mentioned for how this feature should work.
- Affected components: The title does not specify which parts of the software (e.g., network module, file handling) would be involved in implementing this functionality.
- Environment details: No information is provided about the environment or system requirements needed to reproduce the issue.

Step 3: Assess if a developer can understand the full scope from the title alone.
Given the lack of detailed steps and expected behavior, it's challenging for a developer to",db3c414b9b59647f,qwen2.5:14b,0,2026-06-17T16:43:13.642359,project_03,title_only,incompleteness,cot
ISSUE-206184,Configurations should contain certain version of pip,1,1,"Step 1: Analyze what the title conveys.
The title ""Configurations should contain certain version of pip"" suggests that there is an expectation for configurations to include a specific version of pip, which is a package installer for Python.

Step 2: Determine if the title suggests missing information.
- The title does not provide steps on how to reproduce the issue or expected behavior.
- It lacks details about what ""certain version"" refers to (e.g., version number).
- There's no mention of acceptance criteria, affected components, or environment details.

Step 3: Assess if a developer can understand the full scope from the title alone.
Given the limited information in the title, it is unlikely that a developer would have enough context to fully understand what needs to be done without additional details such as version numbers and configuration specifics.

Final Answer: Yes",a049174b57d989cc,qwen2.5:14b,0,2026-06-17T16:43:17.469685,project_03,title_only,incompleteness,cot
ISSUE-205916,read_ledger tool is not able to read the sovrin plugin ledger,0,1,"Step 1: Analyze what information is conveyed by the title.
- The issue involves a tool called ""read_ledger"".
- This tool apparently cannot read something related to the ""sovrin plugin ledger"".

Step 2: Determine if there are missing reproduction steps, expected behavior, or context.
- There's no mention of how to reproduce the problem (e.g., specific commands or actions).
- The title does not specify what the expected behavior should be when using the read_ledger tool with the sovrin plugin ledger.
- No environment details or affected components are mentioned.

Step 3: Assess if a developer can understand the full scope from just the title.
- While it's clear there is an issue, understanding how to reproduce and fix this problem would require additional information not provided in the title alone.

Final Answer: Yes",b064310dcfcff784,qwen2.5:14b,0,2026-06-17T16:43:21.301802,project_03,title_only,incompleteness,cot
ISSUE-206000,AttributeError: 'NoneType' object has no attribute 'request' during load,0,1,"Step 1: Analyze what the issue title conveys.
- The title indicates an error message ""AttributeError: 'NoneType' object has no attribute 'request'"" which occurred during load.

Step 2: Determine if the title suggests missing information.
- The title does not provide steps to reproduce the issue, expected behavior, or acceptance criteria.
- It lacks details about the environment in which this error occurs (e.g., specific version of software, operating system).
- There is no mention of affected components or a clear description of what was happening when the error occurred.

Step 3: Assess if a developer can understand the full scope from the title alone.
- While the title gives an indication of the type of error and where it happened (during load), it does not provide enough context for a developer to fully diagnose and resolve the issue without additional information.

Final Answer: Yes",0d0cbae2d5ed551a,qwen2.5:14b,0,2026-06-17T16:43:25.274002,project_03,title_only,incompleteness,cot
ISSUE-207179,Make sure Nodes upgrade eagerly,1,1,"Step 1: Analyze what the title conveys.
The title ""Make sure Nodes upgrade eagerly"" suggests that there is an issue related to nodes not upgrading as quickly or proactively as desired.

Step 2: Determine if the title suggests missing information.
- The title does not provide steps on how to reproduce the problem.
- It doesn't specify what the expected behavior should be compared to the actual observed behavior.
- There's no mention of acceptance criteria, affected components, or environment details that would help in understanding and resolving the issue.

Step 3: Assess if a developer can understand the full scope from the title alone.
Given the lack of specific information about how to reproduce the problem, what needs to be fixed, and under which conditions this occurs, it is unlikely that a developer could fully grasp the requirements or steps needed to resolve the issue based on this title alone.

Final Answer: Yes",35f2707475a8f795,qwen2.5:14b,0,2026-06-17T16:43:29.296035,project_03,title_only,incompleteness,cot
ISSUE-207175,Testing: do a lot of concurrent writes and reads to same values,0,0,"Step 1: Analyze what the title conveys.
The title ""Testing: do a lot of concurrent writes and reads to same values"" suggests that there is an intention to test how a system handles multiple simultaneous write and read operations on the same data.

Step 2: Determine if the title suggests missing information.
- Steps to reproduce: The title does not provide specific steps or instructions for reproducing the issue. It only mentions doing concurrent writes and reads, but doesn't specify how many threads, what kind of values are being written/read, etc.
- Expected vs actual behavior: There is no mention of expected outcomes or any discrepancy between expected and observed behaviors.
- Acceptance criteria: The title does not outline acceptance criteria for the test scenario described.
- Affected components: It's unclear which specific system components (e.g., database, cache) are involved in this issue.
- Environment details: No information about the environment setup is provided.

Step 3: Assess if a developer can understand the full scope from the title alone.
Given the lack of detailed steps and context, it would be challenging for a developer to fully comprehend what needs to be tested or how to proceed with testing based solely on this title. More specific details are required to effectively address the issue.",3f8661d94acac5ec,qwen2.5:14b,0,2026-06-17T16:43:34.660826,project_03,title_only,incompleteness,cot
ISSUE-205301,Responses to client validator info requests very slow on a StagingNet node,0,1,"Step 1: Analyze what information is conveyed by the issue title.
- The title mentions ""Responses to client validator info requests very slow on a StagingNet node.""
- It indicates that there's an issue with response times for certain requests in a specific environment.

Step 2: Determine if the title suggests missing reproduction steps, expected behavior, or context.
- Missing information includes how to reproduce the issue (specific steps), what the expected performance should be, and details about the environment beyond ""StagingNet node.""
- The title does not provide clear acceptance criteria or a comparison between actual and expected behaviors.

Step 3: Evaluate if a developer can understand the full scope from the title alone.
- A developer would likely need more information to diagnose and fix this issue effectively. They might require details such as:
  - Specific steps to reproduce the slow response times.
  - Expected performance metrics for these requests under normal conditions.
  - Affected components or services involved in handling client validator info requests.
  - Environment specifics beyond ""StagingNet node"" (e.g., software versions, network configurations).

Final Answer: Yes",2cf94069a39f19de,qwen2.5:14b,0,2026-06-17T16:43:39.582270,project_03,title_only,incompleteness,cot
ISSUE-206412,Create Entity Relationship Diagram of current ledger objects including primary and secondary keys used to link each object together.,0,1,"Step 1: Analyze what information is conveyed by the issue title.
- The title mentions creating an Entity Relationship Diagram (ERD) of current ledger objects.
- It specifies that primary and secondary keys used to link each object together should be included.

Step 2: Determine if the title suggests missing reproduction steps, expected behavior, or context.
- There are no instructions on how to create the ERD or what tools to use.
- The title does not specify any expected outcome beyond creating an ERD with primary and secondary keys.
- It lacks details about which ledger objects should be included or where these objects can be found.

Step 3: Assess if a developer can understand the full scope from the title alone.
- While the task is clear, it lacks specific instructions on how to proceed (e.g., what tools to use, detailed steps).
- The absence of acceptance criteria and environment details makes it difficult for developers to know when they have completed the task satisfactorily.

Final Answer: Yes",c46298738294881a,qwen2.5:14b,0,2026-06-17T16:43:43.989318,project_03,title_only,incompleteness,cot
ISSUE-206580,Explore: Can doing a ping in the Getting Started Tutorial delete the active wallet,0,1,"Step 1: Analyze what the issue title conveys.
- The title suggests that there is an exploration question about whether performing a ping action in the Getting Started Tutorial can lead to the deletion of the active wallet.

Step 2: Determine if the title suggests missing information.
- Steps to reproduce are not provided; it's unclear how one would perform this test or what specific actions constitute ""doing a ping.""
- Expected behavior is not clear. Does the user expect that doing a ping should not delete the wallet, or is there some condition under which deletion might occur?
- Acceptance criteria are missing. It’s not specified what needs to be true for the issue to be resolved.
- Affected components and environment details are also absent.

Step 3: Assess if a developer can understand the full scope from the title alone.
- The title raises a question but does not provide enough information for a developer to reproduce, diagnose or resolve the issue effectively. It lacks clarity on what exactly is being tested and under what conditions.

Final Answer: Yes",782e43830cda8396,qwen2.5:14b,0,2026-06-17T16:43:48.563676,project_03,title_only,incompleteness,cot
ISSUE-206497,Unclear messages appear during reading transactions,0,1,"Step 1: Analyze what the issue title conveys.
- The title mentions ""Unclear messages appear during reading transactions.""
- It indicates that there are unclear messages and they occur when reading transactions.

Step 2: Determine if the title suggests missing information.
- Missing reproduction steps: How to reproduce the issue is not mentioned. We don't know what actions trigger these unclear messages.
- Expected vs actual behavior: The expected outcome or the nature of the clear message that should appear instead of the unclear one is not specified.
- Acceptance criteria: There are no acceptance criteria provided for resolving this issue.
- Affected components: No specific component or module causing the issue is mentioned.
- Environment details: No information about the environment (e.g., operating system, software version) where the issue occurs.

Step 3: Assess if a developer can understand the full scope from the title alone.
- Given only the title, it's challenging for a developer to fully grasp what needs to be done or how to reproduce and fix the issue. The lack of specific details makes it difficult to prioritize or address this issue effectively.

Final Answer: Yes",3401995fa7abaa45,qwen2.5:14b,0,2026-06-17T16:43:53.511705,project_03,title_only,incompleteness,cot
ISSUE-205266,1.10.0 Release,1,1,"Step 1: Analyze what the issue title conveys.
The title ""1.10.0 Release"" suggests that it is related to a software release version.

Step 2: Determine if the title suggests missing information.
- The title does not provide any steps to reproduce an issue, expected behavior, actual behavior, acceptance criteria, affected components, or environment details.
- It lacks context on what specific problem or feature request this relates to within the release.

Step 3: Assess whether a developer can understand the full scope from the title alone.
A developer would likely need more information about why this release is an issue and what needs to be addressed. The title does not provide enough detail for developers to fully comprehend the nature of the problem or task at hand.

Final Answer: Yes",8bd8d9b3b4715139,qwen2.5:14b,0,2026-06-17T16:43:57.176826,project_03,title_only,incompleteness,cot
ISSUE-206591,Incubation: Remove all non-Indy branding from indy-anoncreds repo,0,0,"Step 1: Analyze what the title conveys.
The title ""Incubation: Remove all non-Indy branding from indy-anoncreds repo"" suggests that there is an action to be taken, which involves removing certain types of branding from a specific repository.

Step 2: Determine if the title suggests missing information.
- Steps to reproduce: The title does not provide any steps on how to identify or remove non-Indy branding. It's unclear what exactly constitutes ""non-Indy branding"" and where it is located within the repo.
- Expected vs actual behavior: There is no mention of expected outcomes after removing the branding, nor is there a description of current issues with the existing branding.
- Acceptance criteria: The title does not specify how one would know when this task is complete or what success looks like.
- Affected components: While it mentions the ""indy-anoncreds repo,"" it doesn't clarify which files or directories within the repository are affected by non-Indy branding.
- Environment details: There's no information about the environment in which this change should be made (e.g., specific version of the software, development vs production).

Step 3: Assess if a developer can understand the full scope from the title alone.",5447e21b45426cff,qwen2.5:14b,0,2026-06-17T16:44:02.498116,project_03,title_only,incompleteness,cot
ISSUE-207055,Make the tests working using pure pytest,1,1,"Step 1: Analyze what the title conveys.
The title ""Make the tests working using pure pytest"" suggests that there is an issue with some tests not functioning correctly and the goal is to fix them by using pytest without any additional frameworks or plugins.

Step 2: Determine if the title suggests missing information.
- The title does not provide steps to reproduce the problem.
- It doesn't specify what the expected behavior should be after fixing the issue.
- There's no mention of acceptance criteria, affected components, or environment details.
- The scope and context of the tests are unclear.

Step 3: Assess if a developer can understand the full scope from the title alone.
Given the lack of specific information about which tests need to be fixed, what is currently wrong with them, and in what environment they should work, it's unlikely that a developer would have enough information to fully comprehend or address this issue.

Final Answer: Yes",7d36267fdd8c0d61,qwen2.5:14b,0,2026-06-17T16:44:06.715053,project_03,title_only,incompleteness,cot
ISSUE-206198,The node blacklisted the remaining nodes during network problems,0,1,"Step 1: Analyze what the title conveys.
- The title indicates that there is an issue with nodes being blacklisted during network problems.

Step 2: Determine if the title suggests missing information.
- Missing reproduction steps: How to reproduce this issue is not mentioned in the title. It's unclear under which conditions or how one can replicate this situation.
- Expected vs actual behavior: The expected behavior isn't clear from the title alone, nor is it evident what the actual outcome should be compared to the current state.
- Acceptance criteria: There are no acceptance criteria provided that would help understand when the issue is resolved.
- Affected components: While it mentions nodes and network problems, specific details about which nodes or components are involved are missing.
- Environment details: No information regarding the environment (e.g., operating system, version numbers) where this occurs is given.

Step 3: Assess if a developer can understand the full scope from the title alone.
- Given the lack of detailed steps to reproduce and specific context about the environment or components affected, it would be challenging for a developer to fully grasp the issue's nature and how to address it based solely on this title.

Final Answer: Yes",f4e069d7f95253d0,qwen2.5:14b,0,2026-06-17T16:44:11.891830,project_03,title_only,incompleteness,cot
ISSUE-205670,Tests using the sdk fail on the master branch,0,1,"Step 1: Analyze what the title conveys.
- The issue title indicates that tests using the SDK fail on the master branch.

Step 2: Determine if there is missing information.
- Missing reproduction steps: How to reproduce the failure is not mentioned. Are specific test cases failing, or are all tests failing?
- Expected vs actual behavior: What should be happening versus what actually happens is not detailed in the title.
- Acceptance criteria: There's no mention of acceptance criteria that would help understand if a fix meets requirements.
- Affected components: The SDK and master branch are mentioned, but it’s unclear which specific parts of the SDK or tests are failing.
- Environment details: No information about the environment (e.g., operating system, version numbers) is provided.

Step 3: Assess whether a developer can understand the full scope from just the title.
- A developer would need more context to fully understand and address this issue. The lack of specific steps, expected behavior, affected components, and environmental details makes it difficult for developers to start working on resolving the problem effectively.

Final Answer: Yes",f6363c0854d08074,qwen2.5:14b,0,2026-06-17T16:44:16.772588,project_03,title_only,incompleteness,cot
ISSUE-205185,Write a script to upgrade audit ledger for the new state recovered from ledger,0,1,"Step 1: Analyze what the title conveys.
The title ""Write a script to upgrade audit ledger for the new state recovered from ledger"" suggests that there is a need to write a script. The purpose of this script is to upgrade an audit ledger based on a new state that has been recovered from another ledger.

Step 2: Determine if the title suggests missing information.
- Steps to reproduce: Not mentioned in the title.
- Expected vs actual behavior: Not clear what the expected outcome should be or how it differs from the current situation.
- Acceptance criteria: No specific acceptance criteria are provided.
- Affected components: The audit ledger is mentioned, but other potentially affected components are not specified.
- Environment details: There's no information about the environment in which this script will run.

Step 3: Assess if a developer can understand the full scope from the title alone.
Given the lack of specific details such as reproduction steps, expected behavior, acceptance criteria, and environmental context, it would be challenging for a developer to fully grasp what needs to be done just by reading the title. The task seems vague without further elaboration.

Final Answer: Yes",5e991db5d82b517b,qwen2.5:14b,0,2026-06-17T16:44:21.803887,project_03,title_only,incompleteness,cot
ISSUE-205803,Find out maximal pool performance numbers for mixed mode (read and write),0,1,"Step 1: Analyze what the title conveys.
The title ""Find out maximal pool performance numbers for mixed mode (read and write)"" suggests that there is an investigation into determining the best possible performance metrics of a resource pool when it operates in both read and write modes.

Step 2: Determine if the title suggests missing information.
- The title does not provide steps to reproduce any issue or scenario.
- It doesn't specify expected behavior compared to actual behavior, which would be necessary for identifying bugs or issues.
- There is no mention of acceptance criteria that need to be met.
- No affected components are specified (e.g., database pool, thread pool).
- The environment details such as operating system, software versions, etc. are not mentioned.

Step 3: Assess if a developer can understand the full scope from the title alone.
Given the lack of specific steps, expected outcomes, and context, it is unlikely that a developer would have enough information to fully comprehend what needs to be done or tested based on this title alone.

Final Answer: Yes",d3bec684ec4275c3,qwen2.5:14b,0,2026-06-17T16:44:26.448421,project_03,title_only,incompleteness,cot
ISSUE-206213,Read-ledger without storage copy in case of RocksDB (RocksDB read-only mode support),0,1,"Step 1: Analyze what the issue title conveys.
The title ""Read-ledger without storage copy in case of RocksDB (RocksDB read-only mode support)"" suggests that there is an issue related to reading a ledger in a specific scenario involving RocksDB, specifically when it operates in read-only mode and does not have a storage copy.

Step 2: Determine if the title suggests missing reproduction steps, expected behavior, or context.
- The title does not provide any information on how to reproduce the issue.
- It is unclear what the expected behavior should be versus the actual observed behavior.
- There are no acceptance criteria mentioned.
- While it mentions RocksDB and read-only mode, there's no detail about affected components or environment specifics.

Step 3: Assess if a developer can understand the full scope from the title alone.
Given the limited information provided in the title, a developer would likely need more details to fully comprehend the issue. The title does not provide enough context for reproduction steps, expected vs actual behavior, acceptance criteria, affected components, or environment specifics.

Final Answer: Yes",312d703bd9aa3cbf,qwen2.5:14b,0,2026-06-17T16:44:31.279370,project_03,title_only,incompleteness,cot
ISSUE-205553,Node that does not upgrade spams the config ledger,1,1,"Step 1: Analyze what the title conveys.
- The issue is about a ""Node that does not upgrade"".
- This node apparently ""spams the config ledger"".

Step 2: Determine if there are missing details.
- Missing reproduction steps: How to reproduce this issue isn't mentioned in the title.
- Expected vs actual behavior: While it's clear what happens (the node spams the config ledger), it is not specified how this differs from expected behavior.
- Acceptance criteria, affected components, or environment details: The title does not provide these.

Step 3: Assess if a developer can understand the full scope from just the title.
- A developer might be able to infer that there's an issue with nodes failing to upgrade and causing excessive logging in the config ledger. However, without more context about why this is problematic or how it affects system functionality, the issue remains unclear.

Final Answer: Yes",273927f7c071af1f,qwen2.5:14b,0,2026-06-17T16:44:35.435734,project_03,title_only,incompleteness,cot
ISSUE-206193,[QA] Script for filling the ledger doesn't work,0,1,"Step 1: Analyze what the issue title conveys.
- The title indicates that there is an issue with a script used for filling a ledger.
- It suggests that the script does not work as intended.

Step 2: Determine if the title suggests missing information.
- Missing reproduction steps: The title doesn't provide any details on how to reproduce the issue, such as specific actions or conditions under which it occurs.
- Expected vs actual behavior: While it's clear there is an issue (""doesn't work""), the expected behavior and what specifically isn't working are not detailed.
- Acceptance criteria: There is no mention of acceptance criteria that would indicate what success looks like for this script.
- Affected components: The title does not specify which parts of the system or ledger are affected by the problem.
- Environment details: No information about the environment in which the issue occurs (e.g., specific software version, operating system) is provided.

Step 3: Assess if a developer can understand the full scope from the title alone.
- Given the lack of detailed steps to reproduce, expected behavior, and context, it would be challenging for a developer to fully grasp the nature and extent of the issue based solely on this title.

Final Answer: Yes",b713719f15df6855,qwen2.5:14b,0,2026-06-17T16:44:40.746960,project_03,title_only,incompleteness,cot
ISSUE-207334,Send NYM command is not executed on Shakedown Pool 1,0,0,"Step 1: Analyze what the issue title conveys.
- The title mentions ""Send NYM command"" which is likely an action in some software system.
- It states that this command is not executed on a specific environment called ""Shakedown Pool 1"".

Step 2: Determine if the title suggests missing information.
- Missing reproduction steps: How to reproduce the issue (e.g., what sequence of actions leads to the problem) is not provided.
- Expected vs actual behavior: The expected outcome of sending a NYM command and what actually happens are not detailed.
- Acceptance criteria: There's no mention of what success looks like for this feature or how it should behave under normal circumstances.
- Affected components: While ""Shakedown Pool 1"" is mentioned, there’s no indication of which specific parts of the system (e.g., API endpoints, database tables) are involved.
- Environment details: The environment name (""Shakedown Pool 1"") is given but lacks other necessary context such as version numbers or configurations.

Step 3: Assess if a developer can understand the full scope from just the title.
- A developer would likely need more information to diagnose and fix this issue, including how to reproduce it and what the expected behavior should be.",66e0eeb009c9d6fb,qwen2.5:14b,0,2026-06-17T16:44:46.160852,project_03,title_only,incompleteness,cot
ISSUE-206998,roll back default where zmq high water mark = 0,1,1,"Step 1: Analyze what the title conveys.
- The title mentions ""roll back default"" which implies there was a change to revert.
- It references ""zmq high water mark = 0"", indicating this is related to ZeroMQ and its configuration.

Step 2: Determine if the title suggests missing information.
- There are no steps provided on how to reproduce the issue.
- The expected behavior after rolling back or the actual observed behavior is not mentioned.
- No acceptance criteria, affected components, or environment details are specified.

Step 3: Assess whether a developer can understand the full scope from the title alone.
- While it's clear that there's an intention to revert a default setting related to ZeroMQ's high water mark configuration, critical information such as why this rollback is necessary, what issues arise when the high water mark is set to zero, and how to verify if the rollback was successful are missing.

Final Answer: Yes",1d24a1a04ec86f66,qwen2.5:14b,0,2026-06-17T16:44:50.432495,project_03,title_only,incompleteness,cot
ISSUE-206222,Errors with configs during installation,1,1,"Step 1: Analyze what the issue title conveys.
- The title ""Errors with configs during installation"" suggests that there are issues related to configuration files when installing software.

Step 2: Determine if the title suggests missing information.
- The title does not provide specific steps to reproduce the error, expected behavior compared to actual behavior, acceptance criteria, affected components, or environment details. It lacks context and specifics about what kind of errors occur and under which conditions.

Step 3: Assess whether a developer can understand the full scope from the title alone.
- A developer would likely need more information to diagnose and fix the issue effectively. The title is too vague for a developer to fully comprehend the nature, extent, or specific circumstances of the problem without additional details.

Final Answer: Yes",5dcc4152c2f9d006,qwen2.5:14b,0,2026-06-17T16:44:54.037235,project_03,title_only,incompleteness,cot
ISSUE-207211,Node crashes if out of disk space,0,0,"Step 1: Analyze what the title conveys.
- The issue title ""Node crashes if out of disk space"" indicates that when there is no available disk space, a node (likely referring to a server or system component) experiences a crash.

Step 2: Determine if the title suggests missing information.
- Steps to reproduce: Not provided. While it's clear what condition causes the issue (""out of disk space""), specific steps are not mentioned.
- Expected vs actual behavior: The expected behavior is implied as normal operation, but no details about this or the exact nature of the crash (e.g., error message, logs) are given.
- Acceptance criteria: Not provided. There's no indication of what would constitute a fix or how to verify that it works correctly.
- Affected components: Only ""Node"" is mentioned, which might be too vague without specifying if this refers to a specific software component (like Node.js) or hardware.
- Environment details: No environment specifics are given, such as operating system version, disk space requirements, or node configuration.

Step 3: Assess whether the developer can understand the full scope from the title alone.
- While the issue is clear in its basic premise, a developer would need more information to diagnose and fix",24cc4fe68778c191,qwen2.5:14b,0,2026-06-17T16:44:59.349188,project_03,title_only,incompleteness,cot
ISSUE-205565,Unable to choose volume type using pool automation scripts,0,1,"Step 1: Analyze what the issue title conveys.
- The title indicates that there is an inability to choose volume types when using pool automation scripts.

Step 2: Determine if the title suggests missing information.
- Steps to reproduce are not mentioned in the title. It's unclear how one would encounter this issue.
- Expected behavior is implied but not explicitly stated (the user should be able to select a volume type).
- Acceptance criteria, affected components, and environment details are also not provided.

Step 3: Assess if a developer can understand the full scope from the title alone.
- The title does provide some context about what the issue is related to (pool automation scripts), but it lacks specific details that would allow a developer to reproduce or fully understand the problem without additional information.

Final Answer: Yes",9fd0e9b197da1c3a,qwen2.5:14b,0,2026-06-17T16:45:03.155412,project_03,title_only,incompleteness,cot
ISSUE-205746,1.6.74 Release,1,1,"Step 1: Analyze what the issue title conveys.
The title ""1.6.74 Release"" suggests that it is related to a specific version of software, likely indicating a release or update.

Step 2: Determine if the title suggests missing information.
- The title does not provide any indication of steps to reproduce an issue.
- There's no mention of expected vs actual behavior.
- No acceptance criteria are mentioned.
- Affected components and environment details are not specified.
- It is unclear what specific problem or enhancement this release addresses.

Step 3: Assess if a developer can understand the full scope from the title alone.
Given only the version number, it's impossible for a developer to know exactly what changes were made in this release, whether there was an issue that needed fixing, or any other relevant details necessary to address the problem effectively.

Final Answer: Yes",bf153c7602af0108,qwen2.5:14b,0,2026-06-17T16:45:07.107538,project_03,title_only,incompleteness,cot
ISSUE-207177,"Ledgers """"stall"""" gracefully",1,1,"Step 1: Analyze what the title conveys.
- The issue is about ledgers ""stalling"" gracefully.
- This suggests there's an issue with ledger functionality, specifically that it stops working but does so in a graceful manner.

Step 2: Determine if the title suggests missing information.
- Missing reproduction steps: How to reproduce this stalling behavior isn't mentioned.
- Expected vs actual behaviour: The expected behavior is not clear from the title alone. Is ""stalling gracefully"" supposed to be an error condition or normal operation?
- Acceptance criteria: There's no indication of what needs to be accepted as a solution.
- Affected components: While it mentions ledgers, specific affected components are unclear.
- Environment details: No environment details (e.g., operating system, version numbers) are provided.

Step 3: Assess if the title provides enough context for a developer.
- The title does not provide sufficient information to understand the full scope of the issue or how to reproduce it. A developer would need more detailed steps and expected behavior to effectively address this issue.

Final Answer: Yes",b5ccd95e9f68ffff,qwen2.5:14b,0,2026-06-17T16:45:11.921323,project_03,title_only,incompleteness,cot
ISSUE-207246,Sovrin-Client: Show command cannot show files with space in the name,0,1,"Step 1: Analyze what the title conveys.
The title ""Sovrin-Client: Show command cannot show files with space in the name"" indicates that there is an issue with the 'show' command within a Sovrin client application. The problem seems to be related to displaying files that have spaces in their names.

Step 2: Determine if the title suggests missing information.
The title does not provide:
- Steps to reproduce the issue
- Expected vs actual behavior (what should happen when trying to show such files)
- Affected components or environment details

Step 3: Assess whether a developer can understand the full scope from the title alone.
While the title gives some context about what is happening, it lacks crucial information that would allow a developer to fully understand and address the issue. For example, knowing how to reproduce the problem, understanding the expected behavior, or having details about the environment where this occurs would be necessary.

Final Answer: Yes",98973c5c51dc2c56,qwen2.5:14b,0,2026-06-17T16:45:16.243308,project_03,title_only,incompleteness,cot
ISSUE-207346,Unexpected behavior of the testSendNodeSucceedsIfServicesIsMissed test,0,1,"Step 1: Analyze what the issue title conveys.
- The title mentions an ""unexpected behavior"" of a specific test case named `testSendNodeSucceedsIfServicesIsMissed`.
- It implies that there is some unexpected outcome when running this particular test.

Step 2: Determine if the title suggests missing information.
- The title does not provide steps to reproduce the issue, expected vs actual behavior, acceptance criteria, affected components, or environment details.
- Without these details, a developer would struggle to understand what exactly went wrong and how to fix it.

Step 3: Assess whether a developer can understand the full scope from the title alone.
- The title is vague about what constitutes ""unexpected behavior"" and does not provide enough context for a developer to reproduce or diagnose the issue effectively.
- A more detailed description would be necessary to fully comprehend the nature of the problem and how it affects the system.

Final Answer: Yes",0803c616547ffafd,qwen2.5:14b,0,2026-06-17T16:45:20.421211,project_03,title_only,incompleteness,cot
ISSUE-207079,Node with malformed ldb files has inconsistent behavior,0,1,"Step 1: Analyze what the title conveys.
- The issue is related to a ""Node"" which likely refers to a node in a distributed system or blockchain network.
- There are ""malformed ldb files"", indicating that there's an issue with specific data storage files (ldb stands for LevelDB, a key-value store).
- The behavior of the node is described as ""inconsistent"".

Step 2: Determine if the title suggests missing information.
- Steps to reproduce the issue are not mentioned. How can one create or encounter malformed ldb files?
- Expected vs actual behavior isn't clearly stated. What does consistent behavior look like compared to inconsistent behavior?
- Acceptance criteria, affected components, and environment details (such as operating system, version numbers) are not provided.

Step 3: Assess if a developer could understand the full scope from just the title.
- While it gives some context about what might be wrong, it lacks specific details that would allow a developer to reproduce or fix the issue effectively. The term ""inconsistent behavior"" is vague and doesn't provide enough information for developers to pinpoint the exact nature of the problem.

Final Answer: Yes",779d51663fe10a63,qwen2.5:14b,0,2026-06-17T16:45:25.405730,project_03,title_only,incompleteness,cot
ISSUE-205870,Node can't catch up large ledger,1,0,"Step 1: Analyze what the title conveys.
The title ""Node can't catch up large ledger"" suggests that there is an issue with a node in a system where it cannot process or synchronize with a large ledger. This implies some kind of performance or synchronization problem.

Step 2: Determine if the title suggests missing information.
- Steps to reproduce: The title does not provide any steps on how to reproduce this issue, which would be necessary for developers to understand and fix the problem.
- Expected vs actual behavior: While it's clear that the node cannot catch up with a large ledger (actual behavior), there is no mention of what the expected behavior should be. For example, whether other nodes can handle the same size ledger or if this issue occurs under specific conditions.
- Acceptance criteria: The title does not provide any acceptance criteria to determine when the issue would be considered resolved.
- Affected components: While it mentions a node and a large ledger, there is no detail about which specific components are involved (e.g., database, network layer).
- Environment details: There's no information provided about the environment in which this issue occurs, such as operating system, version of software, or hardware specifications.

Step 3: Assess if a developer can understand the",dbcfb26e4a59ee1f,qwen2.5:14b,0,2026-06-17T16:45:30.781675,project_03,title_only,incompleteness,cot
ISSUE-207163,F-value tests: How many nodes can I lose before the network stops? Is it 2f+1? Is it n-f?,0,1,"Step 1: Analyze what the issue title conveys.
The title mentions ""F-value tests,"" which seems to be related to some kind of network reliability test involving nodes and a threshold value (2f+1 or n-f). It appears to be asking about the maximum number of node failures before the network stops functioning.

Step 2: Determine if the title suggests missing information.
- The title does not provide steps on how to reproduce the issue.
- There is no clear description of expected vs. actual behavior.
- No acceptance criteria are mentioned.
- Affected components or environment details are not specified.

Step 3: Assess whether a developer can understand the full scope from the title alone.
Given the lack of specific details about reproduction steps, expected outcomes, and environmental context, it is unlikely that a developer would have enough information to fully comprehend the issue's scope based on this title alone.

Final Answer: Yes",85c570e39277ac7d,qwen2.5:14b,0,2026-06-17T16:45:34.949332,project_03,title_only,incompleteness,cot
ISSUE-205602,Write and Read request flow,1,1,"Step 1: Analyze what the title conveys.
The issue title ""Write and Read request flow"" suggests that there is an issue related to how data is written and read in some system or application. However, it does not provide specific details about what exactly is wrong with this process.

Step 2: Determine if the title suggests missing information.
- Steps to reproduce: Not provided.
- Expected vs actual behavior: Not specified.
- Acceptance criteria: Not mentioned.
- Affected components: Not detailed.
- Environment details: Not included.

The title lacks specific details about what is wrong with the write and read request flow, making it difficult for a developer to understand the exact nature of the issue without additional context or description.

Step 3: Assess if a developer can understand the full scope from the title alone.
Given the lack of specifics in the title, a developer would need more information to fully comprehend the issue's scope and how to address it. The title does not provide enough detail for a developer to reproduce the problem or know what is expected versus actual behavior.

Final Answer: Yes",900758d0fd612e16,qwen2.5:14b,0,2026-06-17T16:45:39.695974,project_03,title_only,incompleteness,cot
ISSUE-207255,Sovrin-Client: Show file command of not much use,0,1,"Step 1: Analyze what the title conveys.
The title ""Sovrin-Client: Show file command of not much use"" suggests that there is an issue with a specific command in the Sovrin-Client software, which is apparently not very useful or effective.

Step 2: Determine if the title suggests missing information.
- The title does not provide steps to reproduce the issue.
- It doesn't specify what the expected behavior should be compared to the actual behavior.
- There's no mention of acceptance criteria or environment details that would help in understanding and reproducing the problem.
- The context is vague; it’s unclear which specific command is being referred to, its intended use case, or why exactly it isn’t useful.

Step 3: Assess if a developer can understand the full scope from the title alone.
Given the lack of detail about what the ""Show file"" command does and under what circumstances it's not useful, a developer would likely need more information to fully comprehend and address this issue effectively.

Final Answer: Yes",9953b75f2e24ba54,qwen2.5:14b,0,2026-06-17T16:45:44.290981,project_03,title_only,incompleteness,cot
ISSUE-205400,Update docs for Transaction Author agreement,0,1,"Step 1: Analyze what the issue title conveys.
The title ""Update docs for Transaction Author agreement"" suggests that there is a need to update documentation related to a transaction author agreement.

Step 2: Determine if the title suggests missing reproduction steps, expected behavior, or context.
- The title does not provide any information on how to reproduce an issue.
- It doesn't mention what the current state of the documentation is or what the desired outcome should be after updating it.
- There's no indication about which components are affected or in which environment this update needs to happen.

Step 3: Assess if a developer can understand the full scope from the title alone.
Given only the title, a developer would likely need more information such as:
- What specific parts of the documentation need to be updated?
- Are there any new requirements for the transaction author agreement that necessitate these updates?
- Is this update part of a larger project or is it standalone?

Final Answer: Yes",e20f8dcc30d990fe,qwen2.5:14b,0,2026-06-17T16:45:48.649229,project_03,title_only,incompleteness,cot
ISSUE-205519,Incorrect pool upgrade txn validation,1,1,"Step 1: Analyze what the title conveys.
- The title ""Incorrect pool upgrade txn validation"" suggests that there is an issue with how transactions are validated during a pool upgrade process.

Step 2: Determine if the title suggests missing information.
- The title does not provide steps to reproduce the issue, expected behavior, acceptance criteria, affected components, or environment details. It lacks context on what exactly is incorrect and under which conditions this validation fails.

Step 3: Assess whether a developer can understand the full scope from the title alone.
- A developer would likely need more information to fully comprehend the nature of the problem, such as specific scenarios where the issue occurs, expected vs actual behavior, or details about the pool upgrade process involved.

Final Answer: Yes",cff56c60ec345aa1,qwen2.5:14b,0,2026-06-17T16:45:52.144753,project_03,title_only,incompleteness,cot
ISSUE-205808,Performance of monitor should be improved,0,1,"Step 1: Analyze what the issue title conveys.
- The title ""Performance of monitor should be improved"" suggests that there is an issue with the performance of some kind of monitoring system or tool, and it needs to be made better.

Step 2: Determine if the title suggests missing information.
- The title does not provide specific steps to reproduce the issue.
- It doesn't mention what the current expected behavior should be compared to the actual observed behavior.
- There is no acceptance criteria mentioned (what would constitute an improvement).
- No affected components or environment details are provided.

Step 3: Assess if a developer can understand the full scope from the title alone.
- A developer would likely need more information such as specific performance metrics, context about which monitor system this refers to, and what kind of improvements are expected (e.g., faster response time, less resource usage).

Final Answer: Yes",3e77bf5637beee9e,qwen2.5:14b,0,2026-06-17T16:45:56.162165,project_03,title_only,incompleteness,cot
ISSUE-205232,PBFT View Change Debug: Part 2,1,1,"Step 1: Analyze what the title conveys.
- The title ""PBFT View Change Debug: Part 2"" suggests that this is part of a debugging process related to PBFT (Practical Byzantine Fault Tolerance) view change, which is likely a component or feature in a distributed system.

Step 2: Determine if the title suggests missing information.
- The title does not provide any specific steps to reproduce an issue, expected behavior, actual behavior, acceptance criteria, affected components, or environment details. It only indicates that this is part of ongoing debugging work and implies there was a Part 1 before it.

Step 3: Assess whether a developer can understand the full scope from the title alone.
- A developer would likely need more context to fully understand what needs to be done or what specific issue is being addressed in ""Part 2"" of this debug process. The title does not provide enough information for someone unfamiliar with the project to know exactly what actions are required.

Final Answer: Yes",39bd28b1a8107296,qwen2.5:14b,0,2026-06-17T16:46:00.664343,project_03,title_only,incompleteness,cot
ISSUE-206367,Knowledge transfer on Indy build processes,1,1,"Step 1: Analyze what the title conveys.
The title ""Knowledge transfer on Indy build processes"" suggests that there is an activity related to transferring knowledge about how to build something called 'Indy'. However, it does not specify what exactly needs to be transferred or why this knowledge transfer is necessary.

Step 2: Determine if the title suggests missing information.
- Steps to reproduce: Not mentioned. There are no steps provided for reproducing any issue or process.
- Expected vs actual behavior: The title doesn't indicate there's a problem with expected versus actual behavior; it seems more like an informational request or task description.
- Acceptance criteria: No acceptance criteria are specified, such as what success looks like after the knowledge transfer.
- Affected components: It mentions 'Indy build processes', but does not specify which parts of these processes are affected or need attention.
- Environment details: There is no mention of any specific environment where this process takes place.

Step 3: Assess if a developer can understand the full scope from the title alone.
Given only the title, it's unclear what exactly needs to be done. A developer would likely require more context about why knowledge transfer is needed and specifics on which build processes are involved or affected.

Final Answer: Yes",4ff29d27912411a6,qwen2.5:14b,0,2026-06-17T16:46:06.059083,project_03,title_only,incompleteness,cot
ISSUE-205283,Support ubuntu 20.04 in system tests,0,1,"Step 1: Analyze what the issue title conveys.
The title ""Support ubuntu 20.04 in system tests"" suggests that there is an intention to include Ubuntu 20.04 as a supported environment for running system tests.

Step 2: Determine if the title suggests missing information.
- The title does not provide steps on how to reproduce any issue or problem.
- It doesn't specify what the expected behavior should be after supporting Ubuntu 20.04 in system tests.
- There is no mention of acceptance criteria, such as which features need to work under this new environment.
- No details about affected components are provided.

Step 3: Assess if a developer can understand the full scope from the title alone.
Given only the title, it's unclear what specific changes or additions are required. A developer would likely need more information on how supporting Ubuntu 20.04 impacts existing tests and what needs to be done to ensure compatibility.

Final Answer: Yes",b851d42135a5bf12,qwen2.5:14b,0,2026-06-17T16:46:10.602926,project_03,title_only,incompleteness,cot
ISSUE-206407,generate_indy_pool_transactions can be run only by indy user,0,1,"Step 1: Analyze what the title conveys.
The title ""generate_indy_pool_transactions can be run only by indy user"" suggests that there is an issue with permissions or access control for running a specific function called `generate_indy_pool_transactions`. It implies that this function should not be accessible to all users but specifically to 'indy' users.

Step 2: Determine if the title suggests missing information.
- The title does not provide steps on how to reproduce the issue.
- There is no mention of expected vs actual behavior, which would help in understanding what exactly is wrong or unexpected.
- No acceptance criteria are mentioned that describe when this issue will be considered resolved.
- Environment details such as operating system, version numbers, etc., are missing.

Step 3: Assess if a developer can understand the full scope from the title alone.
Given the limited information provided by the title, it is unlikely that a developer would have enough context to fully understand and address the issue without additional details. The title does not provide clear guidance on how to reproduce or fix the problem, nor does it specify what constitutes an acceptable solution.

Final Answer: Yes",4f4ad8f62c62b270,qwen2.5:14b,0,2026-06-17T16:46:15.517956,project_03,title_only,incompleteness,cot
ISSUE-206381,ATTRIB transaction with ENC and HASH doesn't work,0,1,"Step 1: Analyze what the title conveys.
- The issue is related to an ""ATTRIB transaction"" involving ""ENC"" and ""HASH"".
- It states that this combination doesn't work.

Step 2: Determine if there are missing elements such as reproduction steps, expected vs actual behavior, or context.
- There are no specific steps provided on how to reproduce the issue.
- The title does not specify what is meant by ""doesn't work"" (e.g., error message, unexpected result).
- No environment details or affected components are mentioned.

Step 3: Assess if a developer can understand the full scope from just the title.
- A developer would likely need more information to diagnose and fix this issue effectively. The lack of specific details makes it challenging for them to reproduce the problem or understand its impact fully.

Final Answer: Yes",0c07f88b1b67ea47,qwen2.5:14b,0,2026-06-17T16:46:19.407376,project_03,title_only,incompleteness,cot
ISSUE-205817,Research performance of static validation against message schema,1,1,"Step 1: Analyze what the title conveys.
The title ""Research performance of static validation against message schema"" suggests that there is an intention to investigate how well static validation performs when checking messages against a predefined schema. However, it does not provide specific details about the issue or problem being faced.

Step 2: Determine if the title suggests missing information.
- Steps to reproduce: Not mentioned in the title.
- Expected vs actual behavior: The title doesn't specify what is expected from this research or how it should perform.
- Acceptance criteria: There are no clear acceptance criteria outlined for completing this task.
- Affected components: No specific components or systems are identified as being affected by this issue.
- Environment details: The environment in which the performance needs to be researched is not specified.

Step 3: Assess if a developer can understand the full scope from the title alone.
Given the lack of specifics about what exactly needs to be done, how it should be tested, and under what conditions, a developer would likely need more information to fully understand the task at hand. The title does not provide enough context or details for someone to start working on this issue effectively.

Final Answer: Yes",5fc132a813d02afa,qwen2.5:14b,0,2026-06-17T16:46:24.458612,project_03,title_only,incompleteness,cot
ISSUE-207214,The CLI initialization becomes too slow,0,1,"Step 1: Analyze what the issue title conveys.
- The title ""The CLI initialization becomes too slow"" indicates that there is an issue with the speed of command-line interface (CLI) initialization.

Step 2: Determine if the title suggests missing information.
- The title does not provide any specific steps to reproduce the issue, expected behavior, actual behavior, acceptance criteria, affected components, or environment details. It only states a problem without providing enough context for developers to understand and resolve it effectively.

Step 3: Evaluate whether a developer can understand the full scope from the title alone.
- A developer would need more information such as how to reproduce the issue, what is considered too slow (specific timeframes), which components are affected, and under what conditions this occurs. The current title does not provide enough detail for developers to fully comprehend or address the problem.

Final Answer: Yes",46f9d27a819e902a,qwen2.5:14b,0,2026-06-17T16:46:28.472864,project_03,title_only,incompleteness,cot
ISSUE-205760,POA: Delegate issuance to a processor,1,1,"Step 1: Analyze what the title conveys.
The title ""POA: Delegate issuance to a processor"" suggests that there is an intention to delegate some form of issuance process to another component or system, possibly referred to as a 'processor'. However, it does not provide specific details about what exactly needs to be delegated (e.g., type of issuance), the context in which this occurs, or how it should work.

Step 2: Determine if the title suggests missing information.
The title lacks essential information such as:
- What is being issued?
- How should the processor handle the issuance?
- Expected behavior after delegation
- Steps to reproduce the scenario (if applicable)
- Affected components and their roles

Step 3: Assess whether a developer can understand the full scope from the title alone.
Given the limited details provided in the title, it is unlikely that a developer would have enough information to fully comprehend the requirements or implement the feature correctly without additional context.

Final Answer: Yes",abbb9402cf0da9c2,qwen2.5:14b,0,2026-06-17T16:46:32.862051,project_03,title_only,incompleteness,cot
ISSUE-205269,Implement helper script for AWS pool operations with snapshots,0,1,"Step 1: Analyze what the title conveys.
The title ""Implement helper script for AWS pool operations with snapshots"" suggests that there is a need to create a new script that will assist in managing AWS resource pools, specifically involving snapshot functionalities.

Step 2: Determine if the title suggests missing reproduction steps, expected behavior, or context.
- The title does not provide any information on how to reproduce an issue or test the implementation.
- It lacks details about what specific operations should be performed by the script and under which conditions.
- There is no mention of acceptance criteria or expected outcomes from implementing this helper script.

Step 3: Assess if a developer can understand the full scope from the title alone.
While the title gives an idea that there's a need for a new script, it does not provide enough detail to fully comprehend what needs to be done. A developer would likely require additional information such as:
- What operations are needed in the pool management?
- How should snapshots be handled (creation, deletion, restoration)?
- Are there specific requirements or constraints?

Final Answer: Yes",d1a21652f6bf3d03,qwen2.5:14b,0,2026-06-17T16:46:37.625998,project_03,title_only,incompleteness,cot
ISSUE-207178,An upgrade should be idempotent,1,1,"Step 1: Analyze what the title conveys.
- The title ""An upgrade should be idempotent"" suggests that there is an issue related to software upgrades not being idempotent, meaning performing the upgrade multiple times does not leave the system in the same state as it would have been after a single execution.

Step 2: Determine if the title suggests missing information.
- The title lacks specific details such as:
  - Steps to reproduce the problem
  - Expected vs actual behavior during an upgrade process
  - Affected components or parts of the software that are not idempotent
  - Environment details where this issue occurs

Step 3: Evaluate if a developer can understand the full scope from the title alone.
- A developer would need more information to fully comprehend and address the issue. The title does not provide enough context for developers to reproduce or fix the problem effectively.

Final Answer: Yes",2da37081532a4e63,qwen2.5:14b,0,2026-06-17T16:46:41.677287,project_03,title_only,incompleteness,cot
ISSUE-205965,Ledger upgrade transaction should specify a package name,0,1,"Step 1: Analyze what the title conveys.
The issue title ""Ledger upgrade transaction should specify a package name"" suggests that there is an expectation for ledger upgrade transactions to include a specific detail, namely a package name.

Step 2: Determine if the title suggests missing information.
- The title does not provide steps on how to reproduce the issue.
- It doesn't describe what the expected behavior or actual behavior should be.
- There's no mention of acceptance criteria, affected components, or environment details.
- The context and scope are somewhat vague; it’s unclear in which scenarios this applies.

Step 3: Assess if a developer can understand the full scope from the title alone.
Given the limited information provided by the title, a developer would likely need more specifics to fully comprehend the issue's requirements and how to address them. 

Final Answer: Yes",15a439d6b7fea95f,qwen2.5:14b,0,2026-06-17T16:46:45.633191,project_03,title_only,incompleteness,cot
ISSUE-207326,Prove the pool upgrade mechanism by performing a noticeable upgrade test,0,0,"Step 1: Analyze what the issue title conveys.
The title ""Prove the pool upgrade mechanism by performing a noticeable upgrade test"" suggests that there is an intention to perform a test related to upgrading some kind of 'pool' component. However, it does not provide specific details about what exactly needs to be proven or how the test should be conducted.

Step 2: Determine if the title suggests missing information.
- Steps to reproduce: The title does not specify any steps for performing the upgrade test.
- Expected vs actual behavior: There is no mention of expected outcomes or comparison with actual results.
- Acceptance criteria: No acceptance criteria are mentioned, such as success/failure conditions.
- Affected components: While it mentions a 'pool' component, there's no detail on which specific parts of the system this refers to.
- Environment details: The title does not provide any information about the environment in which the test should be performed.

Step 3: Assess if a developer can understand the full scope from the title alone.
Given the lack of specifics regarding how to perform the upgrade, what constitutes success or failure, and other necessary context, it is unlikely that a developer would have enough information to fully comprehend the task at hand without additional details.

Final Answer:",2d7c6893ca4d0653,qwen2.5:14b,0,2026-06-17T16:46:51.030172,project_03,title_only,incompleteness,cot
ISSUE-206117,Simple Timeout fixes of the current View Change protocol,0,0,"Step 1: Analyze what the title conveys.
The title ""Simple Timeout fixes of the current View Change protocol"" suggests that there are timeout issues in the view change protocol, and these issues need to be fixed. It implies some kind of problem with timeouts within a specific part of the software.

Step 2: Determine if the title suggests missing information.
- Steps to reproduce: The title does not provide any steps on how to reproduce the issue or where exactly the timeout problems occur.
- Expected vs actual behavior: There is no mention of what the expected behavior should be compared to the current state.
- Acceptance criteria: No acceptance criteria are mentioned, such as conditions that must be met for the fix to be considered complete.
- Affected components: While it mentions a view change protocol, there's no detail on which specific parts or modules within this protocol need fixing.
- Environment details: The title does not provide any information about the environment in which these issues occur (e.g., operating system, version of software).

Step 3: Assess if a developer can understand the full scope from the title alone.
Given the lack of detailed information such as reproduction steps and specific acceptance criteria, it would be challenging for a developer to fully grasp the extent of the issue or",57d6a5d1a9fb23bd,qwen2.5:14b,0,2026-06-17T16:46:56.402531,project_03,title_only,incompleteness,cot
ISSUE-206655,As I Validator or Observer Node,1,1,"Step 1: Analyze what information is conveyed by the title.
The issue title ""As I Validator or Observer Node"" does not provide clear information about what problem or feature request it refers to. It mentions roles (""Validator"", ""Observer"") but doesn't specify any action, error, or desired outcome.

Step 2: Determine if the title suggests missing reproduction steps, expected behavior, or context.
The title lacks essential details such as:
- What specific issue is being reported?
- Steps to reproduce the problem (if it's a bug).
- Expected vs actual behavior.
- Affected components or environment details.

Step 3: Assess whether a developer can understand the full scope from the title alone.
Given the vagueness of the title, a developer would likely need more information to understand what needs fixing or implementing. The roles mentioned do not provide enough context for a complete understanding without additional details.

Final Answer: Yes",408cdd151cb22473,qwen2.5:14b,0,2026-06-17T16:47:00.601637,project_03,title_only,incompleteness,cot
ISSUE-207231,eliminate runtime warnings that show during tests,0,1,"Step 1: Analyze what the issue title conveys.
The title ""eliminate runtime warnings that show during tests"" indicates there are runtime warnings appearing when running tests.

Step 2: Determine if the title suggests missing information.
- The title does not provide steps to reproduce the issue.
- It doesn't specify expected behavior or acceptance criteria for resolving the warning messages.
- There is no mention of affected components, environment details, or specific conditions under which these warnings occur.

Step 3: Assess whether a developer can understand the full scope from the title alone.
Given only this title, a developer would likely need more information to effectively address and resolve the issue. They might require specifics about what kind of runtime warnings are appearing, in which tests they appear, and how they impact functionality or test results.

Final Answer: Yes",bce12cfc739c7b97,qwen2.5:14b,0,2026-06-17T16:47:04.402791,project_03,title_only,incompleteness,cot
ISSUE-206217,Clarify current permissible actions with DID's roles,0,1,"Step 1: Analyze what the title conveys.
The issue title ""Clarify current permissible actions with DID's roles"" suggests that there is some ambiguity around what actions are allowed based on different roles associated with a Digital Identity (DID).

Step 2: Determine if the title suggests missing information.
- The title does not provide any specific steps to reproduce an issue or describe expected vs actual behavior.
- It lacks details about acceptance criteria, affected components, and environment specifics.

Step 3: Assess whether a developer can understand the full scope from the title alone.
Given only this title, it is unclear what exactly needs clarification. A developer would need more context such as which roles are in question, what actions these roles should be able to perform, and why there's ambiguity around permissible actions.

Final Answer: Yes",47303e3cd3087f74,qwen2.5:14b,0,2026-06-17T16:47:08.118357,project_03,title_only,incompleteness,cot
ISSUE-205635,Enable PreViewChange Strategy,1,1,"Step 1: Analyze what the title conveys.
The title ""Enable PreViewChange Strategy"" suggests an action to enable a feature called ""PreViewChange Strategy"". However, it does not provide any context about why this is needed or how it should be implemented.

Step 2: Determine if the title suggests missing information.
- Steps to reproduce: Not mentioned.
- Expected vs actual behavior: Not provided.
- Acceptance criteria: No details on what needs to be achieved.
- Affected components: Unknown which parts of the system are involved.
- Environment details: No mention of specific environments or configurations.

Step 3: Evaluate if a developer can understand the full scope from the title alone.
Given the lack of detail, it is unlikely that a developer would have enough information to fully understand what needs to be done without additional context. The title does not provide sufficient guidance on how to implement this feature or what its impact should be.

Final Answer: Yes",9b09d1a31d28ffed,qwen2.5:14b,0,2026-06-17T16:47:12.368661,project_03,title_only,incompleteness,cot
ISSUE-205719,Validator info tool should show windowed throughput statistics,0,0,"Step 1: Analyze what the title conveys.
The title ""Validator info tool should show windowed throughput statistics"" suggests that there is a requirement for a specific feature in an existing or planned software tool. It indicates that the tool, named 'Validator info', needs to display some kind of performance metric related to throughput over time.

Step 2: Determine if the title suggests missing information.
- Steps to reproduce: The title does not provide any steps on how to trigger this functionality or where it should be visible within the application.
- Expected vs actual behavior: There is no indication of what the current state is (actual) versus what needs to change (expected).
- Acceptance criteria: No specific acceptance criteria are mentioned, such as thresholds for throughput statistics or conditions under which these stats should be displayed.
- Affected components: While it mentions a 'Validator info tool', there's no detail on other parts of the system that might be involved in implementing this feature.
- Environment details: The title does not specify any particular environment or context where this requirement applies.

Step 3: Assess if a developer can understand the full scope from the title alone.
Given the lack of detailed information, it would be challenging for a developer to fully grasp what needs to be done without",5bfba158f3f04267,qwen2.5:14b,0,2026-06-17T16:47:17.763889,project_03,title_only,incompleteness,cot
ISSUE-205358,indy-node upgrade problem - No such directory,1,1,"Step 1: Analyze what the title conveys.
- The issue is related to an ""indy-node"" upgrade problem.
- There's a mention of a missing directory (""No such directory"").

Step 2: Determine if the title suggests missing information.
- Steps to reproduce are not mentioned.
- Expected vs actual behavior is not clear from the title alone.
- Acceptance criteria, affected components, and environment details are also not provided.

Step 3: Assess whether a developer can understand the full scope of the issue from the title alone.
- The title does provide some context about an upgrade problem but lacks specific details that would allow a developer to fully understand or reproduce the issue without additional information.

Final Answer: Yes",bb6afbe6e617fcbf,qwen2.5:14b,0,2026-06-17T16:47:21.207836,project_03,title_only,incompleteness,cot
ISSUE-206471,Validator-info tool is not working with build 1.2.49,0,1,"Step 1: Analyze what information is conveyed by the title.
- The title mentions that the ""Validator-info tool"" is not working with build version 1.2.49.

Step 2: Determine if the title suggests missing reproduction steps, expected behavior, or context.
- Missing Reproduction Steps: The title does not provide any specific steps to reproduce the issue.
- Expected vs Actual Behavior: There's no mention of what was expected versus what actually happened.
- Context and Affected Components: While it mentions a specific tool (""Validator-info"") and build version (1.2.49), there is no additional context about other affected components or environment details.

Step 3: Assess if the developer can understand the full scope from the title alone.
- The title does not provide enough information for a developer to fully understand the issue, reproduce it, or know what was expected versus actual behavior.

Final Answer: Yes",fb535a80152fe916,qwen2.5:14b,0,2026-06-17T16:47:25.476618,project_03,title_only,incompleteness,cot
ISSUE-207259,[send NYM] Add verkey and update verkey commands don't work,0,1,"Step 1: Analyze what the issue title conveys.
- The title mentions commands related to adding and updating verkeys that don't work.
- It specifies these are ""send NYM"" commands.

Step 2: Determine if the title suggests missing information.
- Missing reproduction steps: How do you add or update a verkey? What exact command is failing?
- Expected vs actual behavior: Does it not work at all, partially work, throw an error message, etc.?
- Affected components and environment details: Which part of the system is affected? Is there any specific version or setup required to reproduce this issue?

Step 3: Assess if a developer can understand the full scope from the title alone.
- The title does not provide enough information for a developer to fully comprehend the nature of the problem, how it manifests, or how to replicate it.

Final Answer: Yes",bf0b8f98679338e2,qwen2.5:14b,0,2026-06-17T16:47:29.550550,project_03,title_only,incompleteness,cot
ISSUE-206618,Allow a steward to update his node entry in the ledger - including the verkey,0,1,"Step 1: Analyze what information is conveyed by the issue title.
- The title mentions allowing a steward to update their node entry in the ledger.
- It specifies that the verkey should be included in this update.

Step 2: Determine if the title suggests missing reproduction steps, expected behavior, or context.
- There are no details on how to reproduce the issue (if it is an issue).
- The expected behavior after implementing the feature is not clear from the title alone.
- No environment details or affected components are mentioned.
- Acceptance criteria for this update are not provided.

Step 3: Evaluate if a developer can understand the full scope of the task from the title alone.
- While the title gives an idea of what needs to be done, it lacks specific steps and acceptance criteria that would allow a developer to fully understand and implement the feature correctly.

Final Answer: Yes",c312fd2962b84dfb,qwen2.5:14b,0,2026-06-17T16:47:33.620190,project_03,title_only,incompleteness,cot
ISSUE-205847,Fail to update pool ledger if no connection to a node in the genesis file in old cli,0,1,"Step 1: Analyze what information is conveyed by the issue title.
- The title mentions ""Fail to update pool ledger""
- It specifies a condition under which this failure occurs: ""if no connection to a node in the genesis file""
- It also indicates that this happens specifically with an ""old cli""

Step 2: Determine if the title suggests missing information such as reproduction steps, expected vs actual behavior, or context.
- The title does not provide any specific steps to reproduce the issue.
- There is no mention of what the expected behavior should be compared to the actual observed behavior.
- While it mentions a condition under which the failure occurs, there's no clear indication of how this affects other components or the overall system.

Step 3: Assess whether a developer can understand the full scope from just the title alone.
- The title provides some context about what is failing and under what conditions but lacks details on how to reproduce the issue or what the expected behavior should be.
- A developer would likely need more information to fully understand and address this issue.

Final Answer: Yes",711a2d858f565dcf,qwen2.5:14b,0,2026-06-17T16:47:38.374085,project_03,title_only,incompleteness,cot
ISSUE-205621,Expected object or value error during batch handling,0,1,"Step 1: Analyze what the title conveys.
- The issue title ""Expected object or value error during batch handling"" suggests that there is an error related to objects or values when processing batches of data.

Step 2: Determine if the title suggests missing information.
- The title does not provide steps to reproduce the issue, expected behavior compared to actual behavior, acceptance criteria, affected components, or environment details. It only mentions a symptom (the error) and a context (during batch handling).

Step 3: Evaluate whether a developer can understand the full scope from the title alone.
- A developer would likely need more information such as specific conditions under which this error occurs, what kind of objects or values are involved, and how to reproduce it. The title is vague and does not provide enough context for a developer to fully understand the issue.

Final Answer: Yes",b7b38b3af65549a5,qwen2.5:14b,0,2026-06-17T16:47:42.312409,project_03,title_only,incompleteness,cot
ISSUE-206100,Support Payment API txns in load script,1,1,"Step 1: Analyze what the title conveys.
The title ""Support Payment API txns in load script"" suggests that there is a requirement to integrate support for payment transactions through an API into a load script. However, it does not provide specific details about what needs to be done or how.

Step 2: Determine if the title suggests missing information.
- Steps to reproduce: Not provided; no clear steps are mentioned in the title.
- Expected vs actual behavior: The expected outcome is implied but not clearly stated (support for payment API transactions), and there's no mention of what should happen versus what does happen.
- Acceptance criteria: There are no specific acceptance criteria outlined, such as success/failure conditions or test cases.
- Affected components: While it mentions a load script, the exact scope of affected components is unclear.
- Environment details: No environment-specific information is provided.

Step 3: Assess if a developer can understand the full scope from the title alone.
Given the lack of detailed steps and criteria, a developer would likely need more context to fully understand what needs to be done. The title does not provide enough detail for someone to start working on this issue effectively without further clarification.

Final Answer: Yes",9bf23420d136abce,qwen2.5:14b,0,2026-06-17T16:47:47.577952,project_03,title_only,incompleteness,cot
ISSUE-206303,Ordering of 3PC-batches on a backup replica may stop after a catch-up,0,0,"Step 1: Analyze what the title conveys.
The title ""Ordering of 3PC-batches on a backup replica may stop after a catch-up"" suggests that there is an issue related to the ordering process of 3-phase commit (3PC) batches in a database replication scenario. The problem seems to occur specifically when a backup replica catches up with the primary replica.

Step 2: Determine if the title suggests missing information.
- Steps to reproduce: Not provided; it's unclear how one would replicate this issue.
- Expected vs actual behavior: Only partially described (""may stop""), but no clear indication of what should happen instead.
- Acceptance criteria: Missing. There is no mention of what needs to be achieved or verified for the issue to be considered resolved.
- Affected components: Not explicitly stated, though it implies database replication and 3PC processes are involved.
- Environment details: No specific environment information (e.g., version numbers, operating system) is provided.

Step 3: Assess if a developer can understand the full scope from the title alone.
Given the lack of detailed steps to reproduce, expected behavior, acceptance criteria, and environmental context, it would be challenging for a developer to fully grasp the issue's nature or how to address",48e9ed7d44c2c1d2,qwen2.5:14b,0,2026-06-17T16:47:52.999240,project_03,title_only,incompleteness,cot
ISSUE-206249,Add Docker getting started configuration,1,1,"Step 1: Analyze what the issue title conveys.
The title ""Add Docker getting started configuration"" suggests that there is a need to create or update documentation or code related to setting up Docker for beginners. However, it does not provide specific details about what exactly needs to be added or modified.

Step 2: Determine if the title suggests missing information.
- Steps to reproduce: Not provided in the title.
- Expected vs actual behavior: Not mentioned.
- Acceptance criteria: No clear acceptance criteria are outlined.
- Affected components: The affected component (Docker) is identified, but no specific details about which parts of Docker or related systems need configuration are given.
- Environment details: There's no mention of the environment in which this configuration should be applied.

Step 3: Assess if a developer can understand the full scope from the title alone.
Given the lack of detailed information such as what exactly needs to be added, where it needs to be integrated, and how it should function, a developer would likely need more context to fully understand the task at hand.

Final Answer: Yes",6ce885ab56e36e3c,qwen2.5:14b,0,2026-06-17T16:47:57.743914,project_03,title_only,incompleteness,cot
ISSUE-207080,Valid write transactions may be rejected as having invalid signatures (case 2),0,1,"Step 1: Analyze what the issue title conveys.
The title ""Valid write transactions may be rejected as having invalid signatures (case 2)"" suggests that there is an issue where valid transactions are incorrectly flagged due to signature validation problems. It also indicates this might be a specific case in a series of similar issues.

Step 2: Determine if the title suggests missing information.
- The title does not provide steps to reproduce the issue.
- There's no mention of expected vs actual behavior, only an indication that valid transactions are being incorrectly rejected.
- No acceptance criteria or environment details are provided.
- It is unclear which components are affected by this issue.

Step 3: Assess if a developer can understand the full scope from the title alone.
Given the limited information in the title, it's unlikely that a developer would have enough context to fully understand and address the issue without additional details such as reproduction steps, expected behavior, acceptance criteria, and environment specifics.

Final Answer: Yes",bf788baaa2d403cd,qwen2.5:14b,0,2026-06-17T16:48:02.091781,project_03,title_only,incompleteness,cot
ISSUE-206714,Primary fails to send pre-prepare,1,1,"Step 1: Analyze what the title conveys.
The title ""Primary fails to send pre-prepare"" suggests that there is an issue with a primary component failing to perform its expected action of sending a 'pre-prepare' message or signal.

Step 2: Determine if the title suggests missing information.
- The title does not provide steps to reproduce the issue.
- It doesn't specify what the expected behavior should be compared to the actual observed behavior.
- There is no mention of acceptance criteria, affected components, or environment details.
- The context and scope of the problem are unclear from just this title.

Step 3: Assess if a developer can understand the full scope from the title alone.
Given the lack of detail about how to reproduce the issue, what the expected behavior should be, and in which specific environment or under what conditions this occurs, it is unlikely that a developer would have enough information to fully understand and address the problem based on just this title.

Final Answer: Yes",48ebbea9669f5cb3,qwen2.5:14b,0,2026-06-17T16:48:06.538855,project_03,title_only,incompleteness,cot
ISSUE-207130,Node with multiple NICs:,1,1,"Step 1: Analyze what the title conveys.
The issue title ""Node with multiple NICs"" suggests that there is an issue related to a node (likely in a network or server context) having more than one Network Interface Card (NIC). However, it does not specify what the problem is or how it manifests.

Step 2: Determine if the title suggests missing information.
The title lacks essential details such as:
- Steps to reproduce the issue
- Expected vs actual behavior
- Affected components and their versions
- Environment details where the issue occurs

Without these, a developer cannot fully understand what needs fixing or how to test it.

Step 3: Assess if a developer can understand the full scope from the title alone.
Given only this title, a developer would need additional information to diagnose and resolve the problem. The title does not provide enough context for a complete understanding of the issue's nature or impact.

Final Answer: Yes",64163b5ae8cd9a67,qwen2.5:14b,0,2026-06-17T16:48:10.710062,project_03,title_only,incompleteness,cot
ISSUE-206872,As a Steward,1,1,"Step 1: Analyze what information is conveyed by the issue title ""As a Steward"".
- The title starts with ""As a Steward"", which suggests that it might be related to a user role or perspective in some system.
- However, there's no clear action, problem statement, expected behavior, or any specific context provided.

Step 2: Determine if the title suggests missing reproduction steps, expected behaviour, or context.
- The title does not provide any information about what needs to happen (action), what is currently happening (actual behavior), or what should be happening (expected behavior).
- There's no mention of a problem statement, acceptance criteria, affected components, or environment details.

Step 3: Assess whether a developer can understand the full scope from the title alone.
- Given only ""As a Steward"", it’s impossible for a developer to know exactly what needs fixing or improving without additional context and information.
- The title is too vague and lacks specific details that would allow someone to reproduce, diagnose, or fix an issue.

Final Answer: Yes",9d5a2f00b6394e7b,qwen2.5:14b,0,2026-06-17T16:48:15.424005,project_03,title_only,incompleteness,cot
ISSUE-206649,DOC: Request for release notes on Indy-node 1.1.31,0,1,"Step 1: Analyze what information is conveyed by the issue title.
- The title mentions ""DOC"", which likely means documentation-related.
- It requests release notes for Indy-node version 1.1.31.

Step 2: Determine if the title suggests missing reproduction steps, expected behavior, or context.
- There are no details about how to reproduce an issue or what the expected vs actual behavior is.
- The request seems to be asking for information rather than reporting a problem that needs fixing.
- It does not provide any specific acceptance criteria or affected components.

Step 3: Assess if a developer can understand the full scope from the title alone.
- While it's clear there's a need for release notes, the title lacks specifics on what should be included in these release notes and why they are needed at this moment.
- The context of why these release notes are necessary is not provided.

Final Answer: Yes",c0002512e1d002a3,qwen2.5:14b,0,2026-06-17T16:48:19.567634,project_03,title_only,incompleteness,cot
ISSUE-207129,Some nodes are slow to process network data,0,1,"Step 1: Analyze what information is conveyed by the title.
- The title mentions ""nodes"" and that they are experiencing slow performance when processing network data.

Step 2: Determine if the title suggests missing reproduction steps, expected behavior, or context.
- There are no specific steps to reproduce the issue mentioned in the title.
- Expected vs actual behavior is not clearly defined. It's unclear what the expected speed of processing should be and how it differs from the current state.
- The environment details such as which nodes, network conditions, or software versions are missing.

Step 3: Assess if a developer can understand the full scope from the title alone.
- A developer would likely need more information to diagnose and fix this issue. They would require specifics on what constitutes ""slow,"" under what circumstances it occurs (e.g., high load), which nodes are affected, etc.

Final Answer: Yes",d83d0d0fea4d4c9b,qwen2.5:14b,0,2026-06-17T16:48:23.597393,project_03,title_only,incompleteness,cot
ISSUE-206996,improve timestamp mechanism to use fuzzy,0,0,"Step 1: Analyze what the title conveys.
The issue title ""improve timestamp mechanism to use fuzzy"" suggests that there is a need to modify an existing timestamp mechanism so it can handle or utilize some form of ""fuzzy"" logic or approximation. However, the term ""fuzzy"" in this context is vague and could mean different things depending on the application.

Step 2: Determine if the title suggests missing information.
- Steps to reproduce: Not provided; there are no specific steps mentioned for reproducing the issue.
- Expected vs actual behavior: The expected change (using a fuzzy mechanism) is implied, but what this means in practice and how it differs from current behavior is unclear.
- Acceptance criteria: There's no clear indication of what success looks like or what needs to be tested after implementing this improvement.
- Affected components: No specific mention of which parts of the system will be impacted by this change.
- Environment details: The title does not provide any information about the environment in which this issue occurs.

Step 3: Assess if a developer can understand the full scope from the title alone.
Given the vagueness and lack of detail, it would be challenging for a developer to fully grasp what needs to be done or how to approach",e77588ca42416d35,qwen2.5:14b,0,2026-06-17T16:48:28.995859,project_03,title_only,incompleteness,cot
ISSUE-205942,"How-to """"Add new node to existing pool",1,1,"Step 1: Analyze what the title conveys.
The title ""How-to """"Add new node to existing pool"" suggests that there is an inquiry about adding a new node to an already established pool. However, it's not clear if this is a question or a description of an issue.

Step 2: Determine if the title suggests missing information.
- Steps to reproduce: Not provided in the title.
- Expected vs actual behavior: Not mentioned.
- Acceptance criteria: Not specified.
- Affected components: Not detailed.
- Environment details: Missing.

The title does not provide enough context for a developer to understand what is expected or what might be going wrong. It lacks specific information that would help diagnose and resolve the issue effectively.

Step 3: Assess if a developer can understand the full scope from the title alone.
Given the lack of detail, it's unlikely that a developer could fully comprehend the nature of the problem or how to address it based solely on this title.

Final Answer: Yes",b8170fd9b8faaa07,qwen2.5:14b,0,2026-06-17T16:48:33.462911,project_03,title_only,incompleteness,cot
ISSUE-207319,REF validator,1,1,"Step 1: Analyze what the title ""REF validator"" conveys.
- The title mentions ""REF"", which could be an abbreviation for something like reference, but it's not clear without context.
- It also mentions a ""validator"", suggesting some kind of validation process or tool.

Step 2: Determine if the title suggests missing reproduction steps, expected behaviour, or context.
- There are no specific steps to reproduce mentioned in the title.
- The expected behavior is unclear; we don't know what should happen when using this validator.
- No environment details or affected components are specified.
- It's not clear whether ""REF"" refers to a specific feature or component.

Step 3: Assess if a developer can understand the full scope from the title alone.
- Given the lack of detail, it would be difficult for a developer to fully comprehend what needs to be done based on this title alone. More information is needed about what exactly needs validation and why there's an issue with the validator.

Final Answer: Yes",59aa913bd10095f9,qwen2.5:14b,0,2026-06-17T16:48:38.079375,project_03,title_only,incompleteness,cot
ISSUE-205527,Implementation: Improve catch-up to use audit ledger for consistency,0,1,"Step 1: Analyze what the title conveys.
The title ""Implementation: Improve catch-up to use audit ledger for consistency"" suggests that there is an existing feature called ""catch-up"" which needs improvement. The improvement involves using an ""audit ledger"" to ensure consistency.

Step 2: Determine if the title suggests missing information.
- Steps to reproduce: Not mentioned in the title.
- Expected vs actual behavior: Not clear from the title alone.
- Acceptance criteria: No specific acceptance criteria are provided.
- Affected components: The affected component (catch-up feature) is implied but not explicitly detailed.
- Environment details: No environment or context information is given.

Step 3: Assess if a developer can understand the full scope from the title alone.
While the title gives an idea of what needs to be done, it lacks specific details that would allow a developer to fully understand and implement the improvement. The title does not provide enough information for a developer to know exactly how to improve the catch-up feature or what constitutes successful implementation.

Final Answer: Yes",903319bc001edbe9,qwen2.5:14b,0,2026-06-17T16:48:42.745699,project_03,title_only,incompleteness,cot
ISSUE-206160,Analyse the current View Change protocol issues,0,1,"Step 1: Analyze what the title conveys.
The title ""Analyse the current View Change protocol issues"" suggests that there are problems with the View Change protocol and that an analysis is required. However, it does not provide specific details about what those issues are or how to reproduce them.

Step 2: Determine if the title suggests missing information.
- Steps to Reproduce: The title does not mention any steps to reproduce the issue.
- Expected vs Actual Behaviour: There's no indication of expected versus actual behavior.
- Acceptance Criteria: No acceptance criteria are mentioned.
- Affected Components: While it mentions a protocol, specific components or areas affected by these issues are not detailed.
- Environment Details: The environment in which this protocol is failing is not specified.

Step 3: Assess if the title provides enough context for a developer to understand the full scope of the issue.
Given that the title lacks specifics about what exactly needs analysis and under what conditions, it would be challenging for a developer to fully grasp the nature and extent of the issues without additional information.

Final Answer: Yes",8e84740975742790,qwen2.5:14b,0,2026-06-17T16:48:47.500091,project_03,title_only,incompleteness,cot
ISSUE-206183,Date in log name doesn't accord to the day when the log was rotated,0,1,"Step 1: Analyze what the issue title conveys.
- The title mentions that there is an inconsistency between the date in the log file name and the actual day when the log was rotated.

Step 2: Determine if the title suggests missing information.
- Steps to reproduce are not mentioned. We don't know how to recreate this situation.
- Expected vs actual behavior is implied but not clearly stated. The expected behavior would be that the date in the log file name matches the day it was created/rotated, while the actual behavior indicates a mismatch.
- Acceptance criteria are not provided; we do not know what needs to be true for the issue to be resolved.
- Affected components or environment details (such as operating system, software version) are not mentioned.

Step 3: Assess if a developer can understand the full scope from the title alone.
- While it is clear there is an inconsistency with dates in log file names, critical information such as how to reproduce this issue and what constitutes a fix is missing. A developer would need more details to address this problem effectively.

Final Answer: Yes",cc5af04029c514b6,qwen2.5:14b,0,2026-06-17T16:48:52.296106,project_03,title_only,incompleteness,cot
ISSUE-206911,list keyrings showing results twice,1,1,"Step 1: Analyze what the issue title conveys.
The title ""list keyrings showing results twice"" suggests that there is an issue with a list of keyrings being displayed or returned in a way that duplicates some entries.

Step 2: Determine if the title suggests missing reproduction steps, expected behavior, or context.
- The title does not provide any specific steps to reproduce the issue.
- It does not describe what the expected behavior should be compared to the actual observed behavior.
- There is no mention of affected components or environment details that would help in reproducing or understanding the issue.

Step 3: Assess if a developer can understand the full scope from the title alone.
Given only this title, it's challenging for a developer to fully grasp what needs to be done. They would need more information such as:
- How to reproduce the issue (steps).
- What is expected behavior versus actual observed behavior.
- Affected components or environment details.

Final Answer: Yes",7d8bc5d01830d566,qwen2.5:14b,0,2026-06-17T16:48:56.662373,project_03,title_only,incompleteness,cot
ISSUE-205543,As a user of Valdiator Info script,1,1,"Step 1: Analyze what information is conveyed by the issue title.
- The title mentions ""As a user of Valdiator Info script"".
- It indicates that there's an issue related to using a script called ""Valdiator Info"" (likely meant to be ""Validator Info"").

Step 2: Determine if the title suggests missing reproduction steps, expected behavior, or context.
- There are no details about what the problem is, how it can be reproduced, or what the expected vs actual behavior should be.
- The title does not provide any acceptance criteria or environment details that would help in understanding and resolving the issue.

Step 3: Assess if a developer could understand the full scope of the issue from the title alone.
- Given the lack of specific information about the problem, its reproduction steps, expected vs actual behavior, affected components, or environment details, it is unlikely that a developer can fully comprehend the issue based on this title alone.

Final Answer: Yes",91e11a78ec0e87b0,qwen2.5:14b,0,2026-06-17T16:49:01.005113,project_03,title_only,incompleteness,cot
ISSUE-206727,Accidental tests of indy-node intermittently fail on Jenkins,0,0,"Step 1: Analyze what the issue title conveys.
- The title mentions ""Accidental tests of indy-node"" which implies that there are unintended test executions happening.
- It states these tests ""intermittently fail on Jenkins"", indicating that this is not a consistent failure but rather something that happens occasionally.

Step 2: Determine if the title suggests missing information.
- Steps to reproduce: The title does not provide any specific steps or conditions under which the issue occurs, only mentioning it's intermittent and related to Jenkins.
- Expected vs actual behavior: There is no clear distinction between expected and actual behavior in the title. It only mentions that tests fail intermittently.
- Acceptance criteria: No acceptance criteria are mentioned.
- Affected components: The title specifies ""indy-node"", but does not provide a full list of affected components or their interactions.
- Environment details: While Jenkins is mentioned, there's no information about other environment specifics like OS version, test framework versions, etc.

Step 3: Assess if the developer can understand the full scope from the title alone.
- Given the limited information provided in the title, a developer would likely need more context to fully understand and address this issue. The lack of specific steps or conditions under which the failure occurs makes",5c27816421fdb80b,qwen2.5:14b,0,2026-06-17T16:49:06.337298,project_03,title_only,incompleteness,cot
ISSUE-205664,Is there any replacement for leveldb?,1,1,"Step 1: Analyze what the title conveys.
The issue title ""Is there any replacement for leveldb?"" is asking about alternatives to LevelDB but does not provide specific details about an existing problem or feature request.

Step 2: Determine if the title suggests missing information.
- The title lacks steps to reproduce a bug, expected vs actual behavior, acceptance criteria, affected components, and environment details. It's more of a general inquiry rather than reporting a specific issue.
- There is no indication of what the user wants to achieve or why they are asking for a replacement.

Step 3: Assess if a developer can understand the full scope from the title alone.
A developer would need additional context such as:
- Why LevelDB isn't suitable in this case
- What features or performance characteristics are required in a replacement
- The environment and system where it will be used

Final Answer: Yes",1e54f76d6ae42bf2,qwen2.5:14b,0,2026-06-17T16:49:10.450276,project_03,title_only,incompleteness,cot
ISSUE-205912,As a Sovrin Foundation,1,1,"Step 1: Analyze what information is conveyed by the issue title.
The given title ""As a Sovrin Foundation"" does not provide any specific details about an issue. It seems to be incomplete and lacks context, as it doesn't describe a problem or feature request.

Step 2: Determine if the title suggests missing reproduction steps, expected behaviour, or context.
- The title does not mention how to reproduce the issue.
- There is no description of expected vs actual behavior.
- No acceptance criteria are mentioned.
- Affected components and environment details are completely absent.

Step 3: Assess whether a developer can understand the full scope from the title alone.
Given the lack of specific information, it's impossible for a developer to understand what needs to be done or what problem is being reported based on this title alone. The title does not provide enough context or detail to proceed with development or troubleshooting.

Final Answer: Yes",95a51511103367ee,qwen2.5:14b,0,2026-06-17T16:49:14.551896,project_03,title_only,incompleteness,cot
ISSUE-206478,The pool state should be updated after any node BLS key changing,0,1,"Step 1: Analyze what the title conveys.
- The title mentions ""pool state"" and ""node BLS key changing"".
- It suggests that there should be an update to the pool state after a node's BLS key is changed.

Step 2: Determine if the title suggests missing information.
- There are no steps provided on how to reproduce this issue or expected behavior after the change.
- The context of what ""pool state"" means and which components are affected by this change are not clear from just the title.
- No environment details or acceptance criteria are mentioned.

Step 3: Evaluate if a developer can understand the full scope from the title alone.
- A developer would likely need more information to fully comprehend the issue, such as what exactly happens when a node's BLS key is changed and why the pool state needs updating.
- The title does not provide enough context for a developer to reproduce or fix the problem.

Final Answer: Yes",b350b8ab6fe9362c,qwen2.5:14b,0,2026-06-17T16:49:18.869055,project_03,title_only,incompleteness,cot
ISSUE-207005,"Nodes not receiving new transaction if its """"View"""" list is different from other nodes in the pool",0,1,"Step 1: Analyze what the issue title conveys.
- The title mentions ""Nodes not receiving new transaction""
- It specifies that this happens when there is a difference in the ""View"" list between nodes

Step 2: Determine if the title suggests missing information.
- Missing reproduction steps: How to reproduce the issue is not mentioned. We don't know what actions need to be taken for this situation to occur.
- Expected vs actual behavior: The expected behavior isn't clear from the title alone (e.g., whether nodes should or shouldn't receive transactions under these conditions).
- Acceptance criteria: There's no indication of what needs to be true for the issue to be resolved.
- Affected components: While it mentions nodes and a ""View"" list, specific affected components are not detailed.
- Environment details: No information about the environment (e.g., network configuration, software version) is provided.

Step 3: Assess if a developer can understand the full scope from the title alone.
- The issue seems complex and involves multiple nodes with differing configurations. Without more context or steps to reproduce, it would be challenging for a developer to fully grasp the problem's extent and devise an effective solution.

Final Answer: Yes",8c7a47e3fc7a1734,qwen2.5:14b,0,2026-06-17T16:49:24.176212,project_03,title_only,incompleteness,cot
ISSUE-205432,Auto trigger CD pipeline for release-* branches,1,0,"Step 1: Analyze what the issue title conveys.
The title ""Auto trigger CD pipeline for release-* branches"" suggests that there is an intention to automate the triggering of a Continuous Deployment (CD) pipeline whenever changes are made to branches whose names start with ""release-"".

Step 2: Determine if the title suggests missing information.
- Steps to reproduce: The title does not provide any steps on how to trigger this feature or what actions should be taken for it to work.
- Expected vs actual behavior: There is no indication of what the expected outcome should be, nor is there a mention of an issue that needs fixing (i.e., current undesired behavior).
- Acceptance criteria: The title does not specify any acceptance criteria or conditions under which this feature would be considered complete.
- Affected components: While it mentions CD pipelines and branches, it doesn't detail the specific components involved in implementing or triggering these actions.
- Environment details: There is no mention of the environment where this should take place (e.g., CI/CD server, version control system).

Step 3: Assess if a developer can understand the full scope from the title alone.
Given the lack of detailed information about how to implement, test, or verify the feature described in the title",e525e4bebab9ab91,qwen2.5:14b,0,2026-06-17T16:49:29.521230,project_03,title_only,incompleteness,cot
ISSUE-207212,Node memory leak,1,1,"Step 1: Analyze what the issue title conveys.
- The title ""Node memory leak"" indicates that there is an issue related to excessive memory consumption in a Node.js application.

Step 2: Determine if the title suggests missing reproduction steps, expected behavior, or context.
- The title does not provide any information on how to reproduce the issue, what the expected behavior should be, or under which conditions this occurs. It lacks details about specific scenarios where the leak happens (e.g., during certain operations), affected components, environment specifics, or acceptance criteria.

Step 3: Assess if a developer can understand the full scope from the title alone.
- A developer would need more information to diagnose and fix the issue effectively. The title is too vague for a developer to fully comprehend the extent of the problem without additional details such as reproduction steps, affected components, environment specifics, etc.

Final Answer: Yes",1be0fefdc955f04d,qwen2.5:14b,0,2026-06-17T16:49:33.615094,project_03,title_only,incompleteness,cot
ISSUE-206218,Node is restarted because of Out of memory error,0,1,"Step 1: Analyze what the title conveys.
The title ""Node is restarted because of Out of memory error"" indicates that there's an issue with a node restarting due to running out of memory.

Step 2: Determine if the title suggests missing information.
- The title does not provide steps to reproduce the problem.
- It doesn't specify what the expected behavior should be compared to the actual behavior.
- There is no mention of acceptance criteria or environment details (e.g., version numbers, operating system).
- No affected components are specified beyond ""Node,"" which could refer to a variety of software systems.

Step 3: Assess if a developer can understand the full scope from the title alone.
Given the lack of specific steps, expected behavior, and context, it would be challenging for a developer to fully grasp the issue's nature or how to address it based on this title alone. More details are needed to diagnose and resolve the problem effectively.

Final Answer: Yes",a75ea039759c85fb,qwen2.5:14b,0,2026-06-17T16:49:37.910979,project_03,title_only,incompleteness,cot
ISSUE-206980,A primary may not be able to send checkpoints after re-start,1,1,"Step 1: Analyze what the issue title conveys.
The title ""A primary may not be able to send checkpoints after re-start"" suggests that there is an issue with sending checkpoints by a primary component after it has been restarted.

Step 2: Determine if the title suggests missing information.
- The title does not provide steps to reproduce the problem.
- It doesn't specify what the expected behavior should be compared to the actual observed behavior.
- There's no mention of acceptance criteria, affected components, or environment details (e.g., operating system, software version).

Step 3: Assess if a developer can understand the full scope from the title alone.
Given the limited information in the title, it is unlikely that a developer would have enough context to fully understand and address the issue without additional details.

Final Answer: Yes",5ce19d5fc50433c8,qwen2.5:14b,0,2026-06-17T16:49:41.693001,project_03,title_only,incompleteness,cot
ISSUE-206016,Upgrade failed on pool from 1.3.62 to 1.4.66,0,1,"Step 1: Analyze what information is conveyed by the issue title.
- The title indicates that an upgrade process failed.
- It specifies the source version (1.3.62) and target version (1.4.66).
- It mentions a ""pool"" which likely refers to some kind of resource pool in the software.

Step 2: Determine if the title suggests missing information.
- The title does not provide steps to reproduce the issue.
- There is no mention of expected vs actual behavior, only that an upgrade failed.
- No acceptance criteria are mentioned.
- Environment details such as operating system, hardware specifications, or other relevant configurations are not provided.

Step 3: Assess if a developer can understand the full scope from the title alone.
- While the title gives some context about what happened (an upgrade failure), it lacks critical information that would allow a developer to diagnose and fix the issue effectively. A developer needs more details such as error messages, logs, system configurations, and steps to reproduce.

Final Answer: Yes",4358fa62f376dfcb,qwen2.5:14b,0,2026-06-17T16:49:46.264323,project_03,title_only,incompleteness,cot
ISSUE-205350,Use more trusted docker image for system tests client docker container,0,1,"Step 1: Analyze what the issue title conveys.
The title ""Use more trusted docker image for system tests client docker container"" suggests that there is an intention to change or update the Docker image used in system tests for a client's Docker container. It implies a desire for increased trustworthiness of the Docker image.

Step 2: Determine if the title suggests missing information.
- Steps to reproduce: Not mentioned.
- Expected vs actual behavior: Not specified.
- Acceptance criteria: No clear acceptance criteria are provided.
- Affected components: The client's Docker container is affected, but no other details about which parts of the system or environment this change impacts are given.
- Environment details: There is no information on what specific environment or setup this issue pertains to.

Step 3: Assess if a developer can understand the full scope from the title alone.
Given the lack of detailed steps, expected outcomes, and environmental context, it would be challenging for a developer to fully grasp the extent of work required based solely on this title. The title does not provide enough information to reproduce the issue or understand its impact comprehensively.

Final Answer: Yes",49f0f15015d786c4,qwen2.5:14b,0,2026-06-17T16:49:51.288313,project_03,title_only,incompleteness,cot
