issue_id,title,ground_truth,prediction,raw_response,prompt_hash,model_version,temperature,timestamp_utc,project,input_mode,task,strategy
ISSUE-38493,Review API Runtime Services Documentation,0,1,"Let's analyze the issue step by step:

1. The issue provides:
	* A clear title
	* A descriptive text that outlines the task to be performed
	* Specific URLs pointing to relevant documentation pages
2. However, the following essential information is missing:
	* Steps to reproduce (how to review the documentation and identify necessary updates)
	* Expected vs actual behavior (what constitutes an update or a change in the documentation)
	* Acceptance criteria (what are the conditions for considering the task complete?)
	* Affected components (which specific parts of the API Runtime Services will be impacted by the changes)
	* Environment details (in which environment(s) should the updates be applied?)
3. Without this information, a developer cannot act on the issue without asking for more clarification or context.

Therefore, based on the analysis:

Final Answer: Yes",c17884864a631a14,llama3.1:8b,0,2026-06-17T10:21:58.631575,project_02,title_desc,incompleteness,cot
ISSUE-38975,Tutorial Series: Customize for Android,0,1,"Let's break down the issue step-by-step:

1. The key information provided in this issue is:
	* Issue Title: Tutorial Series: Customize for Android
	* Issue Description: Create a new tutorial series with Android-specific UI features.
2. Essential information that is missing includes:
	* Steps to reproduce (how to create the new tutorial series)
	* Expected vs actual behaviour (what should happen when creating the new tutorial series)
	* Acceptance criteria (what conditions must be met for the feature to be considered complete)
	* Affected components (which parts of the application will be impacted by this change)
	* Environment details (in which environment or configuration is this feature expected to work)
3. Without additional information, a developer may struggle to understand how to implement the new tutorial series and what specific requirements need to be met.

Based on these observations, I conclude that the issue is missing essential information for a developer to act on it effectively.

Final Answer: Yes",ea2b087be2a38792,llama3.1:8b,0,2026-06-17T10:22:01.567265,project_02,title_desc,incompleteness,cot
ISSUE-40855,APIDoc: Window.modalStyle and modalTransitionStyle properties are undocumented,0,1,"Let's analyze the issue step by step:

1. The issue provides some key information:
	* It mentions specific properties (`Window.modalStyle` and `modalTransitionStyle`) that are undocumented.
	* It specifies a file where these properties are used (`KS (modal_windows.js)`).
	* It also mentions that these properties are shown in the sample code of the Window TDoc, but not listed in the properties section.

2. Upon reviewing the issue description, I notice that it lacks essential information:
	* There is no mention of steps to reproduce the issue.
	* The expected behavior and actual behavior are not described.
	* Acceptance criteria are not specified.
	* Affected components (beyond `KS (modal_windows.js)`) are not identified.
	* Environment details are not provided.

3. Based on this analysis, a developer would likely need to ask for more information before acting on this issue. Without reproduction steps, expected behavior, and acceptance criteria, it's challenging to determine the root cause of the problem or verify that the fix is successful.

Final Answer: Yes",5a29d40a2df9b038,llama3.1:8b,0,2026-06-17T10:22:04.685917,project_02,title_desc,incompleteness,cot
ISSUE-40336,APIDoc: Check all deprecated API members for appropriate message,0,1,"Let's analyze the issue step by step:

1. The issue provides:
	* A clear title and description of the problem.
	* Specific requirements for checking deprecated API members, including adding deprecation messages with links to alternative classes/members, restoring original summaries, and removing bogus ""removed"" APIs.
2. However, the following essential information is missing:
	* Steps to reproduce the issue (e.g., how to trigger the problem).
	* Expected vs actual behavior (e.g., what should happen when a deprecated API member is encountered).
	* Acceptance criteria (e.g., what constitutes ""appropriate"" deprecation messages).
	* Affected components or environment details (e.g., which specific APIs, classes, or versions are impacted).
3. Without the missing information, it's unlikely that a developer can act on this issue without asking for more clarification or context.

Therefore, based on the analysis:

Final Answer: Yes",43983d9d06f2b5ba,llama3.1:8b,0,2026-06-17T10:22:07.804898,project_02,title_desc,incompleteness,cot
ISSUE-38324,Create Appcelerator Studio Guide page,0,1,"Let's analyze the issue step by step:

1. The issue title and description provide some context about what needs to be done: creating and re-organizing content for the ""Guide"" page in Appcelerator Studio.
2. Upon reviewing the issue, I notice that it lacks essential information such as:
	* Steps to reproduce (how to create and re-organize the content)
	* Expected vs actual behavior (what should be achieved by completing this task)
	* Acceptance criteria (specific conditions that must be met for the task to be considered complete)
	* Affected components (which parts of the Appcelerator Studio will be impacted)
	* Environment details (in which environment or configuration this task needs to be performed)
3. Without these essential pieces of information, a developer would likely need to ask for clarification before starting work on the issue.

Based on this analysis, I conclude that the issue is missing critical information and cannot be acted upon without further clarification.

Final Answer: Yes",ef4c5175a2167187,llama3.1:8b,0,2026-06-17T10:22:10.724345,project_02,title_desc,incompleteness,cot
ISSUE-39589,Update Android Menu docs re: overflow (...) menu on devices with hardware menu button,0,1,"Let's analyze the issue step by step:

1. The issue provides some key information:
	* A reference to an Android documentation page that explains how actions are handled in devices with hardware menu buttons.
	* A link to Appcelerator's documentation on Android Action Bar, which is relevant to the issue.
2. However, upon closer inspection, we can see that essential information is missing:
	* Steps to reproduce the problem or scenario where the update is needed.
	* Expected vs actual behavior of the current documentation.
	* Acceptance criteria for what constitutes a ""complete"" update of the Android Menu docs.
	* Affected components (e.g., specific modules, APIs) that need to be updated.
	* Environment details (e.g., device types, OS versions) where this issue is relevant.
3. Without additional information, it's difficult for a developer to understand the scope and requirements of the update. They may need to ask follow-up questions or seek clarification from the reporter.

Based on this analysis, I conclude that the issue is INCOMPLETE because essential information is missing.

Final Answer: Yes",f7706cdb24df64e5,llama3.1:8b,0,2026-06-17T10:22:13.878951,project_02,title_desc,incompleteness,cot
ISSUE-38275,Rename AMPLIFY Appcelerator Services to Axway Mobile Analytics,0,1,"Let's analyze the issue step by step:

1. The issue provides a clear title and description of the changes to be made.
2. Upon reviewing the issue, I notice that it lacks essential information such as:
	* Steps to reproduce: There is no indication of how to trigger or verify the renaming process.
	* Expected vs actual behaviour: It's unclear what the expected outcome should be after the renaming is completed.
	* Acceptance criteria: The issue doesn't specify what constitutes a successful completion of the task.
	* Affected components: While it mentions specific sub-topics, it's not clear which components or modules will be impacted by these changes.
	* Environment details: There is no information about the environment in which this change should be made (e.g., development, staging, production).
3. Without additional context or clarification, a developer may struggle to act on this issue without asking for more information.

Based on this analysis, I conclude that the issue is missing essential information and cannot be considered complete.

Final Answer: Yes",5575fe1f10d5b0f3,llama3.1:8b,0,2026-06-17T10:22:16.966160,project_02,title_desc,incompleteness,cot
ISSUE-38193,Remove very outdated Ti.Map documentation,0,1,"Let's analyze the issue step by step:

1. The issue provides:
	* A clear title indicating what needs to be done.
	* A link to the relevant documentation, which shows that the outdated Ti.Map documentation has been removed and replaced.
	* A link to a PR (pull request) that contains more information about the changes made.

2. However, the following essential information is missing:
	* Steps to reproduce: There's no indication of how to trigger or reproduce the issue.
	* Expected vs actual behaviour: The description doesn't specify what the expected behavior should be or what the actual behavior is when using the outdated documentation.
	* Acceptance criteria: There are no clear criteria for determining whether the issue has been resolved.

3. While a developer might be able to understand the context and purpose of the issue, they would likely need more information before acting on it. Without reproduction steps, expected vs actual behaviour, or acceptance criteria, it's difficult to determine how to proceed with resolving the issue.

Final Answer: Yes",be8ec47c4e654261,llama3.1:8b,0,2026-06-17T10:22:19.973378,project_02,title_desc,incompleteness,cot
ISSUE-40376,Docs: Code highlighting incorrectly applied to some example blocks,0,1,"Let's analyze the issue step by step:

1. The issue provides some key information:
	* A specific page URL
	* An example of the incorrect code highlighting
	* Specific blocks where the issue occurs
2. Upon reviewing the provided information, I notice that:
	* Steps to reproduce are not explicitly mentioned (e.g., how to trigger the issue)
	* Expected vs actual behavior is not clearly described (e.g., what should happen instead?)
	* Acceptance criteria are not specified (e.g., what constitutes ""correct"" code highlighting?)
	* Affected components or environment details are not provided
3. Based on this analysis, a developer would likely need to ask for more information before acting on the issue.

Final Answer: Yes",feb1dc53f754d9b4,llama3.1:8b,0,2026-06-17T10:22:22.531995,project_02,title_desc,incompleteness,cot
ISSUE-39190,Fix link to View.touchEnabled from View.enabled,0,1,"Let's analyze the issue step by step:

1. The issue provides:
	* A clear description of the problem
	* Expected behavior (links to http://docs.appcelerator.com/titanium/latest/#!/api/Titanium.UI.View-property-touchEnabled)
2. However, it is missing essential information such as:
	* Steps to reproduce the issue (e.g., how to trigger the error)
	* Actual vs expected behavior (what happens when the link is clicked?)
3. A developer may be able to act on this issue without asking for more information, but they would likely need clarification on some points.

Considering these steps, I conclude that the issue is missing essential reproduction steps and actual vs expected behavior details, making it INCOMPLETE.

Final Answer: Yes",142ee274a18ace75,llama3.1:8b,0,2026-06-17T10:22:25.068248,project_02,title_desc,incompleteness,cot
ISSUE-38138,Create and publish release note for SDK 7.3.1.RC,0,1,"Let's analyze the issue step by step:

1. The issue title and description provide some key information about what needs to be done: creating and publishing a release note for SDK 7.3.1.RC.
2. Upon reviewing the issue, I notice that it is missing essential information such as:
	* Steps to reproduce (how to create and publish the release note)
	* Expected vs actual behaviour (what should happen when the release note is created and published)
	* Acceptance criteria (what conditions must be met for the task to be considered complete)
	* Affected components (which parts of the system will be impacted by this change)
	* Environment details (in which environment or environments this release note needs to be created and published)
3. Without additional information, a developer may struggle to understand how to proceed with creating and publishing the release note, as they would need to ask for more context or clarification.

Based on these observations, I conclude that the issue is missing essential information, making it INCOMPLETE.

Final Answer: Yes",ab2f2b3ebab15799,llama3.1:8b,0,2026-06-17T10:22:28.121643,project_02,title_desc,incompleteness,cot
ISSUE-38570,Create and publish release note for Arrow 1.10.0,0,1,"Let's analyze the issue step by step:

1. The issue title and description provide some context about what needs to be done: creating and publishing a release note for Arrow 1.10.0.
2. Upon reviewing the issue, I notice that it is missing essential information such as:
	* Steps to reproduce (if any) are not mentioned.
	* Expected vs actual behavior is not described.
	* Acceptance criteria are not specified.
	* Affected components or modules are not identified.
	* Environment details (e.g., specific platforms, browsers) are not provided.

3. Without this essential information, a developer may struggle to understand the requirements and implement the solution correctly. They might need to ask for clarification or additional details before proceeding with the task.

Based on this analysis, I conclude that the issue is missing critical information, making it difficult for developers to act on it without further clarification.

Final Answer: Yes",b0e7d11dbd3d246e,llama3.1:8b,0,2026-06-17T10:22:30.860958,project_02,title_desc,incompleteness,cot
ISSUE-39606,APIDoc: Geolocation documentation - potential error add remove event listener,0,1,"Let's analyze the issue step by step:

1. The issue provides some key information:
	* A specific documentation section in question
	* A potential error or inconsistency in the documentation
	* A suggested correction to the documentation
2. However, upon closer inspection, we can see that essential information is missing:
	* Steps to reproduce the issue are not provided (e.g., what exactly happens when trying to remove an event listener for a location event?)
	* Expected vs actual behavior is not clearly described (what should happen when removing an event listener, and what actually happens?)
	* Acceptance criteria are not specified (what conditions must be met for the documentation to be considered corrected?)
	* Affected components or environment details are not mentioned
3. Without this essential information, a developer cannot act on this issue without asking for more clarification or context.

Therefore, I conclude that:

Final Answer: Yes",1d055519a1dab2eb,llama3.1:8b,0,2026-06-17T10:22:33.680568,project_02,title_desc,incompleteness,cot
ISSUE-40579,Doc BUG: Titanium.UI.iPad.Popover explicitly requires a View as child but in fact requires a Window,0,1,"Let's analyze the issue step by step:

1. The issue provides:
	* A clear description of the problem with the Titanium Mobile Documentation.
	* Specific details about the incorrect documentation, including links to the affected pages.
	* Additional context that a View or NavigationGroup can be used as a child for Titanium.UI.iPad.Popover.

2. However, upon closer inspection, we notice that:
	* There is no mention of steps to reproduce the issue (e.g., code snippet, test case).
	* The expected behavior and actual behavior are not explicitly stated.
	* Acceptance criteria are not provided.
	* Affected components (beyond the documentation) are not specified.
	* Environment details (e.g., platform, version) are missing.

3. While a developer can understand the issue from the description, they may still need clarification on some points to act on it effectively. For example:
	* How does one reproduce this issue? Is there a specific code snippet or test case that demonstrates the problem?
	* What is the expected behavior when using Titanium.UI.iPad.Popover with a View or NavigationGroup?

Considering these points, I conclude that the issue is missing essential information to be considered complete.

Final Answer: Yes",5b75ad319148872b,llama3.1:8b,0,2026-06-17T10:22:37.127880,project_02,title_desc,incompleteness,cot
ISSUE-40465,APIDOC: Ti.UI.TableViewSection.borderRadius does not work,0,1,"Let's analyze the issue step by step:

1. The issue provides:
	* A clear title and description of the problem
	* A test case code snippet to reproduce the issue
2. However, the following essential information is missing:
	* Expected behavior: What should happen when borderRadius is altered?
	* Actual behavior: What happens instead of the expected behavior?
	* Affected components: Which specific components or modules are affected by this issue?
	* Environment details: Is this issue only reproducible on iOS, or also on Android? Are there any specific versions or configurations that affect the issue?
3. Without additional information, a developer may struggle to understand the root cause of the problem and may need to ask for more context before attempting to fix it.

Final Answer: Yes",55f3d3d9f087baf3,llama3.1:8b,0,2026-06-17T10:22:39.677103,project_02,title_desc,incompleteness,cot
ISSUE-38497,New documentation page needed for API Builder -> Swagger Specifications,0,1,"Let's break down the issue step-by-step:

1. The key information provided in this issue is:
	* A request for a new documentation page
	* The topic of the page: API Builder -> Swagger Specifications
	* Contact details for technical discussions: Jamie Peabody/<USER>
2. Essential information that is missing includes:
	* Steps to reproduce (how to trigger the need for this documentation page)
	* Expected vs actual behaviour (what problem does this documentation page aim to solve?)
	* Acceptance criteria (what makes this documentation page complete and satisfactory?)
	* Affected components (which parts of the system will be impacted by this change?)
	* Environment details (in which environments will this documentation page be used?)
3. A developer cannot act on this issue without asking for more information, as they would need to clarify the purpose, scope, and requirements of the new documentation page.

Final Answer: Yes",063651043225d8b9,llama3.1:8b,0,2026-06-17T10:22:42.455926,project_02,title_desc,incompleteness,cot
ISSUE-39864,ACS User - need to be able to delete user without logging in as that user,0,1,"Let's analyze the issue step by step:

1. The issue provides some key information:
	* A specific requirement from EMC
	* A reference to documentation that may be incorrect
	* A mention of a potential solution (supporting deletion from an admin account)
2. However, essential information is missing:
	* Steps to reproduce the issue or scenario where deletion from an admin account is not working as expected
	* Expected behavior vs actual behavior (what happens when trying to delete a user from an admin account?)
	* Acceptance criteria for this feature (e.g., what are the conditions under which deletion from an admin account should be allowed?)
	* Affected components or modules in the system
	* Environment details (e.g., specific versions of software, operating systems, etc.)
3. Without additional information, a developer may not be able to act on this issue without asking for more clarification.

Final Answer: Yes",b9171594a445cb99,llama3.1:8b,0,2026-06-17T10:22:45.299053,project_02,title_desc,incompleteness,cot
ISSUE-38249,Create and publish release note for API Builder 3.0.0,0,1,"Let's break down the issue step by step:

1. The key information provided in this issue includes:
	* A clear title and description of what needs to be done.
	* Specific actions required, such as updating a document and publishing a bundle.
2. Upon reviewing the issue, I notice that some essential information is missing:
	* Steps to reproduce: There's no indication of how to trigger or verify the update and publication process.
	* Expected vs actual behaviour: The issue doesn't specify what the expected outcome should be after updating the document and publishing the bundle.
	* Acceptance criteria: There are no clear conditions that define when the task is complete.
	* Affected components: While it mentions ""API Builder"", it's not clear which specific components or modules will be impacted by this change.
	* Environment details: The issue doesn't specify whether this should happen in a specific environment (e.g., prod, sandbox) or if there are any specific configuration requirements.

3. Based on the missing information, a developer would likely need to ask for clarification before acting on this issue. Without clear steps to reproduce and expected outcomes, it's difficult to determine how to proceed with confidence.

Final Answer: Yes",97ecdc948ed47d78,llama3.1:8b,0,2026-06-17T10:22:48.742437,project_02,title_desc,incompleteness,cot
ISSUE-38348,Improve the doc navigation,0,1,"Let's analyze the issue step by step:

1. The issue provides some key information:
	* A reference to another ticket (TIDOC-2890)
	* A description of the proposed navigation model
	* A list of products that need to be updated
2. However, essential information is missing:
	* Steps to reproduce the current problem with doc navigation (e.g., what exactly is the issue with the current navigation?)
	* Expected vs actual behavior (what should happen and what currently happens when users navigate through the doc site?)
	* Acceptance criteria (how will we know if the updated navigation meets the requirements?)
	* Affected components (which specific pages or sections of the doc site need to be updated?)
	* Environment details (are there any specific browser, device, or operating system considerations that need to be taken into account?)
3. Without this essential information, a developer cannot act on this issue without asking for more clarification or details.

Final Answer: Yes",c97cedac43a4c791,llama3.1:8b,0,2026-06-17T10:22:51.681899,project_02,title_desc,incompleteness,cot
ISSUE-38714,incorrect link,0,1,"Let's analyze the issue step by step:

1. The issue provides:
	* A clear title: ""incorrect link""
	* A description of the problem: Content displays incorrect content link URL
	* A specific link to a relevant document for reference
	* A screengrab is mentioned, but not included in the text (this might be an attachment or linked separately)
2. The issue lacks essential information:
	* Steps to reproduce the issue are missing
	* Expected vs actual behavior is not clearly described
	* Acceptance criteria are not specified
	* Affected components are not identified
	* Environment details (e.g., platform, browser) are not mentioned
3. A developer cannot act on this issue without asking for more information:
	* Without reproduction steps, the developer will struggle to replicate and fix the issue.
	* The expected vs actual behavior is crucial to understand what ""incorrect content"" means in this context.

Based on these observations:

Final Answer: Yes",2bd4b146d02c835c,llama3.1:8b,0,2026-06-17T10:22:54.609349,project_02,title_desc,incompleteness,cot
ISSUE-38876,404 page is (unformatted) landing page,0,1,"Let's analyze the issue step by step:

1. The issue provides some key information:
	* A specific problem with 404 pages in the docs
	* Examples of invalid URLs that exhibit the problem
2. However, upon closer inspection, we can see that essential information is missing:
	* Steps to reproduce: While examples are provided, it's not clear what steps a user would take to encounter this issue.
	* Expected vs actual behaviour: The description mentions ""not as expected"", but doesn't specify what the expected behavior should be.
	* Acceptance criteria: There's no clear statement of what constitutes a successful resolution of this issue.
	* Affected components: While it's implied that the docs are affected, it's not explicitly stated which components or systems are involved.
	* Environment details: The issue description doesn't mention any specific environment or configuration requirements.

3. Based on the missing information, a developer would likely need to ask for more clarification before acting on this issue. Without clear reproduction steps, expected behavior, and acceptance criteria, it's difficult to determine how to resolve the problem.

Final Answer: Yes",ecf8ba4d4732e5cf,llama3.1:8b,0,2026-06-17T10:22:57.888571,project_02,title_desc,incompleteness,cot
ISSUE-38300,Add a migration banner to all pages in the guides2 space,0,1,"Let's break down the issue step-by-step:

1. The key information provided in this issue includes:
	* A clear description of what needs to be done: adding a migration banner to all pages in the guides2 space.
	* The text that should be displayed on the banner.
2. Upon reviewing the issue, I notice that some essential information is missing:
	* Steps to reproduce: There's no indication of how to trigger or verify the addition of the banner.
	* Expected vs actual behaviour: It's unclear what the expected outcome is (e.g., does the banner appear on every page?).
	* Acceptance criteria: What constitutes ""success"" in this issue?
	* Affected components: Which specific pages, scripts, or systems will be impacted by this change?
	* Environment details: Is this a development, testing, or production environment?
3. Based on the missing information, it's unlikely that a developer can act on this issue without asking for more clarification.

Final Answer: Yes",f308592e4e144a45,llama3.1:8b,0,2026-06-17T10:23:00.866258,project_02,title_desc,incompleteness,cot
ISSUE-38460,web site link doesn't exist,0,1,"Let's break down the issue step-by-step:

1. The key information provided in this issue includes:
	* A specific webpage URL
	* A link that is supposed to exist but doesn't
	* A possible reason for the issue (incorrect project registration)
2. Essential information missing from this issue includes:
	* Steps to reproduce the issue (e.g., what actions lead to the non-existent link?)
	* Expected behavior vs actual behavior (what should happen when clicking on the link, and what actually happens?)
	* Acceptance criteria (what constitutes a successful resolution of this issue?)
	* Affected components or environment details (which specific components or environments are impacted by this issue?)
3. Without additional information, it's unlikely that a developer can act on this issue without asking for more clarification.

Based on the analysis, I conclude that the issue is missing essential information to be considered complete.

Final Answer: Yes",d9eeaf806b8e57fa,llama3.1:8b,0,2026-06-17T10:23:03.652607,project_02,title_desc,incompleteness,cot
ISSUE-40544,Android: documentation about how to handle Android app first run is missing,0,1,"Let's analyze the issue step by step:

1. The issue provides some key information:
	* A problem description
	* References to two Google bugs related to the issue
	* A link to a workaround implemented in JIRA
2. However, essential information is missing:
	* Steps to reproduce the issue (e.g., how to trigger the app restart behavior)
	* Expected vs actual behavior (what should happen when an app is installed and restarted?)
	* Acceptance criteria (how will we know if the fix is successful?)
	* Affected components (which specific parts of the code or system are impacted by this issue?)
	* Environment details (under what conditions does this issue occur, e.g., Android version, device type?)
3. Without more information, a developer may struggle to act on this issue without asking for clarification or additional context.

Final Answer: Yes",5a7289bd92859d89,llama3.1:8b,0,2026-06-17T10:23:06.351886,project_02,title_desc,incompleteness,cot
ISSUE-39279,iOS: createEmailDialog method doesn't work on some devices,0,1,"Let's analyze the issue step by step:

1. The issue provides some key information:
	* A specific method (`createEmailDialog`) is not working as expected.
	* The issue is observed on various devices and iOS versions, including simulators.
	* Some devices work while others don't.
2. However, essential information is missing:
	* Steps to reproduce the issue are not provided (e.g., what actions trigger the email dialog to appear or not).
	* Expected behavior vs actual behavior is not clearly stated (what should happen when the method is called?).
	* Acceptance criteria are not specified (what constitutes a successful outcome?).
	* Affected components are not identified (which specific modules or libraries might be involved?).
	* Environment details, such as device specifications and iOS versions, are provided but could be more detailed.
3. A developer cannot act on this issue without asking for more information:
	* Without reproduction steps, it's difficult to replicate the issue and investigate further.
	* The expected behavior is not clear, making it challenging to determine what the method should do.

Considering these points, I conclude that the issue is INCOMPLETE.

Final Answer: Yes",1b0af079a6f4615a,llama3.1:8b,0,2026-06-17T10:23:09.697407,project_02,title_desc,incompleteness,cot
ISSUE-38926,Update iOS Interactive Notifications guide for Apple Watch,0,1,"Let's analyze the issue step by step:

1. The issue provides some key information:
	* A link to an existing guide on iOS Interactive Notifications.
	* A mention of the Apple Watch, indicating a specific platform or device that is not covered in the guide.
	* A reference to a sample code repository (https://github.com/appcelerator-developer-relations/appc-sample-notifywatch) that could be used to update the guide.
2. Upon reviewing the issue description, I notice that some essential information is missing:
	* Steps to reproduce the problem or scenario where the guide is incomplete.
	* Expected vs actual behavior of the iOS Interactive Notifications on Apple Watch (what should happen vs what currently happens).
	* Acceptance criteria for updating the guide (what needs to be done to consider it complete).
	* Affected components or modules in the software that need to be updated.
	* Environment details where the issue is observed (e.g., specific iOS version, watchOS version).
3. Based on this analysis, I conclude that a developer cannot act on this issue without asking for more information. The missing essential information makes it difficult to understand the problem and create a plan to address it.

Final Answer: Yes",33fa1fb11fe0248f,llama3.1:8b,0,2026-06-17T10:23:13.095396,project_02,title_desc,incompleteness,cot
ISSUE-40983,APIDoc: Remove click type events for mapview,0,1,"Let's analyze the issue step by step:

1. The issue provides:
	* A reference to another JIRA ticket (TIMOB-1104) that explains the underlying problem.
	* A clear statement of what needs to be done: remove click type events from the API docs for mapview.
2. However, the following essential information is missing:
	* Steps to reproduce the issue or verify the fix.
	* Expected vs actual behavior (what happens when these events are removed?).
	* Acceptance criteria (how will we know if the fix is successful?).
	* Affected components (which specific parts of the codebase need to be updated?).
	* Environment details (are there any specific environments or configurations where this issue occurs?).
3. Without additional information, a developer may struggle to understand the context and requirements of the issue, making it difficult to act on it without asking for more clarification.

Final Answer: Yes",71c5d4de8c86f09b,llama3.1:8b,0,2026-06-17T10:23:15.889380,project_02,title_desc,incompleteness,cot
ISSUE-40873,APIDoc: ImageView Documentation clarification,0,0,"Let's analyze the issue step by step:

1. Key information provided:
	* The issue is related to the documentation of Titanium.UI.createImageView() in APIDoc.
	* There are two examples that demonstrate the problem with scaling images on iPhone and Android devices.
	* The expected behavior (proportional scaling, maintaining aspect ratio) is described.
2. Essential information missing:
	* Steps to reproduce the issue: While there are examples provided, it's not clear what specific conditions or configurations would cause this issue to occur in a real-world scenario.
	* Expected vs actual behavior: Although the expected behavior is described, it's not explicitly stated how the actual behavior differs from the expected behavior (e.g., what happens when you specify both height and width).
	* Acceptance criteria: There are no clear acceptance criteria for resolving this issue. What would be considered a successful resolution?
	* Affected components: It's unclear which specific components or modules of the Titanium framework are affected by this issue.
	* Environment details: While it's mentioned that the issue occurs on iPhone and Android devices, there is no information about other environments (e.g., simulator, different versions of iOS/Android).
3. Can a developer act on this issue without asking for more",6ca66044e33b3ee1,llama3.1:8b,0,2026-06-17T10:23:19.777193,project_02,title_desc,incompleteness,cot
ISSUE-38583,Nodejs reset password token,0,1,"Let's analyze the issue step by step:

1. The issue provides some key information:
	* A specific problem with password reset token not being passed from email template.
	* A reference to an external thread on Stack Overflow, which might provide additional context.
2. However, essential information is missing:
	* Steps to reproduce the issue: How can a developer replicate this problem?
	* Expected vs actual behavior: What should happen when clicking the link in the email, and what's actually happening?
	* Acceptance criteria: What are the specific conditions that need to be met for the password reset token to work correctly?
	* Affected components: Which parts of the system are involved in this issue (e.g., email template engine, password reset service)?
	* Environment details: Is this a local development environment, staging, or production? Are there any specific configuration settings that might be relevant?
3. A developer cannot act on this issue without asking for more information:
	* Without reproduction steps, the developer won't know how to verify if the problem exists.
	* Without expected vs actual behavior, it's unclear what the correct outcome should be.

Given these observations, I conclude:

Final Answer: Yes",912d9656b1097087,llama3.1:8b,0,2026-06-17T10:23:23.150300,project_02,title_desc,incompleteness,cot
ISSUE-38547,Create and publish release note for Alloy 1.9.2,0,1,"Let's analyze the issue step by step:

1. The issue title and description provide some context about what needs to be done: creating and publishing a release note for Alloy 5.5.0.
2. Upon reviewing the issue, I notice that it is missing essential information such as:
	* Steps to reproduce (how to create and publish the release note)
	* Expected vs actual behaviour (what should happen when the release note is created and published)
	* Acceptance criteria (what conditions must be met for the task to be considered complete)
	* Affected components (which parts of the system will be impacted by this change)
	* Environment details (in which environment or environments this release note needs to be created and published)
3. Without this essential information, a developer would likely need to ask for more clarification before acting on the issue.

Based on this analysis, I conclude that the issue is missing critical information, making it incomplete.

Final Answer: Yes",29a50e0f8a66bfd7,llama3.1:8b,0,2026-06-17T10:23:26.136869,project_02,title_desc,incompleteness,cot
ISSUE-39410,"Doctools: hide ACS REST API """"pseudo types"""" in API reference TOC",0,1,"Let's analyze the issue step by step:

1. The issue provides a clear description of the problem and its context within the Doctools application.
2. Upon reviewing the issue, I notice that it lacks essential information such as:
	* Steps to reproduce the issue
	* Expected vs actual behavior (what is the desired outcome?)
	* Acceptance criteria (how will we know if the fix is successful?)
	* Affected components (which parts of the system are impacted?)
	* Environment details (in which environment does this issue occur?)
3. Without additional information, a developer may struggle to understand how to reproduce the issue and verify that the proposed solution addresses the problem.

Based on these observations, I conclude that the issue is missing essential information.

Final Answer: Yes",3f57c9f779f8e4be,llama3.1:8b,0,2026-06-17T10:23:28.663311,project_02,title_desc,incompleteness,cot
ISSUE-38316,Remove Mobile Web Support Reference from documentation,0,-1,"Let's analyze the issue step by step:

1. The issue provides:
	* A clear title: ""Remove Mobile Web Support Reference from documentation""
	* A brief description of the reason for removing the references
	* Specific URLs to the affected documentation sections
2. However, the following essential information is missing:
	* Steps to reproduce (if any) - it's not necessary in this case as it's a documentation update
	* Expected vs actual behavior - not applicable here as it's a removal of outdated content
	* Acceptance criteria - while not strictly necessary, it would be helpful to know what constitutes ""complete"" removal of Mobile Web references
	* Affected components - the issue is focused on documentation, so this might be implicit, but it's good practice to specify
	* Environment details - not applicable here as it's a documentation update
3. A developer can likely act on this issue without asking for more information, as the URLs provided give a clear indication of what needs to be removed.

However, considering the task is to determine if the issue is INCOMPLETE, I would say that while some essential information is missing (acceptance criteria), it's not critical in this case. The issue is still actionable with the given information.",da9bff0934adc0f9,llama3.1:8b,0,2026-06-17T10:23:32.188589,project_02,title_desc,incompleteness,cot
ISSUE-40070,DocTools: Allow linking to guides sections by name in Cloud docs,0,1,"Let's analyze the issue step by step:

1. The issue provides some key information:
	* A specific problem with the current implementation of JSDuck.
	* A reference to the relevant code in lib/jsduck.
2. However, essential information is missing:
	* Steps to reproduce the issue (e.g., what actions trigger the problem).
	* Expected vs actual behavior (what should happen vs what actually happens).
	* Acceptance criteria (what constitutes a successful fix).
	* Affected components or environment details (which parts of the system are impacted, and in which environments).
3. Without additional information, it's difficult for a developer to act on this issue without asking for more context.

Final Answer: Yes",37d5f0879019ef18,llama3.1:8b,0,2026-06-17T10:23:34.508656,project_02,title_desc,incompleteness,cot
ISSUE-38806,Alloy Map sample code needs to be updated,0,1,"Let's analyze the issue step by step:

1. The issue title and description provide some context about the problem, but it's not clear what specific changes are needed to update the Alloy map sample code.
2. Upon reviewing the issue, I notice that the following essential information is missing:
	* Steps to reproduce: How can a developer replicate the issue and verify the proposed change?
	* Expected vs actual behaviour: What exactly should be updated in the sample code, and what are the expected results of this update?
	* Acceptance criteria: What specific conditions must be met for the update to be considered complete?
	* Affected components: Which parts of the Alloy map sample code need to be modified?
	* Environment details: Are there any specific environments or configurations where this issue is relevant?

3. Without more information, a developer may struggle to understand what changes are required and how to implement them correctly.

Based on this analysis, I conclude that the issue is INCOMPLETE because it lacks essential information for a developer to act on it effectively.

Final Answer: Yes",14419e044cc89b3a,llama3.1:8b,0,2026-06-17T10:23:37.620672,project_02,title_desc,incompleteness,cot
ISSUE-40752,As a Titanium developer,0,0,"Let's break down the issue step by step:

1. The key information provided in this issue is:
	* The user wants access to complete and accurate APIDoc for specific Titanium/Database APIs.
	* The specific API files mentioned are: Titanium/Database/Database.yml, Titanium/Database/DB.yml, and Titanium/Database/ResultSet.yml.

However, there's no clear indication of what the problem is or why the APIDoc is incomplete. This lack of context makes it difficult to determine the root cause of the issue.

2. The essential information that is missing from this issue is:
	* Steps to reproduce: There's no description of how to replicate the issue, making it hard for developers to understand and fix the problem.
	* Expected vs actual behavior: It's unclear what the expected APIDoc should look like or what specific issues are being encountered with the current APIDoc.
	* Acceptance criteria: The issue doesn't specify what constitutes ""complete and accurate"" APIDoc, making it challenging to determine when the issue is resolved.

3. Can a developer act on this issue without asking for more information? No, because there's not enough context or clarity around the problem. Without knowing how to reproduce the issue, what the",e9e2efbe4b058e0d,llama3.1:8b,0,2026-06-17T10:23:41.137874,project_02,title_desc,incompleteness,cot
ISSUE-38413,Update API Builder Doc landing page on Axway Doc Portal,0,1,"Let's analyze the issue step by step:

1. The issue provides some key information:
	* A clear title and description of the problem.
	* An attachment with an outline of how API Builder documentation needs to be structured on Axway Doc Portal.
2. However, essential information is missing:
	* Steps to reproduce the current state of the landing page (e.g., what exactly is wrong with it?).
	* Expected vs actual behavior (what should the updated landing page look like?).
	* Acceptance criteria (how will we know when the update is complete and satisfactory?).
	* Affected components (which specific parts of the API Builder or Axway Doc Portal need to be updated?).
	* Environment details (in which environment(s) does this issue occur, e.g., development, testing, production?).
3. Without additional information, a developer cannot act on this issue without asking for more clarification.

Final Answer: Yes",7f5085b8a8af2e06,llama3.1:8b,0,2026-06-17T10:23:44.028703,project_02,title_desc,incompleteness,cot
ISSUE-40079,APIDoc: iOS: Sound player volume -- setting device volume,0,1,"Let's analyze the issue step by step:

1. The issue provides some key information:
	* A problem description
	* Steps to reproduce the issue
	* Some context about the environment (iOS device and simulator)
2. However, essential information is missing:
	* Expected vs actual behavior: What should happen when setting the volume to 1.0? How does it differ from what actually happens?
	* Acceptance criteria: What are the specific conditions that would indicate this issue is resolved?
	* Affected components: Which parts of the system or codebase are impacted by this issue?
3. Without more information, a developer may struggle to reproduce and resolve the issue:
	* The steps to reproduce are provided, but without knowing what ""really low"" volume means in terms of actual decibel levels, it's hard to verify if the issue is fixed.
	* Similarly, without clear acceptance criteria, it's challenging for a developer to know when they've successfully addressed the problem.

Considering these points, I conclude that this issue is INCOMPLETE because essential information is missing.

Final Answer: Yes",12bbed3ea2ab7901,llama3.1:8b,0,2026-06-17T10:23:47.242916,project_02,title_desc,incompleteness,cot
ISSUE-39208,Clarify 'autoStyle' docs,0,0,"Let's analyze the issue step by step:

1. The issue provides some key information:
	* A specific section of the Alloy docs needs clarification.
	* The purpose of ""autoStyle"" is to take full advantage of certain functionality, but it's not clear what that means.
	* There are examples in another section that might help clarify things.
2. Upon reviewing the issue, I notice that some essential information is missing:
	* Steps to reproduce the problem or scenario where clarification is needed (e.g., how to use autoStyle).
	* Expected vs actual behavior of using autoStyle (what happens when it's used correctly vs incorrectly?).
	* Acceptance criteria for what constitutes ""properly update"" the view.
	* Affected components or environment details are not explicitly mentioned, but they might be implied in the context of Alloy and its documentation.
3. Based on this analysis, a developer would likely need to ask for more information before acting on this issue. Without reproduction steps, expected behavior, acceptance criteria, or affected components, it's difficult to determine what changes are needed.

Final Answer: No",43f27cc6d56ad057,llama3.1:8b,0,2026-06-17T10:23:50.474333,project_02,title_desc,incompleteness,cot
ISSUE-38600,Confirm and/or update Migrating Node.ACS Applications to Arrow page,0,1,"Let's analyze the issue step by step:

1. The issue provides a link to a wiki page with detailed information about migrating Node.ACS applications to Arrow.
2. Upon reviewing the issue description, I notice that it is missing essential information such as:
	* Steps to reproduce the problem or scenario
	* Expected vs actual behavior (what should happen and what actually happens)
	* Acceptance criteria (what constitutes a successful migration)
	* Affected components (which specific parts of the application are impacted by the migration)
	* Environment details (e.g., which versions of Node, Arrow, or other dependencies are relevant)
3. Without this essential information, it is unlikely that a developer can act on this issue without asking for more clarification or context.

Therefore, based on the analysis, I conclude:

Final Answer: Yes",17a8bb3909e9b3c8,llama3.1:8b,0,2026-06-17T10:23:53.109642,project_02,title_desc,incompleteness,cot
ISSUE-40801,APIDoc: Background Gradient options not documented,0,1,"Let's break down the issue step-by-step:

1. The key information provided in this issue is:
	* A specific feature or component: APIDoc Background Gradient options
	* A problem statement: Currently we don't really document these.
	* A proposed solution: Need to add a pseudotype for the background gradient object.

2. Upon reviewing the issue, I notice that some essential information is missing:
	* Steps to reproduce the issue (e.g., how to trigger the background gradient options in APIDoc)
	* Expected vs actual behavior (e.g., what should be documented and what's currently missing)
	* Acceptance criteria (e.g., what constitutes ""complete"" documentation of the background gradient options)

3. Without additional information, a developer might struggle to understand how to address this issue effectively. They may need to ask for more context or clarification before proceeding.

Based on these observations, I conclude that the issue is INCOMPLETE because it lacks essential details necessary for a developer to act on it confidently.

Final Answer: Yes",8b0601614f523224,llama3.1:8b,0,2026-06-17T10:23:56.076490,project_02,title_desc,incompleteness,cot
ISSUE-40937,APIDoc: Facebook code snippet not being rendered,0,1,"Let's analyze the issue step by step:

1. The issue provides some key information:
	* A specific problem with an API documentation page.
	* A reference to a module (Titanium.Facebook).
	* A code snippet that is not being rendered properly.
2. Upon closer inspection, I notice that the following essential information is missing:
	* Steps to reproduce the issue: How can a developer replicate this problem?
	* Expected vs actual behavior: What should happen when the code snippet is rendered, and what's happening instead?
	* Acceptance criteria: What are the specific conditions under which the code snippet will be considered ""properly"" rendered?
3. Without these essential details, it's unlikely that a developer can act on this issue without asking for more information.

Final Answer: Yes",8de58c8746970d3c,llama3.1:8b,0,2026-06-17T10:23:58.651259,project_02,title_desc,incompleteness,cot
ISSUE-38132,Create and publish release note for CLI 7.0.6.RC,0,1,"Let's analyze the issue step by step:

1. The issue title and description provide some key information: the task is to create and publish a release note for CLI 7.0.6.RC.
2. Upon reviewing the issue, I notice that it lacks essential information such as:
	* Steps to reproduce (how to trigger the creation and publication of the release note)
	* Expected vs actual behavior (what should happen when the release note is created and published)
	* Acceptance criteria (what conditions must be met for the task to be considered complete)
	* Affected components (which parts of the system will be impacted by this change)
	* Environment details (in which environment or environments this release note will be created and published)
3. Without these essential pieces of information, a developer may struggle to understand how to proceed with the task, what success looks like, and whether their implementation meets the requirements.

Based on this analysis, I conclude that the issue is missing critical information necessary for its resolution.

Final Answer: Yes",5eedf611d7f9328e,llama3.1:8b,0,2026-06-17T10:24:01.698915,project_02,title_desc,incompleteness,cot
ISSUE-38986,Android Themes guide needs serious updating,0,1,"Let's analyze the issue step by step:

1. The issue provides some key information:
	* A specific guide needs updating.
	* There are several suggestions for changes to be made, including adding new themes, reordering sections, and removing outdated information.
2. However, essential information is missing:
	* Steps to reproduce the problem (if any) or how to verify that the update is necessary.
	* Expected vs actual behavior: what should happen after the update, and what happens currently?
	* Acceptance criteria: what specific conditions must be met for the update to be considered complete?
	* Affected components: which parts of the system will be impacted by this change?
	* Environment details: are there any specific environments or configurations where this issue is relevant?
3. A developer cannot act on this issue without asking for more information:
	* The issue is too vague and open-ended, with multiple suggestions that may not be mutually exclusive.
	* Without clear reproduction steps, expected behavior, and acceptance criteria, it's difficult to determine what changes are necessary.

Therefore:

Final Answer: Yes",6146a14f2ea0fe82,llama3.1:8b,0,2026-06-17T10:24:04.919758,project_02,title_desc,incompleteness,cot
ISSUE-38790,Update and extend guide on Transitions,0,1,"Let's analyze the issue step by step:

1. The issue provides some key information:
	* A reference to an existing guide on Transitions
	* A mention of support for transitions on Android
	* A link to a walkthrough on Android Transitions
2. However, essential information is missing:
	* Steps to reproduce the issue or what needs to be updated in the guide
	* Expected vs actual behavior (what's wrong with the current guide?)
	* Acceptance criteria (how will we know when the update is complete?)
	* Affected components (which parts of the system need to be updated?)
	* Environment details (on which platforms or devices does this issue occur?)
3. Without more information, a developer cannot act on this issue without asking for clarification. They would likely need to ask questions like ""What specifically needs to be updated in the guide?"" or ""Can you provide some context about what's not working as expected?""

Final Answer: Yes",7bf85d9a6bd5b1fd,llama3.1:8b,0,2026-06-17T10:24:07.855449,project_02,title_desc,incompleteness,cot
ISSUE-38051,Ti.Platform.id documentation needs clarification,0,1,"Let's analyze the issue step by step:

1. The issue provides some key information:
	* A specific problem with the documentation of `Ti.Platform.id`
	* A description of the vagueness and potential inaccuracies in the current documentation
	* A mention of a related issue (TIMOB-27175)
2. However, essential information is missing:
	* Steps to reproduce the issue or how to verify the problem
	* Expected vs actual behavior regarding `Ti.Platform.id`
	* Acceptance criteria for what constitutes accurate documentation
	* Affected components or modules
	* Environment details (e.g., specific versions of Titanium, Android, iOS)
3. Without this essential information, a developer cannot act on the issue without asking for more clarification.

Final Answer: Yes",77d25f7e177cb736,llama3.1:8b,0,2026-06-17T10:24:10.343410,project_02,title_desc,incompleteness,cot
ISSUE-38667,Create and publish Studio 4.7.1.GA release note,0,1,"Let's analyze the issue step by step:

1. The issue title and description provide some key information about what needs to be done: creating and publishing a release note for Studio 4.7.1.GA.
2. Upon reviewing the issue, I notice that it is missing essential information such as:
	* Steps to reproduce (how to create and publish the release note)
	* Expected vs actual behaviour (what should happen when the release note is created and published)
	* Acceptance criteria (what conditions must be met for the task to be considered complete)
	* Affected components (which parts of the system will be impacted by this change)
	* Environment details (in which environment(s) does this need to be done?)
3. Without these essential pieces of information, a developer would likely need to ask for more clarification or details before being able to act on the issue.

Based on this analysis, I conclude that the issue is missing too much critical information to be considered complete.

Final Answer: Yes",8b0de90d966ae833,llama3.1:8b,0,2026-06-17T10:24:13.286568,project_02,title_desc,incompleteness,cot
ISSUE-38004,Link for 'Titanium.UI.iOS.SystemButton' seems to be broken,0,1,"Let's analyze the issue step by step:

1. The issue title and description provide some key information:
	* The specific component involved: 'Titanium.UI.iOS.SystemButton'
	* The problem: a broken link
	* The expected behavior: clicking on the link should take the user to relevant documentation
2. Upon reviewing the issue, I notice that essential information is missing:
	* Steps to reproduce the issue are not provided (e.g., what actions lead to the broken link?)
	* Expected vs actual behavior is mentioned, but it's a bit vague; more details on what the expected behavior should be would help
	* Acceptance criteria are not specified (what constitutes ""fixed"" for this issue?)
	* Affected components or environment details are not provided (e.g., which specific page or link is affected?)
3. Without additional information, it's difficult for a developer to act on this issue without asking for more context. They might need to ask questions like:
	* Can you provide steps to reproduce the issue?
	* What exactly do you mean by ""broken"" (e.g., 404 error, incorrect documentation, etc.)?

Considering these points, I conclude that the issue is INCOMPLETE.

Final Answer: Yes",e1e10d31527b28cb,llama3.1:8b,0,2026-06-17T10:24:16.853664,project_02,title_desc,incompleteness,cot
ISSUE-38293,Create and publish release note for SDK 6.3.0.GA,0,1,"Let's analyze the issue step by step:

1. The issue title and description mention creating and publishing a release note for SDK 6.2.3.GA, but it seems there is a typo in the version number mentioned in the title (6.3.0.GA instead of 6.2.3.GA). However, this discrepancy does not affect the completeness of the issue.
2. Upon reviewing the issue description, we can see that:
	* The steps to reproduce are missing.
	* There is no mention of expected vs actual behavior or acceptance criteria.
	* Affected components and environment details are also absent.
3. Without the necessary information (steps to reproduce, expected behavior, etc.), a developer would likely need to ask for clarification before acting on this issue.

Based on these observations:

Final Answer: Yes",b29eabb70723a071,llama3.1:8b,0,2026-06-17T10:24:19.524794,project_02,title_desc,incompleteness,cot
ISSUE-39823,Guides: Update Launch options,0,1,"Let's break down the issue step by step:

1. The key information provided in this issue is:
	* A description of what needs to be updated
	* Specific target names and options that need to be changed
2. Essential information missing from this issue includes:
	* Steps to reproduce the problem (e.g., how to trigger the update)
	* Expected vs actual behavior (what should happen after updating, and what is currently happening)
	* Acceptance criteria (how will we know if the update was successful?)
	* Affected components (which parts of the system are impacted by this change)
	* Environment details (e.g., which versions of iOS or Android are affected)
3. Without additional information, a developer may struggle to understand how to proceed with updating the launch options. They would likely need to ask for more context and clarification before attempting to resolve the issue.

Final Answer: Yes",b1ea88b3d15042b6,llama3.1:8b,0,2026-06-17T10:24:22.269040,project_02,title_desc,incompleteness,cot
ISSUE-38256,Document required Android modules changes due to V8 changes,0,-1,"Let's break down the issue step-by-step:

1. The key information provided in this issue includes:
	* A description of the problem: Android modules need to be updated due to V8 changes.
	* A proposed solution: Provide a guide for developers to update their modules, or offer an automatic migration hook in the module-build process.
2. Essential information that is missing from this issue includes:
	* Steps to reproduce the problem (e.g., what specific actions trigger the need for updating Android modules).
	* Expected vs actual behavior (e.g., how will the updated modules behave differently than before?).
	* Acceptance criteria (e.g., what conditions must be met for the update to be considered successful?).
	* Affected components (e.g., which specific Android modules are impacted by V8 changes?).
	* Environment details (e.g., is this issue specific to a particular version of Android or device type?).
3. Without additional information, it's difficult for developers to act on this issue without asking for more clarification. The proposed solution is vague and doesn't provide enough context for developers to implement the necessary changes.

Based on these observations, I conclude that the issue is INCOMPLETE because essential information such as steps to reproduce, expected vs",b482469a31a18235,llama3.1:8b,0,2026-06-17T10:24:25.837679,project_02,title_desc,incompleteness,cot
ISSUE-39381,Node.ACS cannot catch stdout & stderr from child processes forked by app,0,1,"Let's analyze the issue step by step:

1. The issue title and description provide some context about the problem with Node.ACS not catching stdout & stderr from child processes.
2. Upon reviewing the issue, I notice that it lacks essential information such as:
	* Steps to reproduce the issue (e.g., how to replicate the problem)
	* Expected vs actual behavior (e.g., what should happen and what is happening instead)
	* Acceptance criteria (e.g., what constitutes a successful fix)
	* Affected components or environment details (e.g., which specific Node.ACS versions, operating systems, or configurations are impacted)

3. Without this essential information, it would be challenging for a developer to act on the issue without asking for more clarification.

Based on this analysis, I conclude that the issue is INCOMPLETE.

Final Answer: Yes",602390c5b8b69641,llama3.1:8b,0,2026-06-17T10:24:28.499683,project_02,title_desc,incompleteness,cot
ISSUE-40888,APIDoc: remove from docs advice about passing functions cross-context,0,1,"Let's analyze the issue step by step:

1. The issue provides some key information:
	* A specific problem with passing functions cross-context in Titanium.UI.Window.
	* A recommendation to remove a section from the APIDoc about passing functions cross-context.
	* An alternative approach using simple objects and JSON via custom events.
2. However, essential information is missing:
	* Steps to reproduce the issue (e.g., code snippet or scenario that demonstrates the problem).
	* Expected behavior vs actual behavior (what happens when you pass functions cross-context?).
	* Affected components or environment details (which versions of Titanium are affected?).
3. A developer cannot act on this issue without asking for more information:
	* Without reproduction steps, it's unclear how to verify the problem.
	* Without expected vs actual behavior, it's hard to determine what changes should be made.

Therefore, based on the analysis:

Final Answer: Yes",1b91e6c4f27049e1,llama3.1:8b,0,2026-06-17T10:24:31.317631,project_02,title_desc,incompleteness,cot
ISSUE-39024,Migration: Node.ACS instructions should link new guide,0,1,"Let's analyze the issue step by step:

1. The issue provides:
	* A clear title: ""Migration: Node.ACS instructions should link new guide""
	* A description of the problem: The migration page should link to a new guide for migrating Node.ACS applications to Arrow and vice versa.
2. However, the following essential information is missing:
	* Steps to reproduce the issue (e.g., what specific actions trigger the problem)
	* Expected vs actual behavior (e.g., what happens when the user clicks on the link)
	* Acceptance criteria (e.g., what conditions must be met for the fix to be considered complete)
	* Affected components or environment details (e.g., which specific pages, modules, or environments are impacted)
3. Without additional information, a developer may struggle to understand the context and requirements of the issue, making it difficult to act on the problem without asking for more clarification.

Based on this analysis, I conclude that the issue is INCOMPLETE because essential information is missing.

Final Answer: Yes",a81e13c2498fbc83,llama3.1:8b,0,2026-06-17T10:24:34.333100,project_02,title_desc,incompleteness,cot
ISSUE-38189,Update Pull Request Guide and Building SDK From source,0,1,"Let's analyze the issue step by step:

1. The issue provides some key information:
	* A community member reported an outdated Pull Request Guide.
	* The guide references the old scons method.
	* There are links to relevant documentation and repository pages.
2. Upon reviewing the issue, I notice that essential information is missing:
	* Steps to reproduce the problem (e.g., what specific actions led to the outdated guide being noticed).
	* Expected vs actual behavior (what was supposed to happen vs what actually happened).
	* Acceptance criteria (what constitutes a successful update of the Pull Request Guide).
	* Affected components or environment details (which parts of the system are impacted, and in which environments).
3. Based on this analysis, I conclude that:
Final Answer: Yes",aeb29c5a0e35e370,llama3.1:8b,0,2026-06-17T10:24:36.835531,project_02,title_desc,incompleteness,cot
ISSUE-38180,Ti.UI.WebView documentation broken/missing,0,1,"Let's break down the issue step-by-step:

1. The key information provided in this issue is:
	* A specific problem: Ti.UI.WebView documentation is missing.
	* A reference to the affected documentation page.
	* An expected result: Docs should be visible again.
2. Essential information that is missing includes:
	* Steps to reproduce the issue (e.g., how to trigger the broken/missing documentation).
	* Expected vs actual behavior (the issue description only mentions what's expected, but not what actually happens when trying to access the documentation).
	* Acceptance criteria (what constitutes a ""fix"" for this issue?).
	* Affected components or environment details (which specific components or environments are affected by this issue?).
3. Without additional information, it may be difficult for a developer to act on this issue without asking for more clarification.

Based on the analysis, I conclude that the issue is missing essential information, making it INCOMPLETE.

Final Answer: Yes",edd2c94b39ae38c0,llama3.1:8b,0,2026-06-17T10:24:39.756994,project_02,title_desc,incompleteness,cot
ISSUE-40251,"JDT install directions reference """"Helios"""" not """"Indigo"""" Eclipse platform",0,1,"Let's analyze the issue step by step:

1. The issue provides:
	* A clear title that describes the problem
	* A description of the issue, including the context and the affected documentation
2. However, the following essential information is missing:
	* Steps to reproduce the issue (e.g., what specific actions lead to the incorrect reference)
	* Expected vs actual behavior (e.g., what should happen when installing JDT, but doesn't due to the outdated reference)
	* Acceptance criteria (e.g., how will we know if the fix is successful?)
	* Affected components (e.g., which specific documentation files or pages are affected)
	* Environment details (e.g., which versions of Titanium Studio and Eclipse are relevant)
3. Without this essential information, a developer may struggle to understand the issue, reproduce it, and implement a fix.

Final Answer: Yes",26647b65787f4815,llama3.1:8b,0,2026-06-17T10:24:42.623009,project_02,title_desc,incompleteness,cot
ISSUE-38133,Create and publish release note for CLI 7.0.5.GA,0,1,"Let's analyze the issue step by step:

1. The issue title and description provide some context about what needs to be done: creating and publishing a release note for CLI 7.0.5.GA.
2. Upon reviewing the issue, I notice that it is missing essential information such as:
	* Steps to reproduce (how to create and publish the release note)
	* Expected vs actual behaviour (what should happen when the release note is created and published)
	* Acceptance criteria (what conditions must be met for the task to be considered complete)
	* Affected components (which parts of the system will be impacted by this change)
	* Environment details (in which environment(s) does this issue apply?)
3. Without additional information, a developer may struggle to understand how to proceed with creating and publishing the release note. They would likely need to ask for more context or clarification before starting work.

Based on this analysis, I conclude that the issue is missing essential information, making it INCOMPLETE.

Final Answer: Yes",98cd0d5b19bde6ee,llama3.1:8b,0,2026-06-17T10:24:45.679225,project_02,title_desc,incompleteness,cot
ISSUE-40671,APIDoc: Filesystem.File.createTimestamp returns 0 on Android for resource files,0,1,"Let's analyze the issue step by step:

1. The issue provides some key information:
	* A specific method (File.createTimestamp) is mentioned.
	* A problem is described: the method returns 0 on Android for resource files.
2. Upon closer inspection, I notice that the following essential information is missing:
	* Steps to reproduce the issue are not provided.
	* Expected vs actual behavior is not clearly stated (although it can be inferred).
	* Acceptance criteria are not mentioned.
	* Affected components are not specified (although it's likely related to the File class on Android).
	* Environment details (e.g., specific Android version, device type) are not provided.
3. Without reproduction steps and environment details, a developer may struggle to replicate the issue or understand its scope.

Considering these points, I conclude that the issue is missing essential information.

Final Answer: Yes",268ab4fdac0341f0,llama3.1:8b,0,2026-06-17T10:24:48.462219,project_02,title_desc,incompleteness,cot
ISSUE-40346,APIDoc: Analytics doc should mention raw data export,0,-1,"Let's break down the issue step-by-step:

1. The key information provided in this issue includes:
	* A problem statement: ""Some analytics data isn't available in the analytics UI.""
	* A proposed solution: ""Docs should make clear that this data is available through raw data export.""
	* Additional tasks: updating Ti Analytics guides doc and linking API docs to relevant docs.
2. The essential information missing from this issue includes:
	* Steps to reproduce the problem (e.g., what specific analytics data is not available, how to access it).
	* Expected vs actual behavior (e.g., what should happen when accessing the analytics UI, versus what actually happens).
	* Acceptance criteria (e.g., what constitutes ""clear"" documentation of raw data export).
	* Affected components or environment details (e.g., which specific components or environments are impacted by this issue).
3. Without additional information, a developer may struggle to fully understand the scope and requirements of the proposed solution. However, they might still be able to provide some guidance on updating the documentation based on their general knowledge of the system.

Considering these points, I would conclude that the issue is INCOMPLETE because it lacks essential details such as steps to reproduce, expected vs actual behavior, acceptance",0a117a3a3276c81b,llama3.1:8b,0,2026-06-17T10:24:51.939848,project_02,title_desc,incompleteness,cot
ISSUE-39667,ACS Custom Object Documentation Needs Corrected,0,1,"Let's break down the issue step-by-step:

1. The key information provided in this issue is:
	* A specific method (show()) on custom objects
	* Incorrect documentation with misleading verbiage
	* A link to the affected documentation
2. Essential information that is missing includes:
	* Steps to reproduce the issue (e.g., how to create a custom object and encounter the incorrect documentation)
	* Expected vs actual behavior (what should happen when using the show() method, and what actually happens)
	* Acceptance criteria (what constitutes ""correct"" documentation for this method)
	* Affected components or environment details (which specific components or environments are impacted by this issue)
3. Without additional information, a developer may struggle to understand how to reproduce the issue, verify the expected behavior, or determine what constitutes correct documentation.

Therefore, based on the provided steps and analysis, I conclude that:

Final Answer: Yes",bf0e766b97d66e9f,llama3.1:8b,0,2026-06-17T10:24:54.710262,project_02,title_desc,incompleteness,cot
ISSUE-38873,Ti.UI.Android.openPreferences: Does not explain how to get a preference value,0,1,"Let's analyze the issue step by step:

1. The issue provides some key information:
	* A specific method in the Titanium.UI.Android module is not documented.
	* There was a previous request to document how to retrieve a preference value, but it was not added to the PR for TIDOC-11.
	* A link to the relevant documentation is provided.

2. However, some essential information is missing:
	* Steps to reproduce the issue are not mentioned.
	* The expected behavior of the method (i.e., what should happen when it's called) is not described.
	* The actual behavior of the method (i.e., what happens instead of the expected behavior) is not explained.
	* Acceptance criteria for resolving the issue are not provided.
	* Affected components or environment details are not mentioned.

3. A developer may be able to act on this issue without asking for more information, but it would likely require additional research and investigation to fully understand the problem and how to resolve it. However, based on the analysis above, I would conclude that the issue is missing essential information, making it INCOMPLETE.

Final Answer: Yes",a9d8a2d7a95988d3,llama3.1:8b,0,2026-06-17T10:24:57.975671,project_02,title_desc,incompleteness,cot
ISSUE-39183,Please help review the error messages of on-demand-pricing node.ACS part,0,0,"Let's analyze the issue step by step:

1. The issue provides some key information:
	* A list of error messages and their descriptions.
	* The context in which these messages are shown to end-users (e.g., when a user wants to publish an app, change server size, etc.).
2. However, essential information is missing:
	* Steps to reproduce the issue: There's no indication of how to trigger these error messages or what specific conditions lead to their display.
	* Expected vs actual behavior: The descriptions provided are more like documentation than a clear explanation of expected vs actual behavior.
	* Acceptance criteria: There's no mention of what constitutes ""correct"" behavior for each message, making it difficult to determine if the implementation is correct.
	* Affected components: While we know which messages are related to node.ACS and on-demand pricing, there's no clear indication of other affected components or systems.
	* Environment details: The issue doesn't specify any specific environment or configuration that might be relevant to reproducing the issue.
3. A developer cannot act on this issue without asking for more information:
	* Without reproduction steps, it's unclear how to trigger these error messages and verify if they're working as expected.
	* Without",5212d9bc7574cdf4,llama3.1:8b,0,2026-06-17T10:25:01.659192,project_02,title_desc,incompleteness,cot
ISSUE-38123,Create and publish release note for SDK 7.4.0.GA,0,1,"Let's analyze the issue step by step:

1. The issue title and description provide some key information about what needs to be done: creating and publishing a release note for SDK 7.4.0.GA.
2. Upon reviewing the issue, I notice that it is missing essential information such as:
	* Steps to reproduce (how to create and publish the release note)
	* Expected vs actual behaviour (what should happen when the release note is created and published)
	* Acceptance criteria (what conditions must be met for the task to be considered complete)
	* Affected components (which parts of the system will be impacted by this change)
	* Environment details (in which environment or environments this release note needs to be created and published)
3. Without additional information, a developer may struggle to understand how to proceed with creating and publishing the release note. They would likely need to ask for more context or clarification before taking action.

Based on this analysis, I conclude that the issue is missing essential information, making it INCOMPLETE.

Final Answer: Yes",1c40a59092df2d32,llama3.1:8b,0,2026-06-17T10:25:04.803391,project_02,title_desc,incompleteness,cot
ISSUE-40183,Guides: Enhance doc for installing/using modules,0,1,"Let's analyze the issue step by step:

1. The issue provides some key information:
	* A specific problem with the documentation regarding module installation and usage.
	* A description of the issue, including a workaround for showing the ~/Library directory in Finder.
	* A suggestion to add troubleshooting steps, including removing the version tag from tiapp.xml.
2. Upon reviewing the issue, I notice that some essential information is missing:
	* Steps to reproduce the problem (e.g., what specific actions lead to the issue).
	* Expected vs actual behavior (what should happen when installing/using modules, and what actually happens).
	* Acceptance criteria (what constitutes a successful resolution of the issue).
	* Affected components (which parts of the software or system are impacted by this issue).
	* Environment details (e.g., specific versions of operating systems, software, or configurations that may be relevant to the issue).
3. Based on the missing information, it's unlikely that a developer can act on this issue without asking for more clarification or details.

Final Answer: Yes",2287a7161b639133,llama3.1:8b,0,2026-06-17T10:25:07.960938,project_02,title_desc,incompleteness,cot
ISSUE-38293,Create and publish release note for SDK 6.3.0.GA,0,1,"Let's analyze the issue step by step:

1. The issue title and description provide some key information: the task is to create and publish release notes for SDK 6.3.0.GA.
2. Upon reviewing the issue, I notice that essential information such as:
	* Steps to reproduce (what actions should be taken to trigger this task)
	* Expected vs actual behavior (what are the desired outcomes of this task?)
	* Acceptance criteria (how will we know when this task is complete?)
	* Affected components (which parts of the system will be impacted by this release note?)
	* Environment details (in which environment should this task be performed?)

are missing.
3. Without additional information, a developer may struggle to understand what needs to be done and how to verify that it's been completed.

Based on these observations, I conclude that the issue is INCOMPLETE because essential information is missing.

Final Answer: Yes",b4a99b221405aada,llama3.1:8b,0,2026-06-17T10:25:10.794396,project_02,title_desc,incompleteness,cot
ISSUE-38201,Fix/Replace links to /cloud in the wiki docs,0,1,"Let's analyze the issue step by step:

1. The issue provides some key information:
	* A description of the problem: outdated links in wiki docs need to be updated.
	* Specific URLs that need to be replaced with new ones.
2. Upon reviewing the provided information, I notice that the following essential details are missing:
	* Steps to reproduce the issue (e.g., how to encounter the outdated links).
	* Expected vs actual behavior (what happens when a user clicks on an outdated link?).
	* Acceptance criteria (how will we know if the fix is successful?).
	* Affected components or environment details (which specific wiki pages, versions, or configurations are impacted).
3. Without additional information, it's challenging for a developer to fully understand the scope and requirements of the issue. They may need to ask questions or seek clarification before proceeding with the fix.

Based on this analysis, I conclude that the issue is INCOMPLETE.

Final Answer: Yes",41d4c55b2c3b913c,llama3.1:8b,0,2026-06-17T10:25:13.777813,project_02,title_desc,incompleteness,cot
ISSUE-39132,Update docs template to better match new Dashboard look and feel,0,1,"Let's break down the issue step-by-step:

1. The key information provided in this issue includes:
	* A reference to another issue (APPTS-6972) that is related to the Dashboard UI update.
	* A description of how the documentation site should be updated to match the new Dashboard look and feel.
2. Upon reviewing the issue, I notice that the following essential information is missing:
	* Steps to reproduce: There's no clear indication of what specific actions a developer needs to take to implement this change.
	* Expected vs actual behaviour: The issue doesn't specify how the updated documentation site should behave differently from its current state or what the desired outcome is.
	* Acceptance criteria: There are no clear criteria for determining whether the update has been successful.
	* Affected components: While it's mentioned that the documentation site needs to be updated, there's no indication of which specific components or files will be affected.
	* Environment details: The issue doesn't specify what environment(s) this change should be applied to (e.g., production, staging, development).
3. Based on the missing information, a developer would likely need to ask for more clarification before acting on this issue.

Final Answer: Yes",a94636e9e056166e,llama3.1:8b,0,2026-06-17T10:25:17.282348,project_02,title_desc,incompleteness,cot
ISSUE-39524,Create a new method likes/query.json,0,1,"Let's analyze the issue step by step:

1. The issue provides:
	* A clear description of the functionality to be implemented: creating a new method likes/query.json.
	* Details about the parameters and their possible values, including custom fields and pre-defined fields.
	* An example of how to use the API with a curl command.
2. However, the following essential information is missing:
	* Steps to reproduce the issue (if it's not just a new feature request).
	* Expected behavior: what should happen when the method is called?
	* Acceptance criteria: what conditions must be met for the implementation to be considered complete?
	* Affected components: which parts of the system will be impacted by this change?
	* Environment details: where and how will this method be deployed?
3. Without additional information, a developer cannot act on this issue without asking for more clarification or details.

Therefore, based on the analysis:

Final Answer: Yes",62362a34a1b33ca1,llama3.1:8b,0,2026-06-17T10:25:20.359146,project_02,title_desc,incompleteness,cot
ISSUE-39749,Localization of app name for Android is out-of-date,0,1,"Let's analyze the issue step by step:

1. The issue provides some key information:
	* A specific problem with localization of app name for Android
	* A reference to an outdated document
	* A description of how the developer tested and found a different solution that works (using 3.2 on Classic and Alloy)
2. However, essential information is missing:
	* Steps to reproduce the issue (e.g., what specific actions were taken to trigger the problem?)
	* Expected vs actual behavior (what was supposed to happen vs what actually happened?)
	* Acceptance criteria (what are the desired outcomes for localization of app name on Android?)
	* Affected components or environment details (which versions of the software, operating systems, etc. are affected?)
3. A developer cannot act on this issue without asking for more information:
	* Without reproduction steps, it's unclear how to replicate the problem
	* Without expected vs actual behavior, it's unclear what the desired outcome is
	* Without acceptance criteria, it's unclear what success looks like

Therefore, based on the analysis:

Final Answer: Yes",fe70af5254b3e446,llama3.1:8b,0,2026-06-17T10:25:23.637272,project_02,title_desc,incompleteness,cot
ISSUE-39943,BlackBerry : Path for getting the logs from simulator is incorrect,0,1,"Let's analyze the issue step by step:

1. The issue provides some key information:
	* A specific problem with BlackBerry simulator logs
	* Steps to reproduce the issue (although they are quite brief)
	* Expected vs actual behavior (with a clear description of what is expected and what happens instead)
2. Upon closer inspection, I notice that the following essential information is missing:
	* Acceptance criteria: What constitutes ""correct"" in this case? Are there specific conditions or outcomes that need to be met?
	* Affected components: Which parts of the system are impacted by this issue?
	* Environment details: Is this a problem with the simulator, the app, or something else entirely?
3. Can a developer act on this issue without asking for more information? While they might be able to reproduce the issue based on the provided steps, it's unlikely that they can fully understand and resolve the problem without additional context.

Based on these observations, I conclude that the issue is indeed INCOMPLETE.

Final Answer: Yes",ad0c063de8365162,llama3.1:8b,0,2026-06-17T10:25:26.693558,project_02,title_desc,incompleteness,cot
ISSUE-40067,DocTools: validate script is broken due to docgen changes,0,1,"Let's analyze the issue step by step:

1. The issue provides some key information:
	* A specific PR number that caused the problem
	* The method `process_yaml` is called with an incorrect argument, leading to a failure
	* Two different error messages are provided when changing the call to `docgen.process_yaml(apiDocDir)`
2. However, essential information is missing:
	* Steps to reproduce the issue (e.g., how to trigger the problem)
	* Expected behavior vs actual behavior (what should happen instead of the current failure?)
	* Acceptance criteria (what are the desired outcomes for this feature or bug fix?)
	* Affected components (which specific parts of the codebase are impacted by this issue?)
	* Environment details (e.g., operating system, Titanium Studio version, etc.)
3. Without additional information, a developer might struggle to act on this issue:
	* They may not be able to reproduce the problem or understand its root cause
	* They may need to ask for more context or clarification before attempting to fix the issue

Considering these points, I conclude that the issue is INCOMPLETE.

Final Answer: Yes",47b266d35c74aa64,llama3.1:8b,0,2026-06-17T10:25:29.989660,project_02,title_desc,incompleteness,cot
ISSUE-39723,Support new Node.ACS command : download,0,0,"Let's analyze the issue step by step:

1. The issue provides some key information:
	* A new command ""download"" is to be provided.
	* The command will download the app source file of Node.ACS with a specified version.
	* It mentions how to handle missing app name and version options, including using the current active app version if no version option is provided.

2. However, upon closer inspection, we can see that some essential information is missing:
	* Steps to reproduce: The issue doesn't provide any details on how to trigger this new command or what specific inputs are expected.
	* Expected vs actual behaviour: While it mentions the purpose of the command, it doesn't explicitly state what the expected outcome should be (e.g., a successful download, an error message, etc.).
	* Acceptance criteria: There's no clear definition of when this new command is considered ""done"" or meets the requirements.
	* Affected components: The issue doesn't specify which parts of the system will be impacted by this new command.
	* Environment details: It doesn't mention any specific environment or configuration requirements for this command to work.

3. Based on the missing information, a developer would likely need to ask for more clarification before acting",917b1f715aa3a7e6,llama3.1:8b,0,2026-06-17T10:25:33.587095,project_02,title_desc,incompleteness,cot
ISSUE-38628,Specify supported Arrow Model Field data types,0,1,"Let's analyze the issue step by step:

1. The issue provides some key information:
	* A reference to an online documentation page
	* A quote from the documentation about supported field types
	* An additional detail about supporting array and date types beyond primitive types
2. However, essential information is missing:
	* Steps to reproduce the issue (e.g., how to create a model with unsupported field type)
	* Expected vs actual behavior (what happens when an unsupported field type is used?)
	* Acceptance criteria (what are the specific requirements for supported field types?)
	* Affected components or environment details (which modules, APIs, or environments are impacted by this issue?)
3. Without additional information, a developer may struggle to act on this issue:
	* They might not know how to reproduce the issue
	* They might not understand what behavior is expected vs actual
	* They might need more context about which components or environments are affected

Based on these observations:

Final Answer: Yes",925d827563ae72ea,llama3.1:8b,0,2026-06-17T10:25:36.665653,project_02,title_desc,incompleteness,cot
ISSUE-38181,Review and revise the APS documentation,0,1,"Let's analyze the issue step by step:

1. The issue provides some key information:
	* A clear title: ""Review and revise the APS documentation""
	* A description of what needs to be done: review, test samples, and revise specific documents
	* Links to the relevant documents that need to be reviewed
2. Upon reviewing the issue, I notice that it is missing some essential information:
	* Steps to reproduce (if any) are not mentioned
	* Expected vs actual behavior is not specified
	* Acceptance criteria are not provided
	* Affected components or environment details are not mentioned
3. Based on this analysis, a developer would likely need to ask for more information before acting on this issue.

Final Answer: Yes",f55972eddb04b067,llama3.1:8b,0,2026-06-17T10:25:39.207812,project_02,title_desc,incompleteness,cot
ISSUE-39239,"Android: TableView: SearchBar not working if """"filterAttribute"""" is an arbitrary property",0,0,"Let's analyze the issue step by step:

1. The issue provides:
	* A clear description of the problem
	* Sample code to reproduce the issue
	* Information about the platforms affected (Android and iOS)
2. However, essential information is missing:
	* Steps to reproduce the issue in detail (e.g., what exactly happens when the filter attribute is set after the TableViewRow is created?)
	* Expected vs actual behavior (what should happen when the SearchBar is used with a filter attribute set after row creation?)
	* Acceptance criteria (what are the specific conditions that need to be met for the issue to be considered resolved?)
	* Affected components (which specific modules or libraries are involved in this issue?)
3. A developer can act on this issue without asking for more information, but they may not be able to fully understand the root cause of the problem or implement a fix without additional context.

Final Answer: No",e91a546a79232802,llama3.1:8b,0,2026-06-17T10:25:42.114493,project_02,title_desc,incompleteness,cot
ISSUE-38938,Docs: Ti.UI.View.add supports an array of views as well as single Ti.Ui.View,0,0,"Let's analyze the issue step by step:

1. The issue provides:
	* A clear title that describes the problem
	* Links to relevant code snippets in the Titanium Mobile repository, which helps understand the context and behavior of the `Ti.UI.View.add` method on different platforms.
	* References to existing tickets (TIMOB-19394 and TIMOB-19482) that are related to this issue, indicating that it's a known problem being addressed by other tickets.

2. The essential information missing from this issue is:
	* Steps to reproduce the issue: While the code snippets provide context, they don't explicitly describe how to trigger the issue.
	* Expected vs actual behavior: The issue description doesn't clearly state what the expected behavior should be or what the actual behavior is on Android (and Windows) compared to iOS.
	* Acceptance criteria: There's no clear definition of what constitutes a ""fix"" for this issue, making it difficult to determine when the problem has been resolved.

3. Can a developer act on this issue without asking for more information? While they might be able to understand the context and behavior from the code snippets and existing tickets, they would likely need additional clarification on the expected vs actual behavior and acceptance criteria before starting work",3c20cd9c60ecbb97,llama3.1:8b,0,2026-06-17T10:25:45.650922,project_02,title_desc,incompleteness,cot
ISSUE-40941,APIDoc: remove period from platform list,0,-1,"Let's analyze the issue step by step:

1. The issue provides:
	* A clear title: ""APIDoc: remove period from platform list""
	* A description of the problem: ""The platform list contains a superfluous period.""
	* A specific location of the affected file: ""[member_list.html|https://github.com/appcelerator/titanium_mobile/blob/master/apidoc/templates/html/member_list.html]""
	* An example of the desired change
2. The essential information missing is:
	* Steps to reproduce the issue (e.g., how to trigger the problem)
	* Expected vs actual behavior (what should happen, and what currently happens)
	* Acceptance criteria (how will we know if the fix is successful?)
	* Affected components or environment details
3. A developer can likely act on this issue without asking for more information because:
	* The location of the affected file is provided, making it easy to identify the code that needs to be changed.
	* The example of the desired change provides a clear understanding of what the fix should look like.

However, upon closer inspection, I realize that while some essential information is missing (e.g., steps to reproduce), the issue still provides enough context for a developer",213a0841cd4d669b,llama3.1:8b,0,2026-06-17T10:25:49.242375,project_02,title_desc,incompleteness,cot
ISSUE-40635,APIDoc: Update docs for medium-priority iPad modules,0,1,"Let's break down the issue step by step:

1. The key information provided in this issue is:
	* Issue title: APIDoc: Update docs for medium-priority iPad modules
	* Issue description: Includes updating docs for two specific modules (Ti.UI.iPad and Ti.UI.iPad.Popover)
2. Upon reviewing the issue, I notice that essential information is missing:
	* Steps to reproduce the problem or scenario where documentation update is required
	* Expected vs actual behavior of the iPad modules
	* Acceptance criteria for updating the documentation
	* Affected components (e.g., specific code files, APIs)
	* Environment details (e.g., iOS version, Titanium SDK version)
3. Based on the missing information, a developer would likely need to ask for more clarification or details before acting on this issue.

Final Answer: Yes",27a87df6b0cc76c4,llama3.1:8b,0,2026-06-17T10:25:51.922461,project_02,title_desc,incompleteness,cot
ISSUE-39299,Updates guides to show how to localise NSLocationAlwaysUsageDescription,0,1,"Let's analyze the issue step by step:

1. The issue provides some key information:
	* A specific problem or requirement: updating guides to show how to localise NSLocationAlwaysUsageDescription.
	* A reference to relevant documentation: links to Appcelerator guides and API references.
2. However, essential information is missing:
	* Steps to reproduce the issue (e.g., what exactly needs to be done to trigger the problem).
	* Expected vs actual behavior (what should happen versus what actually happens).
	* Acceptance criteria (how will we know when the fix is complete?).
	* Affected components or environment details (which specific parts of the system are impacted, and in which environments does this issue occur?).
3. Without additional information, a developer may struggle to act on this issue without asking for more context.

Based on these observations:

Final Answer: Yes",9a7c57c19c0049d4,llama3.1:8b,0,2026-06-17T10:25:54.628503,project_02,title_desc,incompleteness,cot
ISSUE-40438,Poor grammar in Ti.UI.TabGroup,0,1,"Let's analyze the issue step by step:

1. The issue provides some key information:
	* The problem is related to Ti.UI.TabGroup.
	* It mentions specific behaviors and features of tab groups, such as multiple tab groups existing on iOS, tabs being removable, and users being able to reorder tabs (optionally).
2. However, the following essential information is missing:
	* Steps to reproduce the issue: The description does not provide a clear way for someone else to replicate the problem.
	* Expected vs actual behavior: It's unclear what the expected behavior should be or how it differs from the actual behavior.
	* Acceptance criteria: There are no specific conditions that would indicate whether the fix is successful or not.
	* Affected components: While it mentions Ti.UI.TabGroup, it's not clear if other components are also affected.
	* Environment details: The issue only mentions iOS, but it's unclear what versions of iOS or Titanium are involved.
3. Based on this analysis, a developer would likely need to ask for more information before acting on the issue.

Final Answer: Yes",a3ddf3660eaf91b4,llama3.1:8b,0,2026-06-17T10:25:57.816819,project_02,title_desc,incompleteness,cot
ISSUE-38738,There is an error in Positioning and dimensions of elements section of the documentation,0,-1,"Let's analyze the issue step by step:

1. The issue provides:
	* A clear description of the problem
	* A specific section in the documentation that is affected
	* A detailed explanation of the error, including a comparison of the expected and actual values
2. However, the following essential information is missing:
	* Steps to reproduce the issue (e.g., how to replicate the error)
	* Expected vs actual behavior (although it's mentioned in the description, it's not explicitly stated as ""expected"" vs ""actual"")
	* Acceptance criteria (what constitutes a fix for this issue?)
	* Affected components (which specific modules or code is impacted by this error?)
	* Environment details (e.g., which platform, device, or configuration is relevant to this issue?)
3. A developer can still act on this issue without asking for more information because:
	* The description provides enough context to identify the problem
	* The error is clearly stated and can be verified by checking the documentation
	* Although some essential information is missing, a developer may be able to infer or research the necessary details

However, considering the definition of an INCOMPLETE issue, I would say that this issue is still incomplete because it lacks explicit steps to",9b87ed2324d214d8,llama3.1:8b,0,2026-06-17T10:26:01.379800,project_02,title_desc,incompleteness,cot
ISSUE-39253,we will no longer show the listed information,0,1,"Let's analyze the issue step by step:

1. The issue title and description provide some context about what changes are being made to the software, specifically regarding the display of certain fields when they are empty.
2. Upon reviewing the issue, I notice that it is missing essential information such as:
	* Steps to reproduce: How can a developer replicate this issue? What specific actions should be taken?
	* Expected vs actual behaviour: What exactly is the expected outcome, and how does it differ from the current actual behavior?
	* Acceptance criteria: What conditions must be met for this change to be considered complete and functional?
	* Affected components: Which parts of the software are impacted by this change?
	* Environment details: In which environment(s) should this issue be tested (e.g., production, staging, development)?
3. Without additional information, a developer may struggle to understand how to implement this change or whether it will have unintended consequences. They would likely need to ask for more context and clarification before proceeding.

Based on the analysis, I conclude that the issue is missing essential information, making it INCOMPLETE.

Final Answer: Yes",41ec172a2af46d0d,llama3.1:8b,0,2026-06-17T10:26:04.727648,project_02,title_desc,incompleteness,cot
ISSUE-39534,Alloy: missing Style in the Style priorities description,0,1,"Let's analyze the issue step by step:

1. The issue provides a clear description of the problem: a missing style in the Style priorities section of the Alloy documentation.
2. Upon reviewing the issue, I notice that it lacks essential information such as:
	* Steps to reproduce the issue (e.g., how to replicate the error or omission).
	* Expected vs actual behavior (what should happen and what actually happens).
	* Acceptance criteria (specific conditions that must be met for the fix to be considered complete).
	* Affected components (which parts of the codebase are impacted by this issue).
	* Environment details (e.g., which platforms, versions, or configurations are relevant).
3. Without these essential pieces of information, a developer may struggle to understand the context and requirements of the issue, making it challenging for them to act on it without asking for more clarification.

Based on this analysis, I conclude that the issue is INCOMPLETE.

Final Answer: Yes",ee5ae6b771080ece,llama3.1:8b,0,2026-06-17T10:26:07.636968,project_02,title_desc,incompleteness,cot
ISSUE-39218,Move Cloud and CloudPush to Modules namespace,0,1,"Let's break down the issue step by step:

1. The key information provided in this issue includes:
	* A clear description of what needs to be done: Move API docs from Titanium namespace to Modules namespace.
	* Specific details about updating links and forward links.
2. Upon reviewing the issue, I notice that essential information is missing:
	* Steps to reproduce (how to move the API docs and update links).
	* Expected vs actual behavior (what should happen after moving the API docs).
	* Acceptance criteria (what constitutes a successful completion of this task).
	* Affected components (which specific modules or APIs will be impacted by this change).
	* Environment details (in which environments or configurations this change needs to be applied).
3. Based on the missing information, it's unlikely that a developer can act on this issue without asking for more clarification.

Final Answer: Yes",79e9faa9a12a3ca2,llama3.1:8b,0,2026-06-17T10:26:10.369958,project_02,title_desc,incompleteness,cot
ISSUE-39395,Provides detailed steps to import/run ti.cloud example,0,1,"Let's analyze the issue step by step:

1. The issue provides some key information:
	* A reference to the Titanium.Cloud documentation
	* A description of where to find the sample application in the modules folder
	* An explanation of why sharing a finished project is not feasible
2. However, essential information is missing:
	* Steps to reproduce the problem or import/run the sample application are not provided.
	* Expected vs actual behavior is not described.
	* Acceptance criteria are not specified.
	* Affected components (e.g., specific modules or services) are not mentioned.
	* Environment details (e.g., operating system, Titanium SDK version) are not provided.
3. A developer cannot act on this issue without asking for more information because they lack the necessary context and instructions to reproduce the problem or implement a solution.

Final Answer: Yes",278abf2685f4d74d,llama3.1:8b,0,2026-06-17T10:26:13.000824,project_02,title_desc,incompleteness,cot
ISSUE-39480,Guides: Document offline installation of Appcelerator Platform,0,1,"Let's analyze the issue step by step:

1. The issue title and description provide some context about the problem and what the customer is requesting.
2. Upon reviewing the issue, I notice that the following essential information is missing:
	* Steps to reproduce: There are no clear instructions on how to replicate the issue or test the proposed solution.
	* Expected vs actual behaviour: The issue doesn't specify what the expected outcome should be when installing the platform offline, nor does it describe the current actual behavior.
	* Acceptance criteria: There is no clear definition of what constitutes a successful installation in an offline environment.
	* Affected components: While the issue mentions specific components (Studio, SDK, CLI, etc.), it's unclear which ones are actually affected by the proposed solution.
	* Environment details: The issue doesn't specify any relevant environment details, such as operating system, version of Appcelerator Platform, or other dependencies.

3. Without this essential information, a developer would likely need to ask for more clarification before attempting to act on the issue. This is because they wouldn't know how to reproduce the problem, what success looks like, which components are involved, and under what conditions the solution should work.

Final Answer: Yes",250c429d729bbb90,llama3.1:8b,0,2026-06-17T10:26:16.513609,project_02,title_desc,incompleteness,cot
ISSUE-39599,Node.ACS organization support,0,1,"Let's break down the issue step by step:

1. The key information provided in this issue is:
	* Issue Title: Node.ACS organization support
	* Issue Description: Will add more details later.
	* A link to a wiki page with more information.
2. Essential information that is missing includes:
	* Steps to reproduce the issue (how to test or verify the feature)
	* Expected vs actual behavior (what should happen when the feature is implemented)
	* Acceptance criteria (specific conditions that must be met for the feature to be considered complete)
	* Affected components (which parts of the system will be impacted by this change)
	* Environment details (in which environment or configuration the issue occurs)
3. Based on the information provided, a developer cannot act on this issue without asking for more information. The description is too vague and does not provide enough context to start working on the feature.

Final Answer: Yes",7e72ab1af7853994,llama3.1:8b,0,2026-06-17T10:26:19.342404,project_02,title_desc,incompleteness,cot
ISSUE-38337,Create Alloy Framework How-tos page,0,1,"Let's analyze the issue step by step:

1. The issue title and description provide some context about what needs to be done: creating and re-organizing content for the ""How-tos"" page.
2. Upon reviewing the issue, I notice that it lacks essential information such as:
	* Steps to reproduce (how to create and re-organize the content)
	* Expected vs actual behavior (what should happen after completing this task)
	* Acceptance criteria (what constitutes a successful completion of this task)
	* Affected components (which parts of the system will be impacted by this change)
	* Environment details (in which environment or context is this task relevant)
3. Without this essential information, it's unlikely that a developer can act on this issue without asking for more clarification or details.

Based on this analysis, I conclude that the issue is missing critical information to proceed with development.

Final Answer: Yes",69878fd8323e18e8,llama3.1:8b,0,2026-06-17T10:26:22.105310,project_02,title_desc,incompleteness,cot
ISSUE-38517,Create and publish release note for SDK 6.0.2.RC,0,1,"Let's analyze the issue step by step:

1. The issue title and description provide some context about what needs to be done, but they are quite brief.
2. Upon reviewing the issue, I notice that it lacks essential information such as:
	* Steps to reproduce: How will the release note be created and published?
	* Expected vs actual behaviour: What is the expected outcome of creating and publishing the release note? Are there any specific requirements or expectations for its content?
	* Acceptance criteria: What are the conditions under which the issue can be considered resolved?
	* Affected components: Which parts of the system will be impacted by this change?
	* Environment details: In what environment (e.g., development, testing, production) should the release note be created and published?

3. Without more information, a developer may struggle to understand how to proceed with creating and publishing the release note. They might need to ask for clarification or additional context before acting on this issue.

Based on this analysis, I conclude that the issue is missing essential information, making it INCOMPLETE.

Final Answer: Yes",d8f4eb4a519ebf4e,llama3.1:8b,0,2026-06-17T10:26:25.156004,project_02,title_desc,incompleteness,cot
ISSUE-40653,APIDoc: Ti.UI.orientationModes property should mention Ti.Gesture.orientation,0,1,"Let's analyze the issue step by step:

1. The issue provides some key information:
	* It mentions a specific property in APIDoc (Ti.UI.orientationModes).
	* It describes a potential improvement to include a reference to Ti.Gesture for obtaining current orientation information.
2. Upon reviewing the issue, I notice that essential information is missing:
	* Steps to reproduce the issue or scenario where this improvement would be beneficial are not provided.
	* Expected vs actual behavior of the property in question is not described.
	* Acceptance criteria for what constitutes a successful implementation of this change are not outlined.
	* Affected components (e.g., code, modules) and environment details (e.g., platform, version) are not specified.
3. Without additional information, it's challenging for a developer to act on this issue confidently:
	* They might need clarification on the specific use cases where Ti.Gesture is relevant.
	* They may require more context about how this change would impact existing code or user experience.

Considering these points, I conclude that the issue is missing essential information. 

Final Answer: Yes",5db2df74b0444dd5,llama3.1:8b,0,2026-06-17T10:26:28.381817,project_02,title_desc,incompleteness,cot
ISSUE-40413,Link takes you to the wiki creation page,0,1,"Let's analyze the issue step by step:

1. The issue provides some key information:
	* Steps to reproduce: 2 clear steps are provided.
	* Expected vs actual behaviour: The expected result is clearly stated, and the actual result is also described.
	* Acceptance criteria: Not explicitly mentioned, but it can be inferred that the expected result should match the actual result.
	* Affected components: Not explicitly mentioned, but it seems to be related to the documentation or wiki component of the application.
2. Essential information missing:
	* Environment details: The issue description does not mention any specific environment or configuration requirements.
3. Can a developer act on this issue without asking for more information?
	* Yes, based on the provided steps and expected vs actual behaviour, a developer can attempt to reproduce the issue and investigate further.

However, upon closer inspection, I notice that the issue is missing some essential information:

* Acceptance criteria: While it's somewhat implied, it would be beneficial to have explicit acceptance criteria.
* Affected components: It would be helpful to know which specific components or modules are affected by this issue.
* Environment details: The environment in which this issue occurs is not specified.

Considering these points, I conclude that the issue is missing",1f07a6c26cbed848,llama3.1:8b,0,2026-06-17T10:26:31.885056,project_02,title_desc,incompleteness,cot
ISSUE-40608,Guides: MW overview should reference MW limitations page,0,1,"Let's analyze the issue step by step:

1. The issue provides a clear title and description of the problem.
2. Upon reviewing the issue, I notice that it lacks essential information such as:
	* Steps to reproduce: There is no indication of how to replicate the issue or what specific actions would trigger the problem.
	* Expected vs actual behaviour: The issue doesn't describe what the expected behavior should be when the link is referenced correctly versus what actually happens when it's not.
	* Acceptance criteria: There are no clear criteria for determining whether the fix is successful.
	* Affected components: It's unclear which specific components or modules of the software would be impacted by this issue.
	* Environment details: The issue doesn't specify any environment-specific requirements, such as operating system, browser, or version dependencies.

3. Without additional information, a developer might struggle to understand how to address the issue effectively. They may need to ask for more context or clarification before attempting to fix it.

Based on this analysis, I conclude that the issue is missing essential information and cannot be fully understood without further details.

Final Answer: Yes",10c41dc47a8e84b4,llama3.1:8b,0,2026-06-17T10:26:35.174253,project_02,title_desc,incompleteness,cot
ISSUE-40894,APIDoc: Documentation missing for MaskedImage,0,1,"Let's analyze the issue step by step:

1. The issue provides some key information:
	* The specific API method in question: `Titanium.UI.createMaskedImage()`
	* A description of the problem: missing documentation
	* Some related topics and links to previous questions on the subject
2. Upon reviewing the provided information, I notice that the following essential details are missing:
	* Steps to reproduce the issue (e.g., how to create a `MaskedImage` and what behavior is expected)
	* Expected vs actual behavior (what should happen when using `createMaskedImage()`?)
	* Acceptance criteria (what constitutes ""clear"" documentation for this API method?)
	* Affected components or environment details (is this issue specific to a particular platform, version, or configuration?)
3. Based on the missing information, it's unlikely that a developer can act on this issue without asking for more clarification. The provided links and topics suggest that there may be some related knowledge, but it's not enough to determine the root cause of the problem.

Final Answer: Yes",56a89a0fb440fb09,llama3.1:8b,0,2026-06-17T10:26:38.324694,project_02,title_desc,incompleteness,cot
