issue_id,title,ground_truth,prediction,raw_response,prompt_hash,model_version,temperature,timestamp_utc,project,input_mode,task,strategy
ISSUE-38493,Review API Runtime Services Documentation,0,1,"Here's the step-by-step reasoning:

* The issue title is clear and specific: ""Review API Runtime Services Documentation"".
* However, upon reading the description, I notice that it lists multiple pages to review, but does not specify what aspects of each page need reviewing or what updates are necessary.
* There is no mention of any specific issues, errors, or problems with the documentation.
* The issue seems to be focused on a one-time task (reviewing documentation) rather than addressing a recurring problem or implementing a new feature.
* While the description provides links to relevant pages, it does not provide clear context for what needs to be reviewed or updated.

Based on these observations, I conclude that the issue is ambiguous because it lacks clear context and scope. The description does not specify what aspects of the documentation need reviewing or updating, which could lead to multiple interpretations of the task.

Final Answer: Yes",ac948b6685852c7b,llama3.1:8b,0,2026-06-17T10:14:56.795872,project_02,title_desc,ambiguity,few_shot_cot
ISSUE-38975,Tutorial Series: Customize for Android,0,1,"Here's my analysis:

* The issue title mentions ""Tutorial Series"", which suggests that it's related to creating educational content for users.
* However, the description is somewhat unclear - what does ""customize"" mean in this context? Is it about adding new features, modifying existing ones, or something else?
* There's no clear mention of what specific UI features are being added or modified. This lack of specificity makes it difficult to understand the scope of the issue.
* The description also doesn't provide any context for why these changes are necessary or what problems they're intended to solve.

Based on this analysis, I would conclude that the issue is ambiguous because it uses vague language and lacks clear context and scope.

Final Answer: Yes",1341bd125737d66e,llama3.1:8b,0,2026-06-17T10:14:59.215240,project_02,title_desc,ambiguity,few_shot_cot
ISSUE-40855,APIDoc: Window.modalStyle and modalTransitionStyle properties are undocumented,0,1,"Here's my step-by-step reasoning:

* The issue clearly states that two specific properties (`Window.modalStyle` and `modalTransitionStyle`) are undocumented.
* It also mentions where these properties are used (`KS (modal_windows.js)`) and even provides a context of how they are shown in the sample code (`Window TDoc`).
* However, I notice that the issue is not entirely clear about what it means by ""undocumented"". Does it mean that the properties should be removed from the code, or just added to the documentation?
* Additionally, there's no mention of any specific requirements or constraints for documenting these properties.
* Considering these points, I think the issue can be interpreted in multiple ways, which makes it ambiguous.

Final Answer: Yes",2e92f54d629068e8,llama3.1:8b,0,2026-06-17T10:15:01.595597,project_02,title_desc,ambiguity,few_shot_cot
ISSUE-40336,APIDoc: Check all deprecated API members for appropriate message,0,0,"Here's my step-by-step reasoning:

* The issue title clearly mentions the specific component (""APIDoc"") and the task at hand (""Check all deprecated API members for appropriate message"").
* The description provides a clear explanation of what needs to be done, including specific actions such as adding deprecation messages, restoring original summaries, and removing bogus ""removed"" APIs.
* However, upon closer inspection, I notice that the description mentions an alternative API, but it doesn't specify which one. This could lead to multiple interpretations of which API is being referred to.
* Additionally, the description uses some technical jargon (""bogus """"removed"""" APIs"") that may not be immediately clear to non-experts in the field.
* However, upon further review, I realize that these points are minor and do not significantly impact the clarity of the issue. The main issue is that the description assumes a certain level of knowledge about the API and its history, which could lead to misinterpretation.

Final Answer: No",9f92554d9b154c14,llama3.1:8b,0,2026-06-17T10:15:04.682382,project_02,title_desc,ambiguity,few_shot_cot
ISSUE-38324,Create Appcelerator Studio Guide page,0,1,"Here's my analysis:

* The issue title is clear and specific: ""Create Appcelerator Studio Guide page"". It names a particular component (Appcelerator Studio) and a specific feature (the ""Guide"" page).
* However, the description uses vague language: ""re-organize the content"". What does this mean? Is it about rearranging sections, rewriting text, or something else?
* There is no clear context for what needs to be reorganized. Are there any specific requirements or constraints that need to be considered (e.g., backwards compatibility, accessibility)?
* The description also uses ambiguous language: ""the content"". What exactly does this refer to? Is it the HTML structure, the text, the images, or something else?
* Overall, while the issue title is clear, the description lacks specificity and clarity, making it difficult to interpret what needs to be done.

Final Answer: Yes",eca2bebafff209c5,llama3.1:8b,0,2026-06-17T10:15:07.513041,project_02,title_desc,ambiguity,few_shot_cot
ISSUE-39589,Update Android Menu docs re: overflow (...) menu on devices with hardware menu button,0,1,"Here's the step-by-step reasoning:

* The issue title mentions updating Android Menu docs, which is a specific task. However, it also refers to devices with hardware menu buttons, which might be considered outdated or less common.
* The description links to official Android documentation and provides context about how actions are hidden in the action overflow on certain devices.
* However, upon closer inspection, the issue seems to be asking for an update to the Action Bar docs, but it also references Appcelerator's documentation. This might indicate that the scope of the change is not clearly defined.
* The description does not specify what exactly needs to be updated in the docs or how the current behavior should be modified.
* Overall, while the issue provides some context and links to relevant documentation, its scope and requirements are not clearly defined.

Final Answer: Yes",c1b65f1693367573,llama3.1:8b,0,2026-06-17T10:15:10.048076,project_02,title_desc,ambiguity,few_shot_cot
ISSUE-38275,Rename AMPLIFY Appcelerator Services to Axway Mobile Analytics,0,0,"Here's my step-by-step reasoning:

* The issue title clearly states the specific task: renaming a service and its sub-topics.
* The description provides detailed information about what needs to be renamed, including the exact names of the services and sub-topics.
* There is no ambiguity in the language used; everything is clearly specified.
* The context is also clear: it's about updating the API developer tile and its contents.
* There are no multiple possible interpretations of the issue.

Final Answer: No",eb6b6bb28e1e4860,llama3.1:8b,0,2026-06-17T10:15:11.942104,project_02,title_desc,ambiguity,few_shot_cot
ISSUE-38193,Remove very outdated Ti.Map documentation,0,1,"Here's the step-by-step reasoning:

* The issue title clearly mentions what needs to be removed (""outdated Ti.Map documentation"").
* The description provides a link to the relevant documentation and explains that it has been replaced by a standalone module.
* However, there is no clear indication of what specific actions need to be taken to remove the outdated documentation (e.g., updating code, deleting files, etc.).
* Additionally, the description mentions a PR (pull request) that was made in the past, but it's not clear if this PR has already been merged or if further action is needed.
* Overall, while the issue is specific and clearly identifies what needs to be removed, there are some unclear aspects regarding the scope of work required to complete the task.

Final Answer: Yes",77d8eb38b29582dd,llama3.1:8b,0,2026-06-17T10:15:14.390359,project_02,title_desc,ambiguity,few_shot_cot
ISSUE-40376,Docs: Code highlighting incorrectly applied to some example blocks,0,1,"Here's the step-by-step reasoning:

* The issue title clearly states that it's about code highlighting in documentation.
* The description provides a specific example of where the problem occurs, including a link to the relevant page and references to specific blocks within that page.
* However, upon closer inspection, I notice that the description doesn't specify what exactly is wrong with the code highlighting. Is it not applying at all? Applying incorrectly? Not consistent?
* The issue seems to be clear about where the problem occurs (in a specific documentation page), but the scope of the problem (what specifically is going wrong) is unclear.
* Given that the description doesn't provide enough context or clarity on what's expected, I'm inclined to classify this issue as ambiguous.

Final Answer: Yes",3edd258e1dcc0bdc,llama3.1:8b,0,2026-06-17T10:15:16.875909,project_02,title_desc,ambiguity,few_shot_cot
ISSUE-39190,Fix link to View.touchEnabled from View.enabled,0,0,"Here's the step-by-step reasoning:

* The issue title clearly states what needs to be fixed: ""Fix link to View.touchEnabled from View.enabled"". This suggests that the problem is specific and well-defined.
* However, upon reading the description, it becomes clear that there are two issues being described: (1) a link in the documentation points to the wrong property, and (2) the `touchEnabled` property is deprecated. The description mentions both issues but does not clearly separate them or prioritize one over the other.
* The issue description also uses some technical jargon (""deprecated"") that may be unfamiliar to non-technical users, which could lead to confusion about what exactly needs to be fixed.
* However, the expected outcome is clearly stated: links should point to `touchEnabled` instead of `enabled`.
* Despite these minor issues with clarity and specificity, the overall issue description seems to be pointing towards a specific solution (fixing the link) rather than being open-ended or vague.

Final Answer: No",d7564521b11006dc,llama3.1:8b,0,2026-06-17T10:15:19.838029,project_02,title_desc,ambiguity,few_shot_cot
ISSUE-38138,Create and publish release note for SDK 7.3.1.RC,0,1,"Here's my step-by-step reasoning:

* The issue title mentions the specific version of the SDK (7.3.1.RC), which suggests that it is clear what needs to be done.
* However, the description only asks for the creation and publication of a release note without specifying any details about its content or requirements.
* There is no mention of what should be included in the release note, such as bug fixes, new features, or known issues.
* The issue does not provide any context about why this release note is necessary or what problems it will solve.

Based on these points, I conclude that the issue is ambiguous because it lacks clear context and unclear scope. 

Final Answer: Yes",09e37e5775735373,llama3.1:8b,0,2026-06-17T10:15:22.164078,project_02,title_desc,ambiguity,few_shot_cot
ISSUE-38570,Create and publish release note for Arrow 1.10.0,0,1,"Here's the step-by-step reasoning:

* The issue title clearly states what needs to be done: ""Create and publish release note for Arrow 1.10.0"". This is specific and unambiguous.
* The description mentions a specific version of the software (Arrow 1.10.0) and provides a link to the relevant Jira project, which suggests that there's context available about what needs to be included in the release note.
* However, upon closer inspection, I notice that the issue doesn't specify what exactly should be included in the release note. Is it just a summary of changes? A detailed list of bug fixes and new features?
* The lack of clarity around the scope of the release note is a potential ambiguity. Without more information about what's expected, it's difficult to determine whether the task has been completed successfully.
* However, I don't see any other red flags that would indicate the issue is ambiguous in terms of language or context.

Final Answer: Yes",24c04ec78f3faa40,llama3.1:8b,0,2026-06-17T10:15:25.027026,project_02,title_desc,ambiguity,few_shot_cot
ISSUE-39606,APIDoc: Geolocation documentation - potential error add remove event listener,0,1,"Here's my step-by-step reasoning:

* The issue description mentions a specific API documentation section and provides an example code snippet. This suggests that the context is clear.
* However, the description also contains a discussion about the correct usage of event listeners in Geolocation, which implies that there may be multiple ways to interpret the documentation.
* Upon closer reading, I notice that the issue description includes a statement ""I believe you would not assign a variable and would not add it to the window - at least not in all cases."" This suggests that the author is providing their own interpretation of the documentation, rather than simply stating a clear requirement.
* The description also asks for an update to the documentation based on the author's interpretation. This implies that there may be multiple ways to resolve the issue, and that the author's proposed solution is not universally accepted.
* Overall, while the context is clear, the language used in the description is ambiguous and open to multiple interpretations.

Final Answer: Yes",ca384b66468c0804,llama3.1:8b,0,2026-06-17T10:15:27.906322,project_02,title_desc,ambiguity,few_shot_cot
ISSUE-40579,Doc BUG: Titanium.UI.iPad.Popover explicitly requires a View as child but in fact requires a Window,0,1,"Here's the step-by-step reasoning:

* The issue title clearly states the problem with the documentation of Titanium.UI.iPad.Popover.
* However, upon reading the description, it becomes apparent that there are multiple issues being reported: incorrect documentation for Popover and add method, as well as a clarification on what types of objects can be used with Popover (View, Window, or NavigationGroup).
* The description also includes an edit from the original reporter, which adds another layer of complexity to the issue.
* While the title is clear, the description lacks a concise summary of the problem and its expected resolution. Instead, it appears to be a collection of observations and corrections.
* Furthermore, there is no clear indication of what constitutes ""correct"" documentation or how the change should be implemented.

Final Answer: Yes",03dba6170ea261bc,llama3.1:8b,0,2026-06-17T10:15:30.495628,project_02,title_desc,ambiguity,few_shot_cot
ISSUE-40465,APIDOC: Ti.UI.TableViewSection.borderRadius does not work,0,1,"Here's the step-by-step reasoning:

* The issue title clearly mentions a specific API property (`Ti.UI.TableViewSection.borderRadius`) and its expected behavior.
* However, upon reading the description, it becomes clear that the reporter is unsure whether this is a documentation bug or a product bug. This ambiguity arises from the fact that they mention ""according to the docs"" but also express uncertainty about the actual behavior in the iOS simulator.
* The issue description provides a test case, which suggests that some effort has been made to reproduce and isolate the problem. However, the presence of a test case does not necessarily eliminate ambiguity.
* Upon closer inspection, it appears that the reporter is trying to determine whether the API property's documentation is accurate or if there is an actual bug in the product. This dual interpretation (doc bug vs. product bug) contributes to the issue being ambiguous.
* The description also lacks clear context about what ""doesn't seem to have any effect"" means, specifically: are there no visual changes at all? Are there some effects but not others?

Final Answer: Yes",8a59e38d73ecca5f,llama3.1:8b,0,2026-06-17T10:15:33.658742,project_02,title_desc,ambiguity,few_shot_cot
ISSUE-38497,New documentation page needed for API Builder -> Swagger Specifications,0,1,"Here's my step-by-step reasoning:

* The issue title clearly states what is needed: a new documentation page for API Builder -> Swagger Specifications.
* However, the description mentions ""Please reach out to Jamie Peabody/<USER> for technical details"", which implies that there may be additional requirements or context that are not explicitly stated in the issue itself.
* Upon closer inspection, I notice that the description does not specify what exactly should be included on this new documentation page. What information is required? Are there any specific Swagger Specifications that need to be covered?
* The lack of clarity around the scope and content of the documentation page makes it difficult to determine what work is actually needed to resolve this issue.
* Given these ambiguities, I conclude that the issue cannot be clearly understood or resolved without additional context or clarification.

Final Answer: Yes",d50fbfcc1f326525,llama3.1:8b,0,2026-06-17T10:15:36.326533,project_02,title_desc,ambiguity,few_shot_cot
ISSUE-39864,ACS User - need to be able to delete user without logging in as that user,0,1,"Here's my step-by-step reasoning:

* The issue description mentions a specific requirement from EMC to delete a user without logging in as that user. This suggests that there is a clear context and scope for the issue.
* However, the description also references conflicting documentation and potential syntax issues with curl commands, which introduces ambiguity about the correct behavior or expected outcome.
* Additionally, the mention of ""maybe the documentation is incorrect"" implies that there may be multiple interpretations of what the current functionality should be.
* The fact that Wei mentions supporting this requirement but is unsure of the syntax suggests that there are unclear technical details involved.
* Overall, while the issue description provides some context and scope, it also contains vague language and unclear technical details that can be interpreted in multiple ways.

Final Answer: Yes",bd60c8247b38e9dc,llama3.1:8b,0,2026-06-17T10:15:38.782514,project_02,title_desc,ambiguity,few_shot_cot
ISSUE-38249,Create and publish release note for API Builder 3.0.0,0,1,"Here are my step-by-step reasoning:

* The issue title clearly states what needs to be done: creating a release note for API Builder 3.0.0.
* However, the description is somewhat unclear about what specific changes or updates should be included in the release note. It mentions updating something with an entry, but it's not clear what that entry refers to (e.g., a bug fix, new feature, etc.).
* Additionally, the description assumes knowledge of a ""Chuck's request"" which may not be familiar to all team members.
* There is no mention of any specific requirements or constraints for publishing the API Builder Zoomin bundle to prod.
* Overall, while the issue title is clear, the description lacks specificity and clarity about what needs to be done.

Final Answer: Yes",746718fb9d1667b8,llama3.1:8b,0,2026-06-17T10:15:41.305137,project_02,title_desc,ambiguity,few_shot_cot
ISSUE-38348,Improve the doc navigation,0,1,"Here's the step-by-step reasoning:

• The issue title ""Improve the doc navigation"" is clear and specific about what needs to be improved.
• However, upon reading the description, it becomes apparent that there are multiple products mentioned that need their content arranged accordingly. This could lead to confusion about which product(s) take priority or how to implement changes across all listed products.
• The model for navigation provided in the description is detailed and specific, but it's not clear if this is a requirement or just a suggestion. Additionally, there are no metrics or targets mentioned for what constitutes ""consistent navigation"".
• The issue description also lacks context about why these changes are necessary (e.g., user feedback, business requirements). This could lead to questions about the motivations behind the request.
• Overall, while the issue is specific in some aspects, its scope and requirements are not clearly defined, which may lead to multiple interpretations of what needs to be done.

Final Answer: Yes",8fcf47912b0c16f8,llama3.1:8b,0,2026-06-17T10:15:44.170708,project_02,title_desc,ambiguity,few_shot_cot
ISSUE-38714,incorrect link,0,1,"Here's my step-by-step reasoning:

* The issue title ""incorrect link"" is clear and concise, indicating a specific problem.
* However, upon reading the description, I notice that it mentions a specific content path (""Documents->View -> UI Composite Layout Specs"") but does not specify what exactly is incorrect about the link (e.g., it's missing, it's pointing to the wrong URL, etc.).
* The description also includes an external reference to a documentation page, which may be relevant context for the issue, but it doesn't provide enough information to understand the problem.
* There is no clear indication of what behavior or outcome is expected when clicking on the link, making it difficult to determine whether the issue is indeed incorrect.
* The description does include a screengrab, which could potentially provide more context, but without further analysis, I'm not sure if this would clarify the issue.

Based on these observations, I conclude that the issue is ambiguous because it lacks clear context and can be interpreted in multiple ways (e.g., what exactly is incorrect about the link?).

Final Answer: Yes",67ea22733b4916da,llama3.1:8b,0,2026-06-17T10:15:47.443195,project_02,title_desc,ambiguity,few_shot_cot
ISSUE-38876,404 page is (unformatted) landing page,0,1,"Here's my step-by-step reasoning:

* The issue title mentions that the 404 page is an ""unformatted"" landing page, which could be interpreted as a specific requirement or a description of the current behavior. However, it doesn't explicitly state what is expected.
* The issue description provides two examples of invalid URLs and their corresponding behaviors, but it's not clear whether these are the only scenarios that need to be addressed or if there are other edge cases.
* The use of phrases like ""not as expected"" and ""*Invalid URLs under } will shown an unformatted landing page"" suggests a lack of clarity in the description. The asterisk (*) is also unclear, possibly indicating a typo or an attempt to highlight text.
* Upon closer inspection, it appears that the issue is describing two different behaviors for 404 pages: one where an invalid URL leads to an unformatted landing page, and another where an invalid URL in the root simply shows the landing page without redirecting. However, it's not clear what the desired behavior should be in these cases.
* The issue description lacks a clear scope or context, making it difficult to determine which components or features are affected by this issue.

Final Answer: Yes",1110a87b4c42e021,llama3.1:8b,0,2026-06-17T10:15:50.785313,project_02,title_desc,ambiguity,few_shot_cot
ISSUE-38300,Add a migration banner to all pages in the guides2 space,0,1,"Here's my step-by-step reasoning:

* The issue title is specific and clear: it mentions adding a migration banner to all pages in the guides2 space.
* However, upon reading the description, I notice that the text of the banner is not explicitly defined. It only provides an example of what the text ""should read something like this"".
* This lack of explicit definition could lead to multiple interpretations of what the final banner should look like.
* Additionally, there's no mention of any specific requirements or constraints for the script, such as how it should be triggered, who has access to it, etc.
* Overall, while the issue title is clear, the description introduces ambiguity with its vague language and lack of explicit definition.

Final Answer: Yes",4eea5c142f326014,llama3.1:8b,0,2026-06-17T10:15:53.149518,project_02,title_desc,ambiguity,few_shot_cot
ISSUE-38460,web site link doesn't exist,0,1,"Here's my step-by-step reasoning:

* The issue title is clear and specific: ""web site link doesn't exist"". This suggests that the problem is well-defined.
* However, the description mentions uncertainty about whether the issue is registered under the correct project. This introduces ambiguity about the scope of the issue.
* Additionally, the description does not specify what behavior is expected or under what conditions the problem occurs. It simply states that the link doesn't exist.
* The description also includes a URL and a specific action to take (""Click the 'View Webinar""""), which suggests that there may be multiple ways to interpret the issue (e.g., is the problem with the link itself, or with the user's ability to access it?).
* Overall, while the title is clear, the description introduces ambiguity about the scope and context of the issue.

Final Answer: Yes",4ba5dcdd35ee6047,llama3.1:8b,0,2026-06-17T10:15:55.821073,project_02,title_desc,ambiguity,few_shot_cot
ISSUE-40544,Android: documentation about how to handle Android app first run is missing,0,1,"Here's my step-by-step reasoning:

* The issue title clearly states that it's about Android documentation and mentions a specific problem related to app restarts after installation.
* However, upon reading the description, I notice that it references two external Google issues (#5277 and #2373) without providing any context or explanation of how these issues relate to the current problem.
* The description also links to another JIRA issue (#TIMOB-4941), which seems to be a workaround for the same problem. However, this link is provided as an external resource, rather than being clearly explained in the issue description itself.
* I'm not sure what specific documentation is missing or what behavior is expected from the app during its first run.
* The description mentions that the information is ""critical"" for developers deploying their apps on the Market, but it's unclear how this relates to the current problem.

Based on these observations, I conclude that the issue is ambiguous due to the lack of clear context and explanation. The references to external issues and workarounds are not sufficient to clarify the problem or provide a clear understanding of what needs to be fixed.

Final Answer: Yes",11205c326fd0c086,llama3.1:8b,0,2026-06-17T10:15:59.084703,project_02,title_desc,ambiguity,few_shot_cot
ISSUE-39279,iOS: createEmailDialog method doesn't work on some devices,0,1,"Here's the step-by-step reasoning:

* The issue title clearly states the problem: ""createEmailDialog method doesn't work on some devices"". This is a specific and clear statement of what's not working.
* However, upon reading the description, it becomes apparent that there are multiple scenarios where the issue occurs (iOS 7 simulator, iOS 8 simulator, iPad 2 with iOS 7, iPad mini retina with iOS 8). While each scenario is described in detail, the overall scope of the issue is not clearly defined.
* The description also includes a message from the iOS 8 Simulator, which seems to be an external factor that affects the behavior. This adds complexity and makes it harder to determine what's causing the problem.
* There is no clear statement of what is expected to happen in each scenario, or how the issue should be resolved.
* The description does not provide a clear context for why this issue is important or how it will impact users.

Final Answer: Yes",875cc30dca51f20a,llama3.1:8b,0,2026-06-17T10:16:02.015140,project_02,title_desc,ambiguity,few_shot_cot
ISSUE-38926,Update iOS Interactive Notifications guide for Apple Watch,0,1,"Here's my step-by-step reasoning:

* The issue title is specific: ""Update iOS Interactive Notifications guide for Apple Watch"". This suggests that the problem is well-defined.
* However, upon reading the description, I notice that it links to an external resource ([guide|http://docs.appcelerator.com/platform/latest/#!/guide/iOS_InteractiveNotifications]) and mentions another external resource (https://github.com/appcelerator-developer-relations/appc-sample-notifywatch). This could indicate a lack of clear context.
* The description also uses the phrase ""does not talk about Apple Watch"", which is somewhat vague. What does it mean for a guide to ""talk"" about something? Is it missing information, or is it simply not relevant?
* Furthermore, the description mentions linking/using another sample code to update the guide. This implies that there are multiple possible solutions, and it's unclear what the exact requirements are.
* Overall, while the issue title suggests a clear problem, the description raises several questions about context, scope, and interpretation.

Final Answer: Yes",5fc5cafe4409df61,llama3.1:8b,0,2026-06-17T10:16:05.090667,project_02,title_desc,ambiguity,few_shot_cot
ISSUE-40983,APIDoc: Remove click type events for mapview,0,1,"Here's my step-by-step reasoning:

* The issue title is specific: it mentions a particular feature (APIDoc) and a specific action to take (Remove click type events for mapview).
* The description provides context by referencing an external JIRA ticket (TIMOB-1104), which explains the underlying reason for removing these events.
* However, upon closer inspection, I notice that the description uses the phrase ""presumably"" when discussing the supported events on mapviews. This word suggests a degree of uncertainty or assumption.
* The issue description does not provide any specific details about how to remove the events from the API docs, such as which files or sections need to be updated.
* Overall, while the issue has some clear context and specificity, the use of ""presumably"" introduces an element of ambiguity.

Final Answer: Yes",9ef3658cf99c6a0e,llama3.1:8b,0,2026-06-17T10:16:07.652986,project_02,title_desc,ambiguity,few_shot_cot
ISSUE-40873,APIDoc: ImageView Documentation clarification,0,1,"Here's my step-by-step reasoning:

* The issue description is quite long and includes multiple examples, but it does clearly state what the problem is: the APIDoc notes for ImageView are not accurate.
* However, upon closer inspection, I notice that the description mentions ""with respect to iPhone and Android devices"", which implies that there might be different behaviors on these two platforms. This could lead to ambiguity if the issue is only relevant to one of them.
* The description also includes a specific example code snippet, but it's not entirely clear what the expected behavior should be in this case. Is the image supposed to scale proportionally or maintain its aspect ratio?
* Furthermore, the description mentions that ""Titanium decided to scale on height"" or ""width"", which suggests that there might be some internal logic or heuristics at play that are not clearly documented.
* Overall, while the issue is clearly stated, I think there's enough ambiguity in the description and examples to make it difficult to determine what the exact requirements should be.

Final Answer: Yes",f123781fa02a6a16,llama3.1:8b,0,2026-06-17T10:16:10.783216,project_02,title_desc,ambiguity,few_shot_cot
ISSUE-38583,Nodejs reset password token,0,1,"Here's my step-by-step reasoning:

* The issue title mentions a specific Nodejs component (""reset password token""), which suggests that the problem is related to this particular feature.
* However, the description of the issue is somewhat unclear. The user mentions using their own template for managing password reset, but it's not clear what exactly is going wrong with the ""reset_password_token"" being passed from the email template.
* Additionally, the user brings up a separate point about documentation and a link to an external resource (a Stack Overflow thread). This seems like a tangential issue that may or may not be related to the main problem described in the title.
* The description also lacks clear context for what is expected to happen when clicking on the link in the email. What should happen? Is there a specific error message being displayed?
* Overall, while the issue title suggests a specific component and feature, the description of the issue is vague and can be interpreted in multiple ways.

Final Answer: Yes",3a66e548e4b8db78,llama3.1:8b,0,2026-06-17T10:16:13.789729,project_02,title_desc,ambiguity,few_shot_cot
ISSUE-38547,Create and publish release note for Alloy 1.9.2,0,1,"Here's my analysis:

* The issue title mentions ""Alloy 1.9.2"", but the description mentions ""Alloy 5.5.0"". This inconsistency raises a red flag.
* The description asks to create and publish a release note, but it doesn't specify what information should be included in the release note or how it should be published (e.g., on which platform, with what frequency).
* There is no context provided about why this release note is necessary or what changes are being made in Alloy 5.5.0.
* The issue can be interpreted in multiple ways: is the release note for a new version of Alloy, or is it an update to an existing version? What specific information should be included?
* Overall, the language used is vague and lacks clear context.

Final Answer: Yes",149c677b6b34b46f,llama3.1:8b,0,2026-06-17T10:16:16.473473,project_02,title_desc,ambiguity,few_shot_cot
ISSUE-39410,"Doctools: hide ACS REST API """"pseudo types"""" in API reference TOC",0,1,"Here's my step-by-step reasoning:

* The issue title clearly names the component affected (""Doctools"") and the specific problem to be addressed (""hide ACS REST API """"pseudo types"""" in API reference TOC"").
* The description provides context by explaining what ""pseudo types"" are and why they should be hidden.
* However, upon closer inspection, I notice that the term ""pseudo types"" is not clearly defined. What exactly does it mean for a type to be a ""pseudo type""? Is this a technical term or an informal expression?
* The description also uses the phrase ""should hide these in the TOC"", which implies a subjective judgment about what should be done, rather than a clear requirement.
* Overall, while the issue is well-defined and specific, I'm concerned that the language used may not be precise enough to ensure that all stakeholders understand the problem and its solution.

Final Answer: Yes",0589e727a0139d52,llama3.1:8b,0,2026-06-17T10:16:19.195051,project_02,title_desc,ambiguity,few_shot_cot
ISSUE-38316,Remove Mobile Web Support Reference from documentation,0,1,"Here's the step-by-step reasoning:

* The issue title clearly states what needs to be done: ""Remove Mobile Web Support Reference from documentation"". This suggests that the scope of the issue is well-defined.
* The description mentions a specific reason for removing the references: the discontinuation of Mobile Web Support with SDK 7.0 release. This provides context and clarity on why this change is necessary.
* However, upon closer inspection, I notice that the description does not specify which documentation exactly needs to be updated (e.g., user manual, API docs, etc.). This could lead to ambiguity if there are multiple documentation sources that need to be reviewed.
* Additionally, while the description mentions specific URLs of references that need to be removed, it's unclear whether these are the only references that need to be removed or if there are others that also need attention.
* Considering these points, I would say that the issue is not entirely clear in its scope and may require further clarification.

Final Answer: Yes",0d4350935bd6034e,llama3.1:8b,0,2026-06-17T10:16:22.121405,project_02,title_desc,ambiguity,few_shot_cot
ISSUE-40070,DocTools: Allow linking to guides sections by name in Cloud docs,0,1,"Here's my step-by-step reasoning:

* The issue title clearly names a specific component (""DocTools"") and mentions a specific feature request (""Allow linking to guides sections by name"").
* The description provides context about the current behavior of JSDuck, which is relevant to the cloud docs.
* However, upon closer inspection, I notice that the description uses some technical jargon (e.g. ""JSDuck"", ""guides parser"") without providing a clear explanation or reference for non-experts.
* The issue seems to be focused on a specific component and feature, but it's not entirely clear what the desired outcome is - e.g. how should linking to guides sections by name work?
* Overall, while the issue has some clarity around the context and component involved, I'm left with some questions about the exact behavior or requirements being requested.

Final Answer: Yes",fba9a5d00023d2db,llama3.1:8b,0,2026-06-17T10:16:24.838534,project_02,title_desc,ambiguity,few_shot_cot
ISSUE-38806,Alloy Map sample code needs to be updated,0,1,"Here's the step-by-step reasoning:

* The issue title clearly mentions that the Alloy Map sample code needs to be updated.
* However, upon reviewing the description, it seems that there is a specific change being requested: replacing the } tag with the } tag in the Alloy map sample code. This suggests that the issue has a clear scope and context.
* Nevertheless, I would like to investigate further whether this change is related to any specific requirements or functionality. Upon closer inspection, I see that the description mentions a specific API documentation link (http://docs.appcelerator.com/platform/latest/#!/api/Modules.Map-method-createAnnotation), which implies that there might be some underlying requirement or expectation.
* However, upon reviewing the description again, I realize that it does not provide any information about why this change is necessary. Is it to fix a bug? Improve performance? Add new functionality? The description only mentions that the sample code should be updated, but it does not specify what the update entails or what benefits it will bring.
* Given that the issue lacks clear context and scope, I would classify it as ambiguous.

Final Answer: Yes",076839fd4e6fe3fd,llama3.1:8b,0,2026-06-17T10:16:28.047090,project_02,title_desc,ambiguity,few_shot_cot
ISSUE-40752,As a Titanium developer,0,1,"Here's the step-by-step reasoning:

* The issue title mentions ""As a Titanium developer"", which suggests that it is specific to a particular role or context. However, this does not necessarily make the issue clear.
* The description mentions several file paths and API names, but it is unclear what exactly is being asked for. Is the request for documentation of these APIs, or something else?
* There is no mention of any specific problem or error that needs to be addressed. This lack of context makes it difficult to understand what the developer is trying to achieve.
* The issue description appears to list multiple file paths and API names, but it is unclear why these are relevant or how they relate to each other.
* Overall, the issue description uses vague language and lacks clear context, making it ambiguous.

Final Answer: Yes",693dfa886276dfbb,llama3.1:8b,0,2026-06-17T10:16:30.658325,project_02,title_desc,ambiguity,few_shot_cot
ISSUE-38413,Update API Builder Doc landing page on Axway Doc Portal,0,1,"Here's my step-by-step reasoning:

* The issue title is clear and specific: it mentions updating a particular page on the Axway Doc Portal.
* However, the description uses vague language - ""needs to be updated"" does not specify what changes are required or what the desired outcome should be.
* There is no clear context provided about the current state of the landing page, such as any existing issues or problems with it.
* The attachment mentioned in the description may provide some additional information, but it's not clear how much detail it will provide or whether it will clarify the requirements.
* Overall, while the issue title is specific, the description lacks clarity and specificity about what needs to be done.

Final Answer: Yes",7e56b4708aae2e54,llama3.1:8b,0,2026-06-17T10:16:32.913218,project_02,title_desc,ambiguity,few_shot_cot
ISSUE-40079,APIDoc: iOS: Sound player volume -- setting device volume,0,1,"Here's my analysis of the issue:

* The title mentions ""APIDoc"", which suggests that the issue is related to documentation rather than a functional problem. This implies that the scope of the issue might be unclear.
* The description mentions that the volume of the sound player is low, but it also references an original bug description with a different problem statement. This inconsistency could lead to multiple interpretations of what the actual issue is.
* The steps to reproduce are provided, which helps clarify the context and conditions under which the problem occurs. However, the fact that the situation is ""a bit better"" on the simulator suggests that there might be some ambiguity in how the problem manifests across different environments (device vs. simulator).
* The description also mentions that the volume does not depend on the device volume, but this statement seems to contradict the original bug description's claim that setting the volume to 1.0 doesn't make it very high.
* Overall, while there is some context and steps to reproduce provided, the issue appears to be a mix of different problems (low volume, inconsistent behavior across environments) with unclear scope and multiple possible interpretations.

Final Answer: Yes",c7d957c38d77c349,llama3.1:8b,0,2026-06-17T10:16:36.082970,project_02,title_desc,ambiguity,few_shot_cot
ISSUE-39208,Clarify 'autoStyle' docs,0,1,"Here's my step-by-step reasoning:

* The issue title is clear and specific: it asks for clarification on the ""autoStyle"" docs.
* However, upon reading the description, I notice that the language used is somewhat vague. The author mentions that certain phrases (""take full advantage"", ""properly update"") are unclear, but doesn't specify what exactly they mean or how to clarify them.
* Additionally, the description jumps between different ideas: it suggests adding examples, reorganizing sections, and possibly rewriting parts of the documentation. This lack of clear scope makes it difficult to determine what specific changes are required.
* The author also provides some context by mentioning that another section (""Modify TSS Styles"") explains autostyle better than the current ""autoStyle"" section. However, this context is not sufficient to clarify the issue at hand.
* Overall, while the issue title and description provide some clarity, the language used is vague, and the scope of the changes required is unclear.

Final Answer: Yes",fa297cf30b6606f1,llama3.1:8b,0,2026-06-17T10:16:39.044584,project_02,title_desc,ambiguity,few_shot_cot
ISSUE-38600,Confirm and/or update Migrating Node.ACS Applications to Arrow page,0,1,"Here's my step-by-step reasoning:

* The issue title is clear about confirming and/or updating a specific page related to migrating Node.ACS applications to Arrow.
* However, the description links to an external wiki page (~<USER>Migrating+Node.ACS+Applications+to+Arrow) instead of providing a concise summary or explanation. This lack of context makes it difficult to understand what exactly needs to be confirmed and/or updated.
* The description lists multiple items that need to be confirmed and/or updated, but it's unclear which ones are critical, which ones can be ignored, and in what order they should be addressed.
* Some of the items listed (e.g., ""Fix capitalization on all sections"") seem like minor tasks, while others (e.g., updating code samples) may require significant effort. The issue description does not provide any guidance on prioritizing these tasks or allocating resources.
* Overall, the issue description uses vague language and lacks clear context, making it difficult to determine what exactly needs to be done.

Final Answer: Yes",c8e6b5f9d7b14350,llama3.1:8b,0,2026-06-17T10:16:42.143777,project_02,title_desc,ambiguity,few_shot_cot
ISSUE-40801,APIDoc: Background Gradient options not documented,0,1,"Here's my analysis:

* The issue title mentions ""APIDoc"", which suggests that it's related to documentation of an API. This gives some context.
* However, the description is quite brief and doesn't specify what exactly needs to be documented about the background gradient options. It only mentions that they are not currently documented.
* There is no mention of any specific requirements or constraints for documenting these options (e.g., what information should be included, how it should be presented).
* The solution proposed (""Need to add a pseudotype for the background gradient object"") seems like a reasonable approach, but it's not entirely clear why this would solve the problem.

Based on these points, I think the issue is ambiguous because:

* It lacks clear context (what exactly needs to be documented about the background gradient options?)
* It doesn't specify what information should be included in the documentation
* The solution proposed seems like a reasonable approach, but it's not entirely clear why this would solve the problem

Final Answer: Yes",8d01554613776ccc,llama3.1:8b,0,2026-06-17T10:16:45.291674,project_02,title_desc,ambiguity,few_shot_cot
ISSUE-40937,APIDoc: Facebook code snippet not being rendered,0,1,"Here's the step-by-step reasoning:

* The issue title mentions a specific component (""APIDoc"") and a specific platform (""Facebook""), which suggests that the problem is related to documentation for Facebook integration in Appcelerator Titanium.
* However, the description does not provide any context about what ""not being rendered properly"" means. Is it an error message? A blank space where the code should be? Something else?
* The issue mentions a specific module and property, but it doesn't specify how the rendering is supposed to work or what the expected behavior is.
* There's no mention of any specific conditions under which this problem occurs (e.g. during development, in production, with certain configurations).
* Overall, while the issue title provides some context, the description lacks clarity and specificity about what exactly is going wrong.

Final Answer: Yes",decdfdf14d28aaa3,llama3.1:8b,0,2026-06-17T10:16:47.899091,project_02,title_desc,ambiguity,few_shot_cot
ISSUE-38132,Create and publish release note for CLI 7.0.6.RC,0,1,"Here's my step-by-step reasoning:

* The issue title clearly mentions the specific version of the CLI (7.0.6.RC) and what is required (release note creation and publication).
* However, upon closer inspection, I notice that the description only repeats the title, without providing any additional context or details.
* This lack of detail makes it unclear what exactly needs to be included in the release note, such as bug fixes, new features, or other changes.
* Furthermore, there is no mention of any specific requirements or constraints for creating and publishing the release note, which could lead to multiple interpretations of what is expected.

Final Answer: Yes",46b915777d7a3fc7,llama3.1:8b,0,2026-06-17T10:16:50.135178,project_02,title_desc,ambiguity,few_shot_cot
ISSUE-38986,Android Themes guide needs serious updating,0,1,"Here are the step-by-step reasoning for the given issue:

* The issue title is clear and specific about updating the Android Themes guide.
* However, upon reading the description, it becomes apparent that there are multiple suggestions and opinions on how to improve the guide. Some of these suggestions seem to be subjective (e.g., ""Titanium Themes"" should come before ""Built-in Themes"") or unclear in their context (e.g., what exactly is meant by ""easy to complex"").
* The description also mentions removing outdated information, which implies that there may not be a clear understanding of the current state of the guide.
* Furthermore, some suggestions seem to be contradictory (e.g., changing the name of ""Built-in Themes"" to ""Android Themes"", but then mentioning ""Material Theme"" separately).
* Overall, while the issue title is specific, the description lacks clarity and precision in its language, making it difficult to understand what exactly needs to be done.

Final Answer: Yes",7d275dc0a00d20c0,llama3.1:8b,0,2026-06-17T10:16:52.975797,project_02,title_desc,ambiguity,few_shot_cot
ISSUE-38790,Update and extend guide on Transitions,0,1,"Here's the step-by-step reasoning:

* The issue title is clear and specific, asking to update and extend a guide on Transitions.
* However, upon reading the description, it becomes apparent that there are multiple aspects to this request: updating an existing guide and extending its content. This could lead to confusion about what exactly needs to be done.
* Additionally, the description mentions two different sources for guidance: the official Appcelerator documentation and a GitHub repository. It's unclear which one should be used as a reference or if both need to be integrated in some way.
* The request also lacks clear context, such as what specific aspects of the guide need updating or extending (e.g., content, screenshots, examples).
* Furthermore, there is no clear scope defined for this task, making it difficult to determine how much work is involved and what the expected outcome should be.

Final Answer: Yes",b7e8ad863f7b4cdc,llama3.1:8b,0,2026-06-17T10:16:55.813195,project_02,title_desc,ambiguity,few_shot_cot
ISSUE-38051,Ti.Platform.id documentation needs clarification,0,1,"Here's my step-by-step reasoning:

* The issue title mentions that the documentation for `Ti.Platform.id` needs clarification, which suggests a specific component and context.
* However, upon reading the description, I notice that it uses vague language such as ""vague"", ""might"", and ""not very clear"". This indicates that the issue is not clearly defined.
* The description also mentions multiple possible interpretations of what `Ti.Platform.id` represents on different platforms (Android vs iOS), which suggests that there may be multiple ways to interpret this issue.
* Additionally, the description provides some context about a recent issue (TIMOB-27175) related to this topic, but it's not entirely clear how this relates to the current issue or what specific problem is being addressed.
* Overall, while the issue title and description provide some context, they lack clarity and specificity, making it difficult to understand exactly what needs to be done to resolve the issue.

Final Answer: Yes",7146eb17a19cd1c1,llama3.1:8b,0,2026-06-17T10:16:58.715597,project_02,title_desc,ambiguity,few_shot_cot
ISSUE-38667,Create and publish Studio 4.7.1.GA release note,0,1,"Here's my step-by-step reasoning:

* The issue title clearly states the task at hand: creating and publishing a release note for Studio 4.7.1.GA.
* However, upon closer inspection, I notice that the description is very brief and doesn't provide any context about what specific information should be included in the release note or how it should be published (e.g., on which platform, to whom).
* There's no mention of any specific requirements, such as formatting guidelines, content expectations, or deadlines.
* The issue seems to assume that the reader is already familiar with the Studio 4.7.1.GA release and its significance, but it doesn't provide any background information for those who might not be aware of these details.
* Overall, while the title provides a clear task, the description lacks sufficient context and clarity about what's expected.

Final Answer: Yes",4d460d455cd7afaf,llama3.1:8b,0,2026-06-17T10:17:01.469003,project_02,title_desc,ambiguity,few_shot_cot
ISSUE-38004,Link for 'Titanium.UI.iOS.SystemButton' seems to be broken,0,-1,"Here's my step-by-step reasoning:

* The issue title mentions a specific component ('Titanium.UI.iOS.SystemButton') and a specific behavior ('link seems to be broken'). This suggests that the issue is focused on a particular aspect of the system.
* However, upon reading the description, I notice that it doesn't specify what exactly happens when the link is clicked (e.g., does it throw an error, display incorrect information, or simply not navigate as expected?). This lack of clarity about the exact behavior makes me wonder if there's more to the issue than meets the eye.
* The description also mentions a specific page and URL, which suggests that the issue might be related to a particular configuration or setup. However, without further context, it's unclear whether this is a one-time problem or a general issue with the system.
* Upon closer inspection, I notice that the link in question seems to be pointing to an iPhone-specific component ('Titanium.UI.iPhone.SystemButton'), but the description mentions 'iOS' instead of 'iPhone'. This inconsistency might indicate that there's some confusion about the target platform or component.
* Overall, while the issue title and description provide some context, I think there are still some ambiguities and inconsistencies that make it difficult to fully understand the",df29627f04c99038,llama3.1:8b,0,2026-06-17T10:17:04.934563,project_02,title_desc,ambiguity,few_shot_cot
ISSUE-38293,Create and publish release note for SDK 6.3.0.GA,0,1,"Here's my analysis:

* The issue title mentions creating a release note for SDK 6.3.0.GA, but the description mentions SDK 6.2.3.GA.
* This discrepancy suggests that there may be confusion or inconsistency in the requirements.
* The issue lacks clear context about which version of the SDK is actually being targeted.
* The language used is not vague, but rather it's a straightforward request to create a release note for a specific version of the SDK.
* However, the fact that the title and description mention different versions of the SDK introduces ambiguity.

Final Answer: Yes",44e232d943a1e634,llama3.1:8b,0,2026-06-17T10:17:07.119259,project_02,title_desc,ambiguity,few_shot_cot
ISSUE-39823,Guides: Update Launch options,0,1,"Here's the step-by-step reasoning:

* The issue title mentions ""Guides: Update Launch options"", which suggests that it is related to documentation or user guides. However, this does not necessarily imply ambiguity.
* The description mentions specific changes to target names and options, but it does not provide a clear context for why these updates are necessary. For example, what triggered the need for these updates? Are there any specific requirements or regulations driving these changes?
* The issue description also uses vague language such as ""multiple instances"" of certain text, which could refer to multiple places in the documentation or code.
* Upon closer inspection, it appears that the issue is related to updating launch options in a development environment (e.g. Xcode). However, the scope of the update is not clearly defined - are all instances of these phrases to be updated, regardless of their location or context?
* The description could be interpreted in multiple ways, such as whether the updates should be made in code, documentation, or both.

Final Answer: Yes",a230a665816fd1cf,llama3.1:8b,0,2026-06-17T10:17:09.992304,project_02,title_desc,ambiguity,few_shot_cot
ISSUE-38256,Document required Android modules changes due to V8 changes,0,1,"Here's my step-by-step reasoning:

* The issue mentions ""breaking changes in V8"", which implies some specific impact on Android modules, but it doesn't clearly specify what those changes are or how they affect the modules.
* The description suggests that a guide is needed for developers to update their modules, but it also proposes an automatic migration hook, which introduces ambiguity about the required effort and scope of work.
* The phrase ""We definitely need"" implies a sense of urgency, but it's not clear what specific requirements or deadlines are driving this need.
* The mention of ""GA"" (General Availability) suggests that there may be some external timeline or milestone at play, but it's not explicitly stated how the issue relates to that deadline.
* Overall, while the issue mentions some specific details about V8 changes and Android modules, the language is still somewhat vague and open-ended, allowing for multiple interpretations of what needs to be done.

Final Answer: Yes",6600d1ef14373e5b,llama3.1:8b,0,2026-06-17T10:17:12.792643,project_02,title_desc,ambiguity,few_shot_cot
ISSUE-39381,Node.ACS cannot catch stdout & stderr from child processes forked by app,0,1,"Here's my step-by-step reasoning:

* The issue title clearly names a specific component (Node.ACS) and describes a problem with catching stdout & stderr from child processes.
* However, the description mentions two commands ('acs loglist' and 'acs logcat') that are used to show logs, but it doesn't specify which one is relevant to this issue or how they relate to the problem described.
* The description also uses vague language (""will not be caught"") instead of specifying what exactly happens when trying to catch stdout & stderr from child processes.
* There's no clear context provided about the expected behavior, such as under what conditions the child processes should output logs that can be caught by Node.ACS.
* The issue seems to have a specific scope (Node.ACS and its interaction with child processes), but it could potentially be interpreted in multiple ways due to the lack of clarity around the commands and their relationship to the problem.

Final Answer: Yes",8afafbe25245b15a,llama3.1:8b,0,2026-06-17T10:17:15.658364,project_02,title_desc,ambiguity,few_shot_cot
ISSUE-40888,APIDoc: remove from docs advice about passing functions cross-context,0,1,"Here's the step-by-step reasoning:

* The issue title is specific and clear about what needs to be done: removing a section from the APIDoc.
* However, upon reading the description, it becomes apparent that there are multiple references to other issues and conversations, which may not be immediately clear to someone who doesn't have context about these discussions.
* The description also mentions ""as per conversations with Don, Blain, Steven and Fred"", which implies that this issue is based on a discussion or agreement among team members, but it's not explicitly stated what the outcome of those conversations was.
* Furthermore, the description assumes knowledge about iOS memory management changes and their impact on passing functions cross-context, which may not be immediately clear to someone who doesn't have expertise in these areas.
* Overall, while the issue title is specific, the description lacks clarity and context, making it difficult for someone without prior knowledge of the discussions or technical background to understand what needs to be done.

Final Answer: Yes",f96f7f319e1eefd7,llama3.1:8b,0,2026-06-17T10:17:18.505943,project_02,title_desc,ambiguity,few_shot_cot
ISSUE-39024,Migration: Node.ACS instructions should link new guide,0,1,"Here's the step-by-step reasoning:

* The issue title mentions ""Migration"" which gives a clear context of what is being referred to.
* However, upon reading the description, it seems that there are multiple links and guides mentioned, but it's not entirely clear what the expected behavior or outcome should be. Specifically, the phrase ""visa versa"" suggests that the link should also point from the new guide back to the migration page, but this is not explicitly stated.
* The issue description does provide specific URLs for the migration page and the new guide, which gives some context about where these links are supposed to point.
* However, there's still a bit of ambiguity around what exactly needs to be linked. Are we talking about linking from the old guide to the new one, or vice versa? And what happens if someone is already on the migration page and wants to access the new guide?
* Overall, while some context is provided, the issue description could benefit from more clarity around the expected behavior and outcome.

Final Answer: Yes",3c0c2a4aaa8bf4a7,llama3.1:8b,0,2026-06-17T10:17:21.578456,project_02,title_desc,ambiguity,few_shot_cot
ISSUE-38189,Update Pull Request Guide and Building SDK From source,0,1,"Here's the step-by-step reasoning:

* The issue title mentions updating two separate guides: the Pull Request Guide and the Building SDK From source guide. This suggests that there are at least two distinct tasks involved.
* However, upon reading the description, it appears that the main concern is with the outdated content in the Pull Request Guide, which is referenced by a community member.
* The description also mentions avoiding duplicating content between the docs and the readme, but this seems to be more of an ancillary issue rather than the primary problem being addressed.
* There is no clear indication of what specific changes are needed to update the guides or how the duplication of content should be avoided. This lack of clarity makes it difficult to determine the scope of the task.
* The references provided in the description do not seem directly relevant to the issue at hand, and may even be distracting from the main problem being addressed.

Final Answer: Yes",81e80474dbf72d41,llama3.1:8b,0,2026-06-17T10:17:24.494774,project_02,title_desc,ambiguity,few_shot_cot
ISSUE-38180,Ti.UI.WebView documentation broken/missing,0,1,"Here's the step-by-step reasoning:

• The issue title mentions that the documentation for Ti.UI.WebView is ""broken/missing"", which suggests a clear problem.
• However, upon reading the description, it seems that there are two issues being described: one where the documentation appears to be missing, and another where it says it's an abstract type (which might imply that some functionality is expected but not provided).
• The link to the documentation provides context, but it doesn't clarify what exactly is wrong with the documentation.
• The ""Expected Result"" section states that the docs should be visible again, which implies a specific desired outcome. However, this outcome could be interpreted in multiple ways (e.g., does it mean the abstract type label should be removed? Does it mean additional content should be added?).
• Overall, while the issue is clear about what's happening, there are multiple possible interpretations of what the ""Expected Result"" means, which suggests that the issue might be ambiguous.

Final Answer: Yes",38fb5d3bee28f18b,llama3.1:8b,0,2026-06-17T10:17:27.427304,project_02,title_desc,ambiguity,few_shot_cot
ISSUE-40251,"JDT install directions reference """"Helios"""" not """"Indigo"""" Eclipse platform",0,0,"Here's my step-by-step reasoning:

* The issue title clearly states the problem: JDT install directions reference ""Helios"" not ""Indigo"" Eclipse platform. This suggests that there is a specific and identifiable issue.
* The description provides context by explaining how the documentation was not updated when the base Eclipse platform was changed from Helios to Indigo. This gives a clear understanding of what happened and why it's an issue.
* However, upon closer inspection, I notice that the description does mention ""some cases"", which could imply that the problem is not universal or consistent across all JDT install directions.
* Nevertheless, the description also provides a specific link to the affected documentation, which suggests that there is a clear scope for the issue.
* Overall, while there might be some ambiguity in the extent of the problem (i.e., how many cases are affected), the issue is still relatively well-defined and easy to understand.

Final Answer: No",1aa3dc40f9f9df66,llama3.1:8b,0,2026-06-17T10:17:30.201056,project_02,title_desc,ambiguity,few_shot_cot
ISSUE-38133,Create and publish release note for CLI 7.0.5.GA,0,1,"Here's my step-by-step reasoning:

* The issue title clearly states the task at hand: creating and publishing a release note for a specific version of the Command Line Interface (CLI).
* However, upon closer inspection, I notice that the description is very brief and doesn't provide any context about what should be included in the release note.
* There's no mention of what constitutes a ""release note"" in this context, or what specific information should be included.
* The version number 7.0.5.GA is specified, but without more context, it's unclear what changes are being released and why they're significant.
* Overall, while the issue title is clear, the description lacks sufficient detail to ensure that the task can be completed unambiguously.

Final Answer: Yes",53f5e0ade42ead20,llama3.1:8b,0,2026-06-17T10:17:32.662247,project_02,title_desc,ambiguity,few_shot_cot
ISSUE-40671,APIDoc: Filesystem.File.createTimestamp returns 0 on Android for resource files,0,1,"Here's the step-by-step reasoning:

* The issue title mentions a specific method and its behavior on a particular platform (Android), which suggests that the context is clear.
* However, the description uses the phrase ""possibly others"", which implies that there might be other methods affected by this issue. This introduces ambiguity about the scope of the problem.
* Additionally, the description does not provide any information about what constitutes ""useful data"" or how the current behavior is problematic. This lack of clarity about the expected behavior and its implications makes it difficult to understand the requirements for fixing the issue.
* The mention of ""resource files on Android"" suggests that there might be platform-specific considerations, but this does not necessarily introduce ambiguity.
* Overall, while the context is clear in some respects, the use of vague language (""possibly others"", ""useful data"") and lack of clarity about expected behavior make it difficult to determine what exactly needs to be fixed.

Final Answer: Yes",8e0a1f5de06882b8,llama3.1:8b,0,2026-06-17T10:17:35.573533,project_02,title_desc,ambiguity,few_shot_cot
ISSUE-40346,APIDoc: Analytics doc should mention raw data export,0,1,"Here's my step-by-step reasoning:

* The issue mentions ""Some analytics data isn't available in the analytics UI"", which is a specific problem statement. However, it doesn't specify what type of analytics data or under what conditions this data is missing.
* The description also mentions that the data is available through raw data export, but it's unclear how to access this feature or what exactly needs to be updated in the documentation.
* The issue mentions multiple components (analytics UI, Ti Analytics guides doc, API docs), which could indicate a scope problem. However, the context of each component is not clearly explained.
* The description uses some technical terms like ""raw data export"" and ""link API docs"", but it's unclear what specific actions need to be taken or what the expected outcome should be.
* Overall, while the issue mentions specific components and problems, it lacks clear context and scope, making it difficult to understand exactly what needs to be done.

Final Answer: Yes",7444c0b26e185b5f,llama3.1:8b,0,2026-06-17T10:17:38.435018,project_02,title_desc,ambiguity,few_shot_cot
ISSUE-39667,ACS Custom Object Documentation Needs Corrected,0,0,"Here's my step-by-step reasoning:

* The issue title clearly mentions a specific component (""ACS Custom Object Documentation"") and a specific method (""show()"").
* The description provides context about the problem: the documentation contains misleading verbiage.
* However, upon reviewing the provided link to the documentation, I notice that it is an external resource, not part of the codebase. This might indicate that the issue is more related to documentation maintenance rather than a software bug.
* Despite this, the description clearly states what needs to be updated (""delete"" verbiage) and where (""in the show() method"").
* The issue seems to have a clear scope: updating the documentation for a specific method.

Final Answer: No",3de857d966d99ae4,llama3.1:8b,0,2026-06-17T10:17:40.771391,project_02,title_desc,ambiguity,few_shot_cot
ISSUE-38873,Ti.UI.Android.openPreferences: Does not explain how to get a preference value,0,1,"Here's the step-by-step reasoning:

* The issue title mentions a specific method and class in Titanium UI Android, which suggests that it is related to a particular component or functionality.
* However, upon reading the description, I notice that the language used is somewhat formal and technical, but still somewhat vague. It doesn't clearly explain what needs to be done to ""retrieve"" a preference value.
* The issue mentions a specific ticket (TIDOC-11) and a comment from a user (~<USER>), which suggests that there may be some context or background information that is not explicitly stated in the issue description.
* However, upon closer reading, I realize that the issue is actually asking for documentation to be added to explain how to retrieve a preference value using a specific method (openPreferences). This is still somewhat vague, as it doesn't specify what exactly needs to be documented or how the documentation should be written.
* Overall, while the issue does mention some specific details and context, I think that it could still be interpreted in multiple ways, particularly with regards to what needs to be done to ""retrieve"" a preference value.

Final Answer: Yes",1910c0fb1ffdfcb5,llama3.1:8b,0,2026-06-17T10:17:43.937573,project_02,title_desc,ambiguity,few_shot_cot
ISSUE-39183,Please help review the error messages of on-demand-pricing node.ACS part,0,1,"Here's the step-by-step reasoning:

* The issue title is clear and specific: it mentions reviewing error messages for a particular feature of node.ACS.
* However, upon reading the description, I notice that there are multiple error messages listed with their descriptions. While this provides some context, it doesn't specify what exactly needs to be reviewed or improved about these messages.
* The issue seems to lack clear scope: is the reviewer expected to review all the messages at once, or just a subset of them? Are there any specific criteria for evaluating these messages (e.g., clarity, conciseness, accuracy)?
* Upon closer inspection, I notice that some of the error messages seem to be related to server quotas and deployment, while others are internal error messages. This suggests that the issue may not be as focused as it initially seemed.
* Overall, while the issue is specific in some ways (e.g., it mentions a particular feature), it lacks clear context and scope, which makes it difficult to determine exactly what needs to be done.

Final Answer: Yes",3068b9b7b98d4567,llama3.1:8b,0,2026-06-17T10:17:47.068150,project_02,title_desc,ambiguity,few_shot_cot
ISSUE-38123,Create and publish release note for SDK 7.4.0.GA,0,1,"Here's my step-by-step reasoning:

* The issue title clearly mentions the specific version of the SDK (7.4.0.GA) for which a release note is required.
* The description simply reiterates the request to create and publish a release note, without providing any additional context or details about what should be included in the release note.
* There's no mention of any specific requirements, such as format, content, or target audience for the release note.
* While the issue title specifies the version of the SDK, it doesn't provide any information about what changes were made to the SDK that would warrant a release note.

Based on these observations, I conclude that the issue is ambiguous because it lacks clear context and unclear scope. The description does not specify what should be included in the release note or how it should be published.

Final Answer: Yes",278ae5aa6ac942d1,llama3.1:8b,0,2026-06-17T10:17:49.758409,project_02,title_desc,ambiguity,few_shot_cot
ISSUE-40183,Guides: Enhance doc for installing/using modules,0,1,"Here's my analysis:

* The issue title mentions ""Enhance doc"" which is a vague term - what exactly needs to be enhanced? Is it the content, layout, or something else?
* The description mentions several specific issues with the documentation, such as incorrect information about the ~/Library directory and missing instructions for showing hidden directories. However, these are not clearly linked together.
* The description also mentions unrelated topics, such as unzipping modules in the SDK directory and editing tiapp.xml files. This suggests that there may be multiple separate issues here.
* There is no clear scope or context for what needs to be done - is this a one-time fix, or an ongoing effort? Are there any specific deadlines or requirements?
* The description includes external links and references to other resources (e.g. osxdaily.com), which may not be relevant to the issue at hand.

Based on these observations, I conclude that the issue is AMBIGUOUS because it uses vague language, lacks clear context, has unclear scope, and can be interpreted in multiple ways.

Final Answer: Yes",26274b3541e0e2f3,llama3.1:8b,0,2026-06-17T10:17:52.879721,project_02,title_desc,ambiguity,few_shot_cot
ISSUE-38293,Create and publish release note for SDK 6.3.0.GA,0,1,"Here's my step-by-step reasoning:

* The issue title clearly states the task at hand: creating and publishing a release note for a specific version of the SDK.
* However, upon closer inspection, I notice that the description is identical to the title. This lack of additional context or details makes me wonder if there's more to this issue than meets the eye.
* Upon further review, I realize that the issue doesn't specify what kind of release note is required (e.g., high-level summary, detailed changelog, etc.). Nor does it mention any specific requirements for publishing the release note (e.g., format, audience, timing).
* The fact that the version number is specified (6.3.0.GA) suggests that there may be some context or history behind this issue, but without more information, I'm not sure what's expected.
* Given these observations, I conclude that the issue is ambiguous because it lacks clear context and has unclear scope.

Final Answer: Yes",7c002a73204907b5,llama3.1:8b,0,2026-06-17T10:17:55.697273,project_02,title_desc,ambiguity,few_shot_cot
ISSUE-38201,Fix/Replace links to /cloud in the wiki docs,0,1,"Here's the step-by-step reasoning:

* The issue title is clear and specific: it mentions replacing links in wiki docs.
* However, upon closer inspection of the description, I notice that there are multiple URLs listed, but only one of them is explicitly mentioned as needing to be replaced (http://docs.appcelerator.com/cloud/latest/#/api/PushNotifications).
* The issue doesn't specify which other links should be replaced or why they need to be replaced.
* There's no context provided about what happens if the replacement isn't done, or what are the expected benefits of doing so.
* Overall, while the title is clear, the description lacks specificity and clarity regarding the scope of the change.

Final Answer: Yes",4c6ae31d3e76dee4,llama3.1:8b,0,2026-06-17T10:17:57.998082,project_02,title_desc,ambiguity,few_shot_cot
ISSUE-39132,Update docs template to better match new Dashboard look and feel,0,1,"Here's my step-by-step reasoning:

* The issue title is clear and specific: it mentions updating the documentation template to match a new Dashboard look and feel.
* However, upon reading the description, I notice that it refers to another issue (APPTS-6972) without providing any context or explanation of what that issue entails. This lack of clarity might lead to confusion about the scope of this issue.
* The description also uses vague language: ""try to include"" is not a clear instruction on how to proceed with updating the documentation template.
* There's no mention of specific requirements, such as which UI elements should be included or in what format the updated documentation should be presented.
* Overall, while the title and some parts of the description are clear, the issue lacks sufficient context and clarity around its scope and requirements.

Final Answer: Yes",0b6dcec2493e57bb,llama3.1:8b,0,2026-06-17T10:18:00.666789,project_02,title_desc,ambiguity,few_shot_cot
ISSUE-39524,Create a new method likes/query.json,0,-1,"Here's the step-by-step reasoning:

* The issue title is clear and specific: ""Create a new method likes/query.json"". This suggests that the issue is focused on creating a new API endpoint.
* However, upon reading the description, it becomes apparent that the issue is not just about creating a new method, but also about implementing complex query functionality with multiple parameters (e.g. sorting, paginating, filtering).
* The description lists many possible query parameters and their meanings, which suggests that the scope of the issue is quite broad.
* Upon closer inspection, it appears that some of the query parameters are optional or have default values, which could lead to ambiguity in how they should be used.
* Additionally, the description mentions using a ""Search and Query guide"" for more details about using the query parameters, but does not provide any clear guidance on how to implement this functionality.

Based on these observations, I conclude that the issue is AMBIGUOUS because it uses vague language (e.g. ""Perform custom query of likes""), lacks clear context (e.g. what specific requirements or constraints are being imposed), has unclear scope (e.g. which parameters must be implemented and how they should interact with each other), and can be interpreted in multiple ways (e.g.",a74d333af353b3f0,llama3.1:8b,0,2026-06-17T10:18:04.345896,project_02,title_desc,ambiguity,few_shot_cot
ISSUE-39749,Localization of app name for Android is out-of-date,0,1,"Here's the step-by-step reasoning:

* The issue title clearly states that the localization of app name for Android is out-of-date.
* However, upon reading the description, it seems that the author has found a way to make it work using a different approach than what is documented in the wiki. They mention that they ran tests and were able to achieve the desired result on both iOS and Android.
* The issue description does not clearly state what the expected behavior or outcome should be. Is the goal to update the documentation, or to change the existing implementation?
* The author mentions a specific document (https://wiki.appcelerator.org/display/guides/Internationalization) that they believe contains outdated information. However, it is unclear whether this document is indeed out-of-date or if the author has simply found an alternative approach.
* Overall, while the issue title and description provide some context, the scope of the issue is not clearly defined, and there are multiple possible interpretations of what needs to be done.

Final Answer: Yes",5fb6668764ee8608,llama3.1:8b,0,2026-06-17T10:18:07.470018,project_02,title_desc,ambiguity,few_shot_cot
ISSUE-39943,BlackBerry : Path for getting the logs from simulator is incorrect,0,1,"Here's the step-by-step reasoning:

* The issue title clearly mentions a specific platform (BlackBerry) and a specific problem (getting logs from simulator).
* The description provides detailed steps to reproduce the issue, which suggests that the reporter has done their due diligence in investigating the problem.
* However, upon closer inspection, I notice that the ""Actual Result"" section simply states that the path is incorrect, without specifying what exactly is wrong with it. This lack of specificity makes me wonder if there's a clear understanding of what constitutes an ""incorrect"" path.
* The ""Expected Result"" section provides more clarity on what the reporter expects to see (a specific directory structure), but I'm still concerned that the issue description could be interpreted in multiple ways, especially since it relies on external documentation and assumes familiarity with the platform's configuration.

Final Answer: Yes",ba0243640649133e,llama3.1:8b,0,2026-06-17T10:18:10.115611,project_02,title_desc,ambiguity,few_shot_cot
ISSUE-40067,DocTools: validate script is broken due to docgen changes,0,1,"Here's the step-by-step reasoning:

* The issue title clearly names the component affected: DocTools.
* The description provides a specific context: a PR on GitHub that introduced changes to docgen. This gives a clear understanding of what triggered the problem.
* However, the description mentions two different error messages and their respective fixes, which might indicate multiple issues or unclear priorities.
* Upon closer inspection, it seems like there are indeed two separate problems being described: one related to the validate.py script failing due to an argument mismatch, and another related to a YAML parsing issue. The description jumps between these two issues without clear separation or prioritization.
* Given this complexity and lack of clear prioritization, I would classify the issue as ambiguous.

Final Answer: Yes",dfbc329d4723e847,llama3.1:8b,0,2026-06-17T10:18:12.565335,project_02,title_desc,ambiguity,few_shot_cot
ISSUE-39723,Support new Node.ACS command : download,0,1,"Here's my step-by-step reasoning:

* The issue title mentions a specific command (""download"") and its purpose, which is clear.
* However, the description uses vague language such as ""app source file"" instead of specifying what exactly needs to be downloaded. This could refer to any type of file, not just the source code.
* Additionally, the description mentions multiple options for downloading (e.g., with or without app name and version), but it's unclear which one is the primary behavior or how they interact with each other.
* The description also uses ambiguous language such as ""currently actived app version"", which could be interpreted in different ways depending on the context.
* Overall, while the issue title provides some clarity, the description lacks clear context and can be interpreted in multiple ways.

Final Answer: Yes",a59d728db12c0d01,llama3.1:8b,0,2026-06-17T10:18:15.094251,project_02,title_desc,ambiguity,few_shot_cot
ISSUE-38628,Specify supported Arrow Model Field data types,0,1,"Here's my step-by-step reasoning:

* The issue title is specific and clearly states what needs to be done: ""Specify supported Arrow Model Field data types"".
* However, the description mentions a discrepancy between the online documentation and the actual implementation. This suggests that there may be multiple interpretations of what is meant by ""supported"" and how it applies to different field types.
* The description also references an external source (the online docs) which may not be up-to-date or accurate, adding to the ambiguity.
* There is no clear context provided for why this issue needs to be addressed, such as a specific use case or requirement that is being violated.
* Overall, while the title and some parts of the description are clear, the presence of conflicting information and lack of context make it difficult to determine what exactly needs to be done.

Final Answer: Yes",eda92d85f2bfc8dd,llama3.1:8b,0,2026-06-17T10:18:17.715200,project_02,title_desc,ambiguity,few_shot_cot
ISSUE-38181,Review and revise the APS documentation,0,1,"Here's the step-by-step reasoning:

* The issue title is clear and specific (""Review and revise the APS documentation""), but let's dig deeper into the description.
* The description lists several URLs to specific documents that need review and revision. This suggests a clear scope, as it names specific documents to be reviewed.
* However, upon closer inspection, the description also mentions ""as necessary"", which implies some degree of flexibility or discretion in what needs to be revised. This could lead to multiple interpretations of what is required.
* Additionally, the instruction to drop any content mentioning ""Soasta"" or ""Test"" from these documents introduces an unclear scope, as it's not clear how this will impact the overall documentation.
* The description also uses vague language (""review"", ""test"", and ""revise""), which could lead to different interpretations of what specific actions are required.

Final Answer: Yes",8fc3687650189991,llama3.1:8b,0,2026-06-17T10:18:20.444250,project_02,title_desc,ambiguity,few_shot_cot
ISSUE-39239,"Android: TableView: SearchBar not working if """"filterAttribute"""" is an arbitrary property",0,1,"Here's my analysis of the issue:

* **Vague language**: The issue description uses technical terms like ""filterAttribute"" and ""SearchBar"", which are specific to a particular framework or library. However, it also mentions that the same code works fine on iOS, which suggests that the problem is not just about the technical implementation, but also about the platform-specific behavior.
* **Clear context**: The issue description provides a clear scenario where the problem occurs: when setting the ""filterAttribute"" after creating the TableViewRow. It also includes sample code to illustrate the issue.
* **Unclear scope**: The issue seems to be specific to Android and Titanium (a framework for building mobile apps), which suggests that the scope is relatively narrow.
* **Multiple interpretations**: While the description provides a clear scenario, it's not entirely clear what the expected behavior should be. Is the SearchBar supposed to work even if the ""filterAttribute"" is set after creating the TableViewRow? The issue seems to imply that this is not the case, but it's not explicitly stated.
* **Overall ambiguity**: While the description provides some context and sample code, the issue still seems somewhat ambiguous due to the platform-specific behavior and the unclear expectations around the SearchBar's functionality.

Final Answer: Yes",45d3805a67663f41,llama3.1:8b,0,2026-06-17T10:18:23.887819,project_02,title_desc,ambiguity,few_shot_cot
ISSUE-38938,Docs: Ti.UI.View.add supports an array of views as well as single Ti.Ui.View,0,0,"Here's the step-by-step reasoning:

* The issue title mentions that Ti.UI.View.add supports an array of views as well as a single view, but notes a discrepancy between iOS and Android/Windows.
* However, it also mentions two specific TIMOB tickets (19394 and 19482) that will fix this parity issue, implying that the problem is already being addressed elsewhere in the codebase.
* The description links to specific lines of code on GitHub, which provides context for the issue.
* Despite the initial mention of a discrepancy between iOS and Android/Windows, the presence of the two TIMOB tickets suggests that the scope of the issue is actually quite narrow (i.e., updating documentation to reflect changes made in those tickets).
* The language used is not vague or ambiguous; instead, it clearly describes the problem and its context.

Final Answer: No",91710fa9bea61b0d,llama3.1:8b,0,2026-06-17T10:18:26.552212,project_02,title_desc,ambiguity,few_shot_cot
ISSUE-40941,APIDoc: remove period from platform list,0,0,"Here's my analysis:

* The issue title is specific and clear about what needs to be done (""APIDoc: remove period from platform list"").
* The description mentions a specific file ([member_list.html](https://github.com/appcelerator/titanium_mobile/blob/master/apidoc/templates/html/member_list.html)) where the problem occurs, which provides context.
* However, upon closer inspection, I notice that the description also includes an example of what the corrected platform list should look like. This might be seen as a hint at how to fix the issue, but it's not entirely clear whether this is the only way to address the problem or if there are other solutions.
* The description does mention ""platform list"" and ""iPhone, iPad only"", which suggests that the scope of the change is limited to these specific platforms. However, I'm not convinced that this is sufficient to rule out ambiguity.
* Upon further consideration, I realize that the issue title and description do provide a clear understanding of what needs to be done (removing a period from the platform list in a specific file). The example provided in the description might be seen as an implementation detail rather than a requirement for the fix.

Final Answer: No",f436d4bfd5043318,llama3.1:8b,0,2026-06-17T10:18:29.940007,project_02,title_desc,ambiguity,few_shot_cot
ISSUE-40635,APIDoc: Update docs for medium-priority iPad modules,0,1,"Here's my analysis:

* The issue title mentions ""medium-priority"" but does not specify what that means in terms of impact or effort. This could be a source of ambiguity.
* The description mentions updating documentation for specific modules, which is clear and specific.
* However, the term ""iPad modules"" could be interpreted in multiple ways - does it refer to modules used only on iPads, or modules that are also used on other devices but have iPad-specific features?
* There is no mention of what needs to be updated in the documentation (e.g. code examples, API descriptions, etc.) or how the updates will be tested.
* The term ""medium-priority"" could imply that this issue is not as important as others, which might affect how it is prioritized and addressed.

Based on these points, I believe the issue has some ambiguity due to the unclear scope of what needs to be updated in the documentation and the potential for multiple interpretations of ""iPad modules"".

Final Answer: Yes",e5310bad2cf2a6a9,llama3.1:8b,0,2026-06-17T10:18:32.887985,project_02,title_desc,ambiguity,few_shot_cot
ISSUE-39299,Updates guides to show how to localise NSLocationAlwaysUsageDescription,0,1,"Here's my step-by-step reasoning:

* The issue title mentions specific details about updating guides related to NSLocationAlwaysUsageDescription, which suggests a clear context.
* However, upon reading the description, I notice that it contains links to external documentation and references other sections of the guide. This could indicate a lack of clarity or specificity in the issue description.
* The description also uses vague language such as ""short explanation"" and ""link to the updated guide for more information"", which doesn't provide clear guidance on what exactly needs to be done.
* Furthermore, the description mentions two separate components (the guides and the Ti.Geolocation API reference), which could indicate unclear scope or multiple possible interpretations of the issue.
* Overall, while the title suggests a specific context, the description contains vague language and unclear references that could lead to multiple interpretations.

Final Answer: Yes",e111471592c67ea6,llama3.1:8b,0,2026-06-17T10:18:35.521631,project_02,title_desc,ambiguity,few_shot_cot
ISSUE-40438,Poor grammar in Ti.UI.TabGroup,0,1,"Here's my step-by-step reasoning:

* The issue title mentions ""Poor grammar"" which is specific and clear.
* However, the description of the issue is where things get ambiguous. It starts with a statement about iOS, but then jumps to talking about tabs, windows, and user interactions without clearly connecting these concepts to the initial statement about poor grammar.
* Furthermore, the description contains multiple conditional statements (""may be opened"", ""optional"") which can lead to different interpretations of what is being asked.
* Additionally, there's a mention of Vishal's comment about the Tab Group having a built-in Nav group, but it's unclear whether this is relevant to the original issue or just an aside.
* Overall, while the title is clear, the description lacks clarity and can be interpreted in multiple ways.

Final Answer: Yes",f9fb7441bb08ee72,llama3.1:8b,0,2026-06-17T10:18:38.076183,project_02,title_desc,ambiguity,few_shot_cot
ISSUE-38738,There is an error in Positioning and dimensions of elements section of the documentation,0,1,"Here's the step-by-step reasoning:

* The issue title clearly mentions a specific section of the documentation and the error in question.
* The description provides a clear explanation of the problem, including the incorrect statement and the correct one.
* However, upon closer inspection, I notice that the description does not specify what type of error it is (e.g. formatting, content, etc.) or how it affects the user experience.
* Additionally, there is no mention of any specific requirements or expectations for the documentation section in question.
* While the issue is clearly stated, its scope and context are somewhat limited by the lack of additional information about the expected behavior or impact.

Final Answer: Yes",270547aebd5044cb,llama3.1:8b,0,2026-06-17T10:18:40.389922,project_02,title_desc,ambiguity,few_shot_cot
ISSUE-39253,we will no longer show the listed information,0,1,"Here's the step-by-step reasoning:

* The issue description mentions specific changes to be made from version 1.1.8 and above, which provides some context.
* However, the description uses vague language such as ""remove some fields"" instead of specifying exactly which fields will be removed or under what conditions they will be hidden.
* Additionally, the description does not provide a clear explanation for why these changes are being made or what benefits they will bring to the system.
* The issue description also lacks specific details about how the removal of empty fields will affect the user experience or functionality of the app.
* Furthermore, the description can be interpreted in multiple ways, such as whether other types of empty fields should also be removed.

Final Answer: Yes",023bb6df9634bf20,llama3.1:8b,0,2026-06-17T10:18:42.805872,project_02,title_desc,ambiguity,few_shot_cot
ISSUE-39534,Alloy: missing Style in the Style priorities description,0,1,"Here's my step-by-step reasoning:

* The issue title mentions a specific component (""Alloy"") and a specific problem (""missing Style in the Style priorities description""), which suggests that the issue is focused on a particular aspect of the system.
* However, upon reading the description, I notice that it includes a link to an external resource (a wiki page) and references a section within that page. This could indicate that the issue requires additional context or knowledge about the specific section being referenced.
* The description also mentions a specific example of how the missing style should be added, which suggests that there is some ambiguity around what exactly needs to be done to resolve the issue.
* Upon closer reading, I notice that the description uses phrases like ""one Style case is missing"" and ""we should add also"", which could suggest that there are multiple possible interpretations of what constitutes a ""Style case"".
* The description does not provide any clear criteria or guidelines for determining when a style case is complete or when it needs to be added, which suggests that the issue may be open-ended or subjective.

Final Answer: Yes",ecf1ec0e1cd22fa2,llama3.1:8b,0,2026-06-17T10:18:45.984828,project_02,title_desc,ambiguity,few_shot_cot
ISSUE-39218,Move Cloud and CloudPush to Modules namespace,0,1,"Here's my step-by-step reasoning:

* The issue title is clear and specific: it names two components (Cloud and CloudPush) and describes a desired change.
* The description provides context for the change, including the namespace to which the API docs should be moved and the need to update links in other parts of the documentation.
* However, upon closer inspection, I notice that the issue description uses the phrase ""Should also include..."". This suggests that there may be additional requirements or tasks associated with this issue, but they are not clearly defined.
* The use of ""Should"" implies a degree of flexibility or optional behavior, which can make it harder to determine exactly what is required.
* Overall, while the issue description provides some context and clarity, its use of vague language (""Should also include..."") raises questions about the scope and requirements of this task.

Final Answer: Yes",b2c669443239165c,llama3.1:8b,0,2026-06-17T10:18:48.626829,project_02,title_desc,ambiguity,few_shot_cot
ISSUE-39395,Provides detailed steps to import/run ti.cloud example,0,1,"Here are my step-by-step reasoning:

* The issue title is clear and specific: it mentions importing and running a sample application.
* However, upon reading the description, I notice that it uses vague language such as ""ideally"" and ""easier to just have them drag/drop the files into a new services-enabled project they create."" This suggests that there are multiple ways to achieve the desired outcome, which could lead to ambiguity in implementation.
* The description also lacks clear context: what is the expected behavior of the user after importing/runing the sample application? What are the specific requirements for this feature?
* Furthermore, the description mentions ""ACS-enabled projects"" and ""services-enabled project"", but it's not clear what these terms mean or how they relate to the issue at hand.
* Overall, while the title is clear, the description uses vague language, lacks clear context, and has unclear scope, which could lead to multiple interpretations of the desired outcome.

Final Answer: Yes",ebdf92631c865e5f,llama3.1:8b,0,2026-06-17T10:18:51.489508,project_02,title_desc,ambiguity,few_shot_cot
ISSUE-39480,Guides: Document offline installation of Appcelerator Platform,0,1,"Here's the step-by-step reasoning:

* The issue title mentions a specific feature (""offline installation"") and component (""Appcelerator Platform""), which gives some context.
* However, the description is vague in terms of what exactly needs to be done. It mentions that customers have requested the ability to install the platform offline, but it doesn't specify how this should be achieved or what the expected outcome is.
* The description also lists several components (Studio, SDK, CLI, Alloy, Code Processor, Performance module, and SOASTA module) that need to be installed offline, but it's unclear why all of these are necessary or if they can even be run offline together.
* Furthermore, the issue description expresses uncertainty about whether all of these components can be run offline, which suggests a lack of clear understanding of the requirements.
* Overall, the issue lacks clear context and has unclear scope, as it doesn't specify what exactly needs to be done or what the expected outcome is.

Final Answer: Yes",a0334c74e2491607,llama3.1:8b,0,2026-06-17T10:18:54.355834,project_02,title_desc,ambiguity,few_shot_cot
ISSUE-39599,Node.ACS organization support,0,1,"Here's the step-by-step reasoning:

* The issue title mentions ""support"" for organizations in Node.ACS, which is a specific feature. However, it doesn't specify what kind of support is being added (e.g., new functionality, bug fixes).
* The description mentions that more details will be provided later, which indicates a lack of clear context and scope.
* The issue refers to an external wiki page for more information, but this does not provide enough clarity on the specific requirements or expectations.
* There's no mention of any specific behavior, component, or condition related to the support feature.
* Overall, the issue seems to be lacking in clear context and scope, making it difficult to understand what exactly needs to be done.

Final Answer: Yes",927f6961c7db538f,llama3.1:8b,0,2026-06-17T10:18:56.647607,project_02,title_desc,ambiguity,few_shot_cot
ISSUE-38337,Create Alloy Framework How-tos page,0,1,"Here's my analysis:

* The issue title is clear and specific: ""Create Alloy Framework How-tos page"". It names a particular component (the ""How-tos"" page) and a framework (Alloy Framework).
* However, the description uses vague language: ""re-organize the content"". What does this mean? Is it about reordering existing sections, rewriting the text, or something else?
* There is no clear context for what constitutes ""good"" organization. Are we aiming for better navigation, improved readability, or something else?
* The scope of the issue is unclear: are we talking about a specific version of the Alloy Framework, or all versions? Is this a one-time task or an ongoing effort?
* The description can be interpreted in multiple ways: does ""re-organize"" mean making changes to the existing content, or creating new content from scratch?

Final Answer: Yes",473c52c0cfcc41b0,llama3.1:8b,0,2026-06-17T10:18:59.332755,project_02,title_desc,ambiguity,few_shot_cot
ISSUE-38517,Create and publish release note for SDK 6.0.2.RC,0,1,"Here's my step-by-step reasoning:

* The issue title clearly mentions the specific version of the SDK (6.0.2.RC) for which a release note is needed.
* The description simply reiterates what the title says, without providing any additional context or requirements.
* There is no mention of what should be included in the release note, such as changes, bug fixes, or new features.
* The issue does not specify who will create and publish the release note (e.g., a specific team or individual).
* Overall, while the issue is clear about what needs to happen, it lacks specificity about how to do it and what should be included in the release note.

Final Answer: Yes",a33c8195ed3a31b4,llama3.1:8b,0,2026-06-17T10:19:01.569552,project_02,title_desc,ambiguity,few_shot_cot
ISSUE-40653,APIDoc: Ti.UI.orientationModes property should mention Ti.Gesture.orientation,0,1,"Here's my step-by-step reasoning:

* The issue is specific about a particular API documentation aspect, which suggests it has clear context.
* However, the description uses somewhat technical language that may be unfamiliar to non-experts in Titanium UI development. This could lead to ambiguity if not all stakeholders are familiar with the terminology.
* Upon closer inspection, I notice that the description mentions both ""getting"" and ""setting"" orientation, which implies a specific behavior or expectation for the new property. However, it's unclear what exactly is being asked: should the documentation simply mention Ti.Gesture as an alternative, or should it provide more detailed guidance on how to use Ti.Gesture in conjunction with orientationModes?
* The description also uses somewhat vague language when saying ""the new orientationModes property should include a reference to Ti.Gesture"", which could be interpreted in multiple ways depending on the reader's understanding of what is meant by ""include a reference"".
* Overall, while the issue has clear context and specific technical details, it still contains some ambiguous language that could lead to different interpretations.

Final Answer: Yes",56bbacd5df99a900,llama3.1:8b,0,2026-06-17T10:19:04.640903,project_02,title_desc,ambiguity,few_shot_cot
ISSUE-40413,Link takes you to the wiki creation page,0,1,"Here's my step-by-step reasoning:

* The issue title is specific about a particular link behavior, which is good.
* However, the description mentions two separate steps to reproduce the issue: clicking on a link in the documentation and expecting a certain result. This could be interpreted as two separate issues or one complex issue with multiple parts.
* The expected and actual results are clear, but there's an additional question at the end about whether other links behave similarly. This adds ambiguity because it's not clear what is being asked: is this a new issue to investigate, or is it a follow-up question related to the original issue?
* There's no clear context for why this link behavior is problematic or how it affects the user experience.
* The description could be interpreted in multiple ways due to the presence of the additional question and the lack of clear context.

Final Answer: Yes",ce607ec441a94085,llama3.1:8b,0,2026-06-17T10:19:07.283562,project_02,title_desc,ambiguity,few_shot_cot
ISSUE-40608,Guides: MW overview should reference MW limitations page,0,1,"Here's my step-by-step reasoning:

* The issue title clearly mentions a specific page (""MW overview"") and its intended reference to another page (""MW limitations page"").
* The description provides two URLs for the pages in question.
* However, the description also includes a phrase ""If it does, I'm overlooking the link,"" which suggests that the reporter is unsure whether the link already exists or not.
* This uncertainty implies that the issue may be open to multiple interpretations: is the reporter asking to add the link if it's missing, or are they confirming its presence?
* The lack of clarity around this specific point makes me lean towards considering the issue ambiguous.

Final Answer: Yes",a355f043daa4f4d3,llama3.1:8b,0,2026-06-17T10:19:09.495898,project_02,title_desc,ambiguity,few_shot_cot
ISSUE-40894,APIDoc: Documentation missing for MaskedImage,0,1,"Here's the step-by-step reasoning:

* The issue is specific about a particular component, MaskedImage, and mentions a specific method, Titanium.UI.createMaskedImage().
* However, the description also includes vague language such as ""It seems that"" which implies uncertainty.
* Additionally, the description references external links to other questions on the same topic, which may not be relevant or up-to-date.
* The issue also asks for clarification on how to use a specific feature (putting an image in a circle), which is more of a tutorial request than a bug report.
* Overall, while the issue is clear about what component and method are involved, it lacks clarity on what exactly needs to be fixed or improved.

Final Answer: Yes",9db5e26a10c1e06c,llama3.1:8b,0,2026-06-17T10:19:11.814245,project_02,title_desc,ambiguity,few_shot_cot
