issue_id,title,ground_truth,prediction,raw_response,prompt_hash,model_version,temperature,timestamp_utc,project,input_mode,task,strategy
ISSUE-38493,Review API Runtime Services Documentation,0,0,"To determine whether the given software issue is INCOMPLETE, let's analyze it step by step:

1. **Steps to reproduce**: The issue description does not explicitly mention steps to reproduce the problem or scenario that needs review. However, this might be implicit in the task of reviewing documentation.

2. **Expected vs actual behaviour**: There is no clear statement on what the expected outcome should be after reviewing the documentation. It seems the goal is to confirm whether updates are necessary for the upcoming release, but there's no specific expectation about what constitutes an update or how it should be determined.

3. **Acceptance criteria**: The issue description does not explicitly state acceptance criteria. What would constitute a successful review? Are there specific items that must be checked off in the documentation?

4. **Affected components**: While the issue is related to reviewing API Runtime Services documentation, it's not clear which specific components or services are affected by this task.

5. **Environment details**: There's no mention of any environment-specific requirements for this review process.

Given these considerations:

- The steps to reproduce are somewhat implicit but could be considered sufficient in a broad sense.
- Expected vs actual behavior is unclear, and acceptance criteria are not specified.
- Affected components are not clearly identified.
- Environment details are",02893047e0c4af7e,llama3.1:8b,0,2026-06-17T10:26:41.924310,project_02,title_desc,incompleteness,few_shot_cot
ISSUE-38975,Tutorial Series: Customize for Android,0,0,"Let's analyze the given issue step by step:

1. **Title and Description**: The title ""Tutorial Series: Customize for Android"" clearly indicates what the feature is about, and the description provides a brief overview of its purpose.

2. **Steps to Reproduce**: There are no specific steps provided on how to reproduce this feature or any issues related to it. This could be a critical piece of information if there's an issue with implementing or using the feature.

3. **Expected vs Actual Behaviour**: The description mentions that the tutorial series will customize the basic application for Android-specific UI features, but it doesn't specify what the expected behavior is compared to the actual behavior (if any issues exist).

4. **Acceptance Criteria**: There's no mention of specific criteria against which this feature can be accepted or rejected.

5. **Affected Components**: The description mentions ""the basic application,"" implying that some components will be affected, but it doesn't specify which ones.

6. **Environment Details**: There are no details provided about the environment in which this feature should work (e.g., specific versions of Android).

Given these observations:

- Steps to reproduce are missing.
- Expected vs actual behavior isn't clearly defined.
- Acceptance criteria aren't specified.
- Affected components",a51156428a142c25,llama3.1:8b,0,2026-06-17T10:26:45.554124,project_02,title_desc,incompleteness,few_shot_cot
ISSUE-40855,APIDoc: Window.modalStyle and modalTransitionStyle properties are undocumented,0,0,"To determine whether this issue is INCOMPLETE, let's analyze it step by step:

1. **Steps to reproduce**: The description mentions that these properties are used in a specific file (`modal_windows.js`) and shown in the sample code of another file (`Window TDoc`), but there's no explicit mention of how to reproduce the issue or what behavior is expected when using these properties.

2. **Expected vs actual behaviour**: The description implies that the actual behavior (not listing these properties) does not match the expected behavior (listing them as documented). However, it doesn't explicitly state what the expected behavior should be in terms of documentation.

3. **Acceptance criteria**: There's no clear mention of what constitutes ""acceptance"" for this issue. Are the properties supposed to be listed under a specific section? Should they have a certain description or example?

4. **Affected components**: The description mentions two files (`modal_windows.js` and `Window TDoc`) but doesn't specify if these are the only affected components.

5. **Environment details**: There's no mention of any environment-specific requirements or considerations that might affect how this issue is addressed.

Given these observations, it seems like the issue lacks essential information for a complete analysis, such as clear steps to reproduce",6bdb201cd2bc3379,llama3.1:8b,0,2026-06-17T10:26:49.020548,project_02,title_desc,incompleteness,few_shot_cot
ISSUE-40336,APIDoc: Check all deprecated API members for appropriate message,0,0,"To determine whether this issue is INCOMPLETE, let's analyze it step by step:

1. **Steps to reproduce**: The description mentions checking all deprecated API members, but it doesn't specify how to do this or what constitutes a ""bogus"" removed API. However, the steps are implied and can be inferred from the context.

2. **Expected vs actual behaviour**: The issue clearly states that there should be appropriate messages for deprecated APIs, linking to alternatives if available, restoring original summaries where necessary, and removing bogus ""removed"" APIs. This implies a clear understanding of expected behavior.

3. **Acceptance criteria**: While not explicitly listed as acceptance criteria, the description outlines specific actions (adding deprecation messages with links, restoring original summaries) that can be considered as implicit acceptance criteria.

4. **Affected components**: The issue is related to API documentation and deprecated APIs, but it doesn't specify which exact components or modules are affected. This lack of specificity could make it difficult to identify the scope of work required.

5. **Environment details**: There's no mention of specific environments (e.g., development, production) that this change should be applied to, which might indicate a need for further clarification on deployment specifics.

Given these considerations:

- The issue is missing",3be26ae70e102aa1,llama3.1:8b,0,2026-06-17T10:26:52.578614,project_02,title_desc,incompleteness,few_shot_cot
ISSUE-38324,Create Appcelerator Studio Guide page,0,1,"Let's analyze the given issue step by step:

1. **Steps to reproduce**: The description does not mention any specific steps or actions required to reproduce the issue. This is a crucial piece of information that is missing.
2. **Expected vs actual behaviour**: There is no clear statement about what the expected behavior should be, nor is there an explanation of the current (actual) behavior. This makes it difficult to understand the problem and its requirements.
3. **Acceptance criteria**: The description does not provide any specific acceptance criteria that would define when the issue is considered resolved.
4. **Affected components**: Although the issue mentions Appcelerator Studio, it's unclear which specific components or features are affected by this change.
5. **Environment details**: There is no mention of the environment in which this guide page should be created and re-organized.

Considering these points, I conclude that the given issue is missing essential information to be considered complete.

Final Answer: Yes",bb7eb990cb7e5923,llama3.1:8b,0,2026-06-17T10:26:55.394143,project_02,title_desc,incompleteness,few_shot_cot
ISSUE-39589,Update Android Menu docs re: overflow (...) menu on devices with hardware menu button,0,0,"To determine whether the given software issue is INCOMPLETE, I will analyze it step by step.

1. **Steps to reproduce**: The issue description provides a link to Android documentation that explains how the overflow menu works on devices with hardware menu buttons. However, there are no specific steps provided in the issue description itself for reproducing the problem or verifying its resolution.
2. **Expected vs actual behaviour**: The issue mentions that the Action Bar docs should mention the behavior of the overflow menu on devices with a hardware menu button. This implies an expected behavior (the documentation should include this information) but does not explicitly state what the current, actual behavior is in terms of how the documentation handles this scenario.
3. **Acceptance criteria**: There are no clear acceptance criteria provided that define when the issue can be considered resolved. For example, it's unclear whether simply mentioning the overflow menu behavior in the docs would suffice or if there needs to be additional information or formatting changes.
4. **Affected components**: The affected component is not explicitly stated but seems to be related to the documentation of the Action Bar for Android in Appcelerator's platform.
5. **Environment details**: There are no specific environment details mentioned that could impact how this issue is addressed, such as whether it applies only to",4ef8bf043f0b8fa3,llama3.1:8b,0,2026-06-17T10:26:58.839246,project_02,title_desc,incompleteness,few_shot_cot
ISSUE-38275,Rename AMPLIFY Appcelerator Services to Axway Mobile Analytics,0,1,"Let's analyze the issue step by step:

1. **Steps to reproduce**: The issue description does not mention any specific steps to reproduce the problem or scenario.
2. **Expected vs actual behaviour**: The issue description mentions what is expected (rename certain items), but it does not explicitly state what the current, incorrect behavior is.
3. **Acceptance criteria**: While the issue description mentions some specific changes (renaming certain items), it does not provide clear acceptance criteria for what constitutes a successful rename.
4. **Affected components**: The issue description mentions the ""API developer tile"", which implies that this component will be affected by the change, but it is not explicitly stated.
5. **Environment details**: There are no specific environment details mentioned in the issue description.

Based on these observations, I conclude that the issue is missing essential information such as steps to reproduce and acceptance criteria.

Final Answer: Yes",8128d741d47c5b7e,llama3.1:8b,0,2026-06-17T10:27:01.519881,project_02,title_desc,incompleteness,few_shot_cot
ISSUE-38193,Remove very outdated Ti.Map documentation,0,1,"To determine whether the given software issue is INCOMPLETE, I will analyze it step-by-step.

1. **Steps to reproduce**: The description does not explicitly mention steps to reproduce the issue. However, it provides a link to a PR that likely contains the necessary information.
2. **Expected vs actual behaviour**: Although the description mentions that the documentation has been removed since 3.x and replaced by a standalone module, it doesn't explicitly state what the expected behavior is or how it differs from the actual behavior.
3. **Acceptance criteria**: There are no clear acceptance criteria mentioned in the description.
4. **Affected components**: The affected component is likely the Ti.Map documentation, but this is not explicitly stated.
5. **Environment details**: No specific environment details are provided.

However, considering that the issue provides a link to a PR (pull request) with more information, it's possible that the necessary details are available in the PR itself. But based on the description alone, I would say that the issue is missing essential information such as steps to reproduce and acceptance criteria.

Final Answer: Yes",878ed0d3389e1508,llama3.1:8b,0,2026-06-17T10:27:04.574598,project_02,title_desc,incompleteness,few_shot_cot
ISSUE-40376,Docs: Code highlighting incorrectly applied to some example blocks,0,-1,"To determine whether the given software issue is INCOMPLETE, I will analyze it step by step:

1. **Steps to reproduce**: The description mentions specific examples on a particular page, indicating that reproducing the issue involves accessing this page and observing the incorrect code highlighting in those example blocks.

2. **Expected vs actual behaviour**: It's clear from the description that the expected behavior is for code highlighting to be applied correctly across all example blocks, but it's incorrectly applied to some of them.

3. **Acceptance criteria**: While not explicitly stated as acceptance criteria, the description implies a certain level of functionality or correctness in how code highlighting should work. However, without explicit mention of what constitutes ""correct"" application of highlighting (e.g., specific formatting rules), this could be considered somewhat incomplete for detailed analysis and testing.

4. **Affected components**: The issue is related to documentation on a web page, suggesting that the affected component might be the documentation rendering engine or the code highlighting plugin used within it.

5. **Environment details**: The description specifies the URL of the affected page, which could be considered sufficient environment detail for reproducing the issue.

Given this analysis, while there are some minor aspects where more information would be beneficial (such as explicit acceptance criteria), the issue is",45dd282ac32afb2e,llama3.1:8b,0,2026-06-17T10:27:08.041535,project_02,title_desc,incompleteness,few_shot_cot
ISSUE-39190,Fix link to View.touchEnabled from View.enabled,0,0,"Let's analyze the issue step by step:

1. **Title**: The title clearly indicates what needs to be fixed: ""Fix link to View.touchEnabled from View.enabled"".
2. **Description**: The description explains the problem in detail:
	* It mentions that the touchEnabled link points to View.enabled, which is also deprecated.
	* This implies that there are two issues here: a broken link and a deprecation issue.
3. **Expected behaviour**: The expected behavior is clearly stated: ""Links to http://docs.appcelerator.com/titanium/latest/#!/api/Titanium.UI.View-property-touchEnabled"".
4. **Reproduction steps**: While not explicitly mentioned, it's implied that the reproduction steps are simply to click on the broken link and observe its incorrect target.
5. **Affected components**: Although not explicitly stated, we can infer that this issue affects the documentation or help system of the application.
6. **Environment details**: There is no mention of specific environment requirements or constraints.

Considering these points, I conclude that:

* The issue has a clear title and description.
* Expected behavior is well-defined.
* Reproduction steps are implied (although not explicitly stated).
* Affected components can be inferred (documentation/help system).

However, the issue",d91002b7319587e8,llama3.1:8b,0,2026-06-17T10:27:11.543003,project_02,title_desc,incompleteness,few_shot_cot
ISSUE-38138,Create and publish release note for SDK 7.3.1.RC,0,-1,"Let's analyze the given issue step by step:

1. **Title**: The title clearly indicates that it is about creating a release note for a specific version of an SDK.
2. **Description**: The description simply states to create and publish the release note, which doesn't provide much detail on what exactly needs to be included in this release note or how it should behave.

Considering these points:

- **Steps to reproduce** are not provided; however, given the nature of the issue (creating a document), reproduction steps might not be directly applicable.
- **Expected vs actual behaviour** is missing. What does the release note need to contain? How should it look? These details are crucial for understanding what needs to be done.
- **Acceptance criteria** are also missing. What makes this release note acceptable? Are there specific requirements or conditions that must be met?
- **Affected components** might not directly apply since we're talking about a document, but it's worth noting that the SDK itself is affected, and possibly other related systems or processes.
- **Environment details** could be relevant if the release note needs to be published in a specific environment or if there are any environmental considerations for its creation.

Given these observations, I conclude that this issue lacks essential information such as",67fa8235963633e2,llama3.1:8b,0,2026-06-17T10:27:15.050100,project_02,title_desc,incompleteness,few_shot_cot
ISSUE-38570,Create and publish release note for Arrow 1.10.0,0,0,"To determine whether the given software issue is INCOMPLETE, I will analyze it step by step.

1. **Title and Description**: The title clearly states what needs to be done (""Create and publish release note for Arrow 1.10.0""), which gives a good starting point for understanding the requirement.
2. **Steps to Reproduce**: There are no specific steps provided on how to reproduce or verify this issue, which is crucial for testing and debugging purposes.
3. **Expected vs Actual Behaviour**: The description does not specify what the expected behavior should be after creating and publishing the release note. It only mentions that it needs to be done but doesn't provide any details about what ""done"" means in terms of functionality or outcome.
4. **Acceptance Criteria**: There is no clear mention of acceptance criteria, which are essential for determining whether the requirement has been met.
5. **Affected Components**: The description does not specify which components or systems will be affected by this change, making it difficult to understand the scope and impact.
6. **Environment Details**: While there's a link to a Jira project (https://jira.appcelerator.org/projects/API/versions/18168) that might provide some context about the release board for Arrow 1.10",73086a7890950d6d,llama3.1:8b,0,2026-06-17T10:27:18.509067,project_02,title_desc,incompleteness,few_shot_cot
ISSUE-39606,APIDoc: Geolocation documentation - potential error add remove event listener,0,0,"To determine whether the given software issue is INCOMPLETE, I will analyze it step-by-step:

1. **Steps to reproduce**: The issue description provides a clear explanation of the problem and the expected behavior, including code examples for both adding and removing event listeners in the context of Titanium.Geolocation. This suggests that the steps to reproduce are implicit in the description.

2. **Expected vs actual behaviour**: The description clearly outlines what is expected (the correct way to add and remove event listeners for location events) versus what is currently documented (an example that applies to window events, not Geolocation-specific events). This indicates a clear understanding of both the expected behavior and the actual behavior as described in the documentation.

3. **Acceptance criteria**: While the description does not explicitly state acceptance criteria, it implies that the corrected documentation should accurately reflect how to add and remove event listeners for location events. The request is specific enough to infer what constitutes ""correct"" documentation based on the provided examples.

4. **Affected components**: The issue specifically mentions Titanium.Geolocation, indicating which component or module is affected by this documentation error.

5. **Environment details**: There are no specific environment details mentioned that would affect how one interprets the request for updating the documentation. However, given the context of",bbafe4461bae1e97,llama3.1:8b,0,2026-06-17T10:27:22.022777,project_02,title_desc,incompleteness,few_shot_cot
ISSUE-40579,Doc BUG: Titanium.UI.iPad.Popover explicitly requires a View as child but in fact requires a Window,0,1,"Let's analyze the issue step by step:

1. **Steps to reproduce**: The description mentions that the documentation is incorrect, but it doesn't provide specific steps to reproduce the issue or how to verify the problem.
2. **Expected vs actual behavior**: The description explains the discrepancy between the documentation and the actual implementation of `Titanium.UI.iPad.Popover`. It's clear what the expected behavior should be (the correct usage of a Window) and what the actual behavior is (the incorrect usage specified in the documentation).
3. **Acceptance criteria**: While not explicitly stated, it can be inferred that the acceptance criteria would be to update the documentation to reflect the correct implementation.
4. **Affected components**: The issue affects the Titanium Mobile Documentation and possibly the `Titanium.UI.iPad.Popover` component itself.
5. **Environment details**: There are no specific environment details mentioned.

Based on this analysis, I conclude that the issue is missing essential information such as steps to reproduce and acceptance criteria.

Final Answer: Yes",d990a3ec94be6f7c,llama3.1:8b,0,2026-06-17T10:27:25.059691,project_02,title_desc,incompleteness,few_shot_cot
ISSUE-40465,APIDOC: Ti.UI.TableViewSection.borderRadius does not work,0,0,"To determine whether the given software issue is INCOMPLETE, I will analyze it step by step.

1. **Steps to reproduce**: The issue description includes a small test case that demonstrates how to reproduce the problem. This provides clear steps for others to replicate and investigate the issue.
2. **Expected vs actual behavior**: Although not explicitly stated as ""expected"" and ""actual,"" the description implies that there is an expected behavior (the border radius should work) and an observed actual behavior (it doesn't seem to have any effect).
3. **Acceptance criteria**: While not explicitly listed, the issue description mentions that according to the documentation, the border radius should work. This can be considered as a reference to the acceptance criteria.
4. **Affected components**: The affected component is mentioned: Ti.UI.TableViewSection.borderRadius in Titanium's API documentation.
5. **Environment details**: Although it's not explicitly stated, the issue description mentions testing on an iOS simulator, which provides some context about the environment.

Considering these points, I conclude that the issue has sufficient information to be considered complete.

Final Answer: No",61ae545a866e0516,llama3.1:8b,0,2026-06-17T10:27:28.324884,project_02,title_desc,incompleteness,few_shot_cot
ISSUE-38497,New documentation page needed for API Builder -> Swagger Specifications,0,1,"Let's analyze the issue step by step:

1. **Title**: The title is clear and concise, indicating what the issue is about.
2. **Description**: The description provides a brief summary of the requirement, stating that a new documentation page is needed for API Builder -> Swagger Specifications.
3. **Missing information**:
	* **Steps to reproduce**: There are no reproduction steps provided, which makes it difficult to understand how to test or verify the issue.
	* **Expected vs actual behaviour**: The description mentions what is expected (a new documentation page), but there's no mention of the current state or any specific requirements for the new page.
	* **Acceptance criteria**: There are no clear acceptance criteria defined, which makes it challenging to determine when the requirement is met.
	* **Affected components**: While the issue mentions API Builder and Swagger Specifications, it doesn't specify which components or systems will be impacted by this change.
	* **Environment details**: There's no mention of any specific environment or deployment requirements.

Based on this analysis, I conclude that the issue is missing essential information to be considered complete. Therefore:

Final Answer: Yes",e7fb95f7eb39c7f2,llama3.1:8b,0,2026-06-17T10:27:31.539988,project_02,title_desc,incompleteness,few_shot_cot
ISSUE-39864,ACS User - need to be able to delete user without logging in as that user,0,0,"Let's analyze the issue step by step:

1. **Title**: The title clearly states what the issue is about: deleting a user without logging in as that user.
2. **Description**: The description provides more context and explains why this feature is needed, including a reference to documentation that may be incorrect.
3. **Reproduction steps**: Although not explicitly stated, it can be inferred that Wei wants to use `curl` commands to test the functionality, but admits they are unsure of the syntax.

However, there are some missing essential information:

* **Expected vs actual behavior**: The description mentions that the documentation may be incorrect, implying that the expected behavior is different from what's currently documented. However, it would be helpful to have a clear statement of what the expected behavior should be.
* **Acceptance criteria**: While Wei mentions that they can support this feature, there are no specific acceptance criteria defined for what constitutes successful deletion without logging in as the user.
* **Affected components**: Although not explicitly stated, it's likely that the affected component is the Users API (as mentioned in the documentation reference).
* **Environment details**: The description assumes a certain environment (e.g., using `curl` commands), but it would be helpful to have more information about the specific",4e865dc78890fdb9,llama3.1:8b,0,2026-06-17T10:27:35.056464,project_02,title_desc,incompleteness,few_shot_cot
ISSUE-38249,Create and publish release note for API Builder 3.0.0,0,1,"Let's analyze the issue step by step:

1. **Steps to reproduce**: The description mentions that the API Builder Zoomin bundle is already on sandbox, but it doesn't specify how to create and publish a release note for API Builder 3.0.0. This suggests that reproduction steps are missing.
2. **Expected vs actual behaviour**: There's no clear statement of what the expected behavior should be after creating and publishing the release note. What should happen when a user views the release notes?
3. **Acceptance criteria**: The description doesn't provide any specific acceptance criteria for this feature, such as ""the release note should include a link to the API Builder Zoomin bundle"" or ""the release note should be visible on the API Builder dashboard"".
4. **Affected components**: While it's mentioned that the API Builder Zoomin bundle is already on sandbox, there's no clear indication of which specific components will be affected by this change.
5. **Environment details**: The description mentions prod and sandbox environments, but it doesn't specify any other relevant environment details.

Based on these observations, I conclude that the issue is missing essential information such as steps to reproduce, expected vs actual behavior, acceptance criteria, affected components, or environment details.

Final Answer: Yes",e046288c7e8ac5fe,llama3.1:8b,0,2026-06-17T10:27:38.501104,project_02,title_desc,incompleteness,few_shot_cot
ISSUE-38348,Improve the doc navigation,0,1,"Let's analyze the issue step by step:

1. **Steps to reproduce**: The issue description mentions a reference to another ticket (TIDOC-2890), but it doesn't provide clear steps to reproduce the problem or how to verify the current state of navigation.
2. **Expected vs actual behaviour**: The description mentions that consistent navigation is desired, but it doesn't explicitly state what the expected behavior should be in terms of user experience or functionality.
3. **Acceptance criteria**: While the issue description provides some information about the desired navigation model, it's not clear what specific acceptance criteria would need to be met for this feature to be considered complete.
4. **Affected components**: The issue mentions several products that need to have their content arranged accordingly, which suggests that multiple components are affected.
5. **Environment details**: There is no mention of any specific environment or deployment context.

Based on the analysis, I would say that the issue is missing essential information about steps to reproduce and expected vs actual behavior. While it provides some context and a desired navigation model, it's not clear how this will be implemented or what specific requirements need to be met for this feature to be considered complete.

Final Answer: Yes",40503ccdf05c364d,llama3.1:8b,0,2026-06-17T10:27:41.978452,project_02,title_desc,incompleteness,few_shot_cot
ISSUE-38714,incorrect link,0,0,"To determine whether this issue is INCOMPLETE, let's analyze it step by step:

1. **Title**: The title ""incorrect link"" clearly indicates a specific problem.
2. **Description**: The description provides more context about the issue, mentioning that the content for a specific page displays an incorrect link URL. It also references a screengrab to further illustrate the issue.
3. **Expected vs Actual Behaviour**: Although not explicitly stated as such, it's clear from the description that there is an expected behavior (the correct link) and an actual behavior (an incorrect link).
4. **Steps to Reproduce**: The description does not provide explicit steps to reproduce the issue but mentions a screengrab which could be used to understand how to reproduce or verify the issue.
5. **Acceptance Criteria**: There is no clear mention of what constitutes ""correct"" in terms of the link URL, making it difficult to determine if the issue is fully understood and can be resolved.
6. **Affected Components**: The description does not specify which components are affected by this issue.
7. **Environment Details**: There is no information about the environment in which this issue occurs.

Given these observations:

- While there's a clear problem statement, it lacks detailed steps to reproduce or acceptance criteria",e033ac01e91a5483,llama3.1:8b,0,2026-06-17T10:27:45.471238,project_02,title_desc,incompleteness,few_shot_cot
ISSUE-38876,404 page is (unformatted) landing page,0,0,"To determine whether this issue is INCOMPLETE, let's analyze it step by step:

1. **Steps to reproduce**: The description provides specific examples of invalid URLs that trigger the unformatted landing page, including both URLs under a certain path and in the root. This gives clear steps for reproduction.

2. **Expected vs actual behaviour**: It clearly states what is expected (a formatted landing page) versus what actually happens (an unformatted landing page).

3. **Acceptance criteria**: While not explicitly stated as ""acceptance criteria,"" it's implied that a 404 page should be formatted in some way, especially for URLs under certain paths.

4. **Affected components**: The issue specifically mentions the docs and their 404 pages, indicating which component is affected.

5. **Environment details**: There are no specific environment details mentioned beyond the URL examples provided, but given the context of a web application (docs), it's reasonable to assume this applies to the standard operational environment for accessing these documents.

Given that all essential information seems to be present in the issue description, including steps to reproduce, expected vs actual behavior, and affected components, I conclude:

Final Answer: No",07271d3cf3ee1dcf,llama3.1:8b,0,2026-06-17T10:27:48.775575,project_02,title_desc,incompleteness,few_shot_cot
ISSUE-38300,Add a migration banner to all pages in the guides2 space,0,0,"To determine whether the given software issue is INCOMPLETE, I'll analyze it step by step:

1. **Steps to reproduce**: The description mentions creating a script that adds a banner to all pages in the guides2 space, but it doesn't specify how to trigger this process or what specific actions should be taken to reproduce the issue (if any). However, since the task is about adding a feature/script, reproduction steps might not be directly applicable.

2. **Expected vs actual behaviour**: The description clearly states the expected behavior: adding a banner with specific instructions to all pages in the guides2 space. There's no mention of an actual problem or discrepancy from what's expected, which suggests that this is more about implementing a feature than addressing a bug.

3. **Acceptance criteria**: While there are specifics about the text and its content, there's no clear statement of acceptance criteria for when the task is considered complete. For example, how will it be verified that all pages have been updated correctly? Are there specific metrics or checks to ensure the banner is visible and readable on various devices?

4. **Affected components**: The description mentions adding a script to add a banner in the guides2 space, which implies that this task affects the content management system or similar components responsible for",c68d15bda35a9be9,llama3.1:8b,0,2026-06-17T10:27:52.214611,project_02,title_desc,incompleteness,few_shot_cot
ISSUE-38460,web site link doesn't exist,0,1,"Let's analyze the issue step by step:

1. **Steps to reproduce**: The description mentions clicking on a specific link on a webpage, which implies that reproduction steps are provided.
2. **Expected vs actual behaviour**: Although not explicitly stated, it can be inferred that the expected behavior is for the link to exist and work as intended, while the actual behavior is that the link does not exist.
3. **Acceptance criteria**: There is no clear mention of what constitutes ""acceptance"" in this case. Are we looking for a specific error message? A redirect to another page? Something else?
4. **Affected components**: The description mentions a webpage and a link, but it's unclear which specific components or systems are affected.
5. **Environment details**: The issue is related to a specific webpage on the Appcelerator website, so some environment details (e.g., URL) are provided.

Based on this analysis, I would say that the issue is missing essential information about acceptance criteria and possibly affected components. Therefore:

Final Answer: Yes",a507135c125b326f,llama3.1:8b,0,2026-06-17T10:27:55.246939,project_02,title_desc,incompleteness,few_shot_cot
ISSUE-40544,Android: documentation about how to handle Android app first run is missing,0,1,"Let's analyze the issue step by step:

1. **Steps to reproduce**: The issue description mentions that Android apps need to be restarted when installed after being downloaded from market, but it doesn't provide specific steps on how to reproduce this behavior.
2. **Expected vs actual behaviour**: The issue description states what is expected (the app should handle the first run correctly) and what is actually happening (the app needs to be restarted), so this information is present.
3. **Acceptance criteria**: There are no explicit acceptance criteria mentioned in the issue description, but it does mention that some workarounds have been implemented (TIMOB-4941).
4. **Affected components**: The issue is related to Android apps and their behavior on first run, but it doesn't specify which specific components or modules of the app are affected.
5. **Environment details**: The issue description mentions that the problem occurs when installing an app from the market, but it doesn't provide any other relevant environment details.

Based on this analysis, I would say that the issue is missing essential information such as steps to reproduce and acceptance criteria.

Final Answer: Yes",bcd062fc70a0b8d8,llama3.1:8b,0,2026-06-17T10:27:58.478106,project_02,title_desc,incompleteness,few_shot_cot
ISSUE-39279,iOS: createEmailDialog method doesn't work on some devices,0,-1,"Let's analyze the issue step by step:

1. **Title and Description**: The title clearly indicates that the issue is related to a specific method (`createEmailDialog`) in an iOS environment. The description provides some reproduction steps and details about the expected behavior.
2. **Steps to Reproduce**: Although not explicitly stated, we can infer the steps from the description:
	* Use the code snippet provided
	* Observe the behavior on different devices (iOS 7 simulator, iPad 2 with iOS 7, etc.)
3. **Expected vs Actual Behavior**: The description clearly states what is expected to happen and what actually happens on certain devices.
4. **Acceptance Criteria**: Not explicitly stated, but we can infer that the acceptance criteria might be related to the method working correctly on all supported devices.
5. **Affected Components**: Although not mentioned, it's likely that the affected component is the `createEmailDialog` method in the iOS environment.
6. **Environment Details**: The description provides details about the environments where the issue occurs (iOS 7 simulator, iPad 2 with iOS 7, etc.).

Considering these points, I would say that the issue is not missing any essential information. It provides a clear description of the problem, steps to reproduce",55aef1a1f933883c,llama3.1:8b,0,2026-06-17T10:28:01.946407,project_02,title_desc,incompleteness,few_shot_cot
ISSUE-38926,Update iOS Interactive Notifications guide for Apple Watch,0,1,"Let's analyze the issue step by step:

1. **Steps to reproduce**: The description mentions a specific link to a guide that needs to be updated, but it doesn't provide any steps on how to reproduce the issue or verify its existence.
2. **Expected vs actual behaviour**: The description states that the guide does not cover Apple Watch, which implies an expected behavior (the guide should include information about Apple Watch). However, there is no explicit mention of what the actual behavior is (e.g., the current state of the guide).
3. **Acceptance criteria**: While the issue mentions a sample code on GitHub, it doesn't provide clear acceptance criteria for updating the guide.
4. **Affected components**: The description mentions a specific guide and a sample code, which implies that these are affected components.
5. **Environment details**: There is no mention of any specific environment or platform requirements.

Based on this analysis, I would say that the issue is missing essential information such as steps to reproduce, expected vs actual behavior, and acceptance criteria.

Final Answer: Yes",5f567f5a429e3056,llama3.1:8b,0,2026-06-17T10:28:04.952825,project_02,title_desc,incompleteness,few_shot_cot
ISSUE-40983,APIDoc: Remove click type events for mapview,0,0,"To determine whether this issue is INCOMPLETE, let's analyze it step by step:

1. **Steps to reproduce**: The description mentions a JIRA ticket reference (TIMOB-1104) that explains the problem with click events on mapviews. However, there are no explicit steps provided in the current issue for reproducing the problem or verifying its resolution.

2. **Expected vs actual behaviour**: The description clearly states what is expected to happen (the removal of certain event types from API docs) and what actually happens (these events are still listed). This matches the format of ""expected: [something]"" which suggests it's complete in this regard.

3. **Acceptance criteria**: While there isn't a detailed list of acceptance criteria, the description implies that the resolution is correct if these event types are removed from the API docs as per the referenced JIRA ticket. However, for an issue to be considered complete, specific acceptance criteria should ideally be listed or implied clearly.

4. **Affected components**: The affected component here is the API documentation related to mapviews and their events. This is somewhat implied but could be clearer if explicitly stated.

5. **Environment details**: There's no mention of any environment-specific requirements or considerations that would affect how this issue is addressed.",2aabae8dc4f51a9d,llama3.1:8b,0,2026-06-17T10:28:08.367974,project_02,title_desc,incompleteness,few_shot_cot
ISSUE-40873,APIDoc: ImageView Documentation clarification,0,0,"To determine whether this issue is INCOMPLETE, let's analyze it step by step:

1. **Steps to reproduce**: The issue includes two examples that demonstrate the problem with ImageView scaling on both iPhone and Android devices. These examples are clear and concise, making it easy for someone else to replicate the issue.

2. **Expected vs actual behavior**: The description clearly states what is expected (the image should scale proportionally based on either height or width) versus what actually happens (the image does not scale correctly).

3. **Acceptance criteria**: While there isn't a formal list of acceptance criteria, the description implies that the documentation should be corrected to reflect the actual behavior of Titanium's ImageView.

4. **Affected components**: The issue is related to Titanium's ImageView component, so it's clear which component is affected.

5. **Environment details**: Although not explicitly stated, the examples provided (iPhone and Android devices) imply that this issue affects multiple environments.

Given these points, I conclude that the issue is complete because it includes essential information such as steps to reproduce, expected vs actual behavior, acceptance criteria (implied), affected components, and environment details.

Final Answer: No",f9d9735979217ee0,llama3.1:8b,0,2026-06-17T10:28:11.767649,project_02,title_desc,incompleteness,few_shot_cot
ISSUE-38583,Nodejs reset password token,0,0,"Let's analyze the issue step by step:

1. **Steps to reproduce**: The description mentions a specific scenario where the user is using their own template for password reset and observes that the ""reset_password_token"" is not being passed. However, it does not provide explicit steps to reproduce this issue.
2. **Expected vs actual behavior**: The description states that the expected behavior is for the ""reset_password_token"" to be passed from the email template, but it's not clear what the actual behavior is (e.g., an error message, a blank page, etc.). Additionally, there's a mention of a problem with documentation, which seems unrelated to the issue at hand.
3. **Acceptance criteria**: There are no clear acceptance criteria mentioned in the description.
4. **Affected components**: The description mentions ""my own template"" and a specific endpoint (https://[your_url.com]/[your_method]?reset_password_token=), but it's not clear which components or modules are affected by this issue.
5. **Environment details**: There is no mention of any environment-specific details, such as the operating system, browser, or Node.js version.

Based on these observations, I would conclude that the issue is missing essential information, specifically steps to reproduce and acceptance criteria",39b45fb337a5cccd,llama3.1:8b,0,2026-06-17T10:28:15.305098,project_02,title_desc,incompleteness,few_shot_cot
ISSUE-38547,Create and publish release note for Alloy 1.9.2,0,0,"Let's analyze the given issue step by step:

1. **Title**: The title clearly states what needs to be done (""Create and publish release note for Alloy 1.9.2""). However, there seems to be a discrepancy in the version numbers mentioned in the title (Alloy 1.9.2) and the description (Alloy 5.5.0). This inconsistency might indicate that the issue is not clearly defined.

2. **Description**: The description mentions creating and publishing the release note for Alloy 5.5.0, which seems to be a different version than what's mentioned in the title. This discrepancy raises questions about the scope of the task.

3. **Steps to Reproduce**: There are no specific steps provided on how to reproduce this issue or even if it is an issue that can be reproduced (e.g., through testing).

4. **Expected vs Actual Behaviour**: The description does not specify what the expected behavior should be for creating and publishing a release note, nor does it mention any actual discrepancies.

5. **Acceptance Criteria**: There are no clear acceptance criteria provided to determine if the task has been completed successfully.

6. **Affected Components**: It's unclear which components of the system would be affected by this change",3dd99079418af676,llama3.1:8b,0,2026-06-17T10:28:18.858009,project_02,title_desc,incompleteness,few_shot_cot
ISSUE-39410,"Doctools: hide ACS REST API """"pseudo types"""" in API reference TOC",0,0,"Let's analyze the issue step-by-step:

1. **Steps to reproduce**: The description mentions specific API methods and data types that are causing the issue, but it doesn't explicitly state how to reproduce the problem. However, based on the description, a user with knowledge of the API could infer the steps to reproduce.
2. **Expected vs actual behavior**: The description clearly states what is expected (hide pseudo-types in the TOC) and what is actually happening (pseudo-types are visible).
3. **Acceptance criteria**: While not explicitly stated, it can be inferred that hiding pseudo-types in the TOC would be considered a success.
4. **Affected components**: The issue mentions specific API methods and data types, which implies that the affected component is likely the API reference documentation or the underlying code generating the TOC.
5. **Environment details**: There are no explicit environment details mentioned, but based on the context, it's likely that this issue applies to a specific version of the Doctools application.

Considering these points, I would say that the issue is missing some essential information, specifically:

* Explicit steps to reproduce
* More detailed acceptance criteria

However, since the description provides enough context for someone familiar with the API and its documentation to understand the problem,",c8be7c3664bd2a65,llama3.1:8b,0,2026-06-17T10:28:22.486603,project_02,title_desc,incompleteness,few_shot_cot
ISSUE-38316,Remove Mobile Web Support Reference from documentation,0,1,"Let's analyze the issue step by step:

1. **Steps to reproduce**: The issue description mentions that with SDK 7.0 release, Mobile Web Support will be discontinued. However, it doesn't specify how to reproduce the problem or what specific actions should be taken to verify the issue.
2. **Expected vs actual behaviour**: The issue description states that references to Mobile Web need to be removed from the documentation. This implies an expected behavior (removal of references) but does not explicitly state the actual behavior (what happens if the references are not removed).
3. **Acceptance criteria**: While the issue mentions the specific references that need to be removed, it doesn't provide clear acceptance criteria for what constitutes ""complete removal"" or how to verify that all relevant references have been removed.
4. **Affected components**: The issue description mentions documentation, but it's unclear which specific components of the documentation are affected (e.g., specific pages, sections, or files).
5. **Environment details**: There is no mention of any specific environment or configuration requirements for this issue.

Based on these observations, I conclude that the issue is missing essential information such as steps to reproduce and acceptance criteria.

Final Answer: Yes",ccf934708a35adf9,llama3.1:8b,0,2026-06-17T10:28:25.883310,project_02,title_desc,incompleteness,few_shot_cot
ISSUE-40070,DocTools: Allow linking to guides sections by name in Cloud docs,0,1,"Let's analyze the issue step by step:

1. **Steps to reproduce**: The description mentions that ""Currently, JSDuck only creates anchors with numbered sections"", but it doesn't provide a clear way to reproduce this issue or how to verify if the problem is fixed.
2. **Expected vs actual behaviour**: The description states what the current behavior is (JSDuck creates anchors with numbered sections), but it doesn't explicitly state what the expected behavior should be (allowing linking to guides sections by name).
3. **Acceptance criteria**: There are no clear acceptance criteria mentioned in the description.
4. **Affected components**: The issue mentions ""lib/jsduck"", which implies that this component is affected, but it's not explicitly stated.
5. **Environment details**: There are no specific environment details mentioned.

Based on these observations, I would say that the issue is missing essential information such as steps to reproduce and expected vs actual behavior. Therefore:

Final Answer: Yes",a59b3b640f580a69,llama3.1:8b,0,2026-06-17T10:28:28.834040,project_02,title_desc,incompleteness,few_shot_cot
ISSUE-38806,Alloy Map sample code needs to be updated,0,0,"To determine whether the given software issue is INCOMPLETE, I will analyze it step by step:

1. **Steps to reproduce**: The description mentions a specific URL and a change from ""}"" to ""} tag"", which implies that reproducing this issue involves accessing the provided documentation link and comparing the current sample code with the updated version using ""} tag"". This suggests that reproduction steps are included.

2. **Expected vs actual behaviour**: Although not explicitly stated, the implication is that the expected behavior is for the Alloy map sample to use ""} tag"" instead of ""}"". The actual behavior is described as needing an update. While it's a bit implicit, the comparison between what should be and what currently is suggests understanding of expected vs actual behavior.

3. **Acceptance criteria**: There isn't explicit mention of acceptance criteria such as how the updated code will be tested or verified to ensure it meets requirements. However, the description implies that using ""} tag"" instead of ""}"" is the correct action, which could be considered a form of implicit acceptance criterion.

4. **Affected components**: The issue specifically mentions updating Alloy map sample code, indicating that the affected component is likely related to this feature or module within the application.

5. **Environment details**: There's no mention of specific environments (",9cd669b61d236b06,llama3.1:8b,0,2026-06-17T10:28:32.254515,project_02,title_desc,incompleteness,few_shot_cot
ISSUE-40752,As a Titanium developer,0,1,"Let's analyze the issue step by step:

1. **Title**: The title is clear and concise, indicating that it's about accessing APIDoc for specific Titanium APIs.
2. **Description**: The description provides some context, mentioning the specific API files (Titanium/Database/Database.yml, Titanium/Database/DB.yml, and Titanium/Database/ResultSet.yml) for which access to complete and accurate APIDoc is desired.

However, upon closer inspection, I notice that:

* There are no **steps to reproduce** the issue or how to verify the problem.
* The **expected vs actual behaviour** is not clearly stated. What exactly is the expected outcome when accessing these API files?
* There are no **acceptance criteria** defined for what constitutes ""complete and accurate"" APIDoc.
* The **affected components** (e.g., specific modules, APIs) are mentioned, but it's unclear which ones are impacted by this issue.
* There are no **environment details**, such as the operating system, browser, or Titanium version.

Considering these missing pieces of information, I conclude that:

Final Answer: Yes",e28e8bef771af4f1,llama3.1:8b,0,2026-06-17T10:28:35.550791,project_02,title_desc,incompleteness,few_shot_cot
ISSUE-38413,Update API Builder Doc landing page on Axway Doc Portal,0,0,"Let's analyze the issue step by step:

1. **Steps to reproduce**: The issue description mentions that there is an attachment with an outline of how API Builder documentation should be structured, but it does not provide any specific steps on how to reproduce the current state or what actions are needed to update the landing page.
2. **Expected vs actual behaviour**: The issue description states that the current landing page needs to be updated, implying that there is a discrepancy between the expected and actual behavior. However, it does not explicitly describe the expected behavior after the update.
3. **Acceptance criteria**: There is no clear mention of acceptance criteria in the issue description. While the attachment with an outline may provide some guidance, it's not explicitly stated as part of the acceptance criteria.
4. **Affected components**: The issue mentions that the API Builder Doc landing page on Axway Doc Portal needs to be updated, which implies that the affected component is the documentation portal. However, this is not explicitly stated in the issue description.
5. **Environment details**: There are no specific environment details mentioned in the issue description.

Based on these observations, I conclude that the issue is missing essential information such as steps to reproduce, expected vs actual behavior, acceptance criteria, and affected components.

Final Answer",fa2ea41a32d0feb6,llama3.1:8b,0,2026-06-17T10:28:38.970575,project_02,title_desc,incompleteness,few_shot_cot
ISSUE-40079,APIDoc: iOS: Sound player volume -- setting device volume,0,1,"Let's analyze the issue step by step:

1. **Title**: The title ""APIDoc: iOS: Sound player volume -- setting device volume"" clearly indicates that this is a documentation issue related to the sound player on iOS.
2. **Description**: The description provides some context about the problem, but it seems more like a copy-paste from another bug report (the original bug description). It mentions the expected behavior and the current behavior, which is helpful.
3. **Steps to reproduce**: The steps to reproduce are provided, which is excellent. This will help developers understand how to test the issue.

However, upon closer inspection, I notice that:

* There's no clear mention of what information is missing or what specific requirements need to be documented.
* The description seems more like a copy-paste from another bug report, rather than a concise summary of the documentation requirement.
* While the steps to reproduce are provided, they seem more related to testing the sound player on iOS, rather than documenting its behavior.

Considering these points, I would say that this issue is missing essential information about what needs to be documented and how it should be done. The description seems incomplete, and there's no clear acceptance criteria or environment details mentioned.

**Final Answer: Yes**",1feb6351305c029b,llama3.1:8b,0,2026-06-17T10:28:42.522950,project_02,title_desc,incompleteness,few_shot_cot
ISSUE-39208,Clarify 'autoStyle' docs,0,0,"To determine whether this issue is INCOMPLETE, let's analyze it step by step:

1. **Steps to reproduce**: The description does not explicitly mention steps to reproduce the issue or how to clarify the documentation. However, given that the issue seems to be about understanding and possibly reorganizing existing documentation, it might not require reproduction steps in the classical sense.

2. **Expected vs actual behaviour**: The description mentions a need for clarification on what ""take full advantage"" and ""properly update"" mean in the context of autoStyle. This implies there's an expectation that the current documentation is unclear or insufficient regarding these points, but it doesn't explicitly state expected versus actual behavior.

3. **Acceptance criteria**: There are no clear acceptance criteria mentioned for this issue. It seems to be more about improving documentation clarity rather than implementing a new feature with specific requirements.

4. **Affected components**: The description mentions Alloy docs and the autoStyle functionality, but it doesn't explicitly state which components or parts of the system would be affected by the changes proposed.

5. **Environment details**: There's no mention of any specific environment details that are relevant to this issue.

Given these points, while the issue seems clear in its intent (improving documentation), it lacks essential information",d8d2aa7c441b2a8a,llama3.1:8b,0,2026-06-17T10:28:46.014839,project_02,title_desc,incompleteness,few_shot_cot
ISSUE-38600,Confirm and/or update Migrating Node.ACS Applications to Arrow page,0,-1,"To determine whether this issue is INCOMPLETE, let's analyze it step by step:

1. **Steps to reproduce**: The description links to a wiki page that contains detailed steps for migrating Node.ACS applications to Arrow. However, the issue itself does not explicitly mention these steps; instead, it refers readers to the linked resource. This could be considered incomplete because the essential information is provided in an external link rather than within the issue.

2. **Expected vs actual behaviour**: The description outlines what needs to be confirmed or updated (""Confirm and/or update""), but it doesn't clearly state the expected behavior after these updates are made. It mentions specific sections that need attention, but it does not specify how they should behave post-update. This lack of clarity on expected outcomes could be seen as incomplete.

3. **Acceptance criteria**: The issue lists several areas (""Introduction"", ""package.json"", etc.) that require confirmation or update. However, it doesn't provide clear acceptance criteria for what constitutes a successful update in each area. For example, how will we know if the introduction is correctly updated? What specific changes are expected?

4. **Affected components**: The description mentions various folders and files within an Arrow project (e.g., ""controllers folder"", ""filters folder""), but it",bca8a3e85540d644,llama3.1:8b,0,2026-06-17T10:28:49.487229,project_02,title_desc,incompleteness,few_shot_cot
ISSUE-40801,APIDoc: Background Gradient options not documented,0,1,"Let's analyze the given issue step by step:

1. **Title**: The title is clear and concise, indicating that it's about documenting background gradient options in API documentation.
2. **Description**: The description explains the current state of the documentation and what needs to be added (a pseudotype for the background gradient object).
3. **Reproduction steps**: There are no specific reproduction steps mentioned, which could make it difficult to verify if the issue is resolved or not.
4. **Expected vs actual behavior**: The expected behavior is that the API documentation should include information about background gradient options, but there's no mention of what the current (actual) behavior is.
5. **Acceptance criteria**: There are no clear acceptance criteria mentioned, such as ""the pseudotype should be added to the relevant section"" or ""the documentation should include a specific example"".
6. **Affected components**: The affected component is not explicitly mentioned, but it's likely related to the API documentation system.
7. **Environment details**: There are no environment-specific details mentioned.

Based on this analysis, I would say that the issue is missing essential information such as reproduction steps, expected vs actual behavior, and acceptance criteria.

Final Answer: Yes",3483da2edabb4da3,llama3.1:8b,0,2026-06-17T10:28:52.907024,project_02,title_desc,incompleteness,few_shot_cot
ISSUE-40937,APIDoc: Facebook code snippet not being rendered,0,-1,"To determine whether the given software issue is INCOMPLETE, I will analyze it step by step.

1. **Steps to reproduce**: The description mentions a specific module ([Titanium.Facebook|http://developer.appcelerator.com/apidoc/mobile/latest/Titanium.Facebook-module]) and a specific code snippet that is not being rendered properly. This implies that the issue can be reproduced by accessing this module and examining the code snippet.

2. **Expected vs actual behaviour**: The description clearly states what the expected behavior should be (""It should be: <property name=""""ti.facebook.appid"""">your_app_id_here</property>"") and contrasts it with the actual behavior (""is not being rendered properly"").

3. **Acceptance criteria**: While there isn't a detailed list of acceptance criteria, the issue description provides enough information to understand what is expected from the rendering of this code snippet.

4. **Affected components**: The affected component is identified as ""Titanium.Facebook"" module, which is specific and helps in pinpointing where the problem lies.

5. **Environment details**: Although not explicitly mentioned, based on the context (a Titanium module), it can be inferred that the environment is likely a development or testing environment for mobile applications using Titanium.

Given this analysis, I",48db5be4ce053a53,llama3.1:8b,0,2026-06-17T10:28:56.343229,project_02,title_desc,incompleteness,few_shot_cot
ISSUE-38132,Create and publish release note for CLI 7.0.6.RC,0,0,"Let's analyze the given issue step by step:

1. **Title**: The title clearly indicates that it is about creating a release note for a specific version of the Command Line Interface (CLI), which is 7.0.6.RC.
2. **Description**: The description simply reiterates what the title says, without providing any additional context or details.

Now, let's check if the issue is missing essential information:

- **Steps to reproduce**: There are no steps provided on how to create and publish a release note for CLI 7.0.6.RC.
- **Expected vs actual behaviour**: The description does not specify what the expected outcome should be or what the current actual behavior is regarding release notes for this version of the CLI.
- **Acceptance criteria**: There are no clear acceptance criteria specified, such as what needs to be included in the release note, how it should look, etc.
- **Affected components**: The description does not specify which components of the system or process will be affected by creating and publishing a release note for this version of the CLI.
- **Environment details**: There is no mention of any specific environment requirements or constraints related to creating and publishing the release note.

Given that the issue lacks essential information such as steps to",b9482eb1c5d57252,llama3.1:8b,0,2026-06-17T10:28:59.840065,project_02,title_desc,incompleteness,few_shot_cot
ISSUE-38986,Android Themes guide needs serious updating,0,1,"To determine whether the given software issue is INCOMPLETE, I will analyze it step by step.

1. **Steps to reproduce**: The description does not explicitly mention steps to reproduce the issue or how to verify the problem.
2. **Expected vs actual behavior**: The description mentions that the guide needs updating, but it doesn't clearly state what the expected behavior should be after the update.
3. **Acceptance criteria**: There are no clear acceptance criteria mentioned in the description.
4. **Affected components**: Although not explicitly stated, it can be inferred that the affected component is the Android Themes guide documentation.
5. **Environment details**: The environment details (e.g., platform version, device type) are not specified.

Considering these points, I conclude that the issue lacks essential information such as steps to reproduce and expected vs actual behavior, making it INCOMPLETE.

Final Answer: Yes",4804aba5b3e694dd,llama3.1:8b,0,2026-06-17T10:29:02.711957,project_02,title_desc,incompleteness,few_shot_cot
ISSUE-38790,Update and extend guide on Transitions,0,1,"Let's analyze the issue step by step:

1. **Steps to reproduce**: The issue description does not mention any specific steps to reproduce the problem or scenario.
2. **Expected vs actual behaviour**: There is a mention of an outdated guide and a need for an update, but no clear statement on what the expected behavior should be after the update.
3. **Acceptance criteria**: While there's a reference to a walkthrough on Android Transitions, it's not explicitly stated as the acceptance criteria or how the updated guide will meet the requirements.
4. **Affected components**: The issue description mentions an outdated guide and a need for an update, but it doesn't specify which components (e.g., documentation system, UI elements) are affected by this change.
5. **Environment details**: There's no mention of specific environments or configurations that might be relevant to the issue.

Considering these points, I would conclude that the issue is missing essential information such as steps to reproduce, expected vs actual behavior, acceptance criteria, and environment details.

Final Answer: Yes",212ff1f5df08dce8,llama3.1:8b,0,2026-06-17T10:29:05.762645,project_02,title_desc,incompleteness,few_shot_cot
ISSUE-38051,Ti.Platform.id documentation needs clarification,0,1,"To determine whether the given software issue is INCOMPLETE, I will analyze it step by step:

1. **Steps to reproduce**: The description does not explicitly mention steps to reproduce the issue or how to clarify the documentation.
2. **Expected vs actual behaviour**: The description mentions that the current docs are ""vague"" and implies that there's a discrepancy between expected and actual understanding of `Ti.Platform.id`. However, it doesn't clearly state what the expected behavior should be.
3. **Acceptance criteria**: There is no clear statement of what constitutes acceptable documentation for `Ti.Platform.id`.
4. **Affected components**: The issue seems to be related to the documentation of a specific platform feature (`Ti.Platform.id`), but it's not explicitly stated which components or systems are affected by this documentation.
5. **Environment details**: The description does mention Android and iOS, but it doesn't specify any environment-specific requirements or constraints.

Given these observations, I conclude that the issue is missing essential information such as steps to reproduce, expected vs actual behavior, acceptance criteria, and environment details.

Final Answer: Yes",095eea76e3144297,llama3.1:8b,0,2026-06-17T10:29:08.875100,project_02,title_desc,incompleteness,few_shot_cot
ISSUE-38667,Create and publish Studio 4.7.1.GA release note,0,1,"Let's analyze the given issue step by step:

1. **Title**: The title is clear and concise, indicating that it's about creating a release note for Studio 4.7.1.GA.
2. **Description**: The description simply states ""Create and publish release note for Studio 4.7.1.GA."" without providing any additional context or details.

Considering the essential information required to determine if an issue is INCOMPLETE:

* **Steps to reproduce**: Not provided.
* **Expected vs actual behaviour**: Not explicitly stated, but it's implied that the expected behavior is to create and publish a release note.
* **Acceptance criteria**: Not specified.
* **Affected components**: Not mentioned.
* **Environment details**: Not given.

Since the issue lacks essential information such as steps to reproduce, acceptance criteria, affected components, or environment details, I conclude that it is INCOMPLETE.

Final Answer: Yes",0be3092454404f1e,llama3.1:8b,0,2026-06-17T10:29:11.700871,project_02,title_desc,incompleteness,few_shot_cot
ISSUE-38004,Link for 'Titanium.UI.iOS.SystemButton' seems to be broken,0,-1,"To determine whether this issue is INCOMPLETE, let's analyze it step by step:

1. **Steps to reproduce**: The description mentions that clicking on a specific link leads to an unexpected outcome. This implies there are steps to reproduce the issue: click on the link for 'Titanium.UI.iOS.SystemButton' from the specified page.

2. **Expected vs actual behaviour**: The description clearly states what is expected (the link should work) and what actually happens (it takes you to the main docs page instead). This matches the expected behavior, indicating that the issue includes a comparison of expected versus actual outcomes.

3. **Acceptance criteria**: While not explicitly stated as ""acceptance criteria,"" the description implies certain conditions for the link's functionality: it should work correctly and take the user to the correct documentation page for 'Titanium.UI.iOS.SystemButton'. This can be considered implicit acceptance criteria, though ideally, they would be more formally defined.

4. **Affected components**: The issue mentions a specific component or module ('Titanium.UI.iOS.SystemButton') that is affected by this problem. This indicates knowledge of which part of the system is involved.

5. **Environment details**: The description specifies the page from where the link is being clicked and the expected outcome, implying some",1a312e8e0674b10c,llama3.1:8b,0,2026-06-17T10:29:15.114896,project_02,title_desc,incompleteness,few_shot_cot
ISSUE-38293,Create and publish release note for SDK 6.3.0.GA,0,0,"Let's analyze the given issue step by step:

1. **Title**: The title clearly states what needs to be done (""Create and publish release note for SDK 6.3.0.GA"").
2. **Description**: However, upon closer inspection, there seems to be a discrepancy in the description. It mentions ""SDK 6.2.3.GA"" instead of ""SDK 6.3.0.GA"". This inconsistency raises questions about what exactly needs to be done.
3. **Steps to reproduce**: There are no specific steps provided on how to create and publish a release note, which is essential information for reproducing the issue or implementing the solution.
4. **Expected vs actual behaviour**: The description does not specify what the expected outcome should be after creating and publishing the release note.
5. **Acceptance criteria**: There is no clear definition of what constitutes a successful creation and publication of the release note, which are essential for determining whether the issue has been resolved.
6. **Affected components**: It's unclear which specific components or systems will be impacted by this change.
7. **Environment details**: The description does not provide any information about the environment in which the release note should be created and published.

Given these observations, it appears that",e99655039519682c,llama3.1:8b,0,2026-06-17T10:29:18.585547,project_02,title_desc,incompleteness,few_shot_cot
ISSUE-39823,Guides: Update Launch options,0,1,"Let's analyze the issue step by step:

1. **Steps to reproduce**: The description mentions that there are multiple instances of outdated information in the guides, but it doesn't specify how to identify these instances or what steps to take to update them.
2. **Expected vs actual behaviour**: The description states that the target names and options have changed, implying that the current behavior is incorrect. However, it doesn't explicitly state what the expected behavior should be after updating the guides.
3. **Acceptance criteria**: There are no clear acceptance criteria mentioned in the description. What constitutes ""updated"" or ""correct""? Are there specific requirements for the updated text?
4. **Affected components**: The issue is related to the guides, but it's not clear which specific components (e.g., documentation tools, formatting scripts) will be affected by this update.
5. **Environment details**: There are no environment-specific details mentioned in the description.

Based on these observations, I conclude that the issue is missing essential information, specifically steps to reproduce and acceptance criteria.

Final Answer: Yes",d029f360f03f0d23,llama3.1:8b,0,2026-06-17T10:29:21.646789,project_02,title_desc,incompleteness,few_shot_cot
ISSUE-38256,Document required Android modules changes due to V8 changes,0,-1,"To determine whether this issue is INCOMPLETE, let's analyze its components:

1. **Title**: ""Document required Android modules changes due to V8 changes"" - The title clearly indicates what the issue is about.
2. **Description**: ""We require developers to recompile all their Android modules in 7.0.0 due to the breaking changes in V8. We definitely need a guide that devs can use to update their modules. Maybe we can even provide a small hook in our module-build that migrates it automatically. This is required before the GA."" - The description provides context, including:
   - **Expected Behaviour**: Developers need to recompile Android modules due to V8 changes.
   - **Affected Components**: Android modules.
   - **Environment Details**: Version 7.0.0 and the impact of V8 changes.

However, it lacks specific details on how to reproduce the issue (steps to reproduce), what exactly needs to be documented in the guide, and acceptance criteria for the solution.

3. **Reasoning**: Based on the description provided, while there's a clear understanding of the problem and its context, including affected components and environment details, the steps to reproduce are not explicitly mentioned, nor is there detailed information on what should be included",b01aff33462c6f78,llama3.1:8b,0,2026-06-17T10:29:25.037882,project_02,title_desc,incompleteness,few_shot_cot
ISSUE-39381,Node.ACS cannot catch stdout & stderr from child processes forked by app,0,0,"To determine whether this issue is INCOMPLETE, I'll analyze it step-by-step:

1. **Steps to reproduce**: The description mentions specific commands ('acs loglist' and 'acs logcat') that are used to show logs from a Node.ACS app. This implies that the steps to reproduce the issue are provided.
2. **Expected vs actual behaviour**: The description states what is expected (catching stdout & stderr from child processes) but also mentions what actually happens (outputs from child processes forked by the app root process will not be caught). This provides a clear understanding of the expected and actual behavior.
3. **Acceptance criteria**: Although not explicitly stated, it can be inferred that the acceptance criterion is to catch stdout & stderr from all child processes, not just the root process.
4. **Affected components**: The description mentions Node.ACS, which implies that this issue affects the Node.ACS component or system.
5. **Environment details**: There are no specific environment details mentioned in the description.

Based on this analysis, I conclude that the issue is missing essential information about the expected behavior for child processes and possibly acceptance criteria. However, it does provide steps to reproduce, expected vs actual behavior, affected components, and some context about the environment (Node",f07fa3c3c7c9fbfb,llama3.1:8b,0,2026-06-17T10:29:28.500544,project_02,title_desc,incompleteness,few_shot_cot
ISSUE-40888,APIDoc: remove from docs advice about passing functions cross-context,0,0,"Let's analyze the issue step by step:

1. **Title**: The title is clear and concise, indicating that it's about removing a section from the API documentation.
2. **Description**: The description provides context for why this change is needed, referencing conversations with team members and changes in iOS memory management. It also explains the recommended approach going forward.
3. **Reproduction steps**: There are no explicit reproduction steps provided, but the issue seems to be more about a documentation update rather than a functional bug that needs reproducing.
4. **Expected vs actual behavior**: The description implies that the expected behavior is to remove the section from the API documentation, as it's no longer recommended to pass functions cross-context.
5. **Acceptance criteria**: While not explicitly stated, the acceptance criteria could be considered implicit in the description: removing the section and replacing it with information about passing simple objects and JSON via custom events.
6. **Affected components**: The affected component is likely the API documentation (specifically, the Titanium.UI.Window-object > Passing Data page).
7. **Environment details**: There are no specific environment details mentioned.

Considering these points, I would say that the issue is missing explicit reproduction steps, but this might not be necessary for a documentation update. However,",6c1fbd58564fbe35,llama3.1:8b,0,2026-06-17T10:29:32.043654,project_02,title_desc,incompleteness,few_shot_cot
ISSUE-39024,Migration: Node.ACS instructions should link new guide,0,1,"Let's analyze the issue step by step:

1. **Title**: The title is clear and concise, indicating that it's about migrating Node.ACS instructions.
2. **Description**: The description provides a link to the migration page and explains what needs to be done: linking the old guide to the new one for both directions (Node.ACS to Arrow and vice versa).
3. **Missing information**:
	* **Steps to reproduce**: Not provided, but it's not entirely necessary in this case since the issue is relatively straightforward.
	* **Expected vs actual behaviour**: The description implies that the expected behavior is to have a link between the old and new guides, but it doesn't explicitly state what the current behavior is (i.e., whether there are no links or incorrect links).
	* **Acceptance criteria**: Not provided. What constitutes ""correct"" linking? Are there specific requirements for the link's appearance or functionality?
	* **Affected components**: Not mentioned.
	* **Environment details**: Not specified.

Considering these points, I would say that the issue is missing essential information, specifically acceptance criteria and expected vs actual behavior.

Final Answer: Yes",27b41190d7ae21cb,llama3.1:8b,0,2026-06-17T10:29:35.428107,project_02,title_desc,incompleteness,few_shot_cot
ISSUE-38189,Update Pull Request Guide and Building SDK From source,0,-1,"Let's analyze the issue step by step:

1. **Title**: The title is clear and concise, indicating that the issue is about updating two specific guides.
2. **Description**: The description provides context for why the update is needed, mentioning a community member's attempt to follow an outdated guide. It also references relevant documentation links.
3. **Missing information**:
	* **Steps to reproduce**: Not explicitly mentioned, but it seems that reproducing the issue involves trying to follow the outdated Pull Request Guide and Building SDK From source guides.
	* **Expected vs actual behaviour**: The description mentions that the current guide is outdated, implying that the expected behavior is a more up-to-date guide. However, it's not clear what the exact expected behavior should be (e.g., how the updated guide should differ from the old one).
	* **Acceptance criteria**: Not explicitly mentioned.
	* **Affected components**: The description mentions two specific guides, but it's unclear which other components or systems might be affected by the update.
	* **Environment details**: Not explicitly mentioned.

Based on this analysis, I would say that the issue is missing essential information such as steps to reproduce, expected vs actual behavior, acceptance criteria, and environment details. Therefore:

Final Answer:",ffa44768fabcbc01,llama3.1:8b,0,2026-06-17T10:29:38.960251,project_02,title_desc,incompleteness,few_shot_cot
ISSUE-38180,Ti.UI.WebView documentation broken/missing,0,1,"To determine whether the given software issue is INCOMPLETE, I will analyze it step by step:

1. **Steps to reproduce**: The description mentions a link to the documentation and states that the expected result should be visible again. However, there are no specific steps provided on how to reproduce the issue or what actions to take to observe the problem.

2. **Expected vs actual behaviour**: The description clearly outlines the expected behavior (the documentation should be visible) but does not explicitly state the actual observed behavior beyond saying it's ""broken/missing.""

3. **Acceptance criteria**: While there is a mention of an expected result, it lacks specificity and detail that would typically accompany acceptance criteria in software development.

4. **Affected components**: The issue specifically mentions a component (Ti.UI.WebView), which indicates the affected part of the system.

5. **Environment details**: There are no specific environment details mentioned that could impact the reproduction or resolution of the issue, but given the nature of the problem (documentation being missing), it's less critical than other aspects.

Given these points, while there is some information provided about the expected behavior and affected component, the lack of clear steps to reproduce and detailed acceptance criteria makes this issue incomplete for thorough analysis and resolution.

Final Answer: Yes",93f498bd0cdfbd73,llama3.1:8b,0,2026-06-17T10:29:42.447737,project_02,title_desc,incompleteness,few_shot_cot
ISSUE-40251,"JDT install directions reference """"Helios"""" not """"Indigo"""" Eclipse platform",0,1,"Let's analyze the issue step by step:

1. **Steps to reproduce**: The issue description mentions a specific scenario where Titanium Studio was updated from Helios to Indigo Eclipse platform, but it doesn't provide clear steps to reproduce this issue.
2. **Expected vs actual behavior**: The issue description states that documentation references should be updated to refer to the new version (Indigo), which implies an expected behavior of having consistent documentation across different Eclipse platforms. However, it's not explicitly stated what the ""actual"" behavior is (e.g., what happens when a user follows the outdated instructions).
3. **Acceptance criteria**: There are no clear acceptance criteria mentioned in the issue description.
4. **Affected components**: The issue mentions specific documentation references and the Titanium Studio update process, but it's not explicitly stated which components or systems are affected by this issue.
5. **Environment details**: While the issue description mentions specific Eclipse platform versions (Helios and Indigo), it doesn't provide any other relevant environment details.

Considering these points, I would conclude that the issue is missing essential information such as steps to reproduce, expected vs actual behavior, acceptance criteria, affected components, or environment details.

Final Answer: Yes",b3233340ea364023,llama3.1:8b,0,2026-06-17T10:29:45.844537,project_02,title_desc,incompleteness,few_shot_cot
ISSUE-38133,Create and publish release note for CLI 7.0.5.GA,0,0,"Let's analyze the given issue step by step:

1. **Title**: The title clearly indicates what needs to be done (""Create and publish release note for CLI 7.0.5.GA"").
2. **Description**: The description is brief but directly states the task at hand, which is creating and publishing a release note for CLI version 7.0.5.GA.
3. **Missing Information**:
   - **Steps to reproduce**: There are no steps provided on how to create or publish the release note, which could be crucial for understanding the process.
   - **Expected vs actual behaviour**: The description does not specify what is expected from this task in terms of content, format, or any specific requirements related to the release note.
   - **Acceptance criteria**: There's no mention of how one would know if the task has been completed successfully. What are the key elements that need to be included in the release note? How will it be published?
   - **Affected components**: While not explicitly mentioned, it is implied that this involves the CLI (Command Line Interface) and possibly documentation or publishing systems.
   - **Environment details**: There's no mention of any specific environment requirements for creating or publishing the release note.

Given these observations, the",cdf068d2418bfc64,llama3.1:8b,0,2026-06-17T10:29:49.308351,project_02,title_desc,incompleteness,few_shot_cot
ISSUE-40671,APIDoc: Filesystem.File.createTimestamp returns 0 on Android for resource files,0,0,"Let's analyze the issue step by step:

1. **Title**: The title clearly indicates that it's related to an API documentation issue.
2. **Description**: The description explains the problem with the `File.createTimestamp` method on Android for resource files, stating that it returns 0 and doesn't provide useful data.

Now, let's check if the issue is missing any essential information:

* **Steps to reproduce**: The description provides a clear explanation of the problem, but it would be helpful to have explicit reproduction steps. However, based on the description, it seems possible to infer how to reproduce the issue.
* **Expected vs actual behaviour**: The description clearly states what's expected (useful data) and what actually happens (returns 0).
* **Acceptance criteria**: There is no clear mention of acceptance criteria, which would define what constitutes a successful implementation of this feature.
* **Affected components**: The affected component is mentioned as `Filesystem.File.createTimestamp`, but it would be helpful to know if other methods are also impacted.
* **Environment details**: The issue specifically mentions Android, so the environment is partially specified.

Considering these points, I believe that the issue is missing some essential information, particularly acceptance criteria and explicit reproduction steps. However, based on",50ad1b73ec435445,llama3.1:8b,0,2026-06-17T10:29:52.811984,project_02,title_desc,incompleteness,few_shot_cot
ISSUE-40346,APIDoc: Analytics doc should mention raw data export,0,0,"Let's analyze the issue step by step:

1. **Steps to reproduce**: The issue description mentions ""Some analytics data isn't available in the analytics UI"", but it doesn't provide specific steps to reproduce this issue. However, this might not be a requirement for an INCOMPLETE classification.
2. **Expected vs actual behaviour**: The issue description states that some analytics data is missing from the analytics UI, and it's expected to be available through raw data export. This provides a clear understanding of the expected behavior (availability of data) and the actual behavior (data not available).
3. **Acceptance criteria**: While there are no explicit acceptance criteria mentioned in the description, we can infer that updating the documentation to reflect the availability of raw data export would be an acceptable solution.
4. **Affected components**: The issue mentions ""Ti Analytics guides doc & link API docs"", which implies that the affected component is likely the documentation system or the analytics UI.
5. **Environment details**: There are no specific environment details mentioned in the description.

Considering these points, I would say that the issue is missing essential information such as steps to reproduce and acceptance criteria. However, it's not entirely clear-cut, as some of this information can be inferred from the description.

**Final Answer:",1ca34dd0a6f92384,llama3.1:8b,0,2026-06-17T10:29:56.343015,project_02,title_desc,incompleteness,few_shot_cot
ISSUE-39667,ACS Custom Object Documentation Needs Corrected,0,0,"To determine whether this issue is INCOMPLETE, let's analyze it step by step:

1. **Steps to reproduce**: The description does not explicitly mention steps to reproduce the issue. However, it mentions that the documentation was noticed as incorrect ""this morning,"" which implies a specific context or situation but doesn't provide actionable steps for reproduction.

2. **Expected vs actual behaviour**: The description clearly states what is expected (the documentation should be correct) and what is observed (it contains misleading information). This meets the requirement of specifying expected vs actual behavior.

3. **Acceptance criteria**: While there's no explicit mention of acceptance criteria, it can be inferred that the issue will be resolved when the documentation accurately reflects the functionality of the `show()` method on custom objects. However, for clarity and completeness, specific acceptance criteria (e.g., ""The updated documentation should clearly state what the show() method does"") would make this issue more robust.

4. **Affected components**: The description mentions a specific endpoint or resource (""http://docs.appcelerator.com/cloud/latest/#!/api/CustomObjects-method-show""), which implies that it's related to the Custom Objects API documentation. This is sufficient information about affected components.

5. **Environment details**: There are no explicit environment details mentioned",0d2f779742b9f136,llama3.1:8b,0,2026-06-17T10:29:59.833618,project_02,title_desc,incompleteness,few_shot_cot
ISSUE-38873,Ti.UI.Android.openPreferences: Does not explain how to get a preference value,0,1,"To determine whether the given software issue is INCOMPLETE, I will analyze it step by step.

1. **Steps to reproduce**: The description mentions a specific method (`Ti.UI.Android.openPreferences`) and how to retrieve a preference value via `}. However, it does not explicitly state how to reproduce the issue or what steps to take to observe the problem.
2. **Expected vs actual behaviour**: The description explains that there is no documentation on how to retrieve a preference value, which implies an expected behavior of having such documentation available. However, it does not clearly articulate the actual behavior (i.e., what happens when trying to access this information).
3. **Acceptance criteria**: There are no clear acceptance criteria mentioned in the description.
4. **Affected components**: The issue is related to a specific method (`Ti.UI.Android.openPreferences`) and documentation, but it does not explicitly mention which components or modules are affected by this issue.
5. **Environment details**: Although there's a link to platform documentation, it doesn't provide enough context about the environment in which the issue occurs.

Given these observations, I conclude that the issue is missing essential information such as steps to reproduce and acceptance criteria.

Final Answer: Yes",3d22194f776e4255,llama3.1:8b,0,2026-06-17T10:30:03.208472,project_02,title_desc,incompleteness,few_shot_cot
ISSUE-39183,Please help review the error messages of on-demand-pricing node.ACS part,0,1,"Let's analyze the issue step by step:

1. **Title**: The title is clear and concise.
2. **Description**: The description provides a good overview of the problem, including the new error messages added for the on-demand-pricing feature of node.ACS.
3. **Reproduction steps**: Unfortunately, there are no reproduction steps provided to help me understand how to reproduce the issue or what specific scenarios trigger these error messages.
4. **Expected vs actual behavior**: The description mentions the expected behavior (i.e., the new error messages), but it does not explicitly state the actual behavior that is causing issues.
5. **Acceptance criteria**: There are no acceptance criteria mentioned, which would help me understand what constitutes a successful review of the error messages.
6. **Affected components**: The issue affects the on-demand-pricing feature of node.ACS, but there is no explicit mention of affected screens or UI elements.
7. **Environment details**: There are no environment details provided, such as specific versions of software or configurations that might be relevant to the issue.

Based on this analysis, I conclude that the issue is missing essential information, specifically reproduction steps and acceptance criteria.

Final Answer: Yes",3df74b6cbdb930fe,llama3.1:8b,0,2026-06-17T10:30:06.700191,project_02,title_desc,incompleteness,few_shot_cot
ISSUE-38123,Create and publish release note for SDK 7.4.0.GA,0,1,"Let's analyze the given issue step by step:

1. **Title**: The title clearly indicates that it is about creating a release note for a specific version of an SDK.
2. **Description**: The description simply states to create and publish the release note, which is quite brief.

Now, let's check if the issue is missing any essential information:

* **Steps to reproduce**: Not mentioned, but in this case, it might not be necessary as creating a release note is more of a one-time task.
* **Expected vs actual behaviour**: The description doesn't specify what the expected behavior should be. It only mentions that a release note needs to be created and published.
* **Acceptance criteria**: Not mentioned at all.
* **Affected components**: Not specified, but it's likely related to the SDK itself.
* **Environment details**: Not mentioned.

Based on this analysis, I would say that the issue is missing essential information such as acceptance criteria and expected vs actual behavior. Therefore:

Final Answer: Yes",b365a39ba705d9d5,llama3.1:8b,0,2026-06-17T10:30:09.566043,project_02,title_desc,incompleteness,few_shot_cot
ISSUE-40183,Guides: Enhance doc for installing/using modules,0,-1,"Let's analyze the issue step by step:

1. **Steps to reproduce**: The description provides a clear explanation of the problem and suggests ways to reproduce it, such as running `open ~/Library` from the command line or changing visibility permanently using the provided link.
2. **Expected vs actual behavior**: Although not explicitly stated, the description implies that the expected behavior is for the documentation to accurately describe the usage of the ~/Library directory and provide clear instructions on how to access it. The actual behavior is that the documentation contains incorrect information.
3. **Acceptance criteria**: While not explicitly listed as acceptance criteria, the description provides a clear set of requirements for fixing the issue:
	* Update the documentation to reflect the correct usage of the ~/Library directory.
	* Add instructions on how to show the Library directory in Finder.
	* Check and update install procedures for both CLI and Studio to ensure that modules are properly unzipped.
	* Improve troubleshooting section, including making the version tag removal process more user-friendly.
4. **Affected components**: The description mentions specific components affected by this issue: the documentation (~/Library directory usage) and the installation procedures for both CLI and Studio.
5. **Environment details**: Although not explicitly mentioned, it can be inferred that the",38246422c409e2a2,llama3.1:8b,0,2026-06-17T10:30:13.141300,project_02,title_desc,incompleteness,few_shot_cot
ISSUE-38293,Create and publish release note for SDK 6.3.0.GA,0,0,"Let's analyze the given issue step by step:

1. **Title**: The title clearly indicates what needs to be done (""Create and publish release note for SDK 6.3.0.GA"").
2. **Description**: The description is brief but directly states the task at hand, which is creating and publishing a release note for a specific version of the SDK.
3. **Missing Information**:
   - **Steps to reproduce**: There are no steps provided on how to create or publish the release note, which could be crucial for understanding the process.
   - **Expected vs actual behaviour**: The description does not specify what is expected from this release note (e.g., content, format) or if there's any deviation from previous practices.
   - **Acceptance criteria**: There are no clear criteria specified to determine when the task is complete. For example, what needs to be included in the release note?
   - **Affected components**: It's not explicitly mentioned which parts of the system (e.g., documentation tools, versioning systems) will be impacted by this change.
   - **Environment details**: The description does not specify any environment-specific requirements or constraints.

Given that several essential pieces of information are missing from the issue description, it can be concluded that the",c2b079e3799faf87,llama3.1:8b,0,2026-06-17T10:30:16.653357,project_02,title_desc,incompleteness,few_shot_cot
ISSUE-38201,Fix/Replace links to /cloud in the wiki docs,0,-1,"To determine whether the given software issue is INCOMPLETE, I will analyze it step by step.

1. **Title**: The title ""Fix/Replace links to /cloud in the wiki docs"" clearly indicates what needs to be done.
2. **Description**: The description provides specific details about the current state of the links and where they should point to instead. It includes URLs for reference, which is helpful but not essential information on its own.
3. **Missing Information**:
   - **Steps to reproduce**: Not explicitly mentioned, but given the specificity of the issue (replacing links in wiki docs), it's likely that reproducing this involves accessing the wiki and checking the current links against the new ones.
   - **Expected vs actual behaviour**: The description clearly states what is expected (links should point to a different URL) and implies the actual behaviour (current links are incorrect).
   - **Acceptance criteria**: While not explicitly stated, it can be inferred that replacing the links successfully would be an acceptance criterion. However, for clarity and completeness, it's better if this were explicitly mentioned.
   - **Affected components**: The description mentions wiki docs, which implies a specific component or system (the documentation system), but it could be clearer to specify exactly what is affected",25f6f0e822c02f82,llama3.1:8b,0,2026-06-17T10:30:20.130061,project_02,title_desc,incompleteness,few_shot_cot
ISSUE-39132,Update docs template to better match new Dashboard look and feel,0,1,"Let's analyze the issue step by step:

1. **Steps to reproduce**: There are no specific steps provided on how to reproduce the issue or what actions should be taken to trigger it.
2. **Expected vs actual behaviour**: The description mentions that the documentation site should ""try to include the main UI elements from the redesign"", which implies an expected behavior, but it's not explicitly stated as a requirement. However, there is no mention of the actual behavior (what currently happens).
3. **Acceptance criteria**: There are no clear acceptance criteria provided for what constitutes a successful update of the docs template.
4. **Affected components**: The issue mentions the ""documentation site"" and the ""Dashboard global header"", which implies that these components are affected, but it's not explicitly stated.
5. **Environment details**: There is no mention of specific environments or configurations where this issue might occur.

Based on this analysis, I would say that the issue is missing essential information such as steps to reproduce, expected vs actual behavior, and acceptance criteria.

Final Answer: Yes",fd3276bc595799e0,llama3.1:8b,0,2026-06-17T10:30:23.250828,project_02,title_desc,incompleteness,few_shot_cot
ISSUE-39524,Create a new method likes/query.json,0,0,"Let's analyze the given issue step by step:

**Title:** Create a new method likes/query.json
**Description:** GET likes/query.json Perform custom query of likes with sorting and paginating. The query must be limited to likes of a given object (by specifying one of post_id, photo_id, etc.) or limited to likes generated by a given user (by specifying owner_id.

The description provides the following essential information:

1. **Endpoint**: The endpoint is specified as `GET likes/query.json`.
2. **Expected behaviour**: The expected behaviour is described as performing a custom query of likes with sorting and paginating.
3. **Reproduction steps**: Although not explicitly stated, it can be inferred that reproduction steps involve sending a GET request to the specified endpoint with various query parameters (e.g., `post_id`, `photo_id`, etc.).

However, upon closer inspection, I notice that:

1. **Affected components**: The description does not mention which components or systems will be affected by this new method.
2. **Environment details**: There is no information about the environment in which this method will operate (e.g., production, staging, development).
3. **Acceptance criteria**: While the expected behaviour is described, there are no clear acceptance criteria for what",cfeabb44961a25bd,llama3.1:8b,0,2026-06-17T10:30:26.949470,project_02,title_desc,incompleteness,few_shot_cot
ISSUE-39749,Localization of app name for Android is out-of-date,0,-1,"Let's analyze the issue step by step:

1. **Title**: The title clearly indicates what the issue is about: ""Localization of app name for Android is out-of-date"".
2. **Description**: The description provides more context and explains how the issue was discovered, including a link to a relevant document.
3. **Reproduction steps**: Although not explicitly stated as ""steps to reproduce"", the description implies that the issue can be verified by checking the current instructions on the wiki against the actual behavior of the app (i.e., creating /i18n/en/strings.xml and /i18n/en/app.xml works).
4. **Expected vs actual behaviour**: The description mentions that the current instructions are ""out-of-date, and perhaps wrong altogether"", implying that there is a discrepancy between what is expected to happen (following the outdated instructions) and what actually happens (the app working correctly with the simplified approach).
5. **Acceptance criteria**: While not explicitly stated, it can be inferred that the acceptance criteria would involve verifying that the app name localization process for Android works correctly using the simplified approach.
6. **Affected components**: Although not mentioned explicitly, it is likely that the affected component is the app's internationalization module or the strings.xml file.
7. **",1d002b0115378002,llama3.1:8b,0,2026-06-17T10:30:30.593283,project_02,title_desc,incompleteness,few_shot_cot
ISSUE-39943,BlackBerry : Path for getting the logs from simulator is incorrect,0,0,"Let's analyze the issue step by step:

1. **Title**: The title mentions a specific platform (BlackBerry) and a simulator-related issue, which is good for identification.
2. **Description**: The description provides detailed steps to reproduce the issue:
	* Step 1: Go to a specific URL (http://docs.appcelerator.com/titanium/latest/#!/guide/Installing_the_BlackBerry_NDK)
	* Step 2: Scroll to the bottom of the page
	* Step 3: Look at a specific topic ('Accessing Simulator Log Messages')
3. **Actual Result**: The description mentions that the path for getting logs is incorrect.
4. **Expected Result**: The description provides the expected correct path for log messages.

Considering these points, I can conclude that:

* The issue has clear steps to reproduce (steps 1-3 in the description).
* The actual and expected results are clearly stated.
* There's no mention of affected components or environment details, but this is not a requirement for an INCOMPLETE issue. The main concern here is whether essential information is missing.

Since the issue provides detailed reproduction steps, expected vs actual behavior, and acceptance criteria (the correct path), I would say that it is **not** incomplete",5dbb16552162d6a1,llama3.1:8b,0,2026-06-17T10:30:34.236117,project_02,title_desc,incompleteness,few_shot_cot
ISSUE-40067,DocTools: validate script is broken due to docgen changes,0,-1,"To determine whether the given software issue is INCOMPLETE, I will analyze it step by step.

1. **Steps to reproduce**: The description provides a specific scenario involving a PR and changes made to the `process_yaml` method. It also mentions two different error messages that occur when changing the call in the `validate.py` script. This suggests that reproduction steps are provided, which is essential for understanding how to replicate the issue.

2. **Expected vs actual behavior**: The description clearly outlines what happens before and after a change is made to the call in the `validate.py` script. It describes two different error messages, indicating an expected outcome (the script should work) versus an actual outcome (it fails with specific errors). This provides clear insight into the expected behavior.

3. **Acceptance criteria**: While not explicitly stated as ""acceptance criteria,"" the description implies certain conditions for success or failure based on how the `validate.py` script behaves after changes are made to its call. However, it's somewhat implicit and could be clearer if explicitly defined.

4. **Affected components**: The issue is related to a specific method (`process_yaml`) in a particular PR, which suggests that the affected component is identified (the docgen module or process). However, without more",2907e5a318dec7ce,llama3.1:8b,0,2026-06-17T10:30:37.757314,project_02,title_desc,incompleteness,few_shot_cot
ISSUE-39723,Support new Node.ACS command : download,0,0,"Let's analyze the issue step by step:

1. **Steps to reproduce**: The description provides a clear understanding of what the new command should do, including downloading the app source file with specified app name and version. However, it does not explicitly mention how to reproduce this scenario in terms of user input or actions.
2. **Expected vs actual behaviour**: The description clearly states the expected behavior of the new command, which is to download the app source file with specified app name and version. There is no mention of any actual behavior that deviates from the expected behavior.
3. **Acceptance criteria**: While the description provides some details about the functionality, it does not explicitly state the acceptance criteria for this feature. Acceptance criteria would typically include specific conditions or requirements that must be met in order to consider the feature complete and functional.
4. **Affected components**: The issue title mentions ""Node.ACS"", which suggests that this is a command related to Node.ACS. However, it does not explicitly state which components of Node.ACS will be affected by this new command.
5. **Environment details**: There are no specific environment details mentioned in the description.

Based on these observations, I would conclude that the issue is missing essential information such as steps to reproduce and acceptance criteria",6056377cda2f86b3,llama3.1:8b,0,2026-06-17T10:30:41.400538,project_02,title_desc,incompleteness,few_shot_cot
ISSUE-38628,Specify supported Arrow Model Field data types,0,1,"To determine whether this issue is INCOMPLETE, let's analyze it step by step:

1. **Steps to reproduce**: The issue description does not mention any steps to reproduce the problem or how to verify the supported data types.
2. **Expected vs actual behaviour**: The issue mentions that the online docs claim certain field types are supported, but there is no clear statement of what the expected behavior should be (e.g., which specific data types are actually supported).
3. **Acceptance criteria**: There is a mention of online documentation, but it's not clear how this relates to acceptance criteria for the software. Are we accepting that the docs are correct, or do we need to verify the actual implementation?
4. **Affected components**: The issue description does not specify which components of the system are affected by this problem.
5. **Environment details**: There is no mention of any specific environment or configuration requirements.

Given these observations, I conclude that the issue is missing essential information such as steps to reproduce and acceptance criteria.

Final Answer: Yes",5964fe6ace551ddd,llama3.1:8b,0,2026-06-17T10:30:44.525618,project_02,title_desc,incompleteness,few_shot_cot
ISSUE-38181,Review and revise the APS documentation,0,1,"To determine whether the given software issue is INCOMPLETE, I will analyze it step by step:

1. **Steps to reproduce**: The issue description does not mention any specific steps to reproduce the problem or scenario that needs review and revision.
2. **Expected vs actual behaviour**: There's no clear statement of what the expected outcome should be after reviewing and revising the documentation. It only mentions ""as necessary,"" which is vague.
3. **Acceptance criteria**: The issue description does not specify any acceptance criteria for what constitutes a successful review and revision of the APS documentation.
4. **Affected components**: While it's clear that the affected component is the APS documentation, there's no mention of specific components or systems that might be impacted by the changes.
5. **Environment details**: There are links to specific documents, but these do not provide enough context about the environment in which the review and revision should take place.

Given this analysis, I conclude that the issue lacks essential information such as steps to reproduce, expected vs actual behavior, acceptance criteria, affected components, or environment details.

Final Answer: Yes",4b4e9151a98552ef,llama3.1:8b,0,2026-06-17T10:30:47.726920,project_02,title_desc,incompleteness,few_shot_cot
ISSUE-39239,"Android: TableView: SearchBar not working if """"filterAttribute"""" is an arbitrary property",0,0,"To determine whether this issue is INCOMPLETE, let's analyze it step by step:

1. **Steps to reproduce**: The issue description includes a sample code snippet that demonstrates the problem on both Alloy and regular Titanium projects. This provides clear steps for reproducing the issue.

2. **Expected vs actual behavior**: The description clearly states what happens when using SearchBar with a filterAttribute set after creating the TableViewRow, which is that the SearchBar will not work on Android but does work on iOS.

3. **Acceptance criteria**: While there's no explicit mention of acceptance criteria in terms of specific requirements or outcomes, the issue itself implies certain expectations (e.g., the SearchBar should function regardless of when the filterAttribute is set).

4. **Affected components**: The issue specifically mentions Android and iOS platforms, indicating that the affected component is likely related to Titanium's cross-platform functionality.

5. **Environment details**: Although not explicitly stated, it can be inferred from the context (e.g., ""Android,"" ""iOS"") that the environment details are about the operating systems in question.

Given this analysis, the issue seems to provide all necessary information for understanding and addressing the problem. Therefore,

Final Answer: No",7da73e73d8e5013d,llama3.1:8b,0,2026-06-17T10:30:51.142516,project_02,title_desc,incompleteness,few_shot_cot
ISSUE-38938,Docs: Ti.UI.View.add supports an array of views as well as single Ti.Ui.View,0,0,"To determine whether the given software issue is INCOMPLETE, I'll analyze it step by step:

1. **Steps to reproduce**: The issue description mentions two GitHub links that demonstrate the problem on different platforms (iOS and Android). This implies that reproduction steps are provided.

2. **Expected vs actual behavior**: Although not explicitly stated in the description, the mention of ""parity issue"" suggests a comparison between expected and actual behavior. The issue is about updating documentation to reflect the correct behavior, which is consistent with the expected behavior being different from the actual behavior.

3. **Acceptance criteria**: While there's no explicit statement of acceptance criteria, the context implies that the update should align with the fixes mentioned (TIMOB-19394 and TIMOB-19482), suggesting a clear understanding of what constitutes ""correct"" documentation based on those fixes.

4. **Affected components**: The issue is about updating documentation for `Ti.UI.View.add`, which suggests it's related to Titanium Mobile's UI component, but there's no explicit mention of affected components beyond the documentation itself.

5. **Environment details**: The issue mentions specific platforms (iOS and Android) where the discrepancy exists, providing some environment details.

Given this analysis, while the issue is not perfectly comprehensive in all aspects, it",9df4edcaca509c95,llama3.1:8b,0,2026-06-17T10:30:54.692856,project_02,title_desc,incompleteness,few_shot_cot
ISSUE-40941,APIDoc: remove period from platform list,0,-1,"Let's analyze the issue step by step:

1. **Steps to reproduce**: The description mentions a specific file ([member_list.html](https://github.com/appcelerator/titanium_mobile/blob/master/apidoc/templates/html/member_list.html)) and provides an example of what needs to be changed, which implies that reproducing the issue is straightforward.
2. **Expected vs actual behaviour**: The description clearly states that there's a ""superfluous period"" in the platform list, implying that the expected behavior is for the list to not contain this period.
3. **Acceptance criteria**: Although not explicitly stated, it can be inferred that removing the period from the platform list is the acceptance criterion.
4. **Affected components**: The description mentions a specific file ([member_list.html](https://github.com/appcelerator/titanium_mobile/blob/master/apidoc/templates/html/member_list.html)), which implies that this component is affected.
5. **Environment details**: Although not explicitly stated, it can be inferred that the environment is related to API documentation generation.

Considering these points, I would say that the issue is complete, as it provides essential information such as steps to reproduce, expected vs actual behavior, acceptance criteria (implied), affected components, and environment details (im",aa74d86f94157479,llama3.1:8b,0,2026-06-17T10:30:58.249302,project_02,title_desc,incompleteness,few_shot_cot
ISSUE-40635,APIDoc: Update docs for medium-priority iPad modules,0,0,"To determine whether this issue is INCOMPLETE, let's analyze it step by step:

1. **Steps to reproduce**: The description does not mention any steps to reproduce the issue or how to verify that the documentation update was successful.

2. **Expected vs actual behaviour**: There is no clear statement of what the expected outcome should be after updating the API documentation for medium-priority iPad modules, nor is there a comparison with an actual outcome if it differs from the expectation.

3. **Acceptance criteria**: The description does not specify any acceptance criteria that would confirm whether the update was successful or meets the requirements.

4. **Affected components**: It mentions specific modules (Ti.UI.iPad and Ti.UI.iPad.Popover) that need to be updated, which indicates some level of specificity about affected components.

5. **Environment details**: There is no mention of any environment-specific details that might affect how the update should be implemented or verified.

Given these observations:

- The issue lacks clear steps to reproduce and expected vs actual behavior.
- It does not specify acceptance criteria for verifying the success of the documentation update.

Therefore, considering the missing essential information such as steps to reproduce, expected vs actual behaviour, and acceptance criteria, I conclude that this issue is INCOMPLETE.

Final Answer:",a7b433d7841b2744,llama3.1:8b,0,2026-06-17T10:31:01.768279,project_02,title_desc,incompleteness,few_shot_cot
ISSUE-39299,Updates guides to show how to localise NSLocationAlwaysUsageDescription,0,0,"To determine whether this issue is INCOMPLETE, let's analyze it step by step:

1. **Steps to reproduce**: The issue description does not explicitly mention steps to reproduce the problem or how to verify that the guides have been updated correctly.

2. **Expected vs actual behaviour**: While there isn't a clear statement of expected behavior in terms of functionality (e.g., ""The guides should be updated with specific instructions""), it's implied that the current state is incorrect because the guides need updating. However, this is more about what needs to happen rather than an explicit description of expected versus actual behavior.

3. **Acceptance criteria**: The issue mentions updating two resources (guides and API reference), but there are no clear acceptance criteria for what constitutes a successful update. For example, it's not specified whether the guides should include screenshots, specific code examples, or just text explanations.

4. **Affected components**: While the issue is related to guides and an API reference, which are part of the software documentation, it doesn't explicitly mention affected components in terms of code or functionality that needs updating.

5. **Environment details**: There's no mention of any environment-specific requirements for this update (e.g., specific versions of Titanium, iOS, etc.).

Given these observations:

-",19ec8a0ccd12cbcb,llama3.1:8b,0,2026-06-17T10:31:05.275577,project_02,title_desc,incompleteness,few_shot_cot
ISSUE-40438,Poor grammar in Ti.UI.TabGroup,0,0,"To determine whether the issue is INCOMPLETE, let's analyze it step by step:

1. **Steps to reproduce**: The description provides a detailed explanation of how the current behavior works on iOS, including multiple tab groups, opening and closing them, switching between windows, removing tabs, and reordering tabs. This suggests that reproduction steps are implied but not explicitly stated.

2. **Expected vs actual behaviour**: The issue clearly states what is expected (""Should this be 'they may be opened'?"") in comparison to the current behavior (""the may be opened""). However, it's more about a suggestion for improvement rather than a clear statement of expected behavior versus actual behavior.

3. **Acceptance criteria**: There are no explicit acceptance criteria mentioned. The issue seems to focus on clarifying or improving documentation rather than specifying what constitutes ""done"" in terms of functionality or user experience.

4. **Affected components**: The description mentions iOS and the specific UI elements involved (Ti.UI.TabGroup, Nav group), which implies that affected components are identified.

5. **Environment details**: The issue specifies that it's about behavior on iOS, providing some environment detail.

Given this analysis:

- While reproduction steps are somewhat implied through the detailed description of how things work currently, they're not explicitly stated",e0e119b1d942950e,llama3.1:8b,0,2026-06-17T10:31:08.763840,project_02,title_desc,incompleteness,few_shot_cot
ISSUE-38738,There is an error in Positioning and dimensions of elements section of the documentation,0,0,"To determine whether the issue is INCOMPLETE, I will analyze it step by step:

1. **Steps to reproduce**: The issue description provides a specific URL and section of the documentation where the error can be found. This allows someone to easily locate the problem and verify it.
2. **Expected vs actual behaviour**: The description clearly states that there is an error in the documentation, specifically mentioning the incorrect positioning calculation. This indicates what the expected behavior should be (correct positioning) and what the actual behavior is (incorrect positioning).
3. **Acceptance criteria**: While not explicitly stated, the issue description implies that the correct positioning information should be present in the documentation.
4. **Affected components**: The affected component is the ""Positioning and dimensions of elements"" section of the documentation.
5. **Environment details**: The URL provided gives context about the environment (the specific platform and version being documented).

Considering these points, I conclude that the issue has sufficient information to be considered complete.

Final Answer: No",3b5cbf393f61c990,llama3.1:8b,0,2026-06-17T10:31:11.816329,project_02,title_desc,incompleteness,few_shot_cot
ISSUE-39253,we will no longer show the listed information,0,1,"Let's analyze the issue step by step:

1. **Steps to reproduce**: The description mentions a specific version range (1.1.8 and above), but it doesn't explicitly state how to reproduce the issue or what conditions must be met for the issue to occur.
2. **Expected vs actual behavior**: The description states what will happen from 1.1.8 and above, which implies that there is an expected change in behavior. However, it's not entirely clear what the ""actual"" behavior was before this version range.
3. **Acceptance criteria**: While the description mentions specific fields that should be removed when empty, it doesn't provide any acceptance criteria for testing whether these changes are implemented correctly.
4. **Affected components**: The issue seems to affect user object rendering, but it's not clear which specific components or modules are responsible for this behavior.
5. **Environment details**: There is no mention of any specific environment or configuration requirements that might be relevant to this issue.

Considering these points, I would say that the issue is missing essential information about steps to reproduce and acceptance criteria. While some expected behavior is described, it's not entirely clear what the ""actual"" behavior was before this version range.

Final Answer: Yes",3fbe08f0c7d19bba,llama3.1:8b,0,2026-06-17T10:31:15.146006,project_02,title_desc,incompleteness,few_shot_cot
ISSUE-39534,Alloy: missing Style in the Style priorities description,0,-1,"To determine whether this issue is INCOMPLETE, let's analyze it step by step:

1. **Title**: The title clearly indicates what the issue is about: a missing style in Alloy's documentation.
2. **Description**: The description provides detailed information on where the missing style should be added (in the Style Priorities section of the wiki), what the example should look like, and even includes syntax for platform-specific styles. This gives a clear understanding of the expected behavior and how to reproduce the issue.
3. **Expected vs Actual Behaviour**: Although not explicitly stated as ""expected"" and ""actual,"" the description clearly outlines what is missing (a specific style) and what it should be replaced with, which implies an expectation for the corrected state.
4. **Steps to Reproduce**: The description includes a clear instruction on where to add the missing style (""After """"View-Controller Style File in a Theme"""""") and provides an example of how it should look, making reproduction straightforward.
5. **Acceptance Criteria**: While not explicitly listed as ""acceptance criteria,"" the description implies that adding this specific style is what's required for acceptance. The mention of an example further supports this interpretation.
6. **Affected Components**: Although not directly stated, the issue pertains to",e0304c01af7d49c3,llama3.1:8b,0,2026-06-17T10:31:18.739593,project_02,title_desc,incompleteness,few_shot_cot
ISSUE-39218,Move Cloud and CloudPush to Modules namespace,0,1,"Let's analyze the issue step by step:

1. **Steps to reproduce**: The issue description does not mention any specific steps to reproduce the problem or how to verify the change.
2. **Expected vs actual behaviour**: The issue description mentions what should be done (""Move Cloud and CloudPush API docs...""), but it doesn't explicitly state the expected behavior after the move (e.g., what changes users can expect, if any).
3. **Acceptance criteria**: While the issue description provides some context about what needs to be done, it's not clear what specific conditions or requirements need to be met for the change to be considered complete.
4. **Affected components**: The issue mentions ""API docs"", which implies that multiple components (e.g., documentation system, API endpoints) might be affected by this change.
5. **Environment details**: There is no mention of any specific environment or configuration requirements for this change.

Considering these points, I would say that the issue is missing essential information about steps to reproduce and expected behavior, which are crucial for understanding and verifying the problem.

Final Answer: Yes",800b38919c70de78,llama3.1:8b,0,2026-06-17T10:31:21.885526,project_02,title_desc,incompleteness,few_shot_cot
ISSUE-39395,Provides detailed steps to import/run ti.cloud example,0,1,"Let's analyze the issue step by step:

1. **Steps to reproduce**: The description provides detailed steps on how to import/run the ti.cloud example, including file paths and locations.
2. **Expected vs actual behaviour**: Not explicitly mentioned, but implied that the expected behavior is for users to be able to easily import/run the sample application.
3. **Acceptance criteria**: Not explicitly mentioned, but it's clear that the goal is to make it easy for users to import/run the sample application.
4. **Affected components**: Not explicitly mentioned, but likely related to the Titanium SDK and/or the ti.cloud module.
5. **Environment details**: Not explicitly mentioned, but implied that the issue is related to a specific environment (e.g., Mac OS X).

However, upon closer inspection, I notice that while the description provides detailed steps on how to import/run the sample application, it doesn't explicitly mention what constitutes ""success"" or what the expected outcome should be. The acceptance criteria are not clearly defined.

Therefore, based on my analysis, I conclude that the issue is **INCOMPLETE** because it lacks explicit acceptance criteria.

Final Answer: Yes",5ee297d297c4bd7e,llama3.1:8b,0,2026-06-17T10:31:25.185101,project_02,title_desc,incompleteness,few_shot_cot
ISSUE-39480,Guides: Document offline installation of Appcelerator Platform,0,-1,"Let's analyze the issue step by step:

1. **Title**: The title clearly indicates what the issue is about: documenting offline installation of Appcelerator Platform.
2. **Description**: The description provides a clear statement of the problem and its scope, including the components that need to be installed offline (Studio, SDK, CLI, Alloy, Code Processor, Performance module, and SOASTA module).
3. **Reproduction steps**: Although not explicitly stated, it can be inferred that reproduction steps might involve attempting to install these components on an internet-disconnected machine.
4. **Expected vs actual behaviour**: The description implies that the expected behavior is for all these components to be installed offline successfully.
5. **Acceptance criteria**: While not explicitly stated, one could infer that acceptance criteria might include verifying that each component can be installed and function correctly in an offline environment.
6. **Affected components**: The description lists the specific components affected by this issue (Studio, SDK, CLI, Alloy, Code Processor, Performance module, and SOASTA module).
7. **Environment details**: Although not explicitly stated, it is clear that the environment is an internet-disconnected machine.

Considering these points, I would say that the issue is missing some essential information:

* Specific steps to",cce1b55479e5ac83,llama3.1:8b,0,2026-06-17T10:31:28.694401,project_02,title_desc,incompleteness,few_shot_cot
ISSUE-39599,Node.ACS organization support,0,1,"Let's analyze the issue step by step:

1. **Title**: ""Node.ACS organization support"" - This is a clear and concise title that indicates what the feature is about.
2. **Description**: ""Node.ACS is adding support for organizations. Will add more details later."" - The description mentions that Node.ACS is adding support, but it's incomplete because it says ""Will add more details later"". This implies that essential information is missing.
3. **Reproduction steps**: Not provided.
4. **Expected vs actual behaviour**: Not explicitly stated, but the description implies that there will be changes to how organizations are supported in Node.ACS.
5. **Acceptance criteria**: Not mentioned.
6. **Affected components**: Not specified.
7. **Environment details**: Not provided.

Based on this analysis, I conclude that the issue is missing essential information such as reproduction steps, expected vs actual behaviour, acceptance criteria, affected components, and environment details.

Final Answer: Yes",0275c663a26b3d27,llama3.1:8b,0,2026-06-17T10:31:31.740928,project_02,title_desc,incompleteness,few_shot_cot
ISSUE-38337,Create Alloy Framework How-tos page,0,1,"Let's analyze the given issue step by step:

1. **Steps to reproduce**: The description does not mention any specific steps or actions required to reproduce the issue. This is a crucial piece of information that is missing.
2. **Expected vs actual behaviour**: There is no clear statement about what the expected behavior should be, nor is there an explanation of the current (actual) behavior. This makes it difficult to understand the problem and its requirements.
3. **Acceptance criteria**: The description does not provide any specific acceptance criteria that would define when the issue is considered resolved.
4. **Affected components**: Although the issue mentions a specific page (""How-tos"" page), it's unclear which other components or systems might be affected by this change.
5. **Environment details**: There are no environment-specific requirements mentioned, such as any dependencies on external services or databases.

Considering these points, I conclude that the given issue is missing essential information to be considered complete.

Final Answer: Yes",a43662ba8f513bed,llama3.1:8b,0,2026-06-17T10:31:34.580583,project_02,title_desc,incompleteness,few_shot_cot
ISSUE-38517,Create and publish release note for SDK 6.0.2.RC,0,1,"Let's analyze the given issue step by step:

1. **Title**: The title clearly indicates that it is about creating a release note for a specific version of an SDK.
2. **Description**: The description simply states to create and publish the release note, which doesn't provide much detail on what exactly needs to be included in this release note or how it should behave.

Considering these points:

- **Steps to reproduce** are not provided; we don't know how to trigger the creation of a release note.
- **Expected vs actual behaviour** is missing. What does the release note look like when completed? Are there any specific requirements for its content?
- **Acceptance criteria** are not specified, so it's unclear what makes this release note complete or satisfactory.
- **Affected components** might be implied to be related to the SDK itself, but this isn't explicitly stated.
- **Environment details**, such as where and how the release note will be published, are also missing.

Given these omissions, I conclude that the issue is INCOMPLETE because it lacks essential information for a clear understanding of what needs to be done.

Final Answer: Yes",f229447ee46fb749,llama3.1:8b,0,2026-06-17T10:31:37.794705,project_02,title_desc,incompleteness,few_shot_cot
ISSUE-40653,APIDoc: Ti.UI.orientationModes property should mention Ti.Gesture.orientation,0,0,"To determine whether this issue is INCOMPLETE, let's analyze it step by step:

1. **Steps to reproduce**: The description does not explicitly mention steps to reproduce the issue or how to verify the proposed change. This could be a problem if the context of the issue isn't immediately clear.

2. **Expected vs actual behaviour**: The description mentions that the new property should include a reference to Ti.Gesture for obtaining current orientation information, which implies an expected behavior. However, it does not explicitly state what the ""actual"" behavior is or why this change is necessary beyond the implication of the old property's limitations.

3. **Acceptance criteria**: There are no clear acceptance criteria mentioned in the description. What exactly would constitute a successful implementation of this feature? How will it be tested?

4. **Affected components**: The issue mentions Ti.UI and Ti.Gesture, which suggests that these components are affected by the proposed change. However, without more context or specification on how they are impacted, it's hard to say if this is fully detailed.

5. **Environment details**: There is no mention of specific environments (e.g., development, testing, production) where this issue applies or any environmental factors that might affect its implementation or impact.

Given these considerations:

- The",bb7dba5750ff03c8,llama3.1:8b,0,2026-06-17T10:31:41.295770,project_02,title_desc,incompleteness,few_shot_cot
ISSUE-40413,Link takes you to the wiki creation page,0,0,"Let's analyze the issue step by step:

1. **Steps to reproduce**: The issue description provides clear steps on how to reproduce the problem:
	* Go to a specific URL
	* Click on a link
This is sufficient information for reproduction.
2. **Expected vs actual behaviour**: The issue description clearly states the expected result (jumping to somewhere in the documentation) and the actual result (jumps to wiki and has you in edit page mode).
3. **Acceptance criteria**: While not explicitly stated, it can be inferred that the acceptance criterion is for the link to take the user directly to the intended location in the documentation.
4. **Affected components**: Although not explicitly mentioned, we can infer that the affected component is likely a specific part of the application's UI or navigation system.
5. **Environment details**: The issue description mentions a specific URL and version of the documentation (Titanium 2.0), which provides sufficient context for understanding the environment in which the issue occurs.

Considering these points, I conclude that the issue has all the essential information required to be considered complete.

Final Answer: No",1d2fa83195a644f9,llama3.1:8b,0,2026-06-17T10:31:44.517304,project_02,title_desc,incompleteness,few_shot_cot
ISSUE-40608,Guides: MW overview should reference MW limitations page,0,1,"Let's analyze the issue step by step:

1. **Title**: The title is clear and concise, indicating a specific requirement.
2. **Description**: The description provides a URL to a wiki page that should be referenced in another wiki page. However, it doesn't explicitly state what the expected behavior is or how the reference should be made (e.g., via a link, text mention, etc.). 
3. **Expected vs Actual Behaviour**: Although not explicitly stated, we can infer that the actual behavior is that the MW overview does not currently reference the limitations page.
4. **Steps to Reproduce**: There are no specific steps provided on how to reproduce this issue or verify its resolution.
5. **Acceptance Criteria**: The description doesn't specify what constitutes ""correct"" referencing of the limitations page, making it difficult to determine when the requirement is met.
6. **Affected Components**: It's not clear which components (e.g., wiki pages, code, etc.) are affected by this issue.
7. **Environment Details**: There are no specific environment details mentioned.

Based on these observations, I conclude that the issue is missing essential information such as steps to reproduce and acceptance criteria.

Final Answer: Yes",9312a30bc6271d07,llama3.1:8b,0,2026-06-17T10:31:47.811314,project_02,title_desc,incompleteness,few_shot_cot
ISSUE-40894,APIDoc: Documentation missing for MaskedImage,0,0,"To determine whether the given software issue is INCOMPLETE, let's analyze it step by step:

1. **Steps to reproduce**: The description does not explicitly mention steps to reproduce the issue or how to replicate the problem with the MaskedImage documentation.

2. **Expected vs actual behaviour**: While there's a mention of missing documentation and an example of how the current state is unclear, there isn't a clear statement on what the expected behavior should be compared to the actual behavior.

3. **Acceptance criteria**: There are no specific acceptance criteria mentioned for what constitutes ""clear"" documentation or how the updated documentation should meet the user's needs.

4. **Affected components**: The issue specifically mentions Titanium.UI.createMaskedImage(), which is a component of the Titanium UI framework, so it's clear that this component is affected.

5. **Environment details**: There are no specific environment details mentioned that would affect the resolution of the issue (e.g., platform, version).

Given these observations:

- Steps to reproduce and expected vs actual behavior are not explicitly detailed.
- Acceptance criteria for what constitutes ""clear"" documentation are missing.
- The affected component is identified.

However, since the affected components and environment details are mentioned, it's less about the completeness of those aspects and more about",a0d7d391655a584e,llama3.1:8b,0,2026-06-17T10:31:51.371960,project_02,title_desc,incompleteness,few_shot_cot
