issue_id,title,ground_truth,prediction,raw_response,prompt_hash,model_version,temperature,timestamp_utc
ISSUE-0001,Fix login bug #1,0,1,"Let's break it down:

1. The issue title and description provide some context about the problem, but they are quite vague.
2. Upon reviewing the issue, I notice that several essential pieces of information are missing:
	* Steps to reproduce: How can a developer replicate the login bug?
	* Expected vs actual behaviour: What is the expected outcome when logging in, and what happens instead?
	* Acceptance criteria: What conditions must be met for the fix to be considered complete?
	* Affected components: Which parts of the system are impacted by this issue?
	* Environment details: Are there any specific configurations or settings that contribute to the problem?
3. Without more information, a developer would likely need to ask questions or request clarification before attempting to resolve the issue.

Based on these observations, I conclude that the issue is indeed INCOMPLETE.

Final Answer: Yes",f3fe5b900ae809ea,llama3.1:8b,0,2026-06-08T18:06:56.594355+00:00
ISSUE-0002,Update UI #2,0,1,"Let's break it down:

1. The issue title and description provide some context about the need to update the UI, but they don't specify what exactly needs updating or why.
2. Essential information that is missing includes:
	* Steps to reproduce: How can a developer replicate the problem?
	* Expected vs actual behaviour: What should the updated UI look like, and how does it differ from the current one?
	* Acceptance criteria: What are the specific requirements for the updated UI?
	* Affected components: Which parts of the system will be impacted by this update?
	* Environment details: In which environment(s) is this issue relevant (e.g., production, staging, development)?
3. Without more information, a developer cannot act on this issue without asking for clarification or additional context.

Therefore, based on the provided analysis:

Final Answer: Yes",70b75202597f787a,llama3.1:8b,0,2026-06-08T18:06:58.953745+00:00
ISSUE-0003,Add export feature #3,0,1,"Let's break it down:

1. The issue title and description provide some key information: the feature to be added is an export feature, specifically exporting data from the reports page to CSV format.
2. Upon reviewing the issue, I notice that essential information is missing:
	* Steps to reproduce the issue (or how to trigger the export feature)
	* Expected vs actual behaviour (what should happen when the export feature is triggered?)
	* Acceptance criteria (what conditions must be met for the feature to be considered complete?)
	* Affected components (which parts of the system will be impacted by this change?)
	* Environment details (in which environment(s) will this feature be deployed?)
3. Without more information, a developer may struggle to understand how to implement the export feature correctly or even what constitutes ""correct"" implementation.

Given these observations, I conclude that the issue is missing essential information.

Final Answer: Yes",320f6c775a8734de,llama3.1:8b,0,2026-06-08T18:07:01.425553+00:00
ISSUE-0004,Performance issue #4,0,1,"Let's break it down:

1. The issue title and description provide some context, but they are quite vague.
2. Upon reviewing the issue, I notice that:
	* There is no mention of steps to reproduce the performance issue (#1 missing).
	* The expected vs actual behaviour is not specified (#2 missing).
	* Acceptance criteria are not provided (#3 missing).
	* Affected components or environment details are not mentioned (#4 and #5 missing).
3. Without more information, a developer would likely need to ask for clarification before attempting to resolve the issue.

Based on this analysis, I conclude that the issue is indeed INCOMPLETE.

Final Answer: Yes",bdbf01151c6493bd,llama3.1:8b,0,2026-06-08T18:07:03.430561+00:00
ISSUE-0005,Null pointer exception #5,0,1,"Let's break down the issue step by step:

1. The key information provided in this issue is:
	* A NullPointerException occurs
	* The location of the error: UserService.java at line 142
	* The cause of the error: userId is null
2. Essential information that is missing includes:
	* Steps to reproduce the error (e.g., what actions lead to the NullPointerException)
	* Expected vs actual behavior (what should happen when a user ID is null, and what actually happens)
	* Acceptance criteria (what constitutes a successful fix for this issue)
	* Affected components (other parts of the system that might be impacted by this error)
	* Environment details (e.g., which version of Java or other dependencies are being used)
3. Without more information, it's difficult to determine the root cause of the NullPointerException and implement a fix. A developer would likely need to ask for additional context before acting on this issue.

Final Answer: Yes",6d1c6b285337570c,llama3.1:8b,0,2026-06-08T18:07:06.054844+00:00
ISSUE-0006,Search not working #6,0,1,"Let's break it down:

1. The issue title and description provide some context about the problem, but they are quite brief.
2. Upon reviewing the issue, I notice that:
	* There is no mention of steps to reproduce the issue, which makes it difficult for a developer to replicate and investigate the problem.
	* The expected behavior (i.e., what should happen when searching) is not clearly stated.
	* The actual behavior (i.e., ""Search returns no results"") is mentioned, but without context, it's hard to understand why this is unexpected.
	* There are no acceptance criteria or environment details provided.
3. Without the essential information, a developer would likely need to ask for more clarification before attempting to fix the issue.

Based on these observations, I conclude that the issue is missing critical information and cannot be acted upon without further investigation.

Final Answer: Yes",640f52c8c2d338c7,llama3.1:8b,0,2026-06-08T18:07:08.447619+00:00
ISSUE-0007,Add dark mode #7,0,1,"Let's break down the issue step by step:

1. The key information provided in this issue includes:
	* A clear title (""Add dark mode #7"")
	* A brief description of what needs to be implemented (""Implement dark mode toggle in settings with persistent preference via localStorage."")
2. Upon reviewing the issue, I notice that some essential information is missing:
	* Steps to reproduce: How can a developer test and verify that the dark mode toggle works as expected?
	* Expected vs actual behaviour: What should the user interface look like when dark mode is enabled or disabled? Are there any specific visual changes required?
	* Acceptance criteria: What are the specific conditions under which this feature will be considered complete?
3. Based on the missing information, a developer may struggle to act on this issue without asking for more clarification. They would need additional details to ensure they implement the feature correctly and meet the expected requirements.

Final Answer: Yes",9a411da01f121a34,llama3.1:8b,0,2026-06-08T18:07:10.998132+00:00
ISSUE-0008,Crash on startup #8,0,1,"Let's break it down:

1. The issue title and description provide some basic information about the problem, but they are quite vague.
2. Upon reviewing the issue, I notice that:
	* Reproduction steps: Not provided
	* Expected vs actual behaviour: Not specified (e.g., what is the expected behavior when the app starts up?)
	* Acceptance criteria: Not mentioned
	* Affected components: Not identified
	* Environment details: Not described (e.g., operating system, version of the app)
3. Without more information, a developer would likely need to ask for clarification or additional details before attempting to resolve the issue.

Considering these points, I conclude that this issue is missing essential information and cannot be acted upon in its current state.

Final Answer: Yes",e4c04ca18cc0f3ea,llama3.1:8b,0,2026-06-08T18:07:13.237075+00:00
ISSUE-0009,Email validation #9,0,1,"Let's break down the issue step by step:

1. The key information provided in this issue is:
	* Issue Title: Email validation #9
	* Issue Description: Validate email format on registration form and show inline error messages.
2. Upon reviewing the issue, I notice that essential information is missing:
	* Steps to reproduce the issue are not mentioned (e.g., what specific email formats should be tested).
	* Expected vs actual behavior is not described (e.g., what happens when an invalid email format is entered).
	* Acceptance criteria are not specified (e.g., how will we know if the validation is working correctly?).
	* Affected components or environment details are not mentioned.
3. Based on this analysis, a developer would likely need to ask for more information before acting on this issue.

Final Answer: Yes",8ba8649805cfad6a,llama3.1:8b,0,2026-06-08T18:07:15.615796+00:00
ISSUE-0010,Database timeout #10,1,1,"Let's break down the issue step by step:

1. The key information provided in this issue includes:
	* A symptom of the problem: ""DB queries timeout""
	* A specific condition under which the problem occurs: ""under heavy load with more than 500 concurrent users""
2. Essential information that is missing from this issue includes:
	* Steps to reproduce the problem (e.g., how to simulate a heavy load scenario)
	* Expected vs actual behavior (e.g., what should happen when queries timeout, and what actually happens)
	* Acceptance criteria for resolving the issue (e.g., what constitutes a successful resolution)
	* Affected components or systems (e.g., which specific database tables or queries are affected)
	* Environment details (e.g., what is the production environment like, and how does it differ from development/test environments)
3. Without additional information, a developer may struggle to act on this issue effectively. They would need to ask for more context and clarification before attempting to resolve the problem.

Based on these observations, I conclude that the issue is INCOMPLETE because essential information is missing.

Final Answer: Yes",fec4d134efa89a87,llama3.1:8b,0,2026-06-08T18:07:18.575432+00:00
ISSUE-0011,Missing error handling #11,0,1,"Let's break it down:

1. The issue title and description provide some context about the problem, but they are quite vague.
2. Upon reviewing the issue, I notice that:
	* There is no mention of steps to reproduce the error (#11).
	* The expected behavior or actual behavior is not described.
	* Acceptance criteria are missing.
	* Affected components and environment details are also absent.
3. Without more information, a developer would struggle to understand how to properly handle errors in this specific case.

Considering these points, I conclude that the issue is indeed INCOMPLETE because it lacks essential information for a developer to act on it effectively.

Final Answer: Yes",7f304e0ae270e198,llama3.1:8b,0,2026-06-08T18:07:20.572733+00:00
ISSUE-0012,API rate limiting #12,1,1,"Let's break down the issue step by step:

1. The issue title and description provide some key information:
	* The issue is about implementing rate limiting.
	* The specific requirement is to limit 100 requests per minute per API key with a 429 response.
2. Upon reviewing the issue, I notice that essential information is missing:
	* Steps to reproduce: How can a developer test and verify that the rate limiting is working as expected?
	* Expected vs actual behaviour: What are the expected results when the rate limit is exceeded? What should happen in different scenarios (e.g., first request after exceeding the limit, subsequent requests)?
	* Acceptance criteria: What specific conditions must be met for this feature to be considered complete?
	* Affected components: Which APIs, services, or systems will be impacted by this change?
3. Based on the missing information, a developer cannot act on this issue without asking for more details.

Final Answer: Yes",1ee158cbe063790e,llama3.1:8b,0,2026-06-08T18:07:23.146736+00:00
ISSUE-0013,Button color #13,0,1,"Let's break it down:

1. The issue title and description provide some context about the desired change.
2. Upon reviewing the issue, I notice that essential information is missing:
	* Steps to reproduce: How can a developer replicate the problem or verify the fix?
	* Expected vs actual behaviour: What should the button color be changed from (actual) to what (expected)?
	* Acceptance criteria: What conditions must be met for the change to be considered complete?
	* Affected components: Which parts of the system will be impacted by this change?
	* Environment details: Are there any specific environments or configurations where this change should be applied?
3. Without more information, a developer cannot confidently act on this issue without asking for clarification.

Considering these points, I conclude that the issue is missing essential information to be considered complete.

Final Answer: Yes",1d1eac2b5d2ada6d,llama3.1:8b,0,2026-06-08T18:07:25.498010+00:00
ISSUE-0014,Memory leak #14,1,1,"Let's break down the issue step by step:

1. The key information provided in this issue is:
	* A symptom of the problem: ""Memory usage grows unbounded""
	* A specific service affected: ""background sync service""
	* A time frame for the issue to occur: ""over 24 hours""
2. Essential information that is missing includes:
	* Steps to reproduce the memory leak (e.g., what triggers it, how often)
	* Expected vs actual behavior (what should happen vs what's actually happening)
	* Acceptance criteria (how will we know if the fix is successful?)
	* Affected components (which specific parts of the code or system are impacted)
	* Environment details (operating system, version, configuration, etc.)
3. Without more information, a developer cannot act on this issue without asking for clarification or additional details.

Based on these steps, I conclude that the issue is missing essential information to be considered complete.

Final Answer: Yes",36d3166d36603328,llama3.1:8b,0,2026-06-08T18:07:28.129654+00:00
ISSUE-0015,Update docs #15,0,1,"Let's break it down:

1. The issue title and description provide some context about the problem (""Update docs #15"", ""Documentation is outdated""). However, this is not enough to determine if the issue is INCOMPLETE.
2. Upon closer inspection, we can see that several essential pieces of information are missing:
	* Steps to reproduce: How does one identify that the documentation is outdated?
	* Expected vs actual behaviour: What should be the expected state of the documentation, and how does it differ from its current state?
	* Acceptance criteria: What conditions must be met for this issue to be considered resolved?
	* Affected components: Which specific parts of the system or codebase are impacted by outdated documentation?
	* Environment details: Are there any specific environments (e.g., development, staging, production) where this issue is relevant?
3. Without more information, a developer would likely need to ask for clarification before attempting to address the issue.

Based on these observations, I conclude that the issue is indeed INCOMPLETE.

Final Answer: Yes",6f1d7761be5682e5,llama3.1:8b,0,2026-06-08T18:07:30.844985+00:00
ISSUE-0016,File upload fails #16,0,-1,"Let's break down the issue step-by-step:

1. The key information provided in this issue includes:
	* A specific error code (413)
	* An endpoint (/upload) where the issue occurs
	* A condition under which the issue occurs (file size > 10MB)

2. Essential information that is missing from this issue includes:
	* Steps to reproduce the issue, such as how to upload a file larger than 10MB and what exactly happens when the 413 error occurs.
	* Expected vs actual behavior: What should happen when uploading large files? Is it expected for a 413 error to occur in this case?
	* Acceptance criteria: What are the specific conditions under which the file upload is considered successful or failed?
	* Affected components: Which parts of the system are impacted by this issue (e.g., server, client-side code)?
	* Environment details: Is this a local development environment, staging, production? Are there any specific configurations that might be relevant?

3. Without more information, it's difficult for a developer to act on this issue without asking for clarification or additional context.

Based on the analysis, I conclude that the issue is missing essential information and cannot be fully understood or addressed with the provided details.",d2997f0220a4ab0a,llama3.1:8b,0,2026-06-08T18:07:34.045184+00:00
ISSUE-0017,Wrong total #17,1,1,"Let's break down the issue step by step:

1. The key information provided in this issue is:
	* Issue Title: Wrong total #17
	* Issue Description: The total is wrong in the cart.
2. Essential information that is missing includes:
	* Steps to reproduce the issue (e.g., what actions led to the incorrect total)
	* Expected vs actual behavior (e.g., what was the expected total, and how does it differ from the actual total)
	* Acceptance criteria for resolving the issue (e.g., what constitutes a ""correct"" total in this context)
	* Affected components or modules (e.g., which parts of the codebase are relevant to this issue)
	* Environment details (e.g., was this issue observed on a specific browser, device, or version of the software?)
3. Without additional information, it's unlikely that a developer can act on this issue without asking for more context.

Based on these observations, I conclude that the issue is missing essential information to be considered complete.

Final Answer: Yes",ba7e11d00e1c3b49,llama3.1:8b,0,2026-06-08T18:07:36.823755+00:00
ISSUE-0018,Session expiry #18,0,1,"Let's break down the issue step-by-step:

1. The key information provided in this issue is:
	* A specific requirement: Implement automatic session expiry after 30 minutes of inactivity.
	* A warning dialog is mentioned, but no further details are given about its behavior or functionality.

2. Essential information that is missing includes:
	* Steps to reproduce the scenario where a user's session expires (e.g., how to simulate inactivity for 30 minutes).
	* Expected vs actual behavior: What exactly happens when a user's session expires? Does it log them out, redirect them to a login page, or display an error message?
	* Acceptance criteria: What are the specific conditions under which this feature is considered complete?

3. Can a developer act on this issue without asking for more information? 
While a developer might be able to implement some basic functionality based on the provided description (e.g., setting up a timer and displaying a dialog), they would likely need clarification on several aspects, such as how to handle edge cases or what constitutes ""inactivity"" in different scenarios.

Given these considerations, I conclude that this issue is missing essential information for a developer to fully understand and implement it correctly. 

Final Answer: Yes",a8d427f900dcf989,llama3.1:8b,0,2026-06-08T18:07:39.920888+00:00
ISSUE-0019,Fix typo #19,0,1,"Let's break it down:

1. The issue title and description provide some basic context about the problem, but they don't give much detail.
2. Essential information that is missing includes:
	* Steps to reproduce: How can a developer replicate the issue?
	* Expected vs actual behaviour: What was the expected output or behavior, and what actually happened?
	* Acceptance criteria: What are the conditions under which the fix will be considered complete?
	* Affected components: Which parts of the system are impacted by this typo?
	* Environment details: In which environment did the issue occur (e.g., production, staging, local dev)?
3. Without more information, a developer cannot confidently act on this issue without asking for clarification or additional context.

Therefore, considering the missing essential information, I conclude that:

Final Answer: Yes",5d235d249b076546,llama3.1:8b,0,2026-06-08T18:07:42.219447+00:00
ISSUE-0020,Pagination broken #20,0,1,"Let's break it down:

1. The issue title and description provide some context about the problem: ""Pagination broken #20"" and ""Pagination does not work when filter is applied on the user management table."" This gives a general idea of what's going wrong.
2. Upon closer inspection, I notice that:
	* Steps to reproduce are missing. How did this issue occur? What specific actions led to the pagination breaking?
	* Expected vs actual behaviour is partially mentioned (""Pagination does not work""), but it would be helpful to know more about what was expected and how it differs from the actual outcome.
	* Acceptance criteria are not specified. What conditions must be met for the pagination to be considered ""working"" with a filter applied?
	* Affected components are not explicitly stated, although we can infer that it's related to user management table functionality.
	* Environment details (e.g., browser type, version, operating system) are missing.

3. Without more information, a developer might struggle to replicate the issue or understand how to fix it. They would likely need to ask for clarification on these points before attempting to resolve the problem.

Considering these observations, I conclude that this issue is INCOMPLETE due to the lack of essential details.

Final Answer: Yes",c1b3846b72848916,llama3.1:8b,0,2026-06-08T18:07:45.347274+00:00
ISSUE-0021,Add logging #21,1,1,"Let's break it down:

1. The issue title and description provide some basic context, but they are quite vague.
2. Upon reviewing the issue, I notice that several essential pieces of information are missing:
	* Steps to reproduce: How can a developer replicate the problem or understand what needs to be fixed?
	* Expected vs actual behaviour: What is the desired outcome for logging, and how does it differ from the current state?
	* Acceptance criteria: What specific conditions must be met for the logging feature to be considered complete?
	* Affected components: Which parts of the system will be impacted by this change?
	* Environment details: Are there any specific environments or configurations that need to be considered when implementing logging?
3. Without more information, a developer would likely struggle to understand what needs to be done and might even implement something that doesn't meet the requirements.

Given these observations, I conclude that the issue is indeed INCOMPLETE.

Final Answer: Yes",5fd1de8c522e0e50,llama3.1:8b,0,2026-06-08T18:07:47.884888+00:00
ISSUE-0022,Two-factor auth #22,0,1,"Let's break down the issue step by step:

1. The issue title and description provide some context about what needs to be implemented: TOTP-based 2FA support for admin accounts with backup codes.
2. Upon reviewing the issue, I notice that it lacks essential information such as:
	* Steps to reproduce the problem or scenario where this feature is needed
	* Expected vs actual behavior (what happens currently and what should happen after implementing the change)
	* Acceptance criteria (specific conditions that must be met for the implementation to be considered complete)
	* Affected components (which parts of the system will be impacted by this change)
	* Environment details (e.g., specific user roles, configurations, or scenarios where this feature is expected to work)
3. Without these essential pieces of information, a developer would likely need to ask for clarification or additional context before starting work on the issue.

Based on this analysis, I conclude that the issue is missing critical information and cannot be acted upon without further details.

Final Answer: Yes",51081da767a4faa4,llama3.1:8b,0,2026-06-08T18:07:50.560313+00:00
ISSUE-0023,Improve something #23,0,1,"Let's break it down:

1. The issue title ""Improve something #23"" provides some context, but it's very vague.
2. Upon reviewing the description, I notice that there is no mention of:
	* Steps to reproduce the problem or what needs improvement
	* Expected vs actual behavior (what should happen and what currently happens)
	* Acceptance criteria (how will we know if the improvement is successful?)
	* Affected components (which parts of the system need to be improved)
	* Environment details (where, when, and under what conditions does this issue occur)

3. Without more information, a developer would likely struggle to understand what needs to be improved, how to reproduce the problem, or even where to start.

Given these observations, I conclude that the issue is missing essential information.

Final Answer: Yes",5634b534f485790d,llama3.1:8b,0,2026-06-08T18:07:52.882874+00:00
ISSUE-0024,CSV import fails #24,0,1,"Let's break down the issue step by step:

1. The key information provided in this issue is:
	* A specific problem: CSV import fails
	* A condition that triggers the problem: Importing CSV files with special characters (commas in fields)
2. Essential information missing from this issue:
	* Steps to reproduce the problem (e.g., how to create a sample CSV file, what steps to take to trigger the failure)
	* Expected vs actual behavior (e.g., what should happen when importing a CSV file with commas in fields, and what actually happens)
	* Acceptance criteria (e.g., what constitutes successful import of a CSV file with special characters)
	* Affected components (e.g., which specific modules or classes are involved in the CSV import process)
3. Can a developer act on this issue without asking for more information?
	* No, because there is no clear understanding of how to reproduce the problem, what the expected behavior should be, and what constitutes successful import.

Based on these steps, I conclude that the issue is missing essential information, making it incomplete.

Final Answer: Yes",124524e687494cbd,llama3.1:8b,0,2026-06-08T18:07:55.824669+00:00
ISSUE-0025,Profile page slow #25,0,1,"Let's break down the issue step by step:

1. The key information provided in this issue is:
	* A symptom of the problem: ""The profile page takes 8+ seconds to load""
	* A possible cause: ""unoptimized image loading""
2. Essential information that is missing includes:
	* Steps to reproduce the issue (e.g., what actions trigger the slow loading)
	* Expected vs actual behavior (e.g., what should happen when the profile page loads, and how does it differ from what's happening now)
	* Acceptance criteria for resolving the issue (e.g., what constitutes a ""fast enough"" load time)
	* Affected components or modules (e.g., which specific parts of the codebase are responsible for image loading)
	* Environment details (e.g., browser, operating system, network conditions under which the issue occurs)
3. Without more information, it's difficult to determine whether a developer can act on this issue without asking for more clarification.

Based on these observations, I conclude that the issue is missing essential information and cannot be fully understood or addressed as-is.

Final Answer: Yes",0d5a324b5c8954a4,llama3.1:8b,0,2026-06-08T18:07:58.780257+00:00
ISSUE-0026,Notifications broken #26,1,1,"Let's break down the issue step by step:

1. The key information provided in this issue is:
	* Issue Title: Notifications broken #26
	* Issue Description: Push notifications are not delivered to Android devices running Android 13+.
2. Essential information that is missing includes:
	* Steps to reproduce the issue (e.g., how to trigger the notification failure)
	* Expected vs actual behavior (e.g., what should happen when a notification is sent, and what's happening instead)
	* Acceptance criteria (e.g., what conditions must be met for the notification to be considered delivered successfully)
	* Affected components (e.g., which specific parts of the system are responsible for sending notifications)
3. Without additional information, it would be challenging for a developer to act on this issue without asking for more details.

Considering these points, I conclude that the issue is missing essential information, making it INCOMPLETE.

Final Answer: Yes",c0f0288af590d102,llama3.1:8b,0,2026-06-08T18:08:01.380374+00:00
ISSUE-0027,Timezone bug #27,1,1,"Let's analyze the issue step by step:

1. The issue title and description provide some context about the problem: ""Timezone bug #27"" and ""Timestamps display in UTC instead of user's local timezone in the event log."" This gives a general idea of what is happening, but it's not very specific.
2. Upon closer inspection, I notice that:
	* Reproduction steps are missing (e.g., how to reproduce the issue).
	* Expected vs actual behavior is not clearly described (e.g., what should happen instead of displaying UTC timestamps?).
	* Acceptance criteria are not specified (e.g., under what conditions would this be considered fixed?).
	* Affected components are not mentioned (e.g., which parts of the system are impacted by this issue?).
	* Environment details are missing (e.g., is this specific to a certain browser, OS, or configuration?).
3. Without more information, it's difficult for a developer to understand how to reproduce and fix the issue. They would likely need to ask for clarification on these points before proceeding.

Based on this analysis, I conclude that the issue is missing essential information, making it incomplete.

Final Answer: Yes",6d04da8006336738,llama3.1:8b,0,2026-06-08T18:08:04.439118+00:00
ISSUE-0028,Dropdown empty #28,1,1,"Let's break down the issue step by step:

1. The key information provided in this issue is:
	* Issue Title: Dropdown empty #28
	* Issue Description: Country dropdown is empty on the registration form for new users.
2. Essential information that is missing includes:
	* Steps to reproduce the issue (e.g., what actions trigger the problem)
	* Expected vs actual behavior (e.g., what should happen when a user selects a country, and what actually happens)
	* Acceptance criteria (e.g., how will we know if the fix is successful?)
	* Affected components (e.g., which specific parts of the code or system are impacted)
	* Environment details (e.g., which browsers, operating systems, or configurations are affected)
3. Without more information, a developer cannot confidently act on this issue without asking for clarification. They would need to ask questions like ""What steps did you take to reproduce the issue?"", ""Can you describe what happens when you try to select a country?"", etc.

Based on these observations:

Final Answer: Yes",ee44e2a122309bb9,llama3.1:8b,0,2026-06-08T18:08:07.251741+00:00
ISSUE-0029,Report generation #29,0,1,"Let's break down the issue step by step:

1. The key information provided in this issue is:
	* A specific problem: ""The monthly report generation times out""
	* A condition that triggers the problem: ""datasets with more than 10,000 rows""
2. Essential information missing from this issue includes:
	* Steps to reproduce the problem (e.g., how to generate a dataset with more than 10,000 rows)
	* Expected vs actual behavior (what is supposed to happen when generating reports for large datasets?)
	* Acceptance criteria (what constitutes ""successful"" report generation in this context?)
	* Affected components (which specific parts of the system are responsible for report generation?)
	* Environment details (e.g., which database, server, or other systems are involved in report generation?)
3. Without additional information, a developer may struggle to act on this issue effectively. They might need to ask questions like ""How do we reproduce this problem?"" or ""What is the expected behavior for large datasets?""

Considering these points, I conclude that the issue is missing essential information.

Final Answer: Yes",a91c491c32a088e2,llama3.1:8b,0,2026-06-08T18:08:10.168617+00:00
ISSUE-0030,Missing feature #30,0,1,"Let's analyze the issue step by step:

1. The issue title ""Missing feature #30"" suggests that it might be related to a specific requirement or feature, but it doesn't provide any context.
2. Upon reviewing the description, I notice that:
	* There are no reproduction steps mentioned (e.g., how to trigger the missing feature).
	* There is no expected vs actual behavior described (e.g., what should happen when the feature is implemented).
	* No acceptance criteria are provided (e.g., specific conditions that must be met for the feature to be considered complete).
	* The affected components or environment details are not specified.
3. Based on this analysis, a developer would likely need to ask for more information before acting on this issue, as they wouldn't know what exactly needs to be implemented.

Given these observations, I conclude that the issue is missing essential information and cannot be acted upon without further clarification.

Final Answer: Yes",5301c921d98d571a,llama3.1:8b,0,2026-06-08T18:08:12.705493+00:00
ISSUE-0031,Concurrent edit conflict #31,0,1,"Let's break down the issue step by step:

1. The issue title and description provide some context about the problem: ""Concurrent edit conflict #31"" and ""Two users editing the same record simultaneously causes data loss silently."" This gives a general idea of what is happening, but it's not very specific.
2. Upon closer inspection, I notice that:
	* There are no reproduction steps to help developers understand how to replicate the issue.
	* The expected behavior is not clearly stated (e.g., what should happen when two users edit the same record simultaneously?).
	* The actual behavior (data loss silently) is mentioned, but it's not clear what ""silently"" means in this context.
	* There are no acceptance criteria specified to determine whether the fix is successful.
	* Affected components and environment details are also missing.

3. Based on the lack of essential information, a developer would likely need to ask for more clarification before acting on this issue. Without reproduction steps, expected behavior, or acceptance criteria, it's difficult to know how to proceed with fixing the problem.

Therefore, considering all these points, I conclude that:

Final Answer: Yes",222f705ee2a2631f,llama3.1:8b,0,2026-06-08T18:08:15.702031+00:00
ISSUE-0032,Wrong redirect #32,1,1,"Let's break down the issue step by step:

1. The issue title and description provide some context about the problem: ""Wrong redirect #32"" and ""After logout, users are redirected to dashboard instead of the login page."" This gives a general idea of what is happening.
2. Upon reviewing the information provided, I notice that:
	* Steps to reproduce are missing. It's unclear how to replicate this issue.
	* Expected vs actual behaviour is partially described, but it would be helpful to have a clear statement of what should happen (expected) and what actually happens (actual).
	* Acceptance criteria are not mentioned at all.
	* Affected components are not specified.
	* Environment details (e.g., browser type, OS version) are missing.

3. Without the necessary information, it's challenging for a developer to act on this issue without asking for more clarification or details. They would need additional context to understand how to reproduce and fix the problem.

Considering these points, I conclude that the issue is INCOMPLETE because essential information such as steps to reproduce, expected vs actual behaviour, acceptance criteria, affected components, and environment details are missing.

Final Answer: Yes",15d8b824393dd75f,llama3.1:8b,0,2026-06-08T18:08:18.940053+00:00
ISSUE-0033,Image resize #33,1,1,"Let's break down the issue step by step:

1. The key information provided in this issue is:
	* A problem statement: ""Profile images are not resized/compressed on upload, causing slow page loads.""
2. Upon reviewing the issue description, I notice that some essential information is missing:
	* Steps to reproduce the issue (e.g., what specific actions trigger the problem)
	* Expected vs actual behavior (e.g., how does the system behave when it should be resizing/compressing images?)
	* Acceptance criteria (e.g., what are the desired outcomes for image resizing/compression?)
	* Affected components (e.g., which parts of the system are impacted by this issue?)
3. Without additional information, a developer may struggle to understand the root cause of the problem and how to address it effectively.

Based on these observations, I conclude that the issue is missing essential details for a developer to act on it confidently.

Final Answer: Yes",a8403b9081c7b8b6,llama3.1:8b,0,2026-06-08T18:08:21.460363+00:00
ISSUE-0034,Filter not saving #34,1,1,"Let's break down the issue step by step:

1. The key information provided in this issue is:
	* Issue Title: Filter not saving #34
	* Issue Description: Applied filters are reset when navigating back to the list view.
2. Upon reviewing the issue, I notice that essential information is missing:
	* Steps to reproduce the problem (e.g., how to apply filters and navigate back to the list view)
	* Expected vs actual behavior (e.g., what should happen when applying filters, and what actually happens)
	* Acceptance criteria (e.g., specific conditions under which the filter saving functionality is considered working correctly)
	* Affected components or modules
	* Environment details (e.g., browser type, version, operating system)
3. Without this essential information, a developer may struggle to understand the context and requirements of the issue, making it challenging for them to act on the issue without asking for more clarification.

Based on these observations, I conclude that the issue is INCOMPLETE.

Final Answer: Yes",b8dd76c657da4052,llama3.1:8b,0,2026-06-08T18:08:24.176481+00:00
ISSUE-0035,Audit log missing #35,0,1,"Let's break down the issue step by step:

1. The key information provided in this issue is:
	* Issue Title: Audit log missing #35
	* Issue Description: Admin actions are not being recorded in the audit log table.
2. Upon reviewing the issue, I notice that the following essential information is missing:
	* Steps to reproduce the problem (e.g., what specific admin action was taken, how often does it happen)
	* Expected vs actual behavior (e.g., what should be recorded in the audit log, but isn't)
	* Acceptance criteria (e.g., what constitutes a successful recording of an admin action in the audit log)
	* Affected components or environment details (e.g., which specific tables or databases are involved, any relevant system configurations)
3. Without this essential information, it's unlikely that a developer can act on this issue without asking for more clarification or details.

Therefore, based on the provided steps and analysis, I conclude:

Final Answer: Yes",b461740aad8382a0,llama3.1:8b,0,2026-06-08T18:08:26.869269+00:00
ISSUE-0036,Language switch broken #36,1,1,"Let's break it down:

1. The issue title and description provide some context about the problem: ""Language switch broken #36"" and ""Switching language mid-session reverts to English after page refresh."" This gives a general idea of what's happening, but it's not enough for a developer to fix the issue.
2. Upon closer inspection, I notice that:
	* Reproduction steps are missing (e.g., how to reproduce the issue).
	* Expected behavior is implied (""reverts to English""), but actual behavior should be explicitly stated.
	* Acceptance criteria are not mentioned.
	* Affected components are not specified.
	* Environment details (e.g., browser, OS) are not provided.

3. Without more information, a developer would likely need to ask for clarification or additional details before attempting to fix the issue. This could lead to delays and misunderstandings.

Considering these points, I conclude that the issue is INCOMPLETE.

Final Answer: Yes",9f35131d5da2133a,llama3.1:8b,0,2026-06-08T18:08:29.453479+00:00
ISSUE-0037,Role permission #37,1,1,"Let's break down the issue step by step:

1. The key information provided in this issue is:
	* Users with 'viewer' role can access admin endpoints via direct URL.
2. Essential information that is missing includes:
	* Steps to reproduce: How exactly do users access these admin endpoints? What specific actions or URLs are involved?
	* Expected vs actual behaviour: What should happen when a user with the 'viewer' role tries to access an admin endpoint, and what actually happens?
	* Acceptance criteria: What conditions must be met for this issue to be considered resolved?
	* Affected components: Which parts of the system or codebase are impacted by this issue?
	* Environment details: In which environment(s) does this issue occur (e.g., development, staging, production)?
3. Without additional information, a developer may struggle to act on this issue effectively. They would need more context and specifics to reproduce the problem, understand the expected behavior, and determine how to resolve it.

Based on these observations, I conclude that the issue is missing essential information, making it INCOMPLETE.

Final Answer: Yes",204ca482a3450b52,llama3.1:8b,0,2026-06-08T18:08:32.382901+00:00
ISSUE-0038,Broken link #38,0,1,"Let's analyze the issue step by step:

1. The issue title and description provide some basic information about the problem, but it is quite vague.
2. Upon reviewing the issue, I notice that several essential pieces of information are missing:
	* Steps to reproduce: How can a developer replicate the broken link?
	* Expected vs actual behaviour: What should happen when the link is clicked? What actually happens instead?
	* Acceptance criteria: What conditions must be met for this issue to be considered resolved?
	* Affected components: Which specific parts of the system are impacted by this broken link?
	* Environment details: Is this a problem that occurs in all environments (e.g., development, staging, production) or just one specific environment?
3. Without more information, it's unlikely that a developer can act on this issue without asking for clarification or additional details.

Based on the analysis, I conclude that the issue is missing essential information to be considered complete.

Final Answer: Yes",058ef0a1112bb32e,llama3.1:8b,0,2026-06-08T18:08:35.062830+00:00
ISSUE-0039,Chart rendering #39,0,1,"Let's break down the issue step by step:

1. The issue title and description provide some context about the problem: ""Chart rendering #39"" and ""Bar chart renders incorrectly when data contains negative values."" This gives a general idea of what is happening, but it's not enough to reproduce or fix the issue.
2. Upon reviewing the issue, I notice that:
	* Steps to reproduce are missing. How does one create a bar chart with negative values to test this issue?
	* Expected vs actual behavior is not explicitly stated. What should happen when data contains negative values? Should it render correctly or throw an error?
	* Acceptance criteria are not provided. What constitutes ""correct"" rendering of the chart in this scenario?
	* Affected components are not specified. Which parts of the system are impacted by this issue?
	* Environment details (e.g., browser, OS, version) are missing.
3. Without more information, a developer would likely need to ask for clarification or additional details before attempting to fix the issue.

Based on these observations, I conclude that the issue is INCOMPLETE because essential information is missing.

Final Answer: Yes",0c1418868b173b7e,llama3.1:8b,0,2026-06-08T18:08:37.956906+00:00
ISSUE-0040,Delete confirmation #40,1,1,"Let's break down the issue step by step:

1. The key information provided in this issue is:
	* Issue Title: Delete confirmation #40
	* Issue Description: Add a confirmation dialog before deleting records permanently.
2. Essential information that is missing includes:
	* Steps to reproduce the issue (e.g., how to delete a record, what triggers the deletion)
	* Expected vs actual behavior (e.g., what should happen when a user confirms deletion, what happens currently)
	* Acceptance criteria (e.g., what conditions must be met for the confirmation dialog to appear)
	* Affected components (e.g., which modules or features are impacted by this change)
	* Environment details (e.g., is this issue specific to a particular deployment environment or user role?)
3. Without additional information, it's difficult for a developer to fully understand the context and requirements of this issue.

Based on these observations, I conclude that the issue is missing essential information, making it INCOMPLETE.

Final Answer: Yes",c613ec778566be0a,llama3.1:8b,0,2026-06-08T18:08:40.632129+00:00
ISSUE-0041,Fix login bug #41,0,1,"Let's break it down:

1. The issue title mentions ""Fix login bug #41"", which implies that the issue is related to a specific bug, but doesn't provide much context.
2. Upon reviewing the issue description, I notice that:
	* There are no reproduction steps mentioned (e.g., what actions trigger the bug).
	* No expected vs actual behaviour is described (e.g., what happens when the user tries to log in?).
	* No acceptance criteria are provided (e.g., how will we know if the fix is successful?).
	* The affected components or environment details are not specified.
3. Without this essential information, a developer would likely need to ask for more context and clarification before attempting to resolve the issue.

Based on these observations, I conclude that the issue is indeed INCOMPLETE.

Final Answer: Yes",dfdf80ede8ea334e,llama3.1:8b,0,2026-06-08T18:08:42.913412+00:00
ISSUE-0042,Update UI #42,0,1,"Let's break it down:

1. The issue title and description provide some context about the need to update the UI, but they don't specify what exactly needs updating or why.
2. Essential information that is missing includes:
	* Steps to reproduce: How can a developer replicate the problem?
	* Expected vs actual behaviour: What should the updated UI look like, and how does it differ from the current one?
	* Acceptance criteria: What are the specific requirements for the updated UI?
	* Affected components: Which parts of the system will be impacted by this update?
	* Environment details: In which environment(s) is this issue relevant (e.g., production, staging, development)?
3. Without more information, a developer cannot act on this issue without asking for clarification or additional context.

Therefore, based on the provided analysis:

Final Answer: Yes",7fbcf367c0caeb14,llama3.1:8b,0,2026-06-08T18:08:45.232821+00:00
ISSUE-0043,Add export feature #43,1,1,"Let's break it down:

1. The issue title and description provide some key information:
	* Issue Title: Add export feature #43
	* Issue Description: We need to export data to CSV format from the reports page.
2. Upon reviewing, I notice that essential information is missing:
	* Steps to reproduce the issue are not provided (e.g., what specific actions trigger the export functionality).
	* Expected vs actual behavior is not described (e.g., how does the exported CSV file differ from the original data?).
	* Acceptance criteria are not specified (e.g., what conditions must be met for the export feature to be considered complete?).
	* Affected components or environment details are not mentioned.
3. Without this essential information, a developer may struggle to understand how to implement the export feature correctly and might need to ask for more clarification.

Based on these observations:

Final Answer: Yes",fc5187c6bbe83af0,llama3.1:8b,0,2026-06-08T18:08:47.652023+00:00
ISSUE-0044,Performance issue #44,1,1,"Let's break it down:

1. The issue title and description provide some context, but they are quite vague.
2. Upon reviewing the issue, I notice that:
	* There is no mention of steps to reproduce the performance issue (#44).
	* It does not specify what ""slow"" means in terms of expected vs actual behaviour (e.g., how long it takes for a specific task to complete).
	* Environment details are missing (e.g., which devices, browsers, or configurations are affected).
3. Without this essential information, a developer would likely need to ask for more context before attempting to resolve the issue.

Based on these observations:

Final Answer: Yes",3ed3325506c97f36,llama3.1:8b,0,2026-06-08T18:08:49.649815+00:00
ISSUE-0045,Null pointer exception #45,0,1,"Let's break down the issue step by step:

1. The key information provided in this issue is:
	* A specific error type (NullPointerException)
	* A file and line number where the error occurs (UserService.java at line 142)
	* A condition that triggers the error (when userId is null)

2. Essential information missing from this issue includes:
	* Steps to reproduce the NullPointerException
	* Expected vs actual behavior of the system when the error occurs
	* Acceptance criteria for resolving the issue
	* Affected components or modules beyond UserService.java
	* Environment details where the issue was encountered (e.g., development, staging, production)

3. Without additional information, a developer cannot fully understand how to reproduce and resolve the issue. They would need more context about what happens before and after the error occurs, as well as any specific conditions or configurations that might be relevant.

Given these observations, I conclude:

Final Answer: Yes",cc00453bb52afdab,llama3.1:8b,0,2026-06-08T18:08:52.196089+00:00
ISSUE-0046,Search not working #46,1,1,"Let's break it down:

1. The issue title and description provide some basic context: the search function is not working as expected.
2. Upon closer inspection, I notice that:
	* There are no reproduction steps to help a developer replicate the problem.
	* The expected behavior (what should happen when searching) is not clearly stated.
	* The actual behavior (what's happening instead of what's expected) is only partially described (""Search returns no results"").
	* Acceptance criteria, affected components, and environment details are all missing.
3. Without more information, a developer would likely need to ask for clarification or additional details before attempting to fix the issue.

Considering these points, I conclude that this issue is indeed INCOMPLETE.

Final Answer: Yes",f81ce3f695fc53c2,llama3.1:8b,0,2026-06-08T18:08:54.320898+00:00
ISSUE-0047,Add dark mode #47,0,1,"Let's break it down:

1. The issue title and description provide some key information:
	* The feature to be implemented: dark mode toggle
	* Where the toggle should be located: settings
	* How the preference should be stored: via localStorage
2. Upon reviewing the issue, I notice that essential information is missing:
	* Steps to reproduce the issue (if any) or how to test the new feature
	* Expected vs actual behavior (what happens when the user toggles dark mode)
	* Acceptance criteria (what constitutes a successful implementation of dark mode toggle)
	* Affected components (which parts of the codebase will be impacted by this change)
	* Environment details (e.g., which browsers or devices are expected to support dark mode)
3. Without additional information, it's challenging for a developer to fully understand what is required and how to implement the feature correctly.

Considering these points, I conclude that the issue is INCOMPLETE.

Final Answer: Yes",beea45d33478e1e0,llama3.1:8b,0,2026-06-08T18:08:56.911458+00:00
ISSUE-0048,Crash on startup #48,0,1,"Let's break it down:

1. The issue title and description provide some basic information about the problem, but they are quite vague.
2. Upon closer inspection, I notice that several essential pieces of information are missing:
	* Steps to reproduce: How can a developer replicate this crash on startup?
	* Expected vs actual behaviour: What is supposed to happen when the app starts up, and what's happening instead?
	* Acceptance criteria: What conditions would indicate that the issue has been resolved?
	* Affected components: Which parts of the code or system are likely responsible for the crash?
	* Environment details: Are there any specific configurations, versions, or dependencies that might be relevant to this issue?
3. Without more information, a developer would struggle to diagnose and fix the problem. They would need to ask follow-up questions or request additional context before they could even begin working on a solution.

Given these observations, I conclude that the issue is indeed INCOMPLETE.

Final Answer: Yes",5494053af9706269,llama3.1:8b,0,2026-06-08T18:08:59.515185+00:00
ISSUE-0049,Email validation #49,1,1,"Let's break down the issue step by step:

1. The key information provided in this issue is:
	* Issue Title: Email validation #49
	* Issue Description: Validate email format on registration form and show inline error messages.
2. Upon reviewing the issue, I notice that essential information is missing:
	* Steps to reproduce the issue (e.g., what specific inputs or actions trigger the problem)
	* Expected vs actual behavior (e.g., what happens when a user enters an invalid email address)
	* Acceptance criteria (e.g., how will we know if the validation is working correctly?)
	* Affected components (e.g., which parts of the system are impacted by this issue)
	* Environment details (e.g., which browsers or devices exhibit the problem)
3. Without these essential pieces of information, a developer would likely need to ask for more context before attempting to resolve the issue.

Based on this analysis, I conclude that the issue is INCOMPLETE because it lacks critical details necessary for a developer to understand and address the problem effectively.

Final Answer: Yes",fa0196f7c2b9e6a6,llama3.1:8b,0,2026-06-08T18:09:02.349095+00:00
ISSUE-0050,Database timeout #50,1,1,"Let's break down the issue step by step:

1. The key information provided in this issue includes:
	* A symptom of the problem: ""DB queries timeout""
	* A specific condition under which the problem occurs: ""after 30 seconds under heavy load with more than 500 concurrent users""
2. Essential information that is missing from this issue includes:
	* Steps to reproduce the problem (e.g., how to simulate a heavy load of 500+ concurrent users)
	* Expected vs actual behavior (what should happen when queries timeout, and what actually happens)
	* Acceptance criteria (how will we know if the fix is successful?)
	* Affected components (which specific database or query is affected by this issue)
	* Environment details (e.g., which servers are involved, what's the current load on the system)
3. Without more information, a developer may struggle to act on this issue without asking for clarification. They might need to ask questions like ""What steps can we take to reproduce this issue?"", ""How do you expect the behavior to change after fixing this issue?"", or ""Which specific database queries are timing out?""

Given that essential information is missing from this issue, I would conclude:

Final Answer: Yes",602f335f1f1b24e6,llama3.1:8b,0,2026-06-08T18:09:05.533195+00:00
ISSUE-0051,Missing error handling #51,1,1,"Let's break it down:

1. The issue title and description provide some context about the problem, but they are quite vague.
2. Upon reviewing the issue, I notice that:
	* There is no mention of steps to reproduce the error.
	* The expected behavior or actual behavior is not specified.
	* Acceptance criteria are missing.
	* Affected components are unknown.
	* Environment details (e.g., operating system, browser) are not provided.

3. Without more information, a developer would struggle to understand how to properly handle errors in this specific context. They might need to ask for clarification or additional details before they can start working on the issue.

Considering these points, I conclude that the issue is missing essential information.

Final Answer: Yes",c271108338cb9de2,llama3.1:8b,0,2026-06-08T18:09:07.645078+00:00
ISSUE-0052,API rate limiting #52,0,1,"Let's break down the issue step by step:

1. The issue title and description provide some key information:
	* The issue is about implementing rate limiting.
	* The specific requirement is to limit 100 requests per minute per API key with a 429 response.
2. Upon reviewing the issue, I notice that essential information is missing:
	* Steps to reproduce: How can a developer test and verify that the rate limiting is working as expected?
	* Expected vs actual behaviour: What are the expected results when the rate limit is reached? What should happen in case of an error or exception?
	* Acceptance criteria: Are there specific conditions or scenarios that need to be met for this feature to be considered complete?
	* Affected components: Which parts of the system will be impacted by this change (e.g., API endpoints, database schema)?
	* Environment details: In which environments should this rate limiting be implemented (e.g., production, staging, development)?
3. Based on the missing information, a developer would likely need to ask for clarification or additional details before acting on this issue.

Final Answer: Yes",602072cf38f8525f,llama3.1:8b,0,2026-06-08T18:09:10.540989+00:00
ISSUE-0053,Button color #53,1,1,"Let's break down the issue step by step:

1. The key information provided in this issue is:
	* Issue Title: Button color #53
	* Issue Description: Change the button color.
2. Essential information that is missing includes:
	* Steps to reproduce the issue (e.g., what actions trigger the change)
	* Expected vs actual behavior (e.g., what should happen when the button color changes)
	* Acceptance criteria (e.g., how will we know if the change was successful?)
	* Affected components (e.g., which parts of the system are impacted by this change)
	* Environment details (e.g., is this issue specific to a particular browser, OS, or configuration?)
3. Without additional information, it's unlikely that a developer can act on this issue without asking for more context.

Based on these steps, I conclude that the issue is missing essential information and cannot be acted upon in its current state.

Final Answer: Yes",65ee91747c978438,llama3.1:8b,0,2026-06-08T18:09:13.159385+00:00
ISSUE-0054,Memory leak #54,0,1,"Let's break it down:

1. The issue title and description provide some context about the problem: ""Memory leak #54"" and ""Memory usage grows unbounded in the background sync service over 24 hours."" This gives a general idea of what's happening, but it's not enough to reproduce or fix the issue.
2. Upon closer inspection, I notice that:
	* Reproduction steps are missing. How can a developer replicate this issue?
	* Expected vs actual behaviour is not clearly stated. What should happen instead of the memory leak?
	* Acceptance criteria are not provided. What would be considered ""fixed"" in terms of the memory usage?
	* Affected components are not specified. Which parts of the system might be related to this issue?
	* Environment details (e.g., operating system, version, configuration) are also missing.
3. Without more information, a developer cannot act on this issue without asking for clarification or additional details.

Considering these points, I conclude that the issue is INCOMPLETE because it lacks essential information necessary for reproduction and resolution.

Final Answer: Yes",12469d874535fe5f,llama3.1:8b,0,2026-06-08T18:09:16.008451+00:00
ISSUE-0055,Update docs #55,1,1,"Let's break it down:

1. The issue title and description provide some context about the problem (""Update docs #55"", ""Documentation is outdated""). However, this is not enough to determine if the issue is INCOMPLETE.
2. Upon closer inspection, we can see that several essential pieces of information are missing:
	* Steps to reproduce: How does one identify that the documentation is outdated?
	* Expected vs actual behaviour: What should the updated documentation look like compared to what it currently looks like?
	* Acceptance criteria: What specific conditions must be met for the issue to be considered resolved?
	* Affected components: Which parts of the system or codebase are impacted by this issue?
	* Environment details: Are there any specific environments (e.g., development, staging, production) where this issue is relevant?
3. Without more information, a developer would likely need to ask for clarification before attempting to resolve the issue.

Based on these observations, I conclude that the issue is indeed INCOMPLETE.

Final Answer: Yes",964d8a53dbee0c1b,llama3.1:8b,0,2026-06-08T18:09:18.721366+00:00
ISSUE-0056,File upload fails #56,1,-1,"Let's break down the issue step-by-step:

1. The key information provided in this issue includes:
	* A specific error code (413)
	* An endpoint (/upload) where the issue occurs
	* A condition under which the issue occurs (file size > 10MB)

2. Essential information that is missing from this issue includes:
	* Steps to reproduce the issue, such as how to upload a file larger than 10MB and what exactly happens when the 413 error occurs.
	* Expected vs actual behavior: What should happen when uploading large files? Is it expected for a 413 error to occur in this case?
	* Acceptance criteria: What are the specific conditions under which the file upload is considered successful or failed?
	* Affected components: Which parts of the system are impacted by this issue (e.g., backend, frontend, database)?
	* Environment details: Is this a local development environment, staging, production? Are there any specific configurations that might be relevant to this issue?

3. Without more information, it's difficult for a developer to act on this issue without asking for clarification or additional context.

Based on the analysis, I conclude that the issue is missing essential information and cannot be fully understood or addressed with the",9ecce7e359509ec9,llama3.1:8b,0,2026-06-08T18:09:21.948289+00:00
ISSUE-0057,Wrong total #57,1,1,"Let's break it down:

1. The issue title and description provide some context about the problem, but they don't contain any specific details.
2. Upon reviewing the issue, I notice that:
	* There are no reproduction steps to help a developer replicate the issue.
	* There is no mention of what the expected behavior should be (e.g., what is the correct total).
	* The environment in which the issue occurs is not specified.
3. Without this essential information, it's unlikely that a developer can act on this issue without asking for more clarification or details.

Based on these observations, I conclude that the issue is missing critical information to be considered complete.

Final Answer: Yes",9de48fdf35ed950b,llama3.1:8b,0,2026-06-08T18:09:23.912890+00:00
ISSUE-0058,Session expiry #58,0,0,"Let's break down the issue step-by-step:

1. The key information provided in this issue is:
	* A specific requirement: Implement automatic session expiry after 30 minutes of inactivity.
	* A warning dialog is mentioned, but no details about its behavior or functionality are given.
2. Essential information that is missing includes:
	* Steps to reproduce the scenario where a user's session expires (e.g., how to simulate inactivity).
	* Expected vs actual behavior: What should happen when a user's session expires? Should they be logged out, redirected to a login page, or something else?
	* Acceptance criteria: What conditions must be met for this feature to be considered complete?
	* Affected components: Which parts of the system will be impacted by this change (e.g., authentication, session management)?
	* Environment details: Are there any specific environments where this feature should not be implemented or tested?
3. A developer cannot act on this issue without asking for more information because:
	* They would need to know how to reproduce the scenario to test the implementation.
	* They would need a clear understanding of what constitutes ""inactivity"" and how it will be measured.
	* They would need to define the expected behavior when a user",0123dd0867c72f16,llama3.1:8b,0,2026-06-08T18:09:27.040230+00:00
ISSUE-0059,Fix typo #59,0,1,"Let's break it down:

1. The issue title and description provide some basic context about the problem, but they don't give much detail.
2. Essential information that is missing includes:
	* Steps to reproduce: How can a developer replicate the issue?
	* Expected vs actual behaviour: What was the expected output or behavior, and what actually happened?
	* Acceptance criteria: What are the conditions under which the fix will be considered complete?
	* Affected components: Which parts of the system are impacted by this typo?
	* Environment details: In which environment did the issue occur (e.g., production, staging, local dev)?
3. Without more information, a developer cannot confidently act on this issue without asking for clarification or additional context.

Therefore, considering the missing essential information, I conclude that:

Final Answer: Yes",cf04ca6472b3586f,llama3.1:8b,0,2026-06-08T18:09:29.389952+00:00
ISSUE-0060,Pagination broken #60,1,1,"Let's break it down:

1. The issue title and description provide some context about the problem: ""Pagination broken #60"" and ""Pagination does not work when filter is applied on the user management table."" This gives a general idea of what's going wrong.
2. Upon closer inspection, I notice that:
	* Steps to reproduce are missing. How can we verify if this issue is indeed a bug? We need concrete steps to test it.
	* Expected vs actual behaviour is not explicitly stated. What should happen when the filter is applied, and how does it differ from what's currently happening?
	* Acceptance criteria are not provided. What conditions must be met for this issue to be considered resolved?
	* Affected components are not specified. Which parts of the system are impacted by this bug?
	* Environment details (e.g., browser type, OS) are missing. Are there any specific configurations or settings that might affect how this issue manifests?

3. Without more information, a developer would likely need to ask for clarification before attempting to fix the issue. They wouldn't know where to start or what to test.

Considering these points, I conclude that the issue is indeed INCOMPLETE.

Final Answer: Yes",199847784a0ee786,llama3.1:8b,0,2026-06-08T18:09:32.486342+00:00
ISSUE-0061,Add logging #61,0,1,"Let's break it down:

1. The issue title and description provide some key information: the feature to be added is logging, and there's a reference to an issue number (#61), which might imply that this is a follow-up or related issue.
2. Upon reviewing the provided information, I notice that:
	* There are no reproduction steps (e.g., ""Steps to reproduce: ..."").
	* The expected behavior is not clearly stated (e.g., ""Expected result: ..."").
	* Environment details are missing (e.g., ""Environment: ..."").
3. Without more context or clarification on the specific requirements for logging, a developer might struggle to implement this feature correctly. They would likely need additional information to ensure that they meet the necessary criteria.

Considering these points, I conclude that the issue is indeed INCOMPLETE because it lacks essential information such as reproduction steps, expected behavior, and environment details.

Final Answer: Yes",6eee7de8687eb078,llama3.1:8b,0,2026-06-08T18:09:35.018365+00:00
ISSUE-0062,Two-factor auth #62,1,1,"Let's break down the issue step by step:

1. The key information provided in this issue is:
	* A specific feature to be added: TOTP-based 2FA support
	* A specific use case: admin accounts with backup codes
2. Upon reviewing the issue, I notice that essential information is missing:
	* Steps to reproduce the scenario where 2FA is required and how it should work with backup codes.
	* Expected vs actual behavior of the new feature (e.g., what happens when a user enters an incorrect code?).
	* Acceptance criteria for the feature (e.g., specific conditions that must be met for the feature to be considered complete).
	* Affected components or systems (e.g., which databases, APIs, or other parts of the system will need to be updated).
3. Without this essential information, a developer would likely struggle to implement the feature correctly and might even introduce new bugs or issues.

Based on these observations, I conclude that the issue is indeed INCOMPLETE.

Final Answer: Yes",fecae4c47acbadb3,llama3.1:8b,0,2026-06-08T18:09:37.914523+00:00
ISSUE-0063,Improve something #63,0,1,"Let's break it down:

1. The issue title ""Improve something #63"" provides some context, but it's very vague.
2. Upon reviewing the description, I notice that there is no mention of:
	* Steps to reproduce the problem or what needs improvement
	* Expected vs actual behavior (what should happen and what currently happens)
	* Acceptance criteria (how will we know if the improvement is successful?)
	* Affected components (which parts of the system need to be improved)
	* Environment details (where, when, and how this issue occurs)

3. Without more information, a developer would likely struggle to understand what needs to be improved, let alone how to improve it.

Based on these observations, I conclude that the issue is missing essential information.

Final Answer: Yes",40f37d6b6ed3dcb2,llama3.1:8b,0,2026-06-08T18:09:40.274390+00:00
ISSUE-0064,CSV import fails #64,1,1,"Let's break down the issue step by step:

1. The key information provided in this issue is:
	* A specific problem: CSV import fails
	* A condition that triggers the problem: Importing CSV files with special characters (commas in fields)
2. Essential information missing from this issue:
	* Steps to reproduce the problem (e.g., how to create a sample CSV file, what steps to take to trigger the failure)
	* Expected vs actual behavior (e.g., what should happen when importing a CSV file with commas in fields, and what actually happens)
	* Acceptance criteria (e.g., what constitutes successful import of a CSV file with special characters)
	* Affected components (e.g., which specific modules or classes are involved in the CSV import process)
3. Can a developer act on this issue without asking for more information?
	* No, because there is not enough context to understand how to reproduce and fix the problem.

Based on these steps, I conclude that the issue is missing essential information, making it INCOMPLETE.

Final Answer: Yes",2518d5e554e7eb4c,llama3.1:8b,0,2026-06-08T18:09:43.130789+00:00
ISSUE-0065,Profile page slow #65,0,1,"Let's break down the issue step by step:

1. The key information provided in this issue is:
	* A brief description of the problem: ""The profile page takes 8+ seconds to load due to unoptimized image loading.""
2. Upon reviewing the issue, I notice that essential information is missing:
	* Steps to reproduce the issue (e.g., what actions trigger the slow loading)
	* Expected vs actual behavior (e.g., what should happen when the profile page loads quickly)
	* Acceptance criteria (e.g., how will we know if the optimization is successful?)
	* Affected components or environment details (e.g., which specific images are causing the issue, and on which browsers/devices does this occur?)
3. Without more information, a developer may struggle to act on this issue effectively:
	* They might not be able to reproduce the problem, making it difficult to test potential solutions.
	* They won't know what constitutes ""optimized"" image loading or how to measure success.

Given these observations, I conclude that the issue is missing essential details for a developer to tackle it efficiently. Therefore:

Final Answer: Yes",18d7b8f1a1f8a584,llama3.1:8b,0,2026-06-08T18:09:46.059171+00:00
ISSUE-0066,Notifications broken #66,0,1,"Let's break down the issue step by step:

1. The key information provided in this issue is:
	* Issue Title: Notifications broken #66
	* Issue Description: Push notifications are not delivered to Android devices running Android 13+.
2. Essential information that is missing includes:
	* Steps to reproduce the issue (e.g., how to trigger the notification failure)
	* Expected vs actual behavior (e.g., what should happen when a notification is sent, and what's happening instead)
	* Acceptance criteria (e.g., under what conditions is the notification considered delivered successfully)
	* Affected components (e.g., which specific modules or services are responsible for sending notifications)
3. Without additional information, it would be challenging for a developer to act on this issue without asking for more details.

Based on these observations, I conclude that the issue is missing essential information, making it INCOMPLETE.

Final Answer: Yes",10d34d3dfb438a9f,llama3.1:8b,0,2026-06-08T18:09:48.588164+00:00
ISSUE-0067,Timezone bug #67,1,1,"Let's analyze the issue step by step:

1. The issue title and description provide some context about the problem: ""Timezone bug #67"" and ""Timestamps display in UTC instead of user's local timezone in the event log."" This gives a general idea of what is happening, but it's not enough to fully understand the issue.
2. Upon closer inspection, I notice that:
	* Reproduction steps are missing. How can a developer reproduce this issue?
	* Expected vs actual behaviour is partially mentioned (""instead of user's local timezone""), but it would be helpful to have a clear description of what should happen and what actually happens.
	* Acceptance criteria are not specified. What conditions must be met for the issue to be considered resolved?
	* Affected components are not identified. Which parts of the system are impacted by this bug?
	* Environment details are missing. Are there any specific configurations or settings that contribute to this issue?

3. Based on the analysis, a developer would likely need to ask for more information before acting on this issue. Without reproduction steps, expected vs actual behaviour, acceptance criteria, affected components, and environment details, it's difficult to determine how to proceed.

Final Answer: Yes",34e3551f7e51d6eb,llama3.1:8b,0,2026-06-08T18:09:51.729939+00:00
ISSUE-0068,Dropdown empty #68,0,1,"Let's break down the issue step by step:

1. The key information provided in this issue is:
	* Issue Title: Dropdown empty #68
	* Issue Description: Country dropdown is empty on the registration form for new users.
2. Essential information that is missing includes:
	* Steps to reproduce the issue (e.g., what actions trigger the problem)
	* Expected vs actual behavior (e.g., what should happen when a user selects a country, and what actually happens)
	* Acceptance criteria (e.g., how will we know if the fix is successful?)
	* Affected components (e.g., which specific parts of the code or system are impacted)
	* Environment details (e.g., which browsers, operating systems, or configurations are affected)
3. Without more information, a developer cannot act on this issue without asking for clarification or additional details.

Based on these steps, I conclude that the issue is missing essential information to be considered complete.

Final Answer: Yes",ff49104975f75b04,llama3.1:8b,0,2026-06-08T18:09:54.380010+00:00
ISSUE-0069,Report generation #69,1,1,"Let's break down the issue step by step:

1. The key information provided in this issue is:
	* A specific problem: ""The monthly report generation times out""
	* A condition that triggers the problem: ""datasets with more than 10,000 rows""
2. Essential information missing from this issue includes:
	* Steps to reproduce the problem (e.g., how to generate a dataset with more than 10,000 rows)
	* Expected vs actual behavior (what is supposed to happen when generating reports for large datasets?)
	* Acceptance criteria (what constitutes ""successful"" report generation in this context?)
	* Affected components (which specific parts of the system are responsible for report generation?)
	* Environment details (e.g., which database, server, or other systems are involved in report generation?)
3. Without additional information, a developer may struggle to act on this issue effectively. They might need to ask questions like ""How do we reproduce this problem?"" or ""What is the expected behavior for large datasets?""

Considering these points, I conclude that the issue is missing essential information.

Final Answer: Yes",0ed1888da71245fb,llama3.1:8b,0,2026-06-08T18:09:57.316037+00:00
ISSUE-0070,Missing feature #70,1,1,"Let's analyze the issue step by step:

1. The issue title ""Missing feature #70"" suggests that it might be related to a specific requirement or feature, but it doesn't provide any context.
2. Upon reviewing the description, I notice that it lacks essential information such as:
	* Steps to reproduce: There is no clear indication of how to replicate the issue or what actions are required to trigger it.
	* Expected vs actual behaviour: The description only mentions adding a feature, but doesn't specify what the expected outcome should be or what the current problem is.
	* Acceptance criteria: There is no mention of specific conditions that must be met for the feature to be considered complete.
	* Affected components: It's unclear which parts of the system will be impacted by this new feature.
	* Environment details: The description doesn't provide any information about the environment in which the feature should work (e.g., production, staging, specific browsers).
3. Based on the missing information, a developer would likely need to ask for clarification or additional details before attempting to implement the feature.

Considering these points, I conclude that the issue is indeed INCOMPLETE.

Final Answer: Yes",131240fa49d634a4,llama3.1:8b,0,2026-06-08T18:10:00.391643+00:00
ISSUE-0071,Concurrent edit conflict #71,0,1,"Let's break down the issue step by step:

1. The issue title and description provide some context about the problem: ""Concurrent edit conflict #71"" and ""Two users editing the same record simultaneously causes data loss silently."" This gives a general idea of what is happening, but it's not very specific.
2. Upon closer inspection, I notice that:
	* There are no reproduction steps to help developers understand how to replicate the issue.
	* The expected behavior is not clearly stated (e.g., what should happen when two users edit the same record simultaneously?).
	* The actual behavior (data loss silently) is mentioned, but it's not clear what ""silently"" means in this context.
	* There are no acceptance criteria specified to determine whether the issue has been resolved.
	* Affected components and environment details are also missing.

3. Based on the lack of essential information, a developer would likely need to ask for more clarification before acting on this issue. Without reproduction steps, expected behavior, or acceptance criteria, it's difficult to know how to proceed with fixing the problem.

Therefore, considering all these points, I conclude that:

Final Answer: Yes",5cfe28c298261309,llama3.1:8b,0,2026-06-08T18:10:03.440497+00:00
ISSUE-0072,Wrong redirect #72,1,1,"Let's break down the issue step by step:

1. The issue title and description provide some context about the problem: ""Wrong redirect #72"" and ""After logout, users are redirected to dashboard instead of the login page."" This gives a general idea of what is happening.
2. Upon reviewing the information provided, I notice that:
	* Steps to reproduce are missing. It's unclear how to replicate this issue.
	* Expected vs actual behaviour is partially described, but it would be helpful to have a clear statement of what should happen (expected) and what actually happens (actual).
	* Acceptance criteria are not mentioned at all.
	* Affected components are not specified.
	* Environment details (e.g., browser type, OS version) are missing.

3. Without the necessary information, it's challenging for a developer to act on this issue without asking for more clarification or details. They would need additional context to understand how to reproduce and fix the problem.

Considering these points, I conclude that the issue is INCOMPLETE because essential information such as steps to reproduce, expected vs actual behaviour, acceptance criteria, affected components, and environment details are missing.

Final Answer: Yes",d3771834cb8e4226,llama3.1:8b,0,2026-06-08T18:10:06.547441+00:00
ISSUE-0073,Image resize #73,1,1,"Let's break down the issue step by step:

1. The key information provided in this issue is:
	* A problem statement: ""Profile images are not resized/compressed on upload""
	* An impact statement: ""causing slow page loads""

2. Essential information that is missing includes:
	* Steps to reproduce the issue (e.g., what specific actions trigger the problem)
	* Expected vs actual behavior (e.g., how does the system behave when it should be resizing/compressing images?)
	* Acceptance criteria (e.g., what are the desired outcomes for image resizing/compression?)

3. Without additional information, a developer may struggle to understand the root cause of the issue and create an effective solution.

Based on this analysis, I conclude that the issue is missing essential information, making it INCOMPLETE.

Final Answer: Yes",c66b260d625ee627,llama3.1:8b,0,2026-06-08T18:10:08.913411+00:00
ISSUE-0074,Filter not saving #74,1,1,"Let's break down the issue step by step:

1. The key information provided in this issue is:
	* Issue Title: Filter not saving #74
	* Issue Description: Applied filters are reset when navigating back to the list view.
2. Upon reviewing the issue, I notice that essential information is missing:
	* Steps to reproduce the problem (e.g., how to apply filters and navigate back to the list view)
	* Expected vs actual behavior (e.g., what should happen when applying filters, and what actually happens)
	* Acceptance criteria (e.g., specific conditions under which the filter saving functionality is considered working correctly)
	* Affected components or modules
	* Environment details (e.g., browser type, version, operating system)
3. Without this essential information, a developer may struggle to understand the context and requirements of the issue, making it challenging for them to act on the issue without asking for more clarification.

Based on these observations, I conclude that the issue is INCOMPLETE because it lacks crucial details necessary for a developer to effectively address the problem.

Final Answer: Yes",3407c58c8aaa93f9,llama3.1:8b,0,2026-06-08T18:10:11.852330+00:00
ISSUE-0075,Audit log missing #75,0,1,"Let's break down the issue step by step:

1. The key information provided in this issue is:
	* Issue Title: Audit log missing #75
	* Issue Description: Admin actions are not being recorded in the audit log table.
2. Upon reviewing the issue, I notice that the following essential information is missing:
	* Steps to reproduce the problem (e.g., what specific admin action was taken, how often does it happen)
	* Expected vs actual behavior (e.g., what should be recorded in the audit log, but isn't)
	* Acceptance criteria (e.g., what constitutes a successful recording of an admin action in the audit log)
	* Affected components or environment details (e.g., which specific tables or databases are involved, any relevant system configurations)
3. Without this essential information, it's unlikely that a developer can act on this issue without asking for more clarification or details.

Therefore, based on the provided steps and analysis, I conclude:

Final Answer: Yes",9f96da47c0c24745,llama3.1:8b,0,2026-06-08T18:10:14.545413+00:00
ISSUE-0076,Language switch broken #76,0,-1,"Let's break down the issue step by step:

1. The issue title and description provide some context about the problem: ""Language switch broken #76"" and ""Switching language mid-session reverts to English after page refresh."" This gives a general idea of what is happening, but it's not very detailed.
2. Upon closer inspection, I notice that:
	* Reproduction steps are missing. How does one reproduce this issue? What specific actions should be taken?
	* Expected vs actual behaviour is partially mentioned (""reverts to English""), but the expected behaviour (what should happen when switching languages) is not clearly stated.
	* Acceptance criteria are not provided, which makes it difficult to determine what constitutes a successful fix.
	* Affected components are not specified. Which parts of the system are impacted by this issue?
	* Environment details are also missing. Is this issue specific to a particular browser, OS, or configuration?
3. Based on the missing information, I believe that a developer would need to ask for more clarification before acting on this issue. Without reproduction steps, expected behaviour, acceptance criteria, affected components, and environment details, it's challenging to determine how to reproduce the issue, what constitutes a fix, and whether the solution will have unintended",36d9f1ec47a92628,llama3.1:8b,0,2026-06-08T18:10:17.719270+00:00
ISSUE-0077,Role permission #77,0,1,"Let's break down the issue step by step:

1. The key information provided in this issue is:
	* A specific problem: Users with 'viewer' role can access admin endpoints via direct URL.
2. Essential information that is missing:
	* Steps to reproduce the issue (e.g., how did you try accessing the admin endpoint?)
	* Expected vs actual behavior (what should happen when a user tries to access an admin endpoint, and what actually happens?)
	* Acceptance criteria (what conditions must be met for this issue to be considered resolved?)
	* Affected components or environment details (which specific components or environments are affected by this issue?)
3. Can a developer act on this issue without asking for more information?
	No, the developer would likely need additional context and clarification before attempting to resolve the issue.

Final Answer: Yes",7701782caf064a7e,llama3.1:8b,0,2026-06-08T18:10:20.034320+00:00
ISSUE-0078,Broken link #78,0,1,"Let's analyze the issue step by step:

1. The issue title and description provide some basic information about the problem, but it is quite vague.
2. Upon reviewing the issue, I notice that several essential pieces of information are missing:
	* Steps to reproduce: How can a developer replicate the broken link?
	* Expected vs actual behaviour: What should happen when the link is clicked? What actually happens instead?
	* Acceptance criteria: What conditions must be met for this issue to be considered resolved?
	* Affected components: Which specific parts of the system are impacted by this broken link?
	* Environment details: Is this a problem that occurs in all environments (e.g., development, staging, production) or just one specific environment?
3. Without more information, it's unlikely that a developer can act on this issue without asking for clarification or additional details.

Based on the analysis, I conclude that the issue is missing essential information to be considered complete.

Final Answer: Yes",a5d2ad6ba2a0f1ca,llama3.1:8b,0,2026-06-08T18:10:22.699303+00:00
ISSUE-0079,Chart rendering #79,0,0,"Let's break down the issue step by step:

1. The issue title and description provide some context about the problem: ""Chart rendering #79"" and ""Bar chart renders incorrectly when data contains negative values."" This gives a general idea of what is happening, but it's not very specific.
2. Upon closer inspection, I notice that:
	* There are no reproduction steps (e.g., how to reproduce the issue).
	* The expected behavior is not clearly stated (what should happen instead?).
	* The actual behavior is described as ""incorrect"", but what does that mean exactly?
	* Acceptance criteria are missing.
	* Affected components are not specified.
	* Environment details (e.g., browser, OS) are not provided.

3. Without more information, a developer would likely need to ask for clarification before attempting to fix the issue. They might need to know:
	* How to reproduce the issue consistently.
	* What exactly is meant by ""incorrect"" rendering (e.g., incorrect colors, missing bars, etc.).
	* The expected behavior in terms of chart layout or data display.

Given this analysis, I conclude that the issue is indeed INCOMPLETE because it lacks essential information for a developer to act on it effectively.

Final",8a356b966d7d9cc4,llama3.1:8b,0,2026-06-08T18:10:25.859647+00:00
ISSUE-0080,Delete confirmation #80,0,1,"Let's break down the issue step by step:

1. The key information provided in this issue is:
	* Issue Title: Delete confirmation #80
	* Issue Description: Add a confirmation dialog before deleting records permanently.
2. Essential information that is missing includes:
	* Steps to reproduce the issue (e.g., how to delete a record, what triggers the deletion)
	* Expected vs actual behavior (e.g., what should happen when a user confirms deletion, what happens currently)
	* Acceptance criteria (e.g., what conditions must be met for the confirmation dialog to appear)
	* Affected components (e.g., which modules or features are impacted by this change)
	* Environment details (e.g., is this issue specific to a particular deployment environment or user group?)
3. Without additional information, it's difficult for a developer to fully understand the context and requirements of the issue. They may need to ask follow-up questions or seek clarification from the reporter.

Based on these observations, I conclude that the issue is INCOMPLETE because essential information is missing.

Final Answer: Yes",70fedba5a321e98a,llama3.1:8b,0,2026-06-08T18:10:28.736670+00:00
ISSUE-0081,Fix login bug #81,0,1,"Let's break it down:

1. The issue title mentions ""Fix login bug #81"", which implies that the issue is related to a specific bug, but doesn't provide much context.
2. Upon reviewing the issue description, I notice that:
	* There are no reproduction steps mentioned (e.g., what actions trigger the bug).
	* No expected vs actual behaviour is described (e.g., what happens when the user tries to log in?).
	* Acceptance criteria are not specified (e.g., how will we know if the fix is successful?).
	* Affected components or environment details are not mentioned.
3. Based on this analysis, a developer would likely need to ask for more information before acting on this issue, as they wouldn't be able to reproduce the bug or understand what constitutes a successful fix.

Final Answer: Yes",54e99139a9d8feb4,llama3.1:8b,0,2026-06-08T18:10:31.057769+00:00
ISSUE-0082,Update UI #82,0,1,"Let's break it down:

1. The issue title and description provide some context about the need to update the UI, but they don't specify what exactly needs updating or why.
2. Essential information that is missing includes:
	* Steps to reproduce: How can a developer replicate the problem?
	* Expected vs actual behaviour: What should the updated UI look like, and how does it differ from the current one?
	* Acceptance criteria: What are the specific requirements for the updated UI?
	* Affected components: Which parts of the system will be impacted by this update?
	* Environment details: In which environment(s) is this issue relevant (e.g., production, staging, development)?
3. Without more information, a developer cannot act on this issue without asking for clarification or additional context.

Therefore, based on the provided analysis:

Final Answer: Yes",e0fe655796fd8702,llama3.1:8b,0,2026-06-08T18:10:33.412251+00:00
ISSUE-0083,Add export feature #83,1,1,"Let's break it down:

1. The issue title and description provide some key information: the feature to be added is an export feature, specifically exporting data from the reports page to CSV format.
2. Upon reviewing the issue, I notice that essential information is missing:
	* Steps to reproduce the issue (or how to trigger the export feature)
	* Expected vs actual behaviour (what should happen when the user exports data?)
	* Acceptance criteria (what conditions must be met for the feature to be considered complete?)
	* Affected components (which parts of the system will be impacted by this change?)
	* Environment details (in which environment(s) is this feature expected to work?)
3. Without more information, a developer may struggle to understand how to implement the export feature correctly or even what success looks like.

Given these observations, I conclude that the issue is missing essential information.

Final Answer: Yes",baf733f42edb735b,llama3.1:8b,0,2026-06-08T18:10:35.865140+00:00
ISSUE-0084,Performance issue #84,0,1,"Let's break it down:

1. The issue title and description provide some context, but they are quite vague.
2. Upon reviewing the issue, I notice that:
	* There is no mention of steps to reproduce the performance issue (#84).
	* It doesn't specify what ""slow"" means in terms of expected vs actual behaviour (e.g., how slow, under what conditions).
	* There's no information about the affected components or environment details.
3. Without more specific information, a developer would likely need to ask for clarification before attempting to resolve the issue.

Considering these points, I conclude that this issue is missing essential information.

Final Answer: Yes",333edd87f44cb4e0,llama3.1:8b,0,2026-06-08T18:10:37.821695+00:00
ISSUE-0085,Null pointer exception #85,1,1,"Let's break down the issue step by step:

1. The key information provided in this issue is:
	* A specific error type (NullPointerException)
	* A file and line number where the error occurs (UserService.java at line 142)
	* A condition that triggers the error (when userId is null)

2. Essential information missing from this issue includes:
	* Steps to reproduce the NullPointerException
	* Expected vs actual behavior of the system when the error occurs
	* Acceptance criteria for resolving the issue
	* Affected components or modules beyond just UserService.java
	* Environment details where the issue was encountered (e.g., specific database, server configuration)

3. Without additional information, a developer might struggle to reproduce and resolve the issue:
	* They would need to ask for reproduction steps to understand how the NullPointerException is triggered.
	* They would also need clarification on what constitutes ""expected"" behavior in this context.

Given these observations, I conclude that the issue lacks essential details necessary for effective resolution. 

Final Answer: Yes",b6a60a4056f6cac9,llama3.1:8b,0,2026-06-08T18:10:40.591088+00:00
ISSUE-0086,Search not working #86,1,1,"Let's break it down:

1. The issue title and description provide some basic context about the problem.
2. Upon reviewing the issue, I notice that:
	* There are no reproduction steps to help a developer replicate the issue.
	* There is no mention of what the expected behavior should be (e.g., search results should return relevant items).
	* The environment details (e.g., browser type, version) where the issue occurs are not specified.
3. Without this essential information, it's challenging for a developer to understand how to reproduce and fix the issue.

Considering these points, I conclude that the issue is missing critical information, making it difficult for a developer to act on it without asking for more details.

Final Answer: Yes",1735b7bd06d31932,llama3.1:8b,0,2026-06-08T18:10:42.733799+00:00
ISSUE-0087,Add dark mode #87,0,1,"Let's break it down:

1. The issue title and description provide some key information:
	* Issue Title: Add dark mode #87
	* Issue Description: Implement dark mode toggle in settings with persistent preference via localStorage.
2. Upon reviewing the issue, I notice that essential information is missing:
	* Steps to reproduce the problem or scenario (e.g., how to trigger the dark mode toggle)
	* Expected vs actual behavior (e.g., what should happen when the user toggles dark mode)
	* Acceptance criteria (e.g., specific conditions for determining if the feature is implemented correctly)
	* Affected components (e.g., which parts of the codebase will be impacted by this change)
	* Environment details (e.g., any specific browser, OS, or device requirements)
3. Without these essential pieces of information, a developer may struggle to understand the context and requirements for implementing dark mode toggle.

Considering these points, I conclude that the issue is missing critical information, making it difficult for developers to act on without clarification.

Final Answer: Yes",2398474c49792d43,llama3.1:8b,0,2026-06-08T18:10:45.507588+00:00
ISSUE-0088,Crash on startup #88,0,1,"Let's break it down:

1. The issue title and description provide some basic information about the problem, but they are quite vague.
2. Upon reviewing the issue, I notice that:
	* Reproduction steps: Not provided
	* Expected vs actual behaviour: Not specified (we don't know what ""crashes"" means in this context)
	* Acceptance criteria: Not mentioned
	* Affected components: Not identified
	* Environment details: Not described

All of these essential pieces of information are missing.

3. Without more information, a developer would likely need to ask for clarification or additional details before attempting to resolve the issue. This could lead to delays and inefficiencies in the development process.

Final Answer: Yes",a3f9b04ae482646f,llama3.1:8b,0,2026-06-08T18:10:47.590992+00:00
ISSUE-0089,Email validation #89,1,1,"Let's break down the issue step by step:

1. The key information provided in this issue is:
	* A brief description of what needs to be done: ""Validate email format on registration form and show inline error messages.""
2. Upon reviewing the issue, I notice that some essential information is missing:
	* Steps to reproduce the issue (e.g., how to trigger the validation)
	* Expected behavior vs actual behavior (what happens when an invalid email is entered?)
	* Acceptance criteria (how will we know if the validation is working correctly?)
	* Affected components (which parts of the system need to be updated or modified?)
	* Environment details (e.g., which browsers, operating systems, or other environments should be tested?)
3. Without this essential information, a developer may struggle to understand how to implement the requested feature or fix the issue. They would likely need to ask for more clarification or details before proceeding.

Based on these observations, I conclude that the issue is indeed INCOMPLETE.

Final Answer: Yes",0e9340955206d524,llama3.1:8b,0,2026-06-08T18:10:50.335872+00:00
ISSUE-0090,Database timeout #90,1,1,"Let's break down the issue step by step:

1. The key information provided in this issue includes:
	* A symptom of the problem: ""DB queries timeout""
	* A specific condition under which the problem occurs: ""under heavy load with more than 500 concurrent users""
2. Essential information that is missing from this issue includes:
	* Steps to reproduce the problem (e.g., how to simulate a heavy load scenario)
	* Expected vs actual behavior (e.g., what should happen when queries timeout, and what actually happens)
	* Acceptance criteria for resolving the issue (e.g., what constitutes a successful resolution)
	* Affected components or modules (e.g., which specific database connections or queries are affected)
3. Without additional information, it's difficult to determine the root cause of the problem or how to resolve it. A developer may need to ask for more context or clarification before acting on this issue.

Based on these observations, I conclude that the issue is INCOMPLETE because essential information such as reproduction steps and expected behavior are missing.

Final Answer: Yes",c5e353fc6572b7d1,llama3.1:8b,0,2026-06-08T18:10:53.190546+00:00
ISSUE-0091,Missing error handling #91,0,1,"Let's break it down:

1. The issue title and description provide some context about the problem, but they are quite vague.
2. Upon reviewing the issue, I notice that:
	* There is no mention of steps to reproduce the error.
	* The expected behavior or actual behavior is not specified.
	* Acceptance criteria are missing.
	* Affected components are unknown.
	* Environment details (e.g., operating system, browser) are not provided.

3. Without more information, a developer would struggle to understand how to handle errors properly and what constitutes ""proper"" error handling in this context. They might need to ask for clarification or additional details before acting on the issue.

Considering these points, I conclude that the issue is missing essential information.

Final Answer: Yes",33cb974fc79df383,llama3.1:8b,0,2026-06-08T18:10:55.378333+00:00
ISSUE-0092,API rate limiting #92,0,1,"Let's break down the issue step by step:

1. The key information provided in this issue is:
	* A specific requirement: Implement rate limiting of 100 requests per minute per API key.
	* A desired outcome: Return a 429 response.
2. Upon reviewing the issue, I notice that essential information is missing:
	* Steps to reproduce the scenario where rate limiting should be triggered (e.g., how many concurrent requests are made with the same API key).
	* Expected behavior in terms of what happens when the rate limit is exceeded (beyond just returning a 429 response).
	* Acceptance criteria for verifying that the implementation meets the requirement.
	* Affected components or APIs that will be impacted by this change.
	* Environment details, such as which production environments or deployment configurations are affected.
3. Without additional information, it's challenging for a developer to fully understand and implement the required functionality. They may need clarification on various aspects of the issue.

Considering these points, I conclude that the issue is missing essential information.

Final Answer: Yes",988bbf33772e521d,llama3.1:8b,0,2026-06-08T18:10:58.184940+00:00
ISSUE-0093,Button color #93,1,1,"Let's break it down:

1. The issue title and description provide some basic information about the desired change.
2. Upon reviewing the issue, I notice that essential information is missing:
	* Steps to reproduce: How can a developer replicate the issue to test the fix?
	* Expected vs actual behaviour: What should the button color be changed from (actual) to what (expected)?
	* Acceptance criteria: What are the specific conditions under which the change will be considered complete?
	* Affected components: Which parts of the system will be impacted by this change?
	* Environment details: Are there any specific environments or configurations where this change should be applied?
3. Without more information, a developer would likely need to ask for clarification before attempting to implement the fix.

Based on these observations, I conclude that the issue is missing essential information.

Final Answer: Yes",90e79e04dab687ce,llama3.1:8b,0,2026-06-08T18:11:00.569654+00:00
ISSUE-0094,Memory leak #94,0,1,"Let's break down the issue step by step:

1. The key information provided in this issue is:
	* A symptom of the problem: ""Memory usage grows unbounded""
	* The affected component: ""background sync service""
	* The timeframe over which the issue occurs: ""over 24 hours""
2. Essential information that is missing includes:
	* Steps to reproduce the memory leak (e.g., what triggers it, how often does it happen)
	* Expected vs actual behavior (what should happen vs what actually happens when the memory usage grows unbounded)
	* Acceptance criteria for resolving the issue (how will we know if the fix is successful?)
	* Affected components or modules beyond just the background sync service
	* Environment details (e.g., specific versions of software, hardware configurations, etc.)
3. Without more information, a developer may struggle to act on this issue without asking for clarification or additional context.

Based on these steps, I conclude that the issue is missing essential information and therefore:

Final Answer: Yes",3aac3b0918988be9,llama3.1:8b,0,2026-06-08T18:11:03.319207+00:00
ISSUE-0095,Update docs #95,0,1,"Let's break it down:

1. The issue title and description provide some context about the problem (""Update docs #95"", ""Documentation is outdated""). However, this is not enough to determine if the issue is INCOMPLETE.
2. Upon closer inspection, we can see that several essential pieces of information are missing:
	* Steps to reproduce: How did the documentation become outdated? Was it a manual update or an automated process?
	* Expected vs actual behaviour: What was the expected state of the documentation, and how does its current state differ from that expectation?
	* Acceptance criteria: What constitutes ""up-to-date"" documentation in this context?
	* Affected components: Which specific parts of the system are affected by outdated documentation (e.g., user interface, API, etc.)?
	* Environment details: Is this issue specific to a particular environment or deployment configuration?
3. Without more information, it's unlikely that a developer can act on this issue without asking for clarification. They would need to know how to reproduce the problem, what the expected outcome is, and which components are affected.

Given these observations, I conclude that the issue is indeed INCOMPLETE.

Final Answer: Yes",3c614b67cc17a2a0,llama3.1:8b,0,2026-06-08T18:11:06.322076+00:00
ISSUE-0096,File upload fails #96,0,-1,"Let's break down the issue step-by-step:

1. The key information provided in this issue includes:
	* A specific error code (413)
	* An endpoint (/upload) where the issue occurs
	* A condition under which the issue occurs (file size > 10MB)

2. Essential information that is missing from this issue includes:
	* Steps to reproduce the issue, such as how to upload a file larger than 10MB and what exactly happens when the 413 error occurs.
	* Expected vs actual behavior: What should happen when uploading large files? Is it expected for a 413 error to occur in this case?
	* Acceptance criteria: What are the specific conditions under which the file upload is considered successful or failed?
	* Affected components: Which parts of the system are impacted by this issue (e.g., backend, frontend, database)?
	* Environment details: Is this a local development environment, staging, production? Are there any specific configurations that might be relevant to this issue?

3. Without more information, it's difficult for a developer to act on this issue without asking for clarification or additional context.

Based on the analysis, I conclude that the issue is missing essential information and cannot be fully understood or addressed with the",c566d451c2dec0ed,llama3.1:8b,0,2026-06-08T18:11:09.543123+00:00
ISSUE-0097,Wrong total #97,0,1,"Let's break down the issue step by step:

1. The key information provided in this issue is:
	* Issue Title: Wrong total #97
	* Issue Description: The total is wrong in the cart.
2. Essential information that is missing includes:
	* Steps to reproduce the issue (e.g., what actions lead to the incorrect total)
	* Expected vs actual behavior (e.g., what should happen when calculating the total, and how does it differ from what's happening now)
	* Acceptance criteria (e.g., what conditions must be met for the total calculation to be considered correct)
	* Affected components (e.g., which parts of the system are responsible for calculating the total)
	* Environment details (e.g., is this issue specific to a particular browser, device, or configuration?)
3. Without additional information, it's unlikely that a developer can act on this issue without asking for more context.

Based on these observations, I conclude that the issue is missing essential information and cannot be fully understood or addressed as-is.

Final Answer: Yes",7ed7978a0707d62b,llama3.1:8b,0,2026-06-08T18:11:12.329038+00:00
ISSUE-0098,Session expiry #98,1,0,"Let's break down the issue step-by-step:

1. The key information provided in this issue is:
	* A specific requirement: Implement automatic session expiry after 30 minutes of inactivity.
	* A warning dialog is mentioned, but no details about its behavior or functionality are given.
2. Essential information that is missing includes:
	* Steps to reproduce the scenario where a user's session expires (e.g., how to simulate inactivity).
	* Expected vs actual behavior: What should happen when a user's session expires? Should they be logged out, redirected to a login page, or something else?
	* Acceptance criteria: What conditions must be met for this feature to be considered complete?
	* Affected components: Which parts of the system will be impacted by this change (e.g., authentication, session management)?
	* Environment details: Are there any specific environments where this feature should not be implemented or where it requires special consideration?
3. A developer cannot act on this issue without asking for more information because:
	* They would need to know how to reproduce the scenario to test the implementation.
	* They would need a clear understanding of what constitutes ""inactivity"" and how to detect it.
	* They would need to define the expected behavior",9768f68319359db3,llama3.1:8b,0,2026-06-08T18:11:15.484812+00:00
ISSUE-0099,Fix typo #99,0,1,"Let's break it down:

1. The issue title and description provide some basic context about the problem, but they don't give much detail.
2. Essential information that is missing includes:
	* Steps to reproduce: How can a developer replicate the typo?
	* Expected vs actual behaviour: What exactly is the expected output or behavior, and how does it differ from what's happening now?
	* Acceptance criteria: What constitutes ""fixing"" the typo? Are there specific conditions that need to be met?
	* Affected components: Which parts of the system are impacted by this typo?
	* Environment details: Is this issue specific to a particular environment, such as development or production?
3. Without more information, it's unlikely that a developer can act on this issue without asking for clarification.

Final Answer: Yes",c6b897480e93c02b,llama3.1:8b,0,2026-06-08T18:11:17.770089+00:00
ISSUE-0100,Pagination broken #100,0,1,"Let's break it down:

1. The issue title and description provide some context about the problem: ""Pagination broken #100"" and ""Pagination does not work when filter is applied on the user management table."" This gives a general idea of what's going wrong.
2. Upon closer inspection, I notice that:
	* Steps to reproduce are missing. How can we verify if this issue is indeed a bug? We need concrete steps to test it.
	* Expected vs actual behaviour is not explicitly stated. What should happen when the filter is applied, and how does it differ from what's currently happening?
	* Acceptance criteria are not provided. What conditions must be met for this issue to be considered resolved?
	* Affected components are not specified. Which parts of the system are impacted by this bug?
	* Environment details (e.g., browser type, OS) are missing. Are there any specific configurations or settings that might affect how this issue manifests?

3. Without more information, a developer would likely need to ask for clarification before attempting to fix the issue. They wouldn't know where to start or what to test.

Considering these points, I conclude that the issue is indeed INCOMPLETE.

Final Answer: Yes",198388d0823e07de,llama3.1:8b,0,2026-06-08T18:11:20.850135+00:00
