issue_id,title,ground_truth,prediction,raw_response,prompt_hash,model_version,temperature,timestamp_utc
ISSUE-0001,Fix login bug #1,0,0,"To determine whether this software issue is INCOMPLETE, I will analyze it step by step:

1. **Steps to reproduce**: The description does not mention any steps that the user or tester can follow to replicate the problem. This makes it difficult for developers to understand and fix the issue.

2. **Expected vs actual behaviour**: While the description mentions that users ""cannot log in sometimes,"" it doesn't specify what is expected to happen when a user tries to log in versus what actually happens. This lack of clarity can lead to confusion about whether the problem lies with the login process, the server, or something else.

3. **Acceptance criteria**: There are no clear acceptance criteria mentioned for this issue. What does it mean for the ""login bug"" to be fixed? Are there specific conditions under which a user should be able to log in successfully?

4. **Affected components**: The description doesn't specify which parts of the system might be affected by or contributing to the login bug.

5. **Environment details**: There is no mention of any environmental factors that could influence whether the login works or not, such as specific browsers, operating systems, or network configurations.

Given these observations, I conclude that this issue lacks essential information for developers to understand and fix it effectively.

Final",5877a38fe628d06c,llama3.1:8b,0,2026-06-08T18:22:19.419078+00:00
ISSUE-0002,Update UI #2,0,1,"To determine whether this issue is INCOMPLETE, let's analyze it step by step:

1. **Steps to reproduce**: There are no specific steps provided on how to reproduce the issue or what exactly needs to be updated in the interface.
2. **Expected vs actual behaviour**: The description mentions that ""the interface needs updating,"" but it doesn't specify what the expected outcome should be after the update, nor does it describe any current issues with the interface's behavior.
3. **Acceptance criteria**: There is no mention of specific requirements or conditions under which the update would be considered complete or successful.
4. **Affected components**: The description is too vague to determine which parts of the system (e.g., UI elements, backend functionality) need updating.
5. **Environment details**: No information is provided about the environment in which this issue occurs.

Given these observations, it's clear that the issue lacks essential information for a thorough analysis and resolution. Therefore:

Final Answer: Yes",0fccaf441275c223,llama3.1:8b,0,2026-06-08T18:22:22.017395+00:00
ISSUE-0003,Add export feature #3,0,1,"Let's analyze the issue step by step:

1. **Title**: The title is clear and concise.
2. **Description**: The description mentions that we need to export data to CSV format from the reports page. This gives us some idea of what needs to be done, but it's still quite vague.
3. **Missing information**:
	* **Steps to reproduce**: Not mentioned.
	* **Expected vs actual behaviour**: Expected is to export to CSV, but there's no mention of the actual current behavior (if any).
	* **Acceptance criteria**: Not specified.
	* **Affected components**: Not mentioned.
	* **Environment details**: Not provided.

Based on this analysis, I would say that the issue is missing essential information such as steps to reproduce, expected vs actual behaviour, acceptance criteria, and affected components. Therefore:

Final Answer: Yes",faccdbbfb2560e4b,llama3.1:8b,0,2026-06-08T18:22:24.421145+00:00
ISSUE-0004,Performance issue #4,0,1,"To determine whether this software issue is INCOMPLETE, I will analyze it step by step:

1. **Steps to reproduce**: There are no specific steps provided on how to reproduce the performance issue. This makes it difficult for developers to understand and replicate the problem.
2. **Expected vs actual behaviour**: The description mentions that ""The app is slow,"" but it does not specify what the expected behavior should be or what constitutes a satisfactory level of performance.
3. **Acceptance criteria**: There are no clear acceptance criteria defined, which makes it challenging to determine when the issue is resolved.
4. **Affected components**: It's unclear which specific components or parts of the application are affected by this performance issue.
5. **Environment details**: The description does not provide any information about the environment in which the issue occurs, such as operating system, browser type, or other relevant factors.

Given that several essential pieces of information are missing from this issue, I conclude that it is INCOMPLETE.

Final Answer: Yes",225fc7c77f423ad0,llama3.1:8b,0,2026-06-08T18:22:27.000739+00:00
ISSUE-0005,Null pointer exception #5,0,0,"To determine whether this software issue is INCOMPLETE, let's analyze it step by step:

1. **Title and Description**: The title clearly states the problem (""Null pointer exception #5""), and the description provides a specific location within the code where the error occurs (""UserService.java at line 142""). This gives us a clear understanding of what is happening.

2. **Steps to Reproduce**: While the issue mentions that a NullPointerException occurs when ""userId is null,"" it does not provide explicit steps on how to reproduce this scenario, such as what conditions lead to userId being null or how to test for this condition.

3. **Expected vs Actual Behaviour**: The description clearly states the actual behaviour (NullPointerException), but it doesn't explicitly state the expected behaviour in terms of how the system should handle a null userId. This is crucial information for understanding whether the issue is indeed about the error handling or if there's another aspect at play.

4. **Acceptance Criteria**: There are no clear acceptance criteria provided, which would define what constitutes ""fixed"" for this issue. Are we looking to prevent the NullPointerException from occurring? If so, how should it be prevented (e.g., by checking userId before use)?

5. **Affected Components**: The description clearly states that the issue is in",469598ab25b48cf8,llama3.1:8b,0,2026-06-08T18:22:30.115701+00:00
ISSUE-0006,Search not working #6,0,0,"Let's analyze the issue step by step:

1. **Title**: ""Search not working #6"" - This is a clear and concise title that indicates the problem.
2. **Description**: ""Search returns no results."" - This description provides some context, but it's quite brief. We can infer that the search functionality is not returning any results as expected.

Now, let's evaluate if this issue is INCOMPLETE:

* **Steps to reproduce**: Not provided. We don't know what specific actions or inputs trigger the problem.
* **Expected vs actual behaviour**: The description mentions that ""Search returns no results"", which implies an expectation of search results being returned. However, it doesn't explicitly state the expected behavior in a clear and concise manner.
* **Acceptance criteria**: Not provided. We don't know what constitutes successful search functionality or how to verify if the issue is resolved.
* **Affected components**: Not mentioned. We don't know which specific components or modules are affected by this issue.
* **Environment details**: Not specified. We don't know what environment (e.g., development, staging, production) this issue occurs in.

Based on this analysis, I conclude that the issue is missing essential information such as steps to reproduce, expected vs actual behavior,",34e50234e4ec9c63,llama3.1:8b,0,2026-06-08T18:22:33.238602+00:00
ISSUE-0007,Add dark mode #7,0,0,"Let's analyze the issue step by step:

1. **Title and Description**: The title ""Add dark mode #7"" is clear about what feature is being requested. The description provides more details: implementing a dark mode toggle in settings with persistent preference via localStorage.
2. **Steps to Reproduce**: There are no specific steps provided on how to reproduce the issue or test the new functionality, which could be considered incomplete for thorough testing and debugging purposes.
3. **Expected vs Actual Behaviour**: The description mentions ""persistent preference"" but does not explicitly state what the expected behavior is in terms of user experience (e.g., how the toggle affects the UI, how preferences are stored).
4. **Acceptance Criteria**: While there's a mention of persistent preference via localStorage, it lacks specific acceptance criteria that would define when the feature is considered complete.
5. **Affected Components**: The description mentions settings and localStorage, which implies certain components or modules will be affected by this change. However, without explicit details on what these are, it might not fully capture all impacted areas.
6. **Environment Details**: There's no mention of specific environments (e.g., development, staging, production) where the feature should work as described.

Given these considerations:

- The issue lacks detailed steps",811616f4e8e5b3e3,llama3.1:8b,0,2026-06-08T18:22:36.367830+00:00
ISSUE-0008,Crash on startup #8,0,1,"To determine whether this software issue is INCOMPLETE, I will analyze it step by step:

1. **Title**: ""Crash on startup #8"" - This title clearly indicates the problem but does not give much detail about what specifically causes the crash or how to reproduce it.

2. **Description**: ""App crashes when opened."" - The description confirms that there is a crash issue, but like the title, it lacks specific details such as steps to reproduce the crash, expected vs actual behavior, acceptance criteria, affected components, or environment details.

3. **Reasoning**: Given the lack of information about how to reproduce the crash (steps to reproduce), what exactly happens when the app crashes (expected vs actual behavior), and any other specifics like affected components or environment details, this issue is missing essential information for a complete analysis.

Therefore, based on the provided information and following the criteria for an INCOMPLETE issue:

Final Answer: Yes",d1f617b5014c946e,llama3.1:8b,0,2026-06-08T18:22:38.829423+00:00
ISSUE-0009,Email validation #9,0,0,"Let's analyze the issue step by step:

1. **Steps to reproduce**: The description mentions ""registration form"", which implies that reproducing the issue involves attempting to register with an invalid email format. However, it would be helpful to have explicit steps to reproduce, such as ""Try registering with an email address containing only numbers"" or ""Attempt to register with a missing '@' symbol"".
2. **Expected vs actual behaviour**: The description mentions showing inline error messages when the email format is invalid, which implies that there is expected behavior (showing error messages) and actual behavior (not showing error messages). However, it would be helpful to have more explicit details on what constitutes an ""invalid"" email format.
3. **Acceptance criteria**: There are no clear acceptance criteria mentioned in the description. What exactly does ""validating email format"" mean? Are there specific rules for valid email formats that need to be followed?
4. **Affected components**: The issue mentions a registration form, but it's not clear which specific components or systems will be affected by this change.
5. **Environment details**: There are no environment details mentioned in the description.

Based on these observations, I would say that the issue is missing some essential information, specifically steps to reproduce and acceptance criteria",e1c829b289c6c281,llama3.1:8b,0,2026-06-08T18:22:41.957673+00:00
ISSUE-0010,Database timeout #10,1,-1,"Let's analyze the given issue step by step:

1. **Title**: ""Database timeout #10"" - This is a clear and concise title that indicates the problem.
2. **Description**: ""DB queries timeout after 30 seconds under heavy load with more than 500 concurrent users."" - The description provides some context about the environment (heavy load, concurrent users) and the specific behavior (timeout after 30 seconds).

Now, let's check if it is missing essential information:

* **Steps to reproduce**: Not explicitly mentioned, but we can infer that reproducing this issue would involve simulating a heavy load with more than 500 concurrent users.
* **Expected vs actual behaviour**: The description mentions the expected behavior (queries should not timeout) and the actual behavior (queries timeout after 30 seconds).
* **Acceptance criteria**: Not explicitly mentioned, but we can infer that acceptance criteria might include metrics such as query completion time or user experience under heavy load.
* **Affected components**: Not explicitly mentioned, but it's likely that this issue affects database-related components.
* **Environment details**: The description mentions the environment (heavy load with more than 500 concurrent users), which is a good start.

Considering these points, I would say that the issue is missing some essential",5f9cce70752d661a,llama3.1:8b,0,2026-06-08T18:22:45.172108+00:00
ISSUE-0011,Missing error handling #11,0,1,"To determine whether this issue is INCOMPLETE, let's analyze it step by step:

1. **Steps to reproduce**: The description does not specify how to trigger the error or what kind of error should be handled.
2. **Expected vs actual behaviour**: It mentions handling errors properly but doesn't clarify what ""properly"" means in terms of expected behavior.
3. **Acceptance criteria**: There is no clear indication of what constitutes ""proper"" error handling, making it difficult to define acceptance criteria.
4. **Affected components**: The description does not specify which parts of the system are affected by this issue or where the error handling should be implemented.
5. **Environment details**: There's no mention of any specific environment requirements or constraints related to error handling.

Given that the issue lacks essential information such as steps to reproduce, expected vs actual behavior, acceptance criteria, and affected components, it is classified as INCOMPLETE.

Final Answer: Yes",ab6d013100c00e85,llama3.1:8b,0,2026-06-08T18:22:47.726470+00:00
ISSUE-0012,API rate limiting #12,1,1,"Let's analyze the given issue:

Title: API rate limiting #12
Description: Implement rate limiting of 100 requests per minute per API key with 429 responses.

Reasoning:
- The description mentions a specific requirement for rate limiting (100 requests per minute) and expected behavior (429 responses).
- However, it is missing essential information such as steps to reproduce the issue or scenario where this limit would be triggered.
- Additionally, there's no mention of affected components or environment details.
- Acceptance criteria are also not specified.

Considering these points, I conclude that the given issue is INCOMPLETE because it lacks crucial details for reproduction and acceptance.

Final Answer: Yes",c099373dd5f9a315,llama3.1:8b,0,2026-06-08T18:22:49.669470+00:00
ISSUE-0013,Button color #13,0,0,"To determine whether this issue is INCOMPLETE, let's analyze it step by step:

1. **Title and Description**: The title ""Button color #13"" suggests a specific task, but the description simply states ""Change the button color."" This lack of detail makes it hard to understand what exactly needs to be changed or why.

2. **Steps to Reproduce**: There are no steps provided on how to reproduce this issue, which is crucial for understanding and debugging the problem.

3. **Expected vs Actual Behaviour**: The description does not specify what the expected behavior should be after changing the button color. Is it supposed to change to a specific color? Should there be an animation involved?

4. **Acceptance Criteria**: There's no mention of how we can verify that this task is complete or if there are any specific conditions under which the new button color should behave differently.

5. **Affected Components**: It's not clear what components (e.g., UI elements, backend services) will be affected by changing the button color.

6. **Environment Details**: There's no mention of the environment in which this change is expected to occur or any specific conditions that might affect how the new button color behaves.

Given these observations, it seems like the issue lacks essential information for a",85d65c13f0bf4cda,llama3.1:8b,0,2026-06-08T18:22:52.799420+00:00
ISSUE-0014,Memory leak #14,1,0,"To determine whether this software issue is INCOMPLETE, I will analyze it step by step:

1. **Steps to reproduce**: The description mentions that memory usage grows unbounded over 24 hours in the background sync service, but it does not specify how to reproduce this issue in a controlled environment or under what specific conditions it occurs.

2. **Expected vs actual behaviour**: It is clear from the description that there's an expected behavior (memory usage should not grow unbounded) and an observed actual behavior (it grows unbounded). However, the description lacks specificity on what exactly constitutes ""unbounded"" in terms of memory usage metrics or thresholds.

3. **Acceptance criteria**: There are no explicit acceptance criteria mentioned for this issue. It does not specify under what conditions the memory leak would be considered fixed or how it should behave after a fix is implemented.

4. **Affected components**: The description mentions the ""background sync service,"" which indicates that at least one component is affected, but without further details on its architecture or integration with other parts of the system, this might not be enough information for a comprehensive analysis.

5. **Environment details**: There's no mention of specific environment configurations (e.g., development vs production) under which the issue occurs, which could affect how",e83631116687bd29,llama3.1:8b,0,2026-06-08T18:22:55.998924+00:00
ISSUE-0015,Update docs #15,0,0,"To determine whether this issue is INCOMPLETE, let's analyze it step by step:

1. **Steps to reproduce**: The description does not mention any steps that can be taken to reproduce the issue of outdated documentation. This suggests a lack of essential information for understanding and addressing the problem.

2. **Expected vs actual behaviour**: There is no clear statement on what the expected behavior should be regarding the documentation's update process or how it differs from the current, outdated state. This omission makes it difficult to understand the requirements for updating the documentation.

3. **Acceptance criteria**: The description does not specify any conditions that would indicate when the issue of outdated documentation is resolved. Acceptance criteria are crucial for ensuring that the solution meets the necessary standards and expectations.

4. **Affected components**: While the description mentions ""docs,"" it doesn't specify which system, application, or component is responsible for maintaining the documentation, making it unclear what needs to be updated or how the update process would affect these components.

5. **Environment details**: There's no mention of any specific environment (e.g., development, staging, production) where this issue occurs, which could impact how the solution is implemented and tested.

Given that the description lacks essential information such as steps to reproduce, expected vs actual",d3b6391d60b9adf2,llama3.1:8b,0,2026-06-08T18:22:59.218681+00:00
ISSUE-0016,File upload fails #16,0,1,"Let's analyze the given issue:

Title: File upload fails #16
Description: Uploading files larger than 10MB fails with a 413 error on the /upload endpoint.

Reasoning:
- The description mentions the specific endpoint affected (/upload), which is good.
- It also specifies the expected behavior (should not fail) and the actual behavior (fails with a 413 error).
- However, it lacks reproduction steps. We don't know how to reproduce this issue or what specific conditions might cause it.
- There's no mention of acceptance criteria, environment details, or affected components.

Given that the description is missing essential information such as reproduction steps and possibly other details like acceptance criteria, environment details, or affected components, I would classify this issue as INCOMPLETE.

Final Answer: Yes",2fbb5212bfd02d09,llama3.1:8b,0,2026-06-08T18:23:01.471173+00:00
ISSUE-0017,Wrong total #17,1,1,"Let's analyze the issue step by step:

1. **Title**: ""Wrong total #17"" - This title suggests that there might be an issue with the calculation of the total amount in a shopping cart.
2. **Description**: ""The total is wrong in the cart."" - The description confirms that the problem lies in the cart's total calculation.

However, upon closer inspection, I notice that this issue lacks essential information such as:

* Steps to reproduce: How can we replicate this issue? What specific actions should be taken?
* Expected vs actual behavior: What is the expected behavior of the total calculation, and how does it differ from the actual behavior?
* Acceptance criteria: What are the conditions under which the total calculation will be considered correct?

Given that these essential details are missing, I conclude that this issue is incomplete.

Final Answer: Yes",c8f8ef7068b0e1ba,llama3.1:8b,0,2026-06-08T18:23:03.846733+00:00
ISSUE-0018,Session expiry #18,0,0,"To determine whether this software issue is INCOMPLETE, I will analyze it step by step:

1. **Steps to reproduce**: The description mentions ""after 30 minutes of inactivity,"" which implies that the steps to reproduce involve simulating user inactivity for a certain period. However, it does not explicitly state how to simulate inactivity or what specific actions should be taken to trigger the session expiry.

2. **Expected vs actual behaviour**: The issue clearly states the expected behavior: ""Implement automatic session expiry after 30 minutes of inactivity."" It also mentions that there should be a warning dialog, which implies an additional expected behavior (the display of a warning message). However, it does not explicitly state what the actual behavior is when this condition is met.

3. **Acceptance criteria**: The description provides some insight into what is expected but lacks specific acceptance criteria. For example, how will the session expiry be tested? What are the exact conditions under which the warning dialog should appear?

4. **Affected components**: The issue does not explicitly mention which components or systems will be affected by this change.

5. **Environment details**: There's no information about the environment in which this feature is expected to work, such as specific browsers, operating systems, or any other relevant technical",c14b5145ff4c5586,llama3.1:8b,0,2026-06-08T18:23:06.951037+00:00
ISSUE-0019,Fix typo #19,0,1,"To determine whether this issue is INCOMPLETE, let's analyze it step by step:

1. **Steps to reproduce**: The description does not mention any steps to reproduce the issue. It simply states that there's a typo somewhere.
2. **Expected vs actual behaviour**: There's no clear statement of what the expected behavior should be or how the typo affects the system's functionality.
3. **Acceptance criteria**: There are no acceptance criteria mentioned, which would define when the issue is considered resolved.
4. **Affected components**: The description does not specify which component or feature is affected by the typo.
5. **Environment details**: There's no mention of any specific environment or conditions under which the typo occurs.

Given that this issue lacks essential information such as steps to reproduce, expected vs actual behavior, acceptance criteria, affected components, and environment details, it meets the criteria for being INCOMPLETE.

Final Answer: Yes",c1f6ad3da3952e80,llama3.1:8b,0,2026-06-08T18:23:09.451825+00:00
ISSUE-0020,Pagination broken #20,0,0,"To determine whether this issue is INCOMPLETE, let's analyze it step by step:

1. **Title and Description**: The title ""Pagination broken #20"" clearly indicates a specific problem area (""pagination""), and the description provides more context about what happens when a filter is applied on the user management table.

2. **Steps to Reproduce**: While the issue mentions that pagination does not work, it doesn't provide explicit steps to reproduce this behavior. This could be considered incomplete because knowing how to replicate the problem is crucial for debugging and testing.

3. **Expected vs Actual Behaviour**: The description implies there's an expected behavior (pagination should work) but doesn't explicitly state what the actual behavior is beyond ""does not work."" However, it's somewhat implied that the issue is with pagination when a filter is applied.

4. **Acceptance Criteria**: There are no clear acceptance criteria mentioned in the description. Acceptance criteria would typically outline what constitutes successful completion of the task or fix for this issue.

5. **Affected Components**: The description mentions ""pagination"" and ""user management table,"" which implies specific components, but it's not explicitly stated how these components interact or which ones are directly affected by the problem.

6. **Environment Details**: There is no mention of any",bfdb5287f9ac636f,llama3.1:8b,0,2026-06-08T18:23:12.614614+00:00
ISSUE-0021,Add logging #21,1,1,"To determine whether this issue is INCOMPLETE, let's analyze it step by step:

1. **Title and Description**: The title ""Add logging"" and description ""Add proper logging"" are clear about the requirement but lack specific details.
2. **Steps to Reproduce**: There are no steps provided on how to reproduce or test the logging feature, which is essential for understanding the issue.
3. **Expected vs Actual Behaviour**: While it mentions adding ""proper logging,"" there's no clear definition of what constitutes proper logging in this context, nor is there a comparison with the current behavior (if any).
4. **Acceptance Criteria**: There are no specific criteria outlined to determine when the feature is complete or if it meets the requirements.
5. **Affected Components**: The description does not specify which components or systems will be affected by the addition of logging.
6. **Environment Details**: There's no mention of the environment in which this logging should function, such as development, production, or specific platforms.

Given these observations, the issue lacks essential information for a complete understanding and resolution of the requirement. Therefore,

Final Answer: Yes",ca871d60d80dd83e,llama3.1:8b,0,2026-06-08T18:23:15.608010+00:00
ISSUE-0022,Two-factor auth #22,0,1,"Let's analyze the given issue step by step:

1. **Title**: ""Two-factor auth #22"" - This is a clear and concise title that indicates what the issue is about.
2. **Description**: ""Add TOTP-based 2FA support for admin accounts with backup codes."" - The description provides some context, but it's missing essential information.

Now, let's check if the issue is INCOMPLETE by looking at the following aspects:

* **Steps to reproduce**: Not provided.
* **Expected vs actual behaviour**: Expected behavior is mentioned (TOTP-based 2FA support), but there's no mention of the actual behavior or any specific issues with it.
* **Acceptance criteria**: Not explicitly stated, although ""backup codes"" might imply some acceptance criteria related to that feature.
* **Affected components**: Not specified.
* **Environment details**: Not mentioned.

Based on this analysis, I conclude that the issue is missing essential information such as steps to reproduce and explicit acceptance criteria. Therefore:

Final Answer: Yes",efbb89f954774827,llama3.1:8b,0,2026-06-08T18:23:18.272831+00:00
ISSUE-0023,Improve something #23,0,1,"Let's analyze the issue step by step:

1. **Title**: ""Improve something #23"" - This title is vague and doesn't give any specific information about what needs to be improved.
2. **Description**: ""Something needs to be improved."" - The description is also very general and doesn't provide any context or details about the issue.

Considering these points, I can conclude that this issue is missing essential information such as:

* What specifically needs to be improved (e.g., a feature, performance, user experience)?
* Steps to reproduce the problem
* Expected vs actual behavior
* Acceptance criteria
* Affected components
* Environment details

Therefore, based on my analysis, I would say that this issue is INCOMPLETE.

Final Answer: Yes",b3924a48f80a62e7,llama3.1:8b,0,2026-06-08T18:23:20.405757+00:00
ISSUE-0024,CSV import fails #24,0,0,"To determine whether this issue is INCOMPLETE, let's analyze it step by step:

1. **Steps to reproduce**: The description mentions that importing CSV files with special characters (commas in fields) fails silently. This implies a specific scenario or condition under which the failure occurs, but it doesn't explicitly state how to reproduce the issue. However, given the nature of the problem, it's reasonable to infer that reproducing this involves creating a CSV file with commas in its fields and attempting to import it.

2. **Expected vs actual behaviour**: The description clearly states what is expected (importing should work) versus what actually happens (the process fails silently). This indicates an understanding of both the desired outcome and the observed behavior, which helps in diagnosing the issue.

3. **Acceptance criteria**: While there's no explicit mention of acceptance criteria, it can be inferred that successful import of CSV files with special characters is the criterion for success. However, this is somewhat implicit rather than explicitly stated as a requirement or condition for the feature to be considered complete.

4. **Affected components**: The description doesn't specify which component(s) are affected by this issue. This lack of specificity could make it harder to identify and address the root cause without further investigation.

5.",16f590ac709a6b15,llama3.1:8b,0,2026-06-08T18:23:23.562706+00:00
ISSUE-0025,Profile page slow #25,0,0,"To determine whether this software issue is INCOMPLETE, I will analyze it step by step:

1. **Title and Description**: The title ""Profile page slow #25"" clearly indicates the problem area, which is the profile page's loading speed. The description provides a specific reason for the slowness: unoptimized image loading.

2. **Steps to Reproduce**: While the issue mentions that the profile page takes 8+ seconds to load due to unoptimized image loading, it does not provide explicit steps on how to reproduce this issue. However, based on the description, one can infer that reproducing the issue involves accessing the profile page and observing its loading time.

3. **Expected vs Actual Behaviour**: The description clearly states what is expected (faster loading) versus what actually happens (slow loading due to image optimization issues).

4. **Acceptance Criteria**: There are no explicit acceptance criteria mentioned in the description, which could include specific performance metrics or thresholds for acceptable loading times.

5. **Affected Components**: While not explicitly stated, it can be inferred that the issue affects the profile page's functionality and user experience, likely involving components related to image handling and display.

6. **Environment Details**: There is no mention of specific environments (e.g., development,",83bfe7e906918303,llama3.1:8b,0,2026-06-08T18:23:26.819997+00:00
ISSUE-0026,Notifications broken #26,1,0,"To determine whether this issue is INCOMPLETE, let's analyze it step by step:

1. **Title and Description**: The title clearly indicates the problem (""Notifications broken #26""), and the description provides a concise explanation of the issue: ""Push notifications are not delivered to Android devices running Android 13+."" This gives us a clear understanding of what is happening.

2. **Steps to Reproduce**: While the description does not explicitly state steps to reproduce, it mentions specific conditions (""Android devices running Android 13+"") that could be used as part of reproduction steps. However, for an issue to be considered complete, explicit reproduction steps are usually preferred over just conditions or criteria.

3. **Expected vs Actual Behaviour**: The description clearly states the expected behavior (push notifications should be delivered) and contrasts it with the actual behavior (they are not delivered). This is a key piece of information that helps in understanding the problem.

4. **Acceptance Criteria**: There's no explicit mention of acceptance criteria, which typically outlines what constitutes ""done"" for this issue. Acceptance criteria usually include specific conditions or outcomes that must be met to consider the issue resolved.

5. **Affected Components**: The description does not specify which components are affected by this issue, such as specific modules within",00d80cc3c7ec758a,llama3.1:8b,0,2026-06-08T18:23:30.100316+00:00
ISSUE-0027,Timezone bug #27,1,0,"To determine whether this issue is INCOMPLETE, let's analyze it step by step:

1. **Steps to reproduce**: The description mentions that timestamps display in UTC instead of the user's local timezone in the event log, but it doesn't explicitly state how to reproduce this issue. However, based on the information given, it seems like reproducing this might involve checking the event log for a specific timestamp and verifying its timezone.

2. **Expected vs actual behaviour**: The description clearly states that the expected behavior is for timestamps to display in the user's local timezone but instead displays them in UTC. This meets the requirement of specifying the expected behavior.

3. **Acceptance criteria**: While there isn't explicit mention of acceptance criteria, based on the description, it can be inferred that one of the acceptance criteria might be that timestamps are displayed correctly according to the user's local timezone.

4. **Affected components**: The issue mentions ""event log,"" which suggests a specific component or feature is affected. However, without more information, we cannot confirm if this is indeed the only affected component.

5. **Environment details**: There's no explicit mention of environment details such as operating system, browser type, etc., that might be relevant to reproducing the issue.

Given these points, while",3ef0a91ad167becc,llama3.1:8b,0,2026-06-08T18:23:33.358310+00:00
ISSUE-0028,Dropdown empty #28,1,1,"Let's analyze the issue step by step:

1. **Title**: ""Dropdown empty #28"" - This title clearly indicates what the problem is.
2. **Description**: ""Country dropdown is empty on the registration form for new users."" - The description provides more context, specifying that it's a country dropdown and where it's located (registration form). However, it doesn't mention who triggers this issue or under what circumstances.
3. **Reproduction steps**: Not explicitly mentioned in the description.
4. **Expected vs actual behavior**: Expected: Country dropdown should not be empty; Actual: It is empty for new users.
5. **Acceptance criteria**: Not specified.
6. **Affected components**: The country dropdown and registration form are affected, but it's not clear which specific components or modules are involved.
7. **Environment details**: Not mentioned.

Based on the analysis, I can see that the issue description provides some essential information about the problem (expected vs actual behavior) and context (where it occurs). However, it lacks reproduction steps, acceptance criteria, affected components, and environment details.

Therefore, considering all these factors, my conclusion is:

Final Answer: Yes",20c58cb363834c3d,llama3.1:8b,0,2026-06-08T18:23:36.458923+00:00
ISSUE-0029,Report generation #29,0,1,"Let's analyze the given issue step by step:

1. **Title**: ""Report generation #29"" - This is a clear and concise title that indicates what the issue is about.
2. **Description**: ""The monthly report generation times out for datasets with more than 10,000 rows."" - The description provides some context, but it's missing essential information.

Now, let's check if the issue is INCOMPLETE by looking at the following aspects:

* **Steps to reproduce**: Missing. We don't know how to replicate this issue.
* **Expected vs actual behaviour**: Partially present. We know what happens (timeout), but not what should happen instead.
* **Acceptance criteria**: Missing. What are the conditions for considering this issue resolved?
* **Affected components**: Missing. Which parts of the system are affected by this issue?
* **Environment details**: Missing. Are there any specific environment settings or configurations that contribute to this issue?

Based on this analysis, I conclude that the issue is missing essential information.

Final Answer: Yes",7aceb3cc2dee235d,llama3.1:8b,0,2026-06-08T18:23:39.181438+00:00
ISSUE-0030,Missing feature #30,0,1,"To determine whether this issue is INCOMPLETE, let's analyze it step by step:

1. **Title and Description**: The title ""Missing feature #30"" suggests that there might be some context or reference to a specific feature discussed in the meeting, but without more information, it's hard to tell what exactly is being referred to.

2. **Steps to Reproduce**: There are no steps provided on how to reproduce this issue. This makes it difficult for anyone else to understand and verify the problem.

3. **Expected vs Actual Behaviour**: The description mentions adding ""the thing we discussed in the meeting,"" but it doesn't specify what the expected behavior is or how it differs from the actual behavior, which is presumably not working as intended.

4. **Acceptance Criteria**: There's no mention of specific criteria that would indicate when this feature is complete and meets the requirements.

5. **Affected Components**: It's unclear which components or systems are affected by this missing feature.

6. **Environment Details**: The description doesn't provide any information about the environment in which this issue occurs, such as operating system, browser type, etc.

Given these observations, it appears that the issue is missing essential information to be considered complete. Therefore:

Final Answer: Yes",c438b4ce7ebad589,llama3.1:8b,0,2026-06-08T18:23:42.344886+00:00
ISSUE-0031,Concurrent edit conflict #31,0,0,"To determine whether this software issue is INCOMPLETE, I will analyze it step by step:

1. **Steps to reproduce**: The description mentions ""Two users editing the same record simultaneously,"" which implies a specific scenario for reproduction. However, it does not explicitly state how to replicate this situation in a controlled manner or what steps are necessary to observe the conflict.

2. **Expected vs actual behaviour**: It clearly states that there is an expected outcome (no data loss) but mentions an actual issue (data loss silently). This indicates a clear understanding of the problem's impact.

3. **Acceptance criteria**: There is no explicit mention of what constitutes ""acceptance"" for this feature, such as specific conditions under which concurrent editing should be allowed or how data integrity should be maintained in such scenarios.

4. **Affected components**: The description implies that it affects user interactions with records, but it does not specify the exact components (e.g., database, UI layer) involved in handling these edits.

5. **Environment details**: There is no mention of specific environments (development, staging, production) or configurations under which this issue occurs.

Given these observations:

- The description lacks explicit steps to reproduce the conflict.
- While it outlines the expected vs actual behavior, it does so without",8ff2d4a706665011,llama3.1:8b,0,2026-06-08T18:23:45.611823+00:00
ISSUE-0032,Wrong redirect #32,1,0,"To determine whether this issue is INCOMPLETE, let's analyze it step by step:

1. **Title and Description**: The title ""Wrong redirect #32"" clearly indicates a specific problem, and the description provides more context: after logout, users are redirected to the dashboard instead of the login page.

2. **Steps to Reproduce**: While the issue description doesn't explicitly state steps to reproduce, it's implied that one can simply log out and observe the redirect behavior. However, for clarity and thoroughness, explicit reproduction steps would be beneficial but aren't strictly necessary for this analysis.

3. **Expected vs Actual Behaviour**: The description clearly states what is expected (users should be redirected to the login page after logout) versus what actually happens (they are redirected to the dashboard).

4. **Acceptance Criteria**: There's no mention of specific acceptance criteria, which would typically include conditions under which the issue is considered resolved.

5. **Affected Components**: The description doesn't specify which components or modules are affected by this issue, making it somewhat vague without additional context.

6. **Environment Details**: Similarly, there's no mention of any environment-specific details that might be relevant to reproducing or resolving the issue.

Given these observations:

- While the issue is clearly described and",d36f7b11249c5f99,llama3.1:8b,0,2026-06-08T18:23:48.780234+00:00
ISSUE-0033,Image resize #33,1,0,"To determine whether this issue is INCOMPLETE, let's analyze it step by step:

1. **Title and Description**: The title ""Image resize #33"" clearly indicates the problem area, which is resizing profile images on upload. The description provides a brief explanation of the impact (""causing slow page loads""), but it doesn't delve into technical details.

2. **Steps to Reproduce**: There are no specific steps given to reproduce the issue. This could be a significant omission because without clear reproduction steps, it's hard for developers to replicate and fix the problem.

3. **Expected vs Actual Behaviour**: The description mentions that profile images are not resized/compressed on upload, which implies there is an expected behavior (images should be resized/compressed) but does not explicitly state what the actual behavior is in terms of technical specifications or performance metrics.

4. **Acceptance Criteria**: There's no mention of specific acceptance criteria for this feature. What constitutes a successful implementation? Are there any specific image sizes, compression ratios, or page load times that need to be met?

5. **Affected Components**: The description mentions ""profile images,"" which suggests it affects the user profile section of the application. However, without further details on how the upload process works and what components are involved",d827acf10ca2c331,llama3.1:8b,0,2026-06-08T18:23:52.044330+00:00
ISSUE-0034,Filter not saving #34,1,1,"Let's analyze the issue step by step:

1. **Title**: ""Filter not saving #34"" - This is a clear and concise title that describes the problem.
2. **Description**: ""Applied filters are reset when navigating back to the list view."" - The description provides some context, but it's missing essential information about:
	* Expected behavior: What should happen when navigating back to the list view?
	* Actual behavior: What is currently happening (filters being reset)?
3. **Reproduction steps**: None mentioned.
4. **Affected components**: Not specified.
5. **Environment details**: Not provided.

Based on this analysis, I would say that the issue is missing essential information such as expected vs actual behavior, reproduction steps, affected components, and environment details.

Final Answer: Yes",562663292623ae83,llama3.1:8b,0,2026-06-08T18:23:54.414128+00:00
ISSUE-0035,Audit log missing #35,0,0,"Let's analyze the issue step by step:

1. **Title**: The title is clear and concise.
2. **Description**: The description explains what is missing from the audit log table, which is a specific piece of functionality.
3. **Reproduction steps**: There are no explicit reproduction steps mentioned in the description.
4. **Expected vs actual behaviour**: The issue mentions that ""Admin actions are not being recorded"", implying an expected behavior (actions should be recorded) and an actual behavior (they are not).
5. **Acceptance criteria**: Not explicitly mentioned, but it can be inferred that the acceptance criterion is that admin actions should be recorded in the audit log table.
6. **Affected components**: The description mentions ""audit log table"", which implies a specific database or storage component.
7. **Environment details**: No specific environment details are mentioned.

Based on this analysis, I would say that the issue is missing reproduction steps and acceptance criteria explicitly stated. However, it's not entirely clear if these are essential information for this particular issue.

After re-evaluating my reasoning, I think the description provides enough context to infer the expected behavior (admin actions should be recorded) and the actual behavior (they are not). The affected component is also clearly mentioned as ""audit",ed9906a485a75179,llama3.1:8b,0,2026-06-08T18:23:57.540089+00:00
ISSUE-0036,Language switch broken #36,1,1,"Let's analyze the issue step by step:

1. **Title**: ""Language switch broken #36"" - This title clearly indicates what the problem is.
2. **Description**: ""Switching language mid-session reverts to English after page refresh."" - This description provides a clear statement of the problem, including the expected behavior (switching languages) and the actual observed behavior (reverting to English).
3. **Reproduction steps**: Not explicitly mentioned in the description, but implied that it's reproducible.
4. **Expected vs Actual behaviour**: Clearly stated in the description - expected: language switch should work, actual: reverts to English after page refresh.
5. **Acceptance criteria**: Not explicitly mentioned, but can be inferred as ""language switch works correctly"".
6. **Affected components**: Not explicitly mentioned, but likely involves the language switching mechanism and possibly the session management.
7. **Environment details**: Not explicitly mentioned, but assumed to be a standard web application environment.

Based on this analysis, I would say that the issue is missing some essential information, specifically:

* Reproduction steps (although implied)
* Acceptance criteria
* Affected components
* Environment details

Therefore, my conclusion is:

Final Answer: Yes",a0a16caf45ae4508,llama3.1:8b,0,2026-06-08T18:24:00.727452+00:00
ISSUE-0037,Role permission #37,1,1,"Let's analyze the issue step by step:

1. **Title**: ""Role permission #37"" - This is a clear and concise title that indicates the problem.
2. **Description**: ""Users with 'viewer' role can access admin endpoints via direct URL."" - The description explains the problem, but it lacks essential information about what should happen instead (expected behavior).
3. **Reproduction steps**: Not provided.
4. **Expected vs actual behavior**: Only the actual behavior is described (""can access admin endpoints""), but not the expected behavior.
5. **Acceptance criteria**: Not specified.
6. **Affected components**: Not mentioned.
7. **Environment details**: Not given.

Based on this analysis, I conclude that the issue is missing essential information such as reproduction steps, expected vs actual behavior, acceptance criteria, and environment details.

Final Answer: Yes",98c2bdf222aee8a4,llama3.1:8b,0,2026-06-08T18:24:03.075295+00:00
ISSUE-0038,Broken link #38,0,1,"Let's analyze the issue step by step:

1. **Steps to reproduce**: The description mentions that there is a ""broken link"" but does not specify how to identify or access this link.
2. **Expected vs actual behaviour**: The description only states that the link is broken, without specifying what the expected behavior should be (e.g., the link should work, redirect to another page, etc.) or what the actual behavior is (e.g., it returns an error message).
3. **Acceptance criteria**: There are no clear acceptance criteria for what constitutes a ""broken link"" and how it should be fixed.
4. **Affected components**: The description does not mention which specific component or module is affected by this issue.
5. **Environment details**: There is no information about the environment in which this issue occurs (e.g., browser, operating system, etc.).

Based on these observations, I conclude that the issue is missing essential information to be considered complete.

Final Answer: Yes",f9a0e69662e59374,llama3.1:8b,0,2026-06-08T18:24:05.717128+00:00
ISSUE-0039,Chart rendering #39,0,-1,"Let's analyze the issue step by step:

1. **Title**: ""Chart rendering #39"" - This is a clear and concise title that indicates what the issue is about.
2. **Description**: ""Bar chart renders incorrectly when data contains negative values."" - The description provides some context, but it's not entirely clear what is expected to happen in this scenario.

Now, let's evaluate if the issue is missing any essential information:

* **Steps to reproduce**: Not explicitly mentioned, but we can infer that reproducing the issue involves creating a bar chart with data containing negative values.
* **Expected vs actual behaviour**: The description mentions that the chart ""renders incorrectly"", which implies there's an expected behavior (correct rendering) and an actual behavior (incorrect rendering).
* **Acceptance criteria**: Not explicitly mentioned, but we can infer that the acceptance criteria might involve verifying that the chart renders correctly when data contains negative values.
* **Affected components**: Not explicitly mentioned, but it's likely that the issue affects a specific component or module related to chart rendering.
* **Environment details**: Not explicitly mentioned, but we can assume that the environment is relevant (e.g., browser, operating system).

Based on this analysis, I would say that the issue is missing some essential information",2a4e1b1ed8bb4da0,llama3.1:8b,0,2026-06-08T18:24:08.819230+00:00
ISSUE-0040,Delete confirmation #40,1,1,"Let's analyze the issue step by step:

1. **Title**: The title is clear and concise.
2. **Description**: The description provides a brief explanation of what needs to be done: ""Add a confirmation dialog before deleting records permanently.""
3. **Missing information**:
	* **Steps to reproduce**: Not provided, but it's likely that the issue reporter assumes that the feature will be implemented in a standard way (e.g., user clicks delete button, system prompts for confirmation).
	* **Expected vs actual behaviour**: The description mentions ""confirmation dialog"" and ""deleting records permanently"", which implies an expected behavior. However, it would be helpful to have more details on what exactly is expected.
	* **Acceptance criteria**: Not explicitly stated, but we can infer some criteria (e.g., the confirmation dialog appears when deleting a record).
	* **Affected components**: Not mentioned, but likely involves UI and backend code.
	* **Environment details**: Not provided.

Considering these points, I would say that the issue is missing essential information such as steps to reproduce, expected vs actual behavior, acceptance criteria, and environment details. Therefore:

Final Answer: Yes",84f1d291ca0bd8fd,llama3.1:8b,0,2026-06-08T18:24:11.805414+00:00
ISSUE-0041,Fix login bug #41,0,1,"To determine whether this software issue is INCOMPLETE, I will analyze it step by step:

1. **Steps to reproduce**: The description does not mention any steps that can be taken to reproduce the login bug. This makes it difficult for developers to understand and fix the problem.

2. **Expected vs actual behaviour**: While the description mentions that users ""cannot log in sometimes,"" it doesn't specify what is expected (i.e., successful login every time) or what actually happens (e.g., error messages, specific failure rates).

3. **Acceptance criteria**: There are no clear acceptance criteria mentioned for fixing this bug. What constitutes a fix? Is it that users can log in 100% of the time? That there's a certain threshold for successful login attempts?

4. **Affected components**: The description doesn't specify which parts of the system might be affected by or contributing to the login bug.

5. **Environment details**: There are no hints about the environment in which this issue occurs, such as specific browsers, versions of software, or network configurations that might influence the problem.

Given these observations, it appears that the issue lacks essential information for a complete analysis and resolution.

Final Answer: Yes",b1d9e81f22072850,llama3.1:8b,0,2026-06-08T18:24:14.813127+00:00
ISSUE-0042,Update UI #42,0,1,"To determine whether this issue is INCOMPLETE, let's analyze it step by step:

1. **Steps to reproduce**: There are no specific steps provided on how to reproduce the issue or what exactly needs to be updated in the interface.
2. **Expected vs actual behaviour**: The description mentions that ""the interface needs updating,"" but it doesn't specify what the expected outcome should be after the update, nor does it describe any current issues with the interface's behavior.
3. **Acceptance criteria**: There is no mention of specific requirements or conditions under which the update would be considered complete or successful.
4. **Affected components**: The description does not specify which parts of the interface need updating or what components are affected by this issue.
5. **Environment details**: There is no information about the environment in which this issue occurs, such as the operating system, browser type, or any specific configurations.

Given that all these essential pieces of information are missing from the description, I conclude that the issue is indeed INCOMPLETE.

Final Answer: Yes",59bf165bad1a13d7,llama3.1:8b,0,2026-06-08T18:24:17.444472+00:00
ISSUE-0043,Add export feature #43,1,1,"Let's analyze the issue step by step:

1. **Title**: The title is clear and concise.
2. **Description**: The description mentions that we need to export data to CSV format from the reports page. This gives us some idea of what needs to be done, but it's still quite vague.
3. **Missing information**:
	* **Steps to reproduce**: Not provided.
	* **Expected vs actual behaviour**: Expected is mentioned (exporting to CSV), but not the actual behaviour (what happens currently).
	* **Acceptance criteria**: Not specified.
	* **Affected components**: Not mentioned.
	* **Environment details**: Not given.

Based on this analysis, I would say that the issue is missing essential information such as steps to reproduce, expected vs actual behaviour, acceptance criteria, and affected components. Therefore:

Final Answer: Yes",2362d4e41bfc9c07,llama3.1:8b,0,2026-06-08T18:24:19.767631+00:00
ISSUE-0044,Performance issue #44,1,1,"To determine whether this issue is INCOMPLETE, let's analyze it step by step:

1. **Steps to reproduce**: There are no specific steps provided on how to reproduce the performance issue. This makes it difficult for developers to understand and replicate the problem.
2. **Expected vs actual behaviour**: The description mentions that ""the app is slow,"" but it doesn't specify what the expected behavior should be or what constitutes a ""slow"" application in terms of performance metrics (e.g., response time, load times).
3. **Acceptance criteria**: There are no clear acceptance criteria provided for what would constitute a satisfactory resolution to this issue.
4. **Affected components**: The description doesn't specify which parts of the app are affected by the performance issue or if it's a specific feature that's causing the slowdown.
5. **Environment details**: There is no mention of any environment-specific factors (e.g., network conditions, hardware specifications) that might be contributing to the performance issue.

Given these missing pieces of information, I conclude that this issue is INCOMPLETE because it lacks essential details for developers to understand and address the problem effectively.

Final Answer: Yes",9ed0f16cdbb6ebbe,llama3.1:8b,0,2026-06-08T18:24:22.672107+00:00
ISSUE-0045,Null pointer exception #45,0,0,"To determine whether this software issue is INCOMPLETE, let's analyze it step by step:

1. **Steps to reproduce**: The description mentions a specific location within the code where the error occurs (UserService.java at line 142), but it doesn't provide clear steps on how to reproduce the NullPointerException. This could be considered incomplete because reproducing the issue might require additional context or setup.

2. **Expected vs actual behaviour**: The description clearly states that a NullPointerException is occurring when the userId is null, which implies an expected behavior of not throwing a NullPointerException under normal circumstances (i.e., when userId is not null). However, it doesn't explicitly state what the actual behavior should be in this scenario or how it deviates from expectations.

3. **Acceptance criteria**: There's no mention of specific acceptance criteria for resolving this issue. Acceptance criteria are essential to ensure that the fix meets the requirements and does not introduce new bugs.

4. **Affected components**: The description mentions a specific file (UserService.java) where the error occurs, which is an affected component. However, it might be incomplete if other components or services are also impacted indirectly by this issue.

5. **Environment details**: There's no mention of any environment-specific details that could affect how the issue manifests or",9c252b24311230d2,llama3.1:8b,0,2026-06-08T18:24:25.841004+00:00
ISSUE-0046,Search not working #46,1,1,"Let's analyze the issue step by step:

1. **Title**: ""Search not working #46"" - This is a clear and concise title that indicates the problem.
2. **Description**: ""Search returns no results."" - This description provides some context, but it's quite brief. We can infer that the search function is supposed to return results, but it's not doing so.

Now, let's evaluate if this issue is INCOMPLETE:

* **Steps to reproduce**: Not provided.
* **Expected vs actual behaviour**: The expected behavior is that the search should return results, but the actual behavior is that it returns no results. This is partially described in the description.
* **Acceptance criteria**: Not explicitly stated.
* **Affected components**: Not mentioned.
* **Environment details**: Not specified.

Based on this analysis, I would say that the issue is missing essential information such as steps to reproduce and acceptance criteria. Therefore:

Final Answer: Yes",3108c5613ab12346,llama3.1:8b,0,2026-06-08T18:24:28.412619+00:00
ISSUE-0047,Add dark mode #47,0,1,"Let's analyze the issue step by step:

1. **Title and Description**: The title ""Add dark mode #47"" is clear about what feature is being requested. The description provides more details on how to implement it.
2. **Steps to Reproduce**: Not explicitly mentioned, but implied in the description as ""Implement"".
3. **Expected vs Actual Behaviour**: Expected behaviour is not clearly stated (e.g., what should happen when dark mode is toggled?).
4. **Acceptance Criteria**: Not explicitly mentioned, but we can infer some criteria from the description (e.g., toggle works, preference persists).
5. **Affected Components**: Not explicitly mentioned.
6. **Environment Details**: Not explicitly mentioned.

Based on this analysis, I would say that the issue is missing essential information such as expected vs actual behaviour and acceptance criteria.

Final Answer: Yes",3a48b9c6a2a8069a,llama3.1:8b,0,2026-06-08T18:24:30.734812+00:00
ISSUE-0048,Crash on startup #48,0,0,"To determine whether this software issue is INCOMPLETE, I will analyze it step by step:

1. **Title and Description**: The title ""Crash on startup"" clearly indicates the problem, but the description only mentions that the app crashes when opened. It does not provide any additional context or details about what happens before or after the crash.

2. **Steps to Reproduce**: There are no steps provided in the description to reproduce the issue. This is a crucial piece of information for developers to understand and fix the problem.

3. **Expected vs Actual Behaviour**: The description mentions that the app crashes, but it does not specify what the expected behavior should be or how it differs from the actual behavior.

4. **Acceptance Criteria**: There are no acceptance criteria mentioned in the issue description. This is essential for understanding what constitutes a successful resolution of the issue.

5. **Affected Components**: The description does not mention any specific components that might be affected by this crash, which could include hardware, software, or system configurations.

6. **Environment Details**: There are no details provided about the environment in which the app crashes, such as operating system, version, or any other relevant settings.

Given these observations, it's clear that the issue lacks several essential pieces of information necessary",03214ee8a438036a,llama3.1:8b,0,2026-06-08T18:24:33.862214+00:00
ISSUE-0049,Email validation #49,1,1,"Let's analyze the issue step by step:

1. **Steps to reproduce**: The description mentions ""registration form"", which implies that we need to test this feature when a user tries to register with an invalid email format. However, it doesn't explicitly state how to reproduce the issue (e.g., what specific email formats should be tested).
2. **Expected vs actual behaviour**: The description states that the expected behavior is to ""show inline error messages"" when the email format is invalid. This implies that there's a difference between the current and desired behavior, but it doesn't explicitly state what the current behavior is.
3. **Acceptance criteria**: There are no clear acceptance criteria mentioned in the description (e.g., what specific email formats should be considered valid or invalid).
4. **Affected components**: The description mentions ""registration form"", which implies that this feature will affect the UI component responsible for handling user registration. However, it's not explicitly stated.
5. **Environment details**: There are no environment-specific details mentioned in the description (e.g., what email formats should be tested on specific browsers or devices).

Based on these observations, I conclude that the issue is missing essential information such as steps to reproduce and acceptance criteria.

Final Answer: Yes",0efa5682a43e350e,llama3.1:8b,0,2026-06-08T18:24:37.037913+00:00
ISSUE-0050,Database timeout #50,1,-1,"Let's analyze the given issue step by step:

1. **Title**: ""Database timeout #50"" - This is a clear and concise title that indicates the problem.
2. **Description**: ""DB queries timeout after 30 seconds under heavy load with more than 500 concurrent users."" - The description provides some context about the environment (heavy load, concurrent users) and the specific issue (timeout after 30 seconds).

Now, let's check if it is missing essential information:

* **Steps to reproduce**: Not explicitly mentioned, but we can infer that reproducing this issue would require simulating a heavy load with more than 500 concurrent users.
* **Expected vs actual behaviour**: The description mentions the expected behavior (queries should not timeout) and the actual behavior (queries timeout after 30 seconds).
* **Acceptance criteria**: Not explicitly mentioned, but we can infer that acceptance criteria might include metrics such as query completion time or user experience under heavy load.
* **Affected components**: Not explicitly mentioned, but it's likely that this issue affects database-related components.
* **Environment details**: The description mentions the environment (heavy load with more than 500 concurrent users), which is a good start.

Considering these points, I would say that the issue is missing some essential",ff6a04a7f5856296,llama3.1:8b,0,2026-06-08T18:24:40.176194+00:00
ISSUE-0051,Missing error handling #51,1,1,"To determine whether this issue is INCOMPLETE, let's analyze it step by step:

1. **Steps to reproduce**: The description does not mention any specific steps or scenarios that would trigger the error handling.
2. **Expected vs actual behaviour**: While it mentions ""Handle errors properly,"" it doesn't specify what proper error handling entails in terms of expected behavior (e.g., displaying an error message, logging the issue, etc.) compared to the current actual behavior.
3. **Acceptance criteria**: There's no clear indication of how one would verify that the error handling is indeed proper or if there are specific conditions under which it should be triggered.
4. **Affected components**: The description doesn't specify which parts of the system (e.g., API, UI, database) need to handle errors differently.
5. **Environment details**: There's no mention of any specific environment or configuration that might affect how error handling is implemented.

Given these observations, it appears that the issue lacks essential information for a complete understanding and implementation of the requested feature. Therefore,

Final Answer: Yes",31617d8a6e4bd990,llama3.1:8b,0,2026-06-08T18:24:42.967325+00:00
ISSUE-0052,API rate limiting #52,0,0,"Let's analyze the given issue step by step:

1. **Title**: The title ""API rate limiting #52"" clearly indicates what the issue is about.
2. **Description**: The description provides a clear statement of what needs to be implemented: rate limiting of 100 requests per minute per API key with 429 responses. This includes:
   - What needs to happen (rate limiting)
   - How it should behave (100 requests per minute, 429 responses)
3. **Reproduction Steps**: While the description does not explicitly mention steps to reproduce, the information provided is specific enough that someone could infer how to test this feature.
4. **Expected vs Actual Behaviour**: The description clearly states what the expected behavior is (rate limiting with a specific threshold and response code).
5. **Acceptance Criteria**: Although not explicitly listed as acceptance criteria, the description provides clear conditions for success (implementing rate limiting with 100 requests per minute and returning a 429 response).
6. **Affected Components**: The issue specifically mentions ""API key,"" indicating that it is related to API functionality.
7. **Environment Details**: There are no specific environment details mentioned in the description, but given the nature of the request (API-related), one might infer that this applies to all",697b98c763e3ea1c,llama3.1:8b,0,2026-06-08T18:24:46.077944+00:00
ISSUE-0053,Button color #53,1,1,"To determine whether this issue is INCOMPLETE, let's analyze it step by step:

1. **Title and Description**: The title ""Button color #53"" suggests a specific task, but the description simply states ""Change the button color."" This lack of specificity could indicate incompleteness.
2. **Steps to Reproduce**: There are no steps provided on how to reproduce this issue or what exactly needs to be done to change the button color. This is a critical piece of information that's missing.
3. **Expected vs Actual Behaviour**: The description doesn't specify what the expected behavior should be after changing the button color, nor does it mention any actual observed behavior that differs from the expectation.
4. **Acceptance Criteria**: There are no clear acceptance criteria provided for this task. What exactly constitutes ""success"" in terms of changing the button color?
5. **Affected Components**: The description doesn't specify which components or parts of the system will be affected by this change, making it difficult to assess its impact.
6. **Environment Details**: There's no mention of any specific environment details that might affect how this task is executed.

Given these observations, I conclude that the issue lacks essential information for a complete understanding and execution of the task.

Final Answer: Yes",07df64dcf327abd7,llama3.1:8b,0,2026-06-08T18:24:49.313347+00:00
ISSUE-0054,Memory leak #54,0,0,"To determine whether this software issue is INCOMPLETE, I will analyze it step by step:

1. **Steps to reproduce**: The description mentions that memory usage grows unbounded over 24 hours in the background sync service, but it does not specify how to reproduce this issue in a controlled environment or under what specific conditions it occurs.

2. **Expected vs actual behaviour**: It is clear from the description that there's an expected behavior (memory usage should not grow unbounded) and an observed actual behavior (it grows unbounded). However, the description lacks specificity on what exactly constitutes ""unbounded"" in terms of memory usage metrics or thresholds.

3. **Acceptance criteria**: There are no explicit acceptance criteria mentioned for this issue. It does not specify under what conditions the memory leak would be considered fixed or how it should behave after a fix is implemented.

4. **Affected components**: The description mentions the ""background sync service,"" which indicates that at least one component is affected, but without further details on its architecture or integration with other parts of the system, it's hard to assess if all relevant components are identified.

5. **Environment details**: There's no mention of specific environment configurations (e.g., development vs production) under which this issue occurs, which could be",b1e15139df93107a,llama3.1:8b,0,2026-06-08T18:24:52.529774+00:00
ISSUE-0055,Update docs #55,1,1,"To determine whether this issue is INCOMPLETE, let's analyze it step by step:

1. **Steps to reproduce**: The description does not mention any steps that can be taken to reproduce the issue of outdated documentation. This suggests a lack of essential information for understanding and addressing the problem.

2. **Expected vs actual behaviour**: While the description mentions that the documentation is ""outdated,"" it doesn't specify what the expected behavior should be or how it differs from the current, actual behavior. This omission makes it difficult to understand the full scope of the issue.

3. **Acceptance criteria**: There's no mention of specific criteria against which the resolution of this issue would be measured. Acceptance criteria are crucial for ensuring that the solution meets the requirements and expectations.

4. **Affected components**: The description does not specify which parts of the system or documentation are affected by the outdated state, making it hard to pinpoint where changes need to be made.

5. **Environment details**: There's no mention of any specific environments (e.g., development, production) in which this issue is observed or relevant.

Given these observations, the issue lacks essential information for a complete understanding and resolution of the problem. Therefore:

Final Answer: Yes",89ca1772739dfde7,llama3.1:8b,0,2026-06-08T18:24:55.718879+00:00
ISSUE-0056,File upload fails #56,1,-1,"Let's analyze the given issue:

Title: File upload fails #56
Description: Uploading files larger than 10MB fails with a 413 error on the /upload endpoint.

Reasoning:
- The description mentions that uploading files larger than 10MB fails, which implies there is an expected behavior (i.e., files up to a certain size should be accepted).
- However, it does not explicitly state what the actual behavior should be for files larger than 10MB.
- It also provides reproduction steps by mentioning the endpoint and error code.

Given this analysis, I would say that while the issue is somewhat complete because it mentions expected behavior (though indirectly) and reproduction steps, it lacks explicit details on the expected behavior for files larger than 10MB. However, considering the format of the examples provided earlier, where an issue being incomplete typically means missing essential information such as steps to reproduce, expected vs actual behaviour, acceptance criteria, affected components, or environment details, this issue seems to be lacking in explicitly stating what the expected behavior should be for files larger than 10MB.

However, upon closer inspection, it does mention that uploading files larger than 10MB fails with a 413 error on the /upload endpoint. This implies there is an actual behavior (",94d7031f0841534a,llama3.1:8b,0,2026-06-08T18:24:58.855039+00:00
ISSUE-0057,Wrong total #57,1,1,"Let's analyze the issue step by step:

1. **Title**: ""Wrong total #57"" - This title suggests that there might be a specific problem with the calculation of the total amount in the cart.
2. **Description**: ""The total is wrong in the cart."" - This description confirms that there is an issue with the total, but it doesn't provide any additional context or details about what's going on.

Now, let's evaluate if this issue is INCOMPLETE based on the essential information missing:

* **Steps to reproduce**: Not provided.
* **Expected vs actual behaviour**: The description mentions that the total is wrong, which implies an expected behavior (correct total) and an actual behavior (incorrect total), but it doesn't specify what the correct total should be or how it's being calculated incorrectly.
* **Acceptance criteria**: Not specified.
* **Affected components**: Not mentioned.
* **Environment details**: Not provided.

Based on this analysis, I would say that the issue is missing essential information such as steps to reproduce and acceptance criteria. Therefore:

Final Answer: Yes",a205d52a0310e4a2,llama3.1:8b,0,2026-06-08T18:25:01.673792+00:00
ISSUE-0058,Session expiry #58,0,1,"Let's analyze the given issue step by step:

1. **Title**: ""Session expiry #58"" - This is clear and concise.
2. **Description**: ""Implement automatic session expiry after 30 minutes of inactivity with a warning dialog."" - This provides some context, but we need to dig deeper for completeness.

Now, let's check if the issue is missing any essential information:

* **Steps to reproduce**: Not explicitly mentioned, but it can be inferred that the user would have to remain inactive for 30 minutes.
* **Expected vs actual behaviour**: The description mentions ""Implement automatic session expiry"", which implies an expected change in behavior. However, there's no explicit mention of what the actual behavior is before the implementation.
* **Acceptance criteria**: Not mentioned explicitly, but we can infer some criteria based on the description (e.g., a warning dialog appears after 30 minutes).
* **Affected components**: Not mentioned explicitly, but it could be related to authentication or session management components.
* **Environment details**: Not mentioned explicitly.

Based on this analysis, I would say that the issue is missing essential information such as steps to reproduce and acceptance criteria. Therefore:

Final Answer: Yes",e0aa1d109da1f8f9,llama3.1:8b,0,2026-06-08T18:25:04.710462+00:00
ISSUE-0059,Fix typo #59,0,0,"To determine whether this issue is INCOMPLETE, let's analyze it step by step:

1. **Steps to reproduce**: The description does not mention any steps that can be taken to identify or replicate the issue. This makes it difficult for someone else to understand how to verify if the problem exists.

2. **Expected vs actual behaviour**: There's no clear indication of what the expected behavior should be (i.e., what the text should say) versus the actual behavior (the typo). Without this, it's hard to define a solution or even confirm that the issue is indeed a typo and not something else entirely.

3. **Acceptance criteria**: The description lacks specific details on how one would know if the issue was resolved. What does ""resolved"" mean in this context? Is it simply removing the typo, or are there other considerations (like ensuring no similar typos exist elsewhere)?

4. **Affected components**: There's no mention of which part of the system is affected by this typo. This could be a UI element, a database field, or something else entirely.

5. **Environment details**: The description does not specify any environment-specific details that might affect how the issue manifests (e.g., specific browsers, operating systems).

Given these considerations, it seems clear that",773045355cd5050d,llama3.1:8b,0,2026-06-08T18:25:07.935582+00:00
ISSUE-0060,Pagination broken #60,1,0,"To determine whether this software issue is INCOMPLETE, I will analyze it step by step:

1. **Steps to reproduce**: The description mentions that pagination does not work ""when filter is applied on the user management table."" This implies a specific scenario or steps to reproduce the issue, which is present.

2. **Expected vs actual behaviour**: It's clear from the description that there's an expected behavior (pagination should work) and an observed actual behavior (it doesn't work when a filter is applied). Thus, this information is also present.

3. **Acceptance criteria**: While not explicitly stated in the description, it can be inferred that for the issue to be considered resolved, pagination must function correctly even with filters applied on the user management table. However, explicit acceptance criteria are missing.

4. **Affected components**: The description mentions ""pagination"" and ""user management table,"" which implies specific components or features affected by this issue. This information is present.

5. **Environment details**: There's no mention of any specific environment requirements or configurations that might be relevant to reproducing the issue, but given the nature of the problem (a functional issue with pagination), it's likely not critical for determining the cause or resolution of the issue.

Given this analysis, while there are",f97a1f2d668d747d,llama3.1:8b,0,2026-06-08T18:25:11.134812+00:00
ISSUE-0061,Add logging #61,0,1,"To determine whether this issue is INCOMPLETE, let's analyze it step by step:

1. **Title and Description**: The title ""Add logging"" and description ""Add proper logging"" are clear about the requirement but lack specific details.
2. **Steps to Reproduce**: There are no steps provided on how to reproduce or test the logging feature, which is essential for understanding the issue.
3. **Expected vs Actual Behaviour**: While it mentions adding ""proper logging,"" there's no clear definition of what constitutes proper logging in this context, nor is there a comparison with the current state (actual behaviour).
4. **Acceptance Criteria**: There are no specific criteria outlined to determine when the feature is complete or if it meets the requirements.
5. **Affected Components**: The description does not specify which components or systems will be affected by the addition of logging.
6. **Environment Details**: There's no mention of any environment-specific details that might impact how the logging feature should behave.

Given these observations, the issue lacks essential information such as steps to reproduce, expected vs actual behaviour, acceptance criteria, affected components, and environment details.

Final Answer: Yes",b3b8fb04f622a2ac,llama3.1:8b,0,2026-06-08T18:25:14.102186+00:00
ISSUE-0062,Two-factor auth #62,1,0,"Let's analyze the given issue step by step:

1. **Title and Description**: The title ""Two-factor auth #62"" is clear about what feature is being requested, but the description only mentions adding TOTP-based 2FA support for admin accounts with backup codes without providing any additional context.

2. **Steps to Reproduce**: There are no steps provided on how to reproduce this issue or test its functionality, which is a crucial piece of information for understanding and resolving the problem.

3. **Expected vs Actual Behaviour**: The description mentions adding TOTP-based 2FA support but does not specify what the expected behavior should be in terms of user interaction, error handling, or any specific requirements related to how this feature will work.

4. **Acceptance Criteria**: There is no mention of acceptance criteria that would define when the feature is considered complete and meets the requirements.

5. **Affected Components**: The description does not specify which components (e.g., UI elements, backend services) are affected by or involved in implementing this feature.

6. **Environment Details**: There's no information about any specific environment details such as whether this should work on all platforms, under certain network conditions, etc.

Given the missing essential information such as steps to reproduce, expected vs actual behavior",9e780b382d32617f,llama3.1:8b,0,2026-06-08T18:25:17.261688+00:00
ISSUE-0063,Improve something #63,0,1,"To determine whether this issue is INCOMPLETE, let's analyze it step by step:

1. **Title and Description**: The title ""Improve something"" is vague, but the description ""Something needs to be improved"" is even more ambiguous. It doesn't specify what exactly needs improvement.

2. **Missing Essential Information**:
   - **Steps to reproduce**: There are no steps provided on how to reproduce the issue or what specific behavior is expected.
   - **Expected vs actual behaviour**: The description does not mention any expected outcome or behavior that should be improved upon.
   - **Acceptance criteria**: Without knowing what specifically needs improvement, it's impossible to define acceptance criteria.
   - **Affected components**: There's no indication of which part of the system is affected by this issue.
   - **Environment details**: The description does not mention any specific environment or conditions under which this improvement is needed.

Given that all these essential pieces of information are missing from the description, it indicates that the issue is indeed INCOMPLETE.

Final Answer: Yes",4bf4eeabea04d2b3,llama3.1:8b,0,2026-06-08T18:25:19.963312+00:00
ISSUE-0064,CSV import fails #64,1,0,"To determine whether this issue is INCOMPLETE, let's analyze it step by step:

1. **Title and Description**: The title ""CSV import fails #64"" clearly indicates the problem area, and the description provides more context about what happens when importing CSV files with special characters.

2. **Steps to Reproduce**: While the description mentions that importing CSV files with special characters (commas in fields) fails silently, it does not explicitly provide steps on how to reproduce this issue. However, based on the description alone, one can infer a way to reproduce the issue: try importing a CSV file containing commas within field values.

3. **Expected vs Actual Behaviour**: The description clearly states that the expected behavior is for the import process to handle special characters correctly (i.e., not fail silently), but instead, it fails silently. This provides a clear understanding of what should happen versus what actually happens.

4. **Acceptance Criteria**: There's no explicit mention of acceptance criteria in the description. Acceptance criteria would typically outline specific conditions that must be met for the issue to be considered resolved (e.g., ""The import process successfully imports CSV files with commas within field values without failing silently"").

5. **Affected Components**: The description does not specify which components or modules are",fd244f989122bfec,llama3.1:8b,0,2026-06-08T18:25:23.099259+00:00
ISSUE-0065,Profile page slow #65,0,0,"To determine whether this software issue is INCOMPLETE, I will analyze it step by step:

1. **Title and Description**: The title ""Profile page slow #65"" clearly indicates the problem area, which is the profile page's loading speed. The description provides a specific reason for the slowness: unoptimized image loading.

2. **Steps to Reproduce**: While the issue mentions that the profile page takes 8+ seconds to load due to unoptimized image loading, it does not provide explicit steps on how to reproduce this issue. However, based on the description, one can infer that reproducing the issue involves accessing the profile page and observing its loading time.

3. **Expected vs Actual Behaviour**: The description clearly states what is expected (the profile page should load quickly) versus what actually happens (it takes 8+ seconds to load due to unoptimized image loading).

4. **Acceptance Criteria**: There are no explicit acceptance criteria mentioned in the issue description, which could include metrics for acceptable loading times or specific performance benchmarks.

5. **Affected Components**: The description mentions ""unoptimized image loading,"" but it does not specify which components (e.g., image processing libraries, caching mechanisms) are affected by this optimization need.

6. **Environment Details**:",469d1910039fe2af,llama3.1:8b,0,2026-06-08T18:25:26.268573+00:00
ISSUE-0066,Notifications broken #66,0,1,"Let's analyze the issue step by step:

1. **Title**: ""Notifications broken #66"" - This is a clear and concise title that indicates the problem.
2. **Description**: ""Push notifications are not delivered to Android devices running Android 13+."" - The description provides some context, but it's missing essential information:
	* What exactly happens when a push notification is sent? (Expected vs actual behaviour)
	* How can this issue be reproduced? (Steps to reproduce)
	* Are there any specific acceptance criteria for push notifications on Android devices?
3. **Affected components**: Not explicitly mentioned in the description, but it's likely that the affected component is the ""Push Notification Service"" or a similar module.
4. **Environment details**: The description mentions Android 13+, which provides some context about the environment.

Based on this analysis, I would say that the issue is missing essential information such as steps to reproduce and expected vs actual behaviour. Therefore:

Final Answer: Yes",d3c500bfbd816a6b,llama3.1:8b,0,2026-06-08T18:25:28.969616+00:00
ISSUE-0067,Timezone bug #67,1,0,"To determine whether this issue is INCOMPLETE, let's analyze it step by step:

1. **Steps to reproduce**: The description mentions that timestamps display in UTC instead of the user's local timezone in the event log, but it doesn't explicitly state how to reproduce this issue. However, based on the information given, it seems like reproducing this might involve checking the event log for a specific timestamp and verifying its timezone.

2. **Expected vs actual behaviour**: The description clearly states that the expected behavior is for timestamps to display in the user's local timezone but instead displays them in UTC. This meets the requirement of specifying the expected behavior.

3. **Acceptance criteria**: While there isn't explicit mention of acceptance criteria, based on the description, it can be inferred that one of the acceptance criteria might be that timestamps are displayed correctly according to the user's local timezone.

4. **Affected components**: The issue mentions ""event log,"" which suggests a specific component or feature is affected. However, without more information, we cannot confirm if this is indeed the only affected component.

5. **Environment details**: There's no explicit mention of environment details such as operating system, browser type, etc., that might be relevant to reproducing the issue.

Given these considerations:

-",8b3f2eece1ea3634,llama3.1:8b,0,2026-06-08T18:25:32.135348+00:00
ISSUE-0068,Dropdown empty #68,0,1,"Let's analyze the issue step by step:

1. **Title**: The title ""Dropdown empty #68"" clearly indicates what the problem is.
2. **Description**: The description ""Country dropdown is empty on the registration form for new users"" provides more context, but it doesn't mention:
	* Expected vs actual behavior (what should happen vs what's happening).
	* Steps to reproduce the issue (how to replicate the problem).
	* Affected components or environment details.
3. **Reasoning**: Based on the description alone, we can infer that there might be a bug in the country dropdown functionality for new users. However, without more information, it's difficult to determine the root cause of the issue.

Considering these points, I would say that this issue is missing essential information such as expected vs actual behavior and steps to reproduce. Therefore:

Final Answer: Yes",baa87a6b68c70858,llama3.1:8b,0,2026-06-08T18:25:34.620661+00:00
ISSUE-0069,Report generation #69,1,1,"Let's analyze the given issue step by step:

1. **Title**: ""Report generation #69"" - This is a clear and concise title that indicates what the issue is about.
2. **Description**: ""The monthly report generation times out for datasets with more than 10,000 rows."" - The description provides some context, but it's missing essential information.

Now, let's check if the issue is INCOMPLETE by looking at the following aspects:

* **Steps to reproduce**: Missing. We don't know how to replicate this issue.
* **Expected vs actual behaviour**: Partially present. We know what happens (timeout), but we don't know what should happen instead.
* **Acceptance criteria**: Missing. What are the conditions for considering this issue resolved?
* **Affected components**: Missing. Which parts of the system are affected by this issue?
* **Environment details**: Missing. Are there any specific environment settings or configurations that might be relevant to this issue?

Based on this analysis, I conclude that the issue is missing essential information.

Final Answer: Yes",3449a7084caac9af,llama3.1:8b,0,2026-06-08T18:25:37.357783+00:00
ISSUE-0070,Missing feature #70,1,1,"To determine whether this issue is INCOMPLETE, let's analyze it step by step:

1. **Title and Description**: The title ""Missing feature #70"" suggests that there might be some context or reference to a specific feature discussed in the meeting, but without more information, it's hard to tell what exactly is being referred to.

2. **Steps to Reproduce**: There are no steps provided on how to reproduce this issue. This makes it difficult for anyone else to understand and verify the problem.

3. **Expected vs Actual Behaviour**: The description mentions adding ""the thing we discussed in the meeting,"" but it doesn't specify what the expected behavior is or how it differs from the actual behavior, which is presumably not working as intended.

4. **Acceptance Criteria**: There's no mention of specific criteria that would indicate when this feature is complete and meets the requirements.

5. **Affected Components**: It's unclear which components or systems are affected by this missing feature.

6. **Environment Details**: The description doesn't provide any information about the environment in which this issue occurs, such as operating system, browser type, etc.

Given these observations, it appears that the issue is missing essential information to be considered complete. Therefore:

Final Answer: Yes",a7ded8fe48e42593,llama3.1:8b,0,2026-06-08T18:25:40.473832+00:00
ISSUE-0071,Concurrent edit conflict #71,0,0,"To determine whether this software issue is INCOMPLETE, I will analyze it step by step:

1. **Steps to reproduce**: The description mentions ""Two users editing the same record simultaneously,"" which implies a specific scenario for reproduction. However, it does not explicitly state how to replicate this situation in a controlled manner or what steps are necessary to observe the conflict.

2. **Expected vs actual behaviour**: It clearly states that there is an expected outcome (no data loss) but mentions an actual issue (data loss silently). This indicates a clear understanding of the problem's impact.

3. **Acceptance criteria**: There is no explicit mention of what constitutes ""acceptance"" for this feature or how it should behave in terms of preventing data loss during concurrent edits.

4. **Affected components**: The description implies that this issue affects the functionality related to editing records, but it does not specify which exact components (e.g., database, application logic) are impacted.

5. **Environment details**: There is no mention of specific environments or configurations where this issue occurs, making it difficult to replicate and solve without additional context.

Given these observations:

- The description lacks explicit steps for reproduction.
- While the expected vs actual behavior is clear, acceptance criteria are not specified.
- Affected components and",c5993e26b7b67c47,llama3.1:8b,0,2026-06-08T18:25:43.693276+00:00
ISSUE-0072,Wrong redirect #72,1,0,"To determine whether this software issue is INCOMPLETE, I will analyze it step by step:

1. **Steps to reproduce**: The description mentions a specific scenario (""After logout""), which implies that there are steps to reproduce the issue. However, these steps should be explicitly stated for clarity.

2. **Expected vs actual behaviour**: The description clearly states what is expected (users should be redirected to the login page) and what actually happens (they are redirected to the dashboard). This information is present.

3. **Acceptance criteria**: There's no explicit mention of acceptance criteria, which would define under what conditions this issue is considered resolved or not. Acceptance criteria typically include specific conditions that must be met for an issue to be closed.

4. **Affected components**: The description does not specify the affected components (e.g., login page, logout functionality, dashboard). Identifying these components is crucial for understanding where the problem lies and how it can be fixed.

5. **Environment details**: There's no mention of any specific environment or configuration that might affect this issue. However, given the nature of the issue, it's likely not dependent on a specific environment but rather on the application's logic.

Given these considerations:

- The steps to reproduce are implied but not explicitly stated.",7872a138d69c7a7d,llama3.1:8b,0,2026-06-08T18:25:46.861833+00:00
ISSUE-0073,Image resize #73,1,0,"To determine whether this issue is INCOMPLETE, let's analyze it step by step:

1. **Title and Description**: The title ""Image resize #73"" clearly indicates the problem area, which is resizing profile images on upload. The description provides a brief explanation of the impact (""causing slow page loads""), but it doesn't delve into technical details.

2. **Steps to Reproduce**: There are no specific steps given to reproduce the issue. This could be a significant omission because without clear reproduction steps, it's hard for developers to replicate and fix the problem.

3. **Expected vs Actual Behaviour**: The description mentions that profile images are not resized/compressed on upload, which implies there is an expected behavior (images should be resized/compressed) but does not explicitly state what the actual behavior is in terms of technical specifications or performance metrics.

4. **Acceptance Criteria**: There's no mention of specific acceptance criteria for this feature. What constitutes a successful implementation? Are there any specific image sizes, compression ratios, or page load times that need to be met?

5. **Affected Components**: The description mentions ""profile images,"" which suggests it affects the user profile section of the application. However, without further details on how the upload process and resizing are handled, it",16fab2d49f099259,llama3.1:8b,0,2026-06-08T18:25:50.088548+00:00
ISSUE-0074,Filter not saving #74,1,1,"Let's analyze the issue step by step:

1. **Title**: ""Filter not saving #74"" - This is a clear and concise title that describes the problem.
2. **Description**: ""Applied filters are reset when navigating back to the list view."" - The description provides some context, but it's missing essential information about:
	* Expected behavior: What should happen when navigating back to the list view?
	* Actual behavior: What is currently happening (filters being reset)?
3. **Reproduction steps**: Not provided.
4. **Affected components**: Not mentioned.
5. **Environment details**: Not specified.

Based on this analysis, I would say that the issue is missing essential information such as reproduction steps, expected vs actual behavior, and affected components. Therefore:

Final Answer: Yes",46cca62b3e777052,llama3.1:8b,0,2026-06-08T18:25:52.304961+00:00
ISSUE-0075,Audit log missing #75,0,-1,"Let's analyze the issue step by step:

1. **Title**: The title is clear and concise.
2. **Description**: The description explains what is happening: Admin actions are not being recorded in the audit log table. This gives us a good understanding of the problem.
3. **Missing information**:
	* **Steps to reproduce**: Not provided, but it's possible that this issue might be related to another issue or a known bug, so we can't assume reproduction steps are always necessary here.
	* **Expected vs actual behaviour**: The description implies that there is an expected behavior (admin actions should be recorded in the audit log table), but it's not explicitly stated. However, based on the description, we can infer what the expected behavior is.
	* **Acceptance criteria**: Not provided, which makes it difficult to determine if the issue is fully understood and testable.
	* **Affected components**: The description mentions ""audit log table"", so we know that this component is affected. However, it would be good to have a clear list of all affected components.
	* **Environment details**: Not provided.

Based on this analysis, I think the issue is missing essential information such as acceptance criteria and environment details. While we can infer some of the",901ee880995b4b9c,llama3.1:8b,0,2026-06-08T18:25:55.432406+00:00
ISSUE-0076,Language switch broken #76,0,-1,"Let's analyze the issue step by step:

1. **Title**: ""Language switch broken #76"" - This is a clear and concise title that indicates what the problem is.
2. **Description**: ""Switching language mid-session reverts to English after page refresh."" - The description provides a good summary of the problem, including the expected behavior (switching languages) and the actual observed behavior (reverting to English).
3. **Reproduction steps**: Not explicitly mentioned in the description, but we can infer that the user needs to switch language mid-session and then refresh the page to reproduce the issue.
4. **Expected vs Actual behaviour**: The description clearly states what is expected (switching languages) and what actually happens (reverting to English).
5. **Acceptance criteria**: Not explicitly mentioned in the description, but we can infer that the acceptance criteria would be related to language switching functionality working correctly mid-session.
6. **Affected components**: Not explicitly mentioned in the description, but it's likely that this issue affects the language switch feature and possibly other related components (e.g., session management).
7. **Environment details**: Not explicitly mentioned in the description, but we can infer that the environment is a web application with session-based language switching.

Based on",5fc22126d0915450,llama3.1:8b,0,2026-06-08T18:25:58.671936+00:00
ISSUE-0077,Role permission #77,0,-1,"Let's analyze the issue step by step:

1. **Title**: The title is clear and concise, indicating a specific problem.
2. **Description**: The description explains that users with the 'viewer' role can access admin endpoints via direct URL. This provides some context about the issue.
3. Now, let's check for missing essential information:
	* **Steps to reproduce**: Not explicitly mentioned, but it seems like the issue is self-explanatory and might not require reproduction steps.
	* **Expected vs actual behaviour**: The description mentions that users with a specific role can access admin endpoints, which implies an expected behavior (accessing admin endpoints) and an actual behavior (being able to do so).
	* **Acceptance criteria**: Not explicitly mentioned. What constitutes ""accessing admin endpoints"" in terms of functionality? Are there specific actions or features that should be restricted?
	* **Affected components**: The description mentions roles and endpoints, but it's not clear which specific components are affected (e.g., which APIs, services, or UI elements).
	* **Environment details**: Not explicitly mentioned. Is this issue reproducible in all environments, or are there specific conditions that need to be met?

Considering these points, I would say that the issue is missing",d1938bb79a24ec84,llama3.1:8b,0,2026-06-08T18:26:01.857898+00:00
ISSUE-0078,Broken link #78,0,1,"To determine whether this issue is INCOMPLETE, let's analyze it step by step:

1. **Steps to reproduce**: The description does not mention how to reproduce the issue or what steps were taken to identify the broken link.
2. **Expected vs actual behaviour**: There is no clear statement of what the expected behavior should be (i.e., a working link) and what the actual behavior is (a broken link).
3. **Acceptance criteria**: The description does not specify any acceptance criteria for resolving this issue, such as ""the link should work"" or ""the user should be notified when clicking on it.""
4. **Affected components**: It's unclear which component of the application is affected by this issue.
5. **Environment details**: There are no details about the environment in which the issue was encountered (e.g., browser type, operating system).

Given that the description lacks essential information such as steps to reproduce and expected vs actual behavior, I conclude that the issue is INCOMPLETE.

Final Answer: Yes",bbe69cf01c6d6dde,llama3.1:8b,0,2026-06-08T18:26:04.555856+00:00
ISSUE-0079,Chart rendering #79,0,-1,"Let's analyze the issue step by step:

1. **Title**: ""Chart rendering #79"" - This is a clear and concise title that indicates what the issue is about.
2. **Description**: ""Bar chart renders incorrectly when data contains negative values."" - The description provides some context, but it's not entirely clear what is expected to happen in this scenario.

Now, let's evaluate if the issue is missing any essential information:

* **Steps to reproduce**: Not explicitly mentioned, but we can infer that reproducing the issue involves creating a bar chart with data containing negative values.
* **Expected vs actual behaviour**: The description mentions that the bar chart ""renders incorrectly"", which implies there is an expected behavior (correct rendering) and an actual behavior (incorrect rendering).
* **Acceptance criteria**: Not explicitly mentioned, but we can infer that the acceptance criteria might involve verifying that the bar chart renders correctly when data contains negative values.
* **Affected components**: Not explicitly mentioned, but it's likely that the affected component is a charting library or module within the application.
* **Environment details**: Not explicitly mentioned, but we can assume that the issue occurs in the development environment.

Based on this analysis, I would say that the issue is missing some essential information, such",d10003a18abaf8bf,llama3.1:8b,0,2026-06-08T18:26:07.734457+00:00
ISSUE-0080,Delete confirmation #80,0,1,"Let's analyze the issue step by step:

1. **Title**: The title is clear and concise.
2. **Description**: The description provides a brief explanation of what needs to be done: adding a confirmation dialog before deleting records permanently.
3. **Missing information**:
	* **Steps to reproduce**: Not provided, but it's likely that the issue reporter assumes it's self-explanatory or will provide them later.
	* **Expected vs actual behaviour**: The description mentions ""confirmation dialog"" and ""permanently"", which implies an expected behavior (user is prompted before deletion), but doesn't explicitly state what happens if no confirmation is given (e.g., deletion still occurs).
	* **Acceptance criteria**: Not provided, making it difficult to determine when the feature is complete.
	* **Affected components**: Not mentioned, so we can't identify which parts of the system will be impacted by this change.
	* **Environment details**: No specific environment or configuration requirements are specified.

Based on this analysis, I conclude that the issue is missing essential information, specifically steps to reproduce, expected vs actual behavior, acceptance criteria, and affected components.

Final Answer: Yes",a8b386be82aedb49,llama3.1:8b,0,2026-06-08T18:26:10.806946+00:00
ISSUE-0081,Fix login bug #81,0,1,"Let's analyze the issue step by step:

1. **Steps to reproduce**: The description mentions that users ""cannot log in sometimes"", which implies that the issue is intermittent and not reproducible with a specific set of steps.
2. **Expected vs actual behaviour**: The description states that users cannot log in, but it doesn't specify what the expected behavior should be (e.g., successful login, error message, etc.). It also doesn't mention the actual behavior (e.g., error code, exception message).
3. **Acceptance criteria**: There are no clear acceptance criteria mentioned, such as ""the user should be able to log in successfully"" or ""an error message should be displayed when logging in fails"".
4. **Affected components**: The description doesn't mention which specific components or modules are affected by the issue.
5. **Environment details**: There is no information about the environment where the issue occurs, such as the operating system, browser, or any other relevant details.

Based on this analysis, I conclude that the issue is missing essential information, specifically steps to reproduce, expected vs actual behavior, acceptance criteria, affected components, and environment details.

Final Answer: Yes",d1e26312ae4b131d,llama3.1:8b,0,2026-06-08T18:26:13.788495+00:00
ISSUE-0082,Update UI #82,0,1,"To determine whether this issue is INCOMPLETE, let's analyze it step by step:

1. **Steps to reproduce**: There are no specific steps provided on how to reproduce the issue or what exactly needs to be updated in the interface.
2. **Expected vs actual behaviour**: The description mentions that ""the interface needs updating,"" but it doesn't specify what the expected outcome should be after the update, nor does it describe any current issues with the interface's behavior.
3. **Acceptance criteria**: There is no mention of specific requirements or conditions under which the update would be considered complete or successful.
4. **Affected components**: The description does not specify which parts of the interface need updating or what components are affected by this issue.
5. **Environment details**: There is no information about the environment in which this issue occurs, such as the operating system, browser type, or any specific configurations.

Given that all these essential pieces of information are missing from the description, I conclude that the issue is indeed INCOMPLETE.

Final Answer: Yes",c514491b41fa6f17,llama3.1:8b,0,2026-06-08T18:26:16.501935+00:00
ISSUE-0083,Add export feature #83,1,1,"Let's analyze the issue step by step:

1. **Title**: The title is clear and concise.
2. **Description**: The description mentions that we need to export data to CSV format from the reports page. This gives us some idea of what needs to be done, but it's still quite vague.
3. **Missing information**:
	* **Steps to reproduce**: Not mentioned.
	* **Expected vs actual behaviour**: Expected is to export to CSV, but there's no mention of the actual current behavior (if any).
	* **Acceptance criteria**: None are specified.
	* **Affected components**: Not mentioned.
	* **Environment details**: Not mentioned.

Based on this analysis, I would say that the issue is missing essential information such as steps to reproduce, expected vs actual behaviour, acceptance criteria, and affected components. Therefore:

Final Answer: Yes",96e41d70d114e0f4,llama3.1:8b,0,2026-06-08T18:26:18.894022+00:00
ISSUE-0084,Performance issue #84,0,1,"To determine whether this issue is INCOMPLETE, let's analyze it step by step:

1. **Steps to reproduce**: There are no specific steps provided on how to reproduce the performance issue. This makes it difficult for developers to understand and replicate the problem.
2. **Expected vs actual behaviour**: The description mentions that ""the app is slow,"" but it doesn't specify what the expected behavior should be or what constitutes a satisfactory level of performance.
3. **Acceptance criteria**: There's no clear indication of what would constitute an acceptable resolution to this issue, such as specific performance metrics (e.g., response time, load times) that need to be met.
4. **Affected components**: The description doesn't mention which parts of the application are affected by the performance issue or if it's a general problem across the app.
5. **Environment details**: There's no information about the environment in which this issue occurs (e.g., device type, operating system, network conditions).

Given that several essential pieces of information are missing from this description, I conclude that:

Final Answer: Yes",a4c4fc6a9d1ec712,llama3.1:8b,0,2026-06-08T18:26:21.636055+00:00
ISSUE-0085,Null pointer exception #85,1,0,"To determine whether this software issue is INCOMPLETE, let's analyze it step by step:

1. **Steps to reproduce**: The description mentions a specific location within the code where the error occurs (UserService.java at line 142), but it doesn't provide clear steps on how to reproduce the NullPointerException. This could be considered incomplete because reproducing the issue might require additional context or setup.

2. **Expected vs actual behaviour**: The description clearly states that a NullPointerException is occurring when the userId is null, which implies an expected behavior of not throwing a NullPointerException under normal circumstances (i.e., when userId is not null). However, it doesn't explicitly state what the actual behavior should be in this scenario or how it deviates from expectations.

3. **Acceptance criteria**: There's no mention of specific acceptance criteria for resolving this issue. Acceptance criteria are essential to ensure that the fix meets the requirements and does not introduce new bugs.

4. **Affected components**: The description mentions a specific file (UserService.java) where the error occurs, which is an affected component. However, it might be beneficial to know if there are other components or systems impacted by this issue.

5. **Environment details**: There's no mention of any environment-specific details that could affect how the issue manifests",e52802b0f1820d1f,llama3.1:8b,0,2026-06-08T18:26:24.748963+00:00
ISSUE-0086,Search not working #86,1,0,"Let's analyze the issue step by step:

1. **Title**: ""Search not working #86"" - This is a clear and concise title that indicates the problem.
2. **Description**: ""Search returns no results."" - This description provides some context, but it's quite brief. We can infer that the search functionality is not returning any results as expected.

Now, let's evaluate if this issue is INCOMPLETE:

* **Steps to reproduce**: Not provided. We don't know what specific actions or inputs trigger the problem.
* **Expected vs actual behaviour**: The description mentions that ""Search returns no results"", which implies an expectation of search results being returned. However, it's not explicitly stated how many results were expected or under what conditions.
* **Acceptance criteria**: Not provided. We don't know what constitutes a successful search result or what the acceptance criteria are for this feature.
* **Affected components**: Not mentioned. We don't know which specific components or modules are affected by this issue.
* **Environment details**: Not specified. We don't know if this issue occurs in all environments (e.g., development, staging, production) or under specific conditions.

Based on the analysis, I conclude that this issue is missing essential information such as steps to reproduce",975488c9586bd23e,llama3.1:8b,0,2026-06-08T18:26:27.910579+00:00
ISSUE-0087,Add dark mode #87,0,-1,"Let's analyze the issue step by step:

1. **Title and Description**: The title ""Add dark mode #87"" is clear about what feature is being requested. The description provides more details on how to implement it.
2. **Steps to Reproduce**: Not explicitly mentioned, but implied in the description as ""Implement"".
3. **Expected vs Actual Behaviour**: Expected behaviour is not clearly stated (e.g., what should happen when dark mode is toggled?). However, actual behaviour is described as ""persistent preference via localStorage"", which implies that the system will remember the user's choice.
4. **Acceptance Criteria**: Not explicitly mentioned, but we can infer some criteria from the description:
	* The dark mode toggle should be present in settings.
	* Toggling dark mode should persist across sessions (via localStorage).
5. **Affected Components**: Not explicitly mentioned, but likely affected components include UI elements (e.g., buttons, text fields) and possibly CSS stylesheets.
6. **Environment Details**: Not explicitly mentioned.

Based on this analysis, the issue is missing essential information such as expected behaviour and acceptance criteria. While some details are provided in the description, they are not sufficient to fully understand what the system should do when dark mode is toggled.",2fd2c52862558bcd,llama3.1:8b,0,2026-06-08T18:26:31.117735+00:00
ISSUE-0088,Crash on startup #88,0,1,"To determine whether this software issue is INCOMPLETE, I will analyze it step by step:

1. **Steps to reproduce**: The description does not mention any steps that can be taken to replicate the crash on startup. This is a crucial piece of information for debugging and testing.

2. **Expected vs actual behaviour**: While the description mentions ""App crashes when opened,"" which implies an expected behavior (the app should not crash), it lacks specific details about what happens after the crash, such as any error messages or logs that might be generated.

3. **Acceptance criteria**: There is no mention of how the issue will be considered resolved or what conditions must be met for the fix to be deemed successful.

4. **Affected components**: The description does not specify which parts of the application are affected by this crash, making it difficult to pinpoint where the problem lies.

5. **Environment details**: There's no information about the environment in which the issue occurs, such as operating system versions, device types, or any specific configurations that might be relevant.

Given these observations, I conclude that the issue lacks essential information for a complete analysis and resolution.

Final Answer: Yes",bbda0236ff9db691,llama3.1:8b,0,2026-06-08T18:26:34.132139+00:00
ISSUE-0089,Email validation #89,1,0,"Let's analyze the issue step by step:

1. **Steps to reproduce**: The description mentions ""registration form"", which implies that reproducing the issue involves attempting to register with an invalid email format. However, it would be helpful to have explicit steps to reproduce, such as ""try registering with an email address containing only numbers"" or ""attempt to register with a missing '@' symbol"".
2. **Expected vs actual behaviour**: The description mentions showing inline error messages when the email format is invalid, which implies that there is expected behavior (showing error messages) and actual behavior (not showing error messages). However, it would be helpful to have more explicit details on what constitutes an ""invalid"" email format.
3. **Acceptance criteria**: There are no clear acceptance criteria mentioned in the description. What exactly does ""validate email format"" mean? Are there specific rules for valid email formats that need to be followed?
4. **Affected components**: The description mentions a registration form, but it's not clear what other components might be affected by this issue (e.g., database schema, server-side validation logic).
5. **Environment details**: There are no environment-specific details mentioned in the description.

Based on these observations, I would conclude that the issue is missing some essential",38c5274ccfc69618,llama3.1:8b,0,2026-06-08T18:26:37.275669+00:00
ISSUE-0090,Database timeout #90,1,-1,"To determine whether this software issue is INCOMPLETE, I will analyze it step by step:

1. **Steps to reproduce**: The description mentions ""under heavy load with more than 500 concurrent users,"" which implies a specific scenario for reproducing the issue. This meets one of the essential information requirements.

2. **Expected vs actual behaviour**: It clearly states that DB queries timeout after 30 seconds, indicating an expected behavior (timeout) and contrasting it with what actually happens under heavy load. This provides both expected and actual behavior, meeting another requirement.

3. **Acceptance criteria**: While not explicitly stated as ""acceptance criteria,"" the description implies a condition for acceptance: DB queries should not timeout after 30 seconds under heavy load. However, this is somewhat implicit rather than explicit in terms of clear pass/fail conditions.

4. **Affected components**: The issue specifically mentions ""DB queries"" and ""concurrent users,"" which suggests that it affects database performance under high traffic. This implies the affected component is likely related to the database management system or its configuration.

5. **Environment details**: It specifies a condition for heavy load (more than 500 concurrent users), which gives some context about the environment in which the issue occurs.

Given this analysis, while there might be",343428edaaa4384c,llama3.1:8b,0,2026-06-08T18:26:40.504006+00:00
ISSUE-0091,Missing error handling #91,0,1,"To determine whether this issue is INCOMPLETE, let's analyze it step by step:

1. **Steps to reproduce**: The description does not specify how to trigger the error or what kind of error should be handled.
2. **Expected vs actual behaviour**: It mentions ""Handle errors properly,"" which implies there's an expectation for how errors should be handled, but it doesn't explicitly state what that is in terms of expected behavior compared to the current actual behavior.
3. **Acceptance criteria**: There are no clear acceptance criteria provided. What does ""properly"" mean? How will we know if the error handling is satisfactory?
4. **Affected components**: The description does not specify which parts of the system or codebase need to be updated for proper error handling.
5. **Environment details**: There's no mention of any specific environment requirements, such as testing environments or production settings.

Given these observations, it appears that the issue lacks essential information necessary for a complete understanding and implementation of the requested feature. Therefore:

Final Answer: Yes",a42d423c41bf2b44,llama3.1:8b,0,2026-06-08T18:26:43.278237+00:00
ISSUE-0092,API rate limiting #92,0,1,"Let's analyze the given issue:

Title: API rate limiting #92
Description: Implement rate limiting of 100 requests per minute per API key with 429 responses.

Reasoning:
- The description mentions the expected behavior (rate limiting of 100 requests per minute) and the error response code (429).
- However, it is missing essential information such as steps to reproduce the issue, acceptance criteria, affected components, or environment details.
- Additionally, there's no mention of how this rate limiting will be enforced (e.g., IP blocking, token bucket algorithm), which could be crucial for implementation.

Final Answer: Yes",23a981bed3e7d1d1,llama3.1:8b,0,2026-06-08T18:26:45.133362+00:00
ISSUE-0093,Button color #93,1,1,"To determine whether this issue is INCOMPLETE, let's analyze it step by step:

1. **Title and Description**: The title ""Button color #93"" suggests a specific task, but the description simply states ""Change the button color."" This lack of specificity could indicate incompleteness.
2. **Steps to Reproduce**: There are no steps provided on how to reproduce this issue or what exactly needs to be done to change the button color. This is a critical piece of information that's missing.
3. **Expected vs Actual Behaviour**: The description doesn't specify what the expected behavior should be after changing the button color, nor does it mention any actual observed behavior that differs from the expectation.
4. **Acceptance Criteria**: There are no clear acceptance criteria provided for this task. What exactly constitutes ""success"" in terms of changing the button color?
5. **Affected Components**: The description doesn't specify which components or parts of the system will be affected by this change, making it difficult to assess its impact.
6. **Environment Details**: There's no mention of any specific environment details that might affect how this task is executed.

Given these observations, I conclude that the issue lacks essential information for a complete understanding and execution of the task.

Final Answer: Yes",99461107350f5192,llama3.1:8b,0,2026-06-08T18:26:48.255402+00:00
ISSUE-0094,Memory leak #94,0,0,"To determine whether this software issue is INCOMPLETE, I will analyze it step by step:

1. **Steps to reproduce**: The description mentions that memory usage grows unbounded over 24 hours in the background sync service, but it does not specify how to reproduce this issue in a controlled environment or under what specific conditions it occurs.

2. **Expected vs actual behaviour**: It is clear from the description that there's an expected behavior (memory usage should not grow unbounded) and an observed actual behavior (it grows unbounded). However, the description lacks specificity on what exactly constitutes ""unbounded"" in terms of memory usage metrics or thresholds.

3. **Acceptance criteria**: There are no explicit acceptance criteria mentioned for this issue. It does not specify under what conditions the memory leak would be considered fixed or how it should behave after a fix is implemented.

4. **Affected components**: The description mentions the ""background sync service,"" which indicates that at least one component is affected, but without further details on its architecture or integration with other parts of the system, this might not be enough information for a comprehensive analysis.

5. **Environment details**: There's no mention of specific environment configurations (e.g., development vs production, different operating systems) under which the issue occurs,",63fc25963751ed0e,llama3.1:8b,0,2026-06-08T18:26:51.470580+00:00
ISSUE-0095,Update docs #95,0,1,"To determine whether this issue is INCOMPLETE, let's analyze it step by step:

1. **Steps to reproduce**: The description does not mention any steps that can be taken to reproduce the issue of outdated documentation. This suggests a lack of essential information for understanding and addressing the problem.

2. **Expected vs actual behaviour**: While the description mentions that the documentation is ""outdated,"" it doesn't specify what the expected behavior should be or how it differs from the current, actual behavior. This omission makes it difficult to understand the full scope of the issue.

3. **Acceptance criteria**: There's no mention of specific criteria against which the resolution of this issue would be measured. Acceptance criteria are crucial for ensuring that the solution meets the requirements and expectations.

4. **Affected components**: The description does not specify which parts of the system or documentation are affected by the outdated state, making it hard to pinpoint where changes need to be made.

5. **Environment details**: There's no mention of any specific environments (e.g., development, production) in which this issue is observed or relevant.

Given these observations, the issue lacks essential information for a complete understanding and resolution of the problem. Therefore:

Final Answer: Yes",8c800571c6c54ba5,llama3.1:8b,0,2026-06-08T18:26:54.618295+00:00
ISSUE-0096,File upload fails #96,0,1,"Let's analyze the given issue:

Title: File upload fails #96
Description: Uploading files larger than 10MB fails with a 413 error on the /upload endpoint.

Reasoning:
- The description mentions the specific endpoint affected (/upload), which is good.
- It also specifies the expected behavior (should not fail) and the actual behavior (fails with a 413 error).
- However, it does not provide reproduction steps to reproduce this issue. 
- Additionally, there's no mention of acceptance criteria or environment details.

Since the description lacks essential information such as reproduction steps, I conclude that the issue is INCOMPLETE.

Final Answer: Yes",04b39f10851db0be,llama3.1:8b,0,2026-06-08T18:26:56.491062+00:00
ISSUE-0097,Wrong total #97,0,1,"Let's analyze the issue step by step:

1. **Title**: ""Wrong total #97"" - This title suggests that there might be a specific problem with the total calculation, but it doesn't give much context.
2. **Description**: ""The total is wrong in the cart."" - This description confirms that there's an issue with the total calculation, but it still lacks essential information.

Now, let's check if the issue is missing any of the following:

* Steps to reproduce: No reproduction steps are given, which makes it difficult for developers to understand how to replicate the problem.
* Expected vs actual behavior: The description mentions that the ""total is wrong"", but it doesn't specify what the expected total should be or why it's incorrect.
* Acceptance criteria: There's no clear definition of when the issue would be considered resolved, i.e., what constitutes a correct total calculation.
* Affected components: It's not specified which parts of the system are affected by this issue (e.g., UI, backend logic, database).
* Environment details: No information is provided about the environment in which the issue occurs (e.g., browser type, OS version).

Based on this analysis, I conclude that the issue is missing essential information.

Final Answer: Yes",0695cd94f84d0d54,llama3.1:8b,0,2026-06-08T18:26:59.699661+00:00
ISSUE-0098,Session expiry #98,1,0,"To determine whether this software issue is INCOMPLETE, I will analyze it step by step:

1. **Steps to reproduce**: The description mentions ""after 30 minutes of inactivity,"" which implies that the steps to reproduce involve simulating user inactivity for a certain period. However, it does not explicitly state how to simulate inactivity or what specific actions should be taken to trigger the session expiry.

2. **Expected vs actual behaviour**: The issue clearly states the expected behavior: ""Implement automatic session expiry after 30 minutes of inactivity."" It also mentions that there should be a warning dialog, which implies an additional expected behavior (the display of a warning message). However, it does not explicitly state what the actual behavior is when this condition is met.

3. **Acceptance criteria**: The description provides some insight into what is expected but lacks specific acceptance criteria. For example, how will the session expiry be tested? What are the exact conditions under which the warning dialog should appear?

4. **Affected components**: The issue does not explicitly mention which components or systems will be affected by this change.

5. **Environment details**: There's no information about the environment in which this feature is expected to work, such as specific browsers, operating systems, or any other relevant technical",3fb1e1d93ea867a8,llama3.1:8b,0,2026-06-08T18:27:02.935844+00:00
ISSUE-0099,Fix typo #99,0,1,"To determine whether this issue is INCOMPLETE, let's analyze it step by step:

1. **Steps to reproduce**: The description does not specify how to identify or locate the typo, making it difficult for someone to replicate and fix the issue.
2. **Expected vs actual behaviour**: There is no mention of what the expected behavior should be after fixing the typo, nor is there any information about the current actual behavior (other than it being a typo).
3. **Acceptance criteria**: The description does not provide clear acceptance criteria for when the issue can be considered resolved.
4. **Affected components**: It's unclear which part of the system or codebase the typo affects.
5. **Environment details**: There is no mention of any specific environment, platform, or configuration that might be relevant to understanding or fixing the typo.

Given these missing pieces of information, I conclude that this issue is INCOMPLETE because it lacks essential details for someone to understand and address the problem effectively.

Final Answer: Yes",b55741dcabe80903,llama3.1:8b,0,2026-06-08T18:27:05.557367+00:00
ISSUE-0100,Pagination broken #100,0,0,"To determine whether this software issue is INCOMPLETE, I will analyze it step by step:

1. **Steps to reproduce**: The description mentions that pagination does not work ""when filter is applied on the user management table."" This implies a specific scenario or steps to reproduce the issue, which is present.

2. **Expected vs actual behaviour**: It's clear from the description that there's an expected behavior (pagination should work) and an observed actual behavior (it doesn't work when a filter is applied). Thus, this information is also present.

3. **Acceptance criteria**: While not explicitly stated in the description, it can be inferred that for the issue to be considered resolved, pagination must function correctly even with filters applied on the user management table. However, explicit acceptance criteria are missing.

4. **Affected components**: The description mentions ""pagination"" and ""user management table,"" which implies specific components or features affected by this issue. This information is present.

5. **Environment details**: There's no mention of any specific environment requirements or configurations that might be relevant to reproducing the issue, but given the nature of the problem (a functional issue with pagination), it's likely not critical for determining the cause or resolution of the issue.

Given this analysis, while there are",95faac1c485e3713,llama3.1:8b,0,2026-06-08T18:27:08.665461+00:00
